level_1,level_1_desc,level_2,level_2_desc,level_3,level_3_desc,level_4,level_4_desc,level_5,level_5_desc,leaf,leaf_desc
,,Top,Top Cost Center,CC_COGS,Cost of Goods Sold,CC_SupplyChainVar,Supply Chain Variances,CC_MfgSpendVar,Manufacturing Spend Variance (Production Clearing) (PRD),AMT95000,Ametsa Depreciation
Top,Top Cost Center,CC_COGS,Cost of Goods Sold,CC_DistrCOGS,Cost of Goods Sold Distribution,CC_Freight,Freight,CC_Distribution,Distribution (C01),ASF60100,Local transportation_AU
,,Top,Top Cost Center,CC_COGS,Cost of Goods Sold,CC_DistrCOGS,Cost of Goods Sold Distribution,CC_Warehousing,Warehousing (C03),ASF62500,Warehouse costs_AU
,,Top,Top Cost Center,CC_COGS,Cost of Goods Sold,CC_OthCOGS,Other Cost of Goods Sold,CC_ProjectCosts,Project Costs (C19),ASF63000,AU Import Duty
,,Top,Top Cost Center,CC_COGS,Cost of Goods Sold,CC_OthCOGS,Other Cost of Goods Sold,CC_OthCOGSMisc,Other Miscellaneous Cost of Goods Sold (C06),ASF63602,AU Other COGS
,,Top,Top Cost Center,CC_COGS,Cost of Goods Sold,CC_StdCOGS,Standard Cost of Goods Sold,CC_ICTrPrDif,Local Intercompany Transfer Price Differences (LRD) (C21),ASF64100,FOC manual
,,Top,Top Cost Center,CC_COGS,Cost of Goods Sold,CC_ProductWriteoffs,Product Write-offs,CC_Obsolescence,Obsolescence (C08),ASF65510,ANZ Stock Obsolescence
,,Top,Top Cost Center,CC_COGS,Cost of Goods Sold,CC_OthCOGS,Other Cost of Goods Sold,CC_COGSAdmin,Cost of Goods Sold Administration (C10),ASF66100,Australia Supply Chain Admin
,,Top,Top Cost Center,CC_COGS,Cost of Goods Sold,CC_SupplyChainVar,Supply Chain Variances,CC_InvtyReval,Inventory Revaluation (C15),ASF67110,Revaluation HQAP
,,Top,Top Cost Center,CC_COGS,Cost of Goods Sold,CC_SupplyChainVar,Supply Chain Variances,CC_VarToStd,Variance to Standard (C26),ASF67900,Australia PPV
Top,Top Cost Center,CC_SGA,"Selling, General and Administrative",CC_SalesandMkt,Sales and Marketing,CC_SalesMktgAdmin,Sales and Marketing Administration,CC_MktgAdmin,Marketing Administration (MKT & M12),ASF72000,ANZ MktAdm
Top,Top Cost Center,CC_SGA,"Selling, General and Administrative",CC_SalesandMkt,Sales and Marketing,CC_SalesMktgAdmin,Sales and Marketing Administration,CC_MktgAdmin,Marketing Administration (MKT & M12),ASF72001,Thailand MktAdm
Top,Top Cost Center,CC_SGA,"Selling, General and Administrative",CC_SalesandMkt,Sales and Marketing,CC_Marketing,Marketing,CC_Advertising,Advertising (M06),ASF72410,Equal Advertising
Top,Top Cost Center,CC_SGA,"Selling, General and Administrative",CC_SalesandMkt,Sales and Marketing,CC_Marketing,Marketing,CC_Advertising,Advertising (M06),ASF72420,N/SWEET ADVERTISING
Top,Top Cost Center,CC_SGA,"Selling, General and Administrative",CC_SalesandMkt,Sales and Marketing,CC_SalesMktgAdmin,Sales and Marketing Administration,CC_FieldOps,Field Operations (M02 & M13),ASF72500,Sales Admin
Top,Top Cost Center,CC_SGA,"Selling, General and Administrative",CC_SalesandMkt,Sales and Marketing,CC_SalesMktgAdmin,Sales and Marketing Administration,CC_FieldOps,Field Operations (M02 & M13),ASF72570,Sales - agent commission
,,Top,Top Cost Center,CC_SGA,"Selling, General and Administrative",CC_SalesandMkt,Sales and Marketing,CC_VariableSell,Variable Selling (M19),ASF72710,Merchandisers Australia
,,Top,Top Cost Center,CC_SGA,"Selling, General and Administrative",CC_Admin,Administration,CC_Facilities,General Office and Facilities (A17),ASF73800,Off. Facilities ANZ
Top,Top Cost Center,CC_SGA,"Selling, General and Administrative",CC_Admin,Administration,CC_Finance,Finance,CC_FinAcctgAudit,"Finance, Accounting and Auditing (A02)",ASF73900,Controllership
,,Top,Top Cost Center,CC_SGA,"Selling, General and Administrative",CC_Admin,Administration,CC_Legal,Legal (A04),ASF74100,Legal
,,Top,Top Cost Center,CC_SGA,"Selling, General and Administrative",CC_Admin,Administration,CC_IT,Information Technology (A07),ASF74700,Australia IT
,,Top,Top Cost Center,CC_COGS,Cost of Goods Sold,CC_OthCOGS,Other Cost of Goods Sold,CC_OthCOGSMisc,Other Miscellaneous Cost of Goods Sold (C06),BEF63603,Bolivia
,,Top,Top Cost Center,CC_COGS,Cost of Goods Sold,CC_OthCOGS,Other Cost of Goods Sold,CC_COGSAdmin,Cost of Goods Sold Administration (C10),BEF66105,Manufacturing Admin
,,Top,Top Cost Center,CC_COGS,Cost of Goods Sold,CC_OthCOGS,Other Cost of Goods Sold,CC_COGSAdmin,Cost of Goods Sold Administration (C10),BEF66110,Quality Admin
,,Top,Top Cost Center,CC_COGS,Cost of Goods Sold,CC_OthCOGS,Other Cost of Goods Sold,CC_COGSAdmin,Cost of Goods Sold Administration (C10),BEF66115,Quality Admin Mexico
,,Top,Top Cost Center,CC_COGS,Cost of Goods Sold,CC_OthCOGS,Other Cost of Goods Sold,CC_COGSAdmin,Cost of Goods Sold Administration (C10),BEF66120,HQAR
,,Top,Top Cost Center,CC_COGS,Cost of Goods Sold,CC_OthCOGS,Other Cost of Goods Sold,CC_COGSAdmin,Cost of Goods Sold Administration (C10),BEF66130,Manufact Admin BO
,,Top,Top Cost Center,CC_COGS,Cost of Goods Sold,CC_OthCOGS,Other Cost of Goods Sold,CC_COGSAdmin,Cost of Goods Sold Administration (C10),BEF66133,Manufact Admin CO
,,Top,Top Cost Center,CC_COGS,Cost of Goods Sold,CC_OthCOGS,Other Cost of Goods Sold,CC_COGSAdmin,Cost of Goods Sold Administration (C10),BEF66134,Manufact Admin PY
,,Top,Top Cost Center,CC_COGS,Cost of Goods Sold,CC_OthCOGS,Other Cost of Goods Sold,CC_COGSAdmin,Cost of Goods Sold Administration (C10),BEF66136,Manufact Admin UY
,,Top,Top Cost Center,CC_COGS,Cost of Goods Sold,CC_OthCOGS,Other Cost of Goods Sold,CC_COGSAdmin,Cost of Goods Sold Administration (C10),BEF66139,Manufact Admin CL
,,Top,Top Cost Center,CC_COGS,Cost of Goods Sold,CC_OthCOGS,Other Cost of Goods Sold,CC_COGSAdmin,Cost of Goods Sold Administration (C10),BEF66144,Manufact Admin CR
,,Top,Top Cost Center,CC_COGS,Cost of Goods Sold,CC_OthCOGS,Other Cost of Goods Sold,CC_COGSAdmin,Cost of Goods Sold Administration (C10),BEF66145,Manufact Admin MX
,,Top,Top Cost Center,CC_COGS,Cost of Goods Sold,CC_OthCOGS,Other Cost of Goods Sold,CC_COGSAdmin,Cost of Goods Sold Administration (C10),BEF66149,Manufact Admin Gt
,,Top,Top Cost Center,CC_COGS,Cost of Goods Sold,CC_OthCOGS,Other Cost of Goods Sold,CC_COGSAdmin,Cost of Goods Sold Administration (C10),BEF66155,Cogs Admin HQLA
,,Top,Top Cost Center,CC_COGS,Cost of Goods Sold,CC_OthCOGS,Other Cost of Goods Sold,CC_COGSAdmin,Cost of Goods Sold Administration (C10),BEF66180,Cogs Admin HQUS
,,Top,Top Cost Center,CC_COGS,Cost of Goods Sold,CC_OthCOGS,Other Cost of Goods Sold,CC_COGSAdmin,Cost of Goods Sold Administration (C10),BEF66190,Cogs Admin US
,,Top,Top Cost Center,CC_COGS,Cost of Goods Sold,CC_StdCOGS,Standard Cost of Goods Sold,CC_ICTrPrDif,Local Intercompany Transfer Price Differences (LRD) (C21),BEF66200,Interco Costs Peru
,,Top,Top Cost Center,CC_COGS,Cost of Goods Sold,CC_StdCOGS,Standard Cost of Goods Sold,CC_ICTrPrDif,Local Intercompany Transfer Price Differences (LRD) (C21),BEF66203,Interco Costs Chile
,,Top,Top Cost Center,CC_COGS,Cost of Goods Sold,CC_StdCOGS,Standard Cost of Goods Sold,CC_ICTrPrDif,Local Intercompany Transfer Price Differences (LRD) (C21),BEF66204,Interco Costs Colomb
,,Top,Top Cost Center,CC_COGS,Cost of Goods Sold,CC_StdCOGS,Standard Cost of Goods Sold,CC_ICTrPrDif,Local Intercompany Transfer Price Differences (LRD) (C21),BEF66210,Interco Costs Ecuado
,,Top,Top Cost Center,CC_COGS,Cost of Goods Sold,CC_StdCOGS,Standard Cost of Goods Sold,CC_ICTrPrDif,Local Intercompany Transfer Price Differences (LRD) (C21),BEF66214,Interco Costs Urugua
,,Top,Top Cost Center,CC_COGS,Cost of Goods Sold,CC_StdCOGS,Standard Cost of Goods Sold,CC_ICTrPrDif,Local Intercompany Transfer Price Differences (LRD) (C21),BEF66215,Interco Costs Bolivi
,,Top,Top Cost Center,CC_COGS,Cost of Goods Sold,CC_StdCOGS,Standard Cost of Goods Sold,CC_ICTrPrDif,Local Intercompany Transfer Price Differences (LRD) (C21),BEF66216,Interco Costs Paragu
Top,Top Cost Center,CC_SGA,"Selling, General and Administrative",CC_SalesandMkt,Sales and Marketing,CC_Marketing,Marketing,CC_Samples,Samples Expense (M09),BEF71308,SAMPLES EXP Paraguay
Top,Top Cost Center,CC_SGA,"Selling, General and Administrative",CC_SalesandMkt,Sales and Marketing,CC_Marketing,Marketing,CC_Advertising,Advertising (M06),BEF71405,Mexico ADVERTISING
Top,Top Cost Center,CC_SGA,"Selling, General and Administrative",CC_SalesandMkt,Sales and Marketing,CC_SalesMktgAdmin,Sales and Marketing Administration,CC_MktgAdmin,Marketing Administration (MKT & M12),BEF72000,MKT ADMINIST
Top,Top Cost Center,CC_SGA,"Selling, General and Administrative",CC_SalesandMkt,Sales and Marketing,CC_Marketing,Marketing,CC_MktResearch,Market Research (M04),BEF72101,MKT RSRCH TRADE Eqsw
Top,Top Cost Center,CC_SGA,"Selling, General and Administrative",CC_SalesandMkt,Sales and Marketing,CC_Marketing,Marketing,CC_Samples,Samples Expense (M09),BEF72301,SAMPLES EXP Equalswe
Top,Top Cost Center,CC_SGA,"Selling, General and Administrative",CC_SalesandMkt,Sales and Marketing,CC_SalesMktgAdmin,Sales and Marketing Administration,CC_SalesMktDev,Sales and Marketing Development (M01),BEF72314,MKT ADM CAM
Top,Top Cost Center,CC_SGA,"Selling, General and Administrative",CC_SalesandMkt,Sales and Marketing,CC_SalesMktgAdmin,Sales and Marketing Administration,CC_SalesMktDev,Sales and Marketing Development (M01),BEF72319,MKT ADM GT
Top,Top Cost Center,CC_SGA,"Selling, General and Administrative",CC_SalesandMkt,Sales and Marketing,CC_Marketing,Marketing,CC_Advertising,Advertising (M06),BEF72401,ADVERTISING Equalswe
Top,Top Cost Center,CC_SGA,"Selling, General and Administrative",CC_SalesandMkt,Sales and Marketing,CC_SalesMktgAdmin,Sales and Marketing Administration,CC_FieldOps,Field Operations (M02 & M13),BEF72500,Arg Sales & Mkt ADM
Top,Top Cost Center,CC_SGA,"Selling, General and Administrative",CC_SalesandMkt,Sales and Marketing,CC_SalesMktgAdmin,Sales and Marketing Administration,CC_FieldOps,Field Operations (M02 & M13),BEF72505,SALES ADM Mexico
Top,Top Cost Center,CC_SGA,"Selling, General and Administrative",CC_SalesandMkt,Sales and Marketing,CC_SalesMktgAdmin,Sales and Marketing Administration,CC_FieldOps,Field Operations (M02 & M13),BEF72507,SALES ADM Uruguay
Top,Top Cost Center,CC_SGA,"Selling, General and Administrative",CC_SalesandMkt,Sales and Marketing,CC_SalesMktgAdmin,Sales and Marketing Administration,CC_FieldOps,Field Operations (M02 & M13),BEF72508,SALES ADM Paraguay
Top,Top Cost Center,CC_SGA,"Selling, General and Administrative",CC_SalesandMkt,Sales and Marketing,CC_SalesMktgAdmin,Sales and Marketing Administration,CC_FieldOps,Field Operations (M02 & M13),BEF72509,SALES ADM Bolivia
Top,Top Cost Center,CC_SGA,"Selling, General and Administrative",CC_SalesandMkt,Sales and Marketing,CC_SalesMktgAdmin,Sales and Marketing Administration,CC_FieldOps,Field Operations (M02 & M13),BEF72511,SALES ADM Ecuador
Top,Top Cost Center,CC_SGA,"Selling, General and Administrative",CC_SalesandMkt,Sales and Marketing,CC_SalesMktgAdmin,Sales and Marketing Administration,CC_FieldOps,Field Operations (M02 & M13),BEF72513,SALES ADM Colombia
Top,Top Cost Center,CC_SGA,"Selling, General and Administrative",CC_SalesandMkt,Sales and Marketing,CC_SalesMktgAdmin,Sales and Marketing Administration,CC_FieldOps,Field Operations (M02 & M13),BEF72600,BUSINESS MAN COUNT
,,Top,Top Cost Center,CC_SGA,"Selling, General and Administrative",CC_SalesandMkt,Sales and Marketing,CC_VariableSell,Variable Selling (M19),BEF72701,COMISIONES NUTRASWEE
Top,Top Cost Center,CC_SGA,"Selling, General and Administrative",CC_SalesandMkt,Sales and Marketing,CC_SalesMktgAdmin,Sales and Marketing Administration,CC_SalesMktDev,Sales and Marketing Development (M01),BEF72900,HQLA SALES ADMIN
Top,Top Cost Center,CC_SGA,"Selling, General and Administrative",CC_SalesandMkt,Sales and Marketing,CC_Marketing,Marketing,CC_MktgMisc,Miscellaneous Marketing Expense (M17),BEF73257,MISC MKT PureVia Ven
Top,Top Cost Center,CC_SGA,"Selling, General and Administrative",CC_SalesandMkt,Sales and Marketing,CC_Marketing,Marketing,CC_MktgMisc,Miscellaneous Marketing Expense (M17),BEF73261,MISC MKT EXP EQSWT
Top,Top Cost Center,CC_SGA,"Selling, General and Administrative",CC_SalesandMkt,Sales and Marketing,CC_Marketing,Marketing,CC_MktgMisc,Miscellaneous Marketing Expense (M17),BEF73262,MISC MKT EXP SUC
Top,Top Cost Center,CC_SGA,"Selling, General and Administrative",CC_SalesandMkt,Sales and Marketing,CC_Marketing,Marketing,CC_RelationMktg,Relationship Marketing (M07),BEF73301,RELATIONSHIP MKTG Es
Top,Top Cost Center,CC_SGA,"Selling, General and Administrative",CC_SalesandMkt,Sales and Marketing,CC_Marketing,Marketing,CC_Promotions,Promotions (M08),BEF73321,Cons. Promotions Eqs
Top,Top Cost Center,CC_SGA,"Selling, General and Administrative",CC_SalesandMkt,Sales and Marketing,CC_Marketing,Marketing,CC_Promotions,Promotions (M08),BEF73322,Cons. Promotions Suc
Top,Top Cost Center,CC_SGA,"Selling, General and Administrative",CC_SalesandMkt,Sales and Marketing,CC_Marketing,Marketing,CC_Promotions,Promotions (M08),BEF73327,Promotions Uruguay
Top,Top Cost Center,CC_SGA,"Selling, General and Administrative",CC_SalesandMkt,Sales and Marketing,CC_Marketing,Marketing,CC_Promotions,Promotions (M08),BEF73351,Trade prom. Equalswe
Top,Top Cost Center,CC_SGA,"Selling, General and Administrative",CC_SalesandMkt,Sales and Marketing,CC_Marketing,Marketing,CC_Promotions,Promotions (M08),BEF73352,Trade prom. SUCARYL
Top,Top Cost Center,CC_SGA,"Selling, General and Administrative",CC_SalesandMkt,Sales and Marketing,CC_Marketing,Marketing,CC_Promotions,Promotions (M08),BEF73355,Trade prom. CHUKER
Top,Top Cost Center,CC_SGA,"Selling, General and Administrative",CC_SalesandMkt,Sales and Marketing,CC_Marketing,Marketing,CC_Promotions,Promotions (M08),BEF73360,Trade prom. SEMBLE
,,Top,Top Cost Center,CC_SGA,"Selling, General and Administrative",CC_Admin,Administration,CC_HR,Human Resources (A01),BEF73701,HHRR LA
,,Top,Top Cost Center,CC_SGA,"Selling, General and Administrative",CC_Admin,Administration,CC_Facilities,General Office and Facilities (A17),BEF73800,ADMIN. FACILITIES
Top,Top Cost Center,CC_SGA,"Selling, General and Administrative",CC_Admin,Administration,CC_Finance,Finance,CC_FinAcctgAudit,"Finance, Accounting and Auditing (A02)",BEF73900,Arg Finance
Top,Top Cost Center,CC_SGA,"Selling, General and Administrative",CC_Admin,Administration,CC_Finance,Finance,CC_FinAcctgAudit,"Finance, Accounting and Auditing (A02)",BEF73920,Controllership
Top,Top Cost Center,CC_SGA,"Selling, General and Administrative",CC_Admin,Administration,CC_Finance,Finance,CC_FinAcctgAudit,"Finance, Accounting and Auditing (A02)",BEF73950,FINANCE & AUDIT BO
Top,Top Cost Center,CC_SGA,"Selling, General and Administrative",CC_Admin,Administration,CC_Finance,Finance,CC_FinAcctgAudit,"Finance, Accounting and Auditing (A02)",BEF73953,FINANCE & AUDIT CO
Top,Top Cost Center,CC_SGA,"Selling, General and Administrative",CC_Admin,Administration,CC_Finance,Finance,CC_FinAcctgAudit,"Finance, Accounting and Auditing (A02)",BEF73954,FINANCE & AUDIT PY
Top,Top Cost Center,CC_SGA,"Selling, General and Administrative",CC_Admin,Administration,CC_Finance,Finance,CC_FinAcctgAudit,"Finance, Accounting and Auditing (A02)",BEF73955,CONTROLLERSHIP Mexic
Top,Top Cost Center,CC_SGA,"Selling, General and Administrative",CC_Admin,Administration,CC_Finance,Finance,CC_FinAcctgAudit,"Finance, Accounting and Auditing (A02)",BEF73956,FINANCE & AUDIT UY
Top,Top Cost Center,CC_SGA,"Selling, General and Administrative",CC_Admin,Administration,CC_Finance,Finance,CC_FinAcctgAudit,"Finance, Accounting and Auditing (A02)",BEF73959,FINANCE & AUDIT CL
Top,Top Cost Center,CC_SGA,"Selling, General and Administrative",CC_Admin,Administration,CC_Finance,Finance,CC_FinAcctgAudit,"Finance, Accounting and Auditing (A02)",BEF73960,FINANCE & AUDIT GT
Top,Top Cost Center,CC_SGA,"Selling, General and Administrative",CC_Admin,Administration,CC_Finance,Finance,CC_FinAcctgAudit,"Finance, Accounting and Auditing (A02)",BEF73962,FINANCE & AUDIT HN
Top,Top Cost Center,CC_SGA,"Selling, General and Administrative",CC_Admin,Administration,CC_Finance,Finance,CC_FinAcctgAudit,"Finance, Accounting and Auditing (A02)",BEF73963,FINANCE & AUDIT PA
Top,Top Cost Center,CC_SGA,"Selling, General and Administrative",CC_Admin,Administration,CC_Finance,Finance,CC_FinAcctgAudit,"Finance, Accounting and Auditing (A02)",BEF73965,FINANCE & AUDIT CR
Top,Top Cost Center,CC_SGA,"Selling, General and Administrative",CC_Admin,Administration,CC_Finance,Finance,CC_FinAcctgAudit,"Finance, Accounting and Auditing (A02)",BEF73980,HQUS Finance
,,Top,Top Cost Center,CC_SGA,"Selling, General and Administrative",CC_Admin,Administration,CC_Legal,Legal (A04),BEF74100,LAW
,,Top,Top Cost Center,CC_SGA,"Selling, General and Administrative",CC_Admin,Administration,CC_Legal,Legal (A04),BEF74123,REGULATORY Colombia
,,Top,Top Cost Center,CC_SGA,"Selling, General and Administrative",CC_Admin,Administration,CC_Legal,Legal (A04),BEF74135,Law & Regulatory PY
,,Top,Top Cost Center,CC_SGA,"Selling, General and Administrative",CC_Admin,Administration,CC_Legal,Legal (A04),BEF74136,Law & Regulatory UY
,,Top,Top Cost Center,CC_SGA,"Selling, General and Administrative",CC_Admin,Administration,CC_Legal,Legal (A04),BEF74139,LAW & Regulatory Bol
,,Top,Top Cost Center,CC_SGA,"Selling, General and Administrative",CC_Admin,Administration,CC_IT,Information Technology (A07),BEF74700,IT
Top,Top Cost Center,CC_SGA,"Selling, General and Administrative",CC_Admin,Administration,CC_Finance,Finance,CC_Tax,Tax (A08),BEF74800,Arg Tax
,,Top,Top Cost Center,CC_SGA,"Selling, General and Administrative",CC_Admin,Administration,CC_DoubtfulAccts,Provision For Doubtful Accounts (A27),BEF75000,Prov Doubtful Accnt
Top,Top Cost Center,CC_SGA,"Selling, General and Administrative",CC_Admin,Administration,CC_OtherGandA,Other General and Administrative,CC_RestructAdmin,Restructuring Costs - Administration (A26),BEF75900,Restructuring Cost Country
Top,Top Cost Center,CC_COGS,Cost of Goods Sold,CC_DistrCOGS,Cost of Goods Sold Distribution,CC_Freight,Freight,CC_Shipping,Shipping (C02),BRF61000,Outfreight
,,Top,Top Cost Center,CC_COGS,Cost of Goods Sold,CC_OthCOGS,Other Cost of Goods Sold,CC_OthCOGSMisc,Other Miscellaneous Cost of Goods Sold (C06),BRF63601,OTHER (ECO FEES)
,,Top,Top Cost Center,CC_COGS,Cost of Goods Sold,CC_StdCOGS,Standard Cost of Goods Sold,CC_ICTrPrDif,Local Intercompany Transfer Price Differences (LRD) (C21),BRF66200,LOCAL TP DIFFERENCE
,,Top,Top Cost Center,CC_COGS,Cost of Goods Sold,CC_ProductWriteoffs,Product Write-offs,CC_StockAdj,Stock Adjustments (C12),BRF66500,Stock Adjustments
Top,Top Cost Center,CC_SGA,"Selling, General and Administrative",CC_SalesandMkt,Sales and Marketing,CC_SalesMktgAdmin,Sales and Marketing Administration,CC_MktgAdmin,Marketing Administration (MKT & M12),BRF72010,other marketing
Top,Top Cost Center,CC_SGA,"Selling, General and Administrative",CC_SalesandMkt,Sales and Marketing,CC_Marketing,Marketing,CC_MktResearch,Market Research (M04),BRF72110,Market Research
Top,Top Cost Center,CC_SGA,"Selling, General and Administrative",CC_SalesandMkt,Sales and Marketing,CC_Marketing,Marketing,CC_Samples,Samples Expense (M09),BRF72300,Gifts samples
Top,Top Cost Center,CC_SGA,"Selling, General and Administrative",CC_SalesandMkt,Sales and Marketing,CC_Marketing,Marketing,CC_Advertising,Advertising (M06),BRF72410,Canderel Advertising
,,Top,Top Cost Center,CC_SGA,"Selling, General and Administrative",CC_SalesandMkt,Sales and Marketing,CC_VariableSell,Variable Selling (M19),BRF72710,Commisions
Top,Top Cost Center,CC_SGA,"Selling, General and Administrative",CC_SalesandMkt,Sales and Marketing,CC_Marketing,Marketing,CC_PR,Public Relations (M05),BRF73010,PR - Marketing
Top,Top Cost Center,CC_SGA,"Selling, General and Administrative",CC_SalesandMkt,Sales and Marketing,CC_Marketing,Marketing,CC_Promotions,Promotions (M08),BRF73321,direct marketing
,,Top,Top Cost Center,CC_SGA,"Selling, General and Administrative",CC_Admin,Administration,CC_Facilities,General Office and Facilities (A17),BRF73810,WSO merisant Bel
Top,Top Cost Center,CC_SGA,"Selling, General and Administrative",CC_Admin,Administration,CC_Finance,Finance,CC_FinAcctgAudit,"Finance, Accounting and Auditing (A02)",BRF73910,Finance Belgium
Top,Top Cost Center,CC_SGA,"Selling, General and Administrative",CC_Admin,Administration,CC_Finance,Finance,CC_FinAcctgAudit,"Finance, Accounting and Auditing (A02)",BRF73920,AUDIT FEES
,,Top,Top Cost Center,CC_SGA,"Selling, General and Administrative",CC_Admin,Administration,CC_Legal,Legal (A04),BRF74110,LEGAL AND TAX BELGIUM
,,,,,,Top,Top Cost Center,CC_COGS,Cost of Goods Sold,CC_AdjCOGS,Cost of Goods Sold Adjustment
,,,,,,Top,Top Cost Center,CC_SGA,"Selling, General and Administrative",CC_AdjSGA,"Selling, General and Administrative Adjustment"
,,,,,,,,Top,Top Cost Center,CC_AllocandAssess,Allocation and Assessment
,,,,,,,,Top,Top Cost Center,CC_BalSheet,Cost Center for Balance Sheet Accounts
,,,,,,,,Top,Top Cost Center,CC_Missing,Cost Center Required
,,,,,,,,Top,Top Cost Center,CC_NonOpAccts,Non-Operating Direct Accounts
,,,,,,,,Top,Top Cost Center,CC_OthOpExAccts,Other Operating Expenses Direct Accounts
,,,,,,Top,Top Cost Center,CC_NetSalesAccts,Net Sales Direct Accounts,CC_SalesandDedAccts,Sales and Sales Deductions Direct Accounts
,,,,,,Top,Top Cost Center,CC_COGS,Cost of Goods Sold,CC_StdCOGSAccts,Standard Cost of Goods Sold Direct Accounts
Top,Top Cost Center,CC_COGS,Cost of Goods Sold,CC_DistrCOGS,Cost of Goods Sold Distribution,CC_Freight,Freight,CC_Distribution,Distribution (C01),CGF60160,REPLENISHMENT FRT
Top,Top Cost Center,CC_COGS,Cost of Goods Sold,CC_DistrCOGS,Cost of Goods Sold Distribution,CC_Freight,Freight,CC_Distribution,Distribution (C01),CGF60161,Freight SWE Inbound
Top,Top Cost Center,CC_COGS,Cost of Goods Sold,CC_DistrCOGS,Cost of Goods Sold Distribution,CC_Freight,Freight,CC_Distribution,Distribution (C01),CGF60171,Freight SWE Outbound
Top,Top Cost Center,CC_COGS,Cost of Goods Sold,CC_DistrCOGS,Cost of Goods Sold Distribution,CC_Freight,Freight,CC_Shipping,Shipping (C02),CGF61055,FOOD SERV TRANSP
Top,Top Cost Center,CC_COGS,Cost of Goods Sold,CC_DistrCOGS,Cost of Goods Sold Distribution,CC_Freight,Freight,CC_Shipping,Shipping (C02),CGF61160,JOLIET FRT TO HEINZ
Top,Top Cost Center,CC_COGS,Cost of Goods Sold,CC_DistrCOGS,Cost of Goods Sold Distribution,CC_Freight,Freight,CC_Shipping,Shipping (C02),CGF61170,CUST FRT JOLIET
Top,Top Cost Center,CC_COGS,Cost of Goods Sold,CC_DistrCOGS,Cost of Goods Sold Distribution,CC_Freight,Freight,CC_Shipping,Shipping (C02),CGF61171,FREIGHT - PR
Top,Top Cost Center,CC_COGS,Cost of Goods Sold,CC_DistrCOGS,Cost of Goods Sold Distribution,CC_Freight,Freight,CC_Shipping,Shipping (C02),CGF61172,WESCO CUST FRT
Top,Top Cost Center,CC_COGS,Cost of Goods Sold,CC_DistrCOGS,Cost of Goods Sold Distribution,CC_Freight,Freight,CC_Shipping,Shipping (C02),CGF61173,SUPPLY CHAIN
Top,Top Cost Center,CC_COGS,Cost of Goods Sold,CC_DistrCOGS,Cost of Goods Sold Distribution,CC_Freight,Freight,CC_Shipping,Shipping (C02),CGF61175,CUST FRT PUREVIA
Top,Top Cost Center,CC_COGS,Cost of Goods Sold,CC_DistrCOGS,Cost of Goods Sold Distribution,CC_Freight,Freight,CC_Shipping,Shipping (C02),CGF61177,Freight SWE Canada
Top,Top Cost Center,CC_COGS,Cost of Goods Sold,CC_DistrCOGS,Cost of Goods Sold Distribution,CC_Freight,Freight,CC_Shipping,Shipping (C02),CGF61178,Duties Swerve Canada
,,Top,Top Cost Center,CC_COGS,Cost of Goods Sold,CC_DistrCOGS,Cost of Goods Sold Distribution,CC_Warehousing,Warehousing (C03),CGF62000,MIDWEST DC
,,Top,Top Cost Center,CC_COGS,Cost of Goods Sold,CC_DistrCOGS,Cost of Goods Sold Distribution,CC_Warehousing,Warehousing (C03),CGF62001,WAREHOUSE PR
,,Top,Top Cost Center,CC_COGS,Cost of Goods Sold,CC_DistrCOGS,Cost of Goods Sold Distribution,CC_Warehousing,Warehousing (C03),CGF62002,Warehousing Swerve
,,Top,Top Cost Center,CC_COGS,Cost of Goods Sold,CC_DistrCOGS,Cost of Goods Sold Distribution,CC_Warehousing,Warehousing (C03),CGF62020,FOOD SERV WHSE
,,Top,Top Cost Center,CC_COGS,Cost of Goods Sold,CC_OthCOGS,Other Cost of Goods Sold,CC_OthCOGSMisc,Other Miscellaneous Cost of Goods Sold (C06),CGF63601,Other COGS
,,Top,Top Cost Center,CC_COGS,Cost of Goods Sold,CC_ProductWriteoffs,Product Write-offs,CC_Obsolescence,Obsolescence (C08),CGF65500,Excess & obsolete
,,Top,Top Cost Center,CC_COGS,Cost of Goods Sold,CC_ProductWriteoffs,Product Write-offs,CC_Obsolescence,Obsolescence (C08),CGF65502,OBSOLESENCE - EQUAL
,,Top,Top Cost Center,CC_COGS,Cost of Goods Sold,CC_ProductWriteoffs,Product Write-offs,CC_Obsolescence,Obsolescence (C08),CGF65503,SLOB Middle East
,,Top,Top Cost Center,CC_COGS,Cost of Goods Sold,CC_OthCOGS,Other Cost of Goods Sold,CC_COGSAdmin,Cost of Goods Sold Administration (C10),CGF66110,MFG DIRECTOR
,,Top,Top Cost Center,CC_COGS,Cost of Goods Sold,CC_OthCOGS,Other Cost of Goods Sold,CC_COGSAdmin,Cost of Goods Sold Administration (C10),CGF66112,Planning and Procurement
,,Top,Top Cost Center,CC_COGS,Cost of Goods Sold,CC_OthCOGS,Other Cost of Goods Sold,CC_COGSAdmin,Cost of Goods Sold Administration (C10),CGF66113,SC Reinvention
,,Top,Top Cost Center,CC_COGS,Cost of Goods Sold,CC_OthCOGS,Other Cost of Goods Sold,CC_COGSAdmin,Cost of Goods Sold Administration (C10),CGF66115,WORLDWIDE MFG SUPPORT
,,Top,Top Cost Center,CC_COGS,Cost of Goods Sold,CC_OthCOGS,Other Cost of Goods Sold,CC_COGSAdmin,Cost of Goods Sold Administration (C10),CGF66116,COO T&E
,,Top,Top Cost Center,CC_COGS,Cost of Goods Sold,CC_OthCOGS,Other Cost of Goods Sold,CC_COGSAdmin,Cost of Goods Sold Administration (C10),CGF66117,Global Quality T&E
,,Top,Top Cost Center,CC_COGS,Cost of Goods Sold,CC_OthCOGS,Other Cost of Goods Sold,CC_COGSAdmin,Cost of Goods Sold Administration (C10),CGF66118,Global Proc. T&E
,,Top,Top Cost Center,CC_COGS,Cost of Goods Sold,CC_OthCOGS,Other Cost of Goods Sold,CC_COGSAdmin,Cost of Goods Sold Administration (C10),CGF66121,NA MFG ADMIN
,,Top,Top Cost Center,CC_COGS,Cost of Goods Sold,CC_OthCOGS,Other Cost of Goods Sold,CC_COGSAdmin,Cost of Goods Sold Administration (C10),CGF66122,NA SC Finance
,,Top,Top Cost Center,CC_COGS,Cost of Goods Sold,CC_OthCOGS,Other Cost of Goods Sold,CC_COGSAdmin,Cost of Goods Sold Administration (C10),CGF66125,CUSTOMER SERVICE
,,Top,Top Cost Center,CC_COGS,Cost of Goods Sold,CC_OthCOGS,Other Cost of Goods Sold,CC_COGSAdmin,Cost of Goods Sold Administration (C10),CGF66131,SUPPLY CHAIN OPER
,,Top,Top Cost Center,CC_COGS,Cost of Goods Sold,CC_OthCOGS,Other Cost of Goods Sold,CC_COGSAdmin,Cost of Goods Sold Administration (C10),CGF66140,PACKAGING DEVELOP
,,Top,Top Cost Center,CC_COGS,Cost of Goods Sold,CC_OthCOGS,Other Cost of Goods Sold,CC_COGSAdmin,Cost of Goods Sold Administration (C10),CGF66142,P/L PACKAGING - NA
,,Top,Top Cost Center,CC_COGS,Cost of Goods Sold,CC_OthCOGS,Other Cost of Goods Sold,CC_COGSAdmin,Cost of Goods Sold Administration (C10),CGF66170,HQ COGS INCENTIVES
,,Top,Top Cost Center,CC_COGS,Cost of Goods Sold,CC_OthCOGS,Other Cost of Goods Sold,CC_COGSAdmin,Cost of Goods Sold Administration (C10),CGF66171,HQWE COGS INCENTIVES
,,Top,Top Cost Center,CC_COGS,Cost of Goods Sold,CC_OthCOGS,Other Cost of Goods Sold,CC_COGSAdmin,Cost of Goods Sold Administration (C10),CGF66172,HQAP COGS INCENTIVES
,,Top,Top Cost Center,CC_COGS,Cost of Goods Sold,CC_OthCOGS,Other Cost of Goods Sold,CC_COGSAdmin,Cost of Goods Sold Administration (C10),CGF66173,HQLA COGS INCENTIVES
,,Top,Top Cost Center,CC_COGS,Cost of Goods Sold,CC_OthCOGS,Other Cost of Goods Sold,CC_COGSAdmin,Cost of Goods Sold Administration (C10),CGF66174,HQEU COGS INCENTIVES
,,Top,Top Cost Center,CC_COGS,Cost of Goods Sold,CC_OthCOGS,Other Cost of Goods Sold,CC_COGSAdmin,Cost of Goods Sold Administration (C10),CGF66175,NA COGS INCENTIVES
,,Top,Top Cost Center,CC_COGS,Cost of Goods Sold,CC_OthCOGS,Other Cost of Goods Sold,CC_COGSAdmin,Cost of Goods Sold Administration (C10),CGF66185,Procurement
,,Top,Top Cost Center,CC_COGS,Cost of Goods Sold,CC_ProductWriteoffs,Product Write-offs,CC_StockAdj,Stock Adjustments (C12),CGF66500,STOCK ADJ
,,Top,Top Cost Center,CC_COGS,Cost of Goods Sold,CC_ProductWriteoffs,Product Write-offs,CC_StockAdj,Stock Adjustments (C12),CGF66502,Stock Adjustment SWE
,,Top,Top Cost Center,CC_COGS,Cost of Goods Sold,CC_SupplyChainVar,Supply Chain Variances,CC_InvtyReval,Inventory Revaluation (C15),CGF67101,INVENTORY REVAL
,,Top,Top Cost Center,CC_COGS,Cost of Goods Sold,CC_SupplyChainVar,Supply Chain Variances,CC_InvtyReval,Inventory Revaluation (C15),CGF67103,INVENTORY REVAL JOLI
,,Top,Top Cost Center,CC_COGS,Cost of Goods Sold,CC_SupplyChainVar,Supply Chain Variances,CC_VarToStd,Variance to Standard (C26),CGF67903,ALSIP WAREHOUSE
,,Top,Top Cost Center,CC_COGS,Cost of Goods Sold,CC_SupplyChainVar,Supply Chain Variances,CC_VarToStd,Variance to Standard (C26),CGF67906,PPV HQ US
,,Top,Top Cost Center,CC_COGS,Cost of Goods Sold,CC_SupplyChainVar,Supply Chain Variances,CC_VarToStd,Variance to Standard (C26),CGF67907,Maquilas Natur PPV
Top,Top Cost Center,CC_SGA,"Selling, General and Administrative",CC_SalesandMkt,Sales and Marketing,CC_SalesMktgAdmin,Sales and Marketing Administration,CC_MktgAdmin,Marketing Administration (MKT & M12),CGF72000,FS MKTING ADMIN
Top,Top Cost Center,CC_SGA,"Selling, General and Administrative",CC_SalesandMkt,Sales and Marketing,CC_SalesMktgAdmin,Sales and Marketing Administration,CC_MktgAdmin,Marketing Administration (MKT & M12),CGF72055,GLOBAL MKTG ADMIN
Top,Top Cost Center,CC_SGA,"Selling, General and Administrative",CC_SalesandMkt,Sales and Marketing,CC_Marketing,Marketing,CC_MktResearch,Market Research (M04),CGF72160,Market Research
Top,Top Cost Center,CC_SGA,"Selling, General and Administrative",CC_SalesandMkt,Sales and Marketing,CC_Marketing,Marketing,CC_Samples,Samples Expense (M09),CGF72300,RETAIL SAMPLES
Top,Top Cost Center,CC_SGA,"Selling, General and Administrative",CC_SalesandMkt,Sales and Marketing,CC_Marketing,Marketing,CC_Samples,Samples Expense (M09),CGF72302,FOOD SERV SAMPLES
Top,Top Cost Center,CC_SGA,"Selling, General and Administrative",CC_SalesandMkt,Sales and Marketing,CC_Marketing,Marketing,CC_Samples,Samples Expense (M09),CGF72304,PURVIA SAMPLES
Top,Top Cost Center,CC_SGA,"Selling, General and Administrative",CC_SalesandMkt,Sales and Marketing,CC_Marketing,Marketing,CC_Samples,Samples Expense (M09),CGF72306,WESCO SAMPLE
Top,Top Cost Center,CC_SGA,"Selling, General and Administrative",CC_SalesandMkt,Sales and Marketing,CC_SalesMktgAdmin,Sales and Marketing Administration,CC_SalesMktDev,Sales and Marketing Development (M01),CGF72310,Wesco Sales Admin
Top,Top Cost Center,CC_SGA,"Selling, General and Administrative",CC_SalesandMkt,Sales and Marketing,CC_Marketing,Marketing,CC_Advertising,Advertising (M06),CGF72400,Equal Advertising
Top,Top Cost Center,CC_SGA,"Selling, General and Administrative",CC_SalesandMkt,Sales and Marketing,CC_Marketing,Marketing,CC_Advertising,Advertising (M06),CGF72402,ADVERTISING - SAME
Top,Top Cost Center,CC_SGA,"Selling, General and Administrative",CC_SalesandMkt,Sales and Marketing,CC_Marketing,Marketing,CC_Advertising,Advertising (M06),CGF72403,PR ADV - GREEN
Top,Top Cost Center,CC_SGA,"Selling, General and Administrative",CC_SalesandMkt,Sales and Marketing,CC_Marketing,Marketing,CC_Advertising,Advertising (M06),CGF72404,ADVERTISING - EQUAL
Top,Top Cost Center,CC_SGA,"Selling, General and Administrative",CC_SalesandMkt,Sales and Marketing,CC_Marketing,Marketing,CC_Advertising,Advertising (M06),CGF72409,ADVERTISING - PUREVI
Top,Top Cost Center,CC_SGA,"Selling, General and Administrative",CC_SalesandMkt,Sales and Marketing,CC_Marketing,Marketing,CC_Advertising,Advertising (M06),CGF72415,ADVERTISING - WESCO
Top,Top Cost Center,CC_SGA,"Selling, General and Administrative",CC_SalesandMkt,Sales and Marketing,CC_Marketing,Marketing,CC_Advertising,Advertising (M06),CGF72450,GLOBAL ADVERTISING
Top,Top Cost Center,CC_SGA,"Selling, General and Administrative",CC_SalesandMkt,Sales and Marketing,CC_SalesMktgAdmin,Sales and Marketing Administration,CC_FieldOps,Field Operations (M02 & M13),CGF72515,VP MARKETING
Top,Top Cost Center,CC_SGA,"Selling, General and Administrative",CC_SalesandMkt,Sales and Marketing,CC_SalesMktgAdmin,Sales and Marketing Administration,CC_CustomerService,Customer Service,CGF72520,SALES MGT ADMIN
Top,Top Cost Center,CC_SGA,"Selling, General and Administrative",CC_SalesandMkt,Sales and Marketing,CC_SalesMktgAdmin,Sales and Marketing Administration,CC_FieldOps,Field Operations (M02 & M13),CGF72521,NA MARKETING
Top,Top Cost Center,CC_SGA,"Selling, General and Administrative",CC_SalesandMkt,Sales and Marketing,CC_SalesMktgAdmin,Sales and Marketing Administration,CC_FieldOps,Field Operations (M02 & M13),CGF72522,NA ECOMMERCE
Top,Top Cost Center,CC_SGA,"Selling, General and Administrative",CC_SalesandMkt,Sales and Marketing,CC_SalesMktgAdmin,Sales and Marketing Administration,CC_FieldOps,Field Operations (M02 & M13),CGF72530,ACH TRANSITION CSTS
Top,Top Cost Center,CC_SGA,"Selling, General and Administrative",CC_SalesandMkt,Sales and Marketing,CC_SalesMktgAdmin,Sales and Marketing Administration,CC_FieldOps,Field Operations (M02 & M13),CGF72540,RETAIL SALES ADMIN
Top,Top Cost Center,CC_SGA,"Selling, General and Administrative",CC_SalesandMkt,Sales and Marketing,CC_SalesMktgAdmin,Sales and Marketing Administration,CC_FieldOps,Field Operations (M02 & M13),CGF72550,FD SERV SALES ADMIN
,,Top,Top Cost Center,CC_SGA,"Selling, General and Administrative",CC_SalesandMkt,Sales and Marketing,CC_VariableSell,Variable Selling (M19),CGF72700,GROC COMM - EQUAL
,,Top,Top Cost Center,CC_SGA,"Selling, General and Administrative",CC_SalesandMkt,Sales and Marketing,CC_VariableSell,Variable Selling (M19),CGF72701,Commissions SWE US
,,Top,Top Cost Center,CC_SGA,"Selling, General and Administrative",CC_SalesandMkt,Sales and Marketing,CC_VariableSell,Variable Selling (M19),CGF72702,Commiss SWE Canada
,,Top,Top Cost Center,CC_SGA,"Selling, General and Administrative",CC_SalesandMkt,Sales and Marketing,CC_VariableSell,Variable Selling (M19),CGF72705,DIR COMM-EQUAL
,,Top,Top Cost Center,CC_SGA,"Selling, General and Administrative",CC_SalesandMkt,Sales and Marketing,CC_VariableSell,Variable Selling (M19),CGF72710,MILITARY COMM- EQUAL
,,Top,Top Cost Center,CC_SGA,"Selling, General and Administrative",CC_SalesandMkt,Sales and Marketing,CC_VariableSell,Variable Selling (M19),CGF72715,FS REST COMMISSION
,,Top,Top Cost Center,CC_SGA,"Selling, General and Administrative",CC_SalesandMkt,Sales and Marketing,CC_VariableSell,Variable Selling (M19),CGF72716,FS BROKER COMM
,,Top,Top Cost Center,CC_SGA,"Selling, General and Administrative",CC_SalesandMkt,Sales and Marketing,CC_VariableSell,Variable Selling (M19),CGF72720,FS OCS COMMISSION
,,Top,Top Cost Center,CC_SGA,"Selling, General and Administrative",CC_SalesandMkt,Sales and Marketing,CC_VariableSell,Variable Selling (M19),CGF72730,CLUB/MASS COMM
,,Top,Top Cost Center,CC_SGA,"Selling, General and Administrative",CC_SalesandMkt,Sales and Marketing,CC_VariableSell,Variable Selling (M19),CGF72735,WESCO COMMISSIONS
,,Top,Top Cost Center,CC_SGA,"Selling, General and Administrative",CC_SalesandMkt,Sales and Marketing,CC_VariableSell,Variable Selling (M19),CGF72751,COMMISSIONS - PR
,,Top,Top Cost Center,CC_SGA,"Selling, General and Administrative",CC_SalesandMkt,Sales and Marketing,CC_VariableSell,Variable Selling (M19),CGF72752,PRIVATE LABEL COMM
,,Top,Top Cost Center,CC_SGA,"Selling, General and Administrative",CC_SalesandMkt,Sales and Marketing,CC_VariableSell,Variable Selling (M19),CGF72755,PUREVIA COMMISSIONS
,,Top,Top Cost Center,CC_SGA,"Selling, General and Administrative",CC_SalesandMkt,Sales and Marketing,CC_VariableSell,Variable Selling (M19),CGF72760,EQUAL BONUS INCENT
,,Top,Top Cost Center,CC_SGA,"Selling, General and Administrative",CC_SalesandMkt,Sales and Marketing,CC_VariableSell,Variable Selling (M19),CGF72765,BONUS - PUREVIA
,,Top,Top Cost Center,CC_SGA,"Selling, General and Administrative",CC_SalesandMkt,Sales and Marketing,CC_VariableSell,Variable Selling (M19),CGF72770,FS BONUS INCENTIVE
Top,Top Cost Center,CC_SGA,"Selling, General and Administrative",CC_SalesandMkt,Sales and Marketing,CC_SalesMktgAdmin,Sales and Marketing Administration,CC_MktgAdmin,Marketing Administration (MKT & M12),CGF73276,INCENTIVES - MKTG
Top,Top Cost Center,CC_SGA,"Selling, General and Administrative",CC_SalesandMkt,Sales and Marketing,CC_Marketing,Marketing,CC_RelationMktg,Relationship Marketing (M07),CGF73300,EQUAL RELATIONSHIP M
Top,Top Cost Center,CC_SGA,"Selling, General and Administrative",CC_SalesandMkt,Sales and Marketing,CC_Marketing,Marketing,CC_RelationMktg,Relationship Marketing (M07),CGF73315,CONSUMER AFFAIRS
Top,Top Cost Center,CC_SGA,"Selling, General and Administrative",CC_SalesandMkt,Sales and Marketing,CC_Marketing,Marketing,CC_RelationMktg,Relationship Marketing (M07),CGF73318,WESCO RELATIONSHIP
Top,Top Cost Center,CC_SGA,"Selling, General and Administrative",CC_SalesandMkt,Sales and Marketing,CC_Marketing,Marketing,CC_Promotions,Promotions (M08),CGF73327,PUREVIA MKTG
Top,Top Cost Center,CC_SGA,"Selling, General and Administrative",CC_SalesandMkt,Sales and Marketing,CC_Marketing,Marketing,CC_Promotions,Promotions (M08),CGF73335,F/S PROMOTIONS
Top,Top Cost Center,CC_SGA,"Selling, General and Administrative",CC_SalesandMkt,Sales and Marketing,CC_Marketing,Marketing,CC_Promotions,Promotions (M08),CGF73350,Equal Promotions
Top,Top Cost Center,CC_SGA,"Selling, General and Administrative",CC_SalesandMkt,Sales and Marketing,CC_Marketing,Marketing,CC_Promotions,Promotions (M08),CGF73352,TRADE PROMO - SAME
Top,Top Cost Center,CC_SGA,"Selling, General and Administrative",CC_SalesandMkt,Sales and Marketing,CC_Marketing,Marketing,CC_Promotions,Promotions (M08),CGF73356,Promotions Swerve
Top,Top Cost Center,CC_SGA,"Selling, General and Administrative",CC_SalesandMkt,Sales and Marketing,CC_Marketing,Marketing,CC_Promotions,Promotions (M08),CGF73366,WESCO PROMOTIONS
Top,Top Cost Center,CC_SGA,"Selling, General and Administrative",CC_SalesandMkt,Sales and Marketing,CC_Marketing,Marketing,CC_Promotions,Promotions (M08),CGF73390,ACCOUNT BASED MARKET
,,Top,Top Cost Center,CC_SGA,"Selling, General and Administrative",CC_Admin,Administration,CC_GenAdmin,General Administration (A16 & A11),CGF73500,GROUP ADMINISTRATION
,,Top,Top Cost Center,CC_SGA,"Selling, General and Administrative",CC_Admin,Administration,CC_GenAdmin,General Administration (A16 & A11),CGF73501,GROUP ADMINISTRATION
,,Top,Top Cost Center,CC_SGA,"Selling, General and Administrative",CC_Admin,Administration,CC_GenAdmin,General Administration (A16 & A11),CGF73515,OFF. OF CHAIRMAN
,,Top,Top Cost Center,CC_SGA,"Selling, General and Administrative",CC_Admin,Administration,CC_GenAdmin,General Administration (A16 & A11),CGF73525,CEO
,,Top,Top Cost Center,CC_SGA,"Selling, General and Administrative",CC_Admin,Administration,CC_GenAdmin,General Administration (A16 & A11),CGF73545,GEN ADMIN
,,Top,Top Cost Center,CC_SGA,"Selling, General and Administrative",CC_Admin,Administration,CC_HR,Human Resources (A01),CGF73710,HUMAN RESOURCES
,,Top,Top Cost Center,CC_SGA,"Selling, General and Administrative",CC_Admin,Administration,CC_Facilities,General Office and Facilities (A17),CGF73800,CHICAGO FACILITIES
,,Top,Top Cost Center,CC_SGA,"Selling, General and Administrative",CC_Admin,Administration,CC_Facilities,General Office and Facilities (A17),CGF73805,INSURANCE
Top,Top Cost Center,CC_SGA,"Selling, General and Administrative",CC_Admin,Administration,CC_Finance,Finance,CC_FinAcctgAudit,"Finance, Accounting and Auditing (A02)",CGF73900,FINANCE-CFO
Top,Top Cost Center,CC_SGA,"Selling, General and Administrative",CC_Admin,Administration,CC_Finance,Finance,CC_FinAcctgAudit,"Finance, Accounting and Auditing (A02)",CGF73910,CONTROLLER
Top,Top Cost Center,CC_SGA,"Selling, General and Administrative",CC_Admin,Administration,CC_Finance,Finance,CC_FinAcctgAudit,"Finance, Accounting and Auditing (A02)",CGF73925,CORPORATE FP & A
Top,Top Cost Center,CC_SGA,"Selling, General and Administrative",CC_Admin,Administration,CC_Finance,Finance,CC_FinAcctgAudit,"Finance, Accounting and Auditing (A02)",CGF73950,FINANCE AMERICA'S
Top,Top Cost Center,CC_SGA,"Selling, General and Administrative",CC_Admin,Administration,CC_Finance,Finance,CC_FinAcctgAudit,"Finance, Accounting and Auditing (A02)",CGF73960,AUDIT
Top,Top Cost Center,CC_SGA,"Selling, General and Administrative",CC_Admin,Administration,CC_Finance,Finance,CC_Treasury,Treasury (A03),CGF74000,TREASURY
,,Top,Top Cost Center,CC_SGA,"Selling, General and Administrative",CC_Admin,Administration,CC_Legal,Legal (A04),CGF74100,LAW
,,Top,Top Cost Center,CC_SGA,"Selling, General and Administrative",CC_Admin,Administration,CC_Legal,Legal (A04),CGF74101,LEGAL - PR
,,Top,Top Cost Center,CC_SGA,"Selling, General and Administrative",CC_Admin,Administration,CC_Legal,Legal (A04),CGF74102,REGULATORY
,,Top,Top Cost Center,CC_SGA,"Selling, General and Administrative",CC_Admin,Administration,CC_Legal,Legal (A04),CGF74105,WES LEGAL
Top,Top Cost Center,CC_SGA,"Selling, General and Administrative",CC_Admin,Administration,CC_OtherGandA,Other General and Administrative,CC_AddbackAdjEBIDTA,Adjusted EBITDA Addback (A13),CGF74501,Project SWEETNESS
Top,Top Cost Center,CC_SGA,"Selling, General and Administrative",CC_Admin,Administration,CC_OtherGandA,Other General and Administrative,CC_AddbackAdjEBIDTA,Adjusted EBITDA Addback (A13),CGF74502,BRANDED CPG-SG&A
,,Top,Top Cost Center,CC_SGA,"Selling, General and Administrative",CC_Admin,Administration,CC_GenAdmin,General Administration (A16 & A11),CGF74600,HQ ADMIN INCENTIVES
,,Top,Top Cost Center,CC_SGA,"Selling, General and Administrative",CC_Admin,Administration,CC_GenAdmin,General Administration (A16 & A11),CGF74602,HQWE ADMIN INCENTIVE
,,Top,Top Cost Center,CC_SGA,"Selling, General and Administrative",CC_Admin,Administration,CC_GenAdmin,General Administration (A16 & A11),CGF74603,HQEMEA ADMIN INCENTI
,,Top,Top Cost Center,CC_SGA,"Selling, General and Administrative",CC_Admin,Administration,CC_GenAdmin,General Administration (A16 & A11),CGF74604,HQAP ADMIN INCENTIVE
,,Top,Top Cost Center,CC_SGA,"Selling, General and Administrative",CC_Admin,Administration,CC_GenAdmin,General Administration (A16 & A11),CGF74605,NA ADMIN INCENTIVES
,,Top,Top Cost Center,CC_SGA,"Selling, General and Administrative",CC_Admin,Administration,CC_GenAdmin,General Administration (A16 & A11),CGF74606,HQLA ADMIN INCENTIVE
,,Top,Top Cost Center,CC_SGA,"Selling, General and Administrative",CC_Admin,Administration,CC_GenAdmin,General Administration (A16 & A11),CGF74607,HQEU ADMIN INCENTIVE
,,Top,Top Cost Center,CC_SGA,"Selling, General and Administrative",CC_Admin,Administration,CC_IT,Information Technology (A07),CGF74700,IT
,,Top,Top Cost Center,CC_SGA,"Selling, General and Administrative",CC_Admin,Administration,CC_IT,Information Technology (A07),CGF74701,IT_NORTH AMERICA BUSINESS APPLICATIONS
,,Top,Top Cost Center,CC_SGA,"Selling, General and Administrative",CC_Admin,Administration,CC_IT,Information Technology (A07),CGF74702,NA INFRASTRUCTURE
Top,Top Cost Center,CC_SGA,"Selling, General and Administrative",CC_Admin,Administration,CC_Finance,Finance,CC_Tax,Tax (A08),CGF74800,TAX
,,Top,Top Cost Center,CC_SGA,"Selling, General and Administrative",CC_Admin,Administration,CC_DoubtfulAccts,Provision For Doubtful Accounts (A27),CGF75000,SMALL BAL WRITE-OFF
,,Top,Top Cost Center,CC_SGA,"Selling, General and Administrative",CC_Admin,Administration,CC_DoubtfulAccts,Provision For Doubtful Accounts (A27),CGF75001,PROV DOUB ACCTS-PR
,,Top,Top Cost Center,CC_SGA,"Selling, General and Administrative",CC_Admin,Administration,CC_DoubtfulAccts,Provision For Doubtful Accounts (A27),CGF75006,Military Activity
Top,Top Cost Center,CC_SGA,"Selling, General and Administrative",CC_Admin,Administration,CC_OtherGandA,Other General and Administrative,CC_RestructAdmin,Restructuring Costs - Administration (A26),CGF75910,STRATEGIC INITIATIVE
,,Top,Top Cost Center,CC_SGA,"Selling, General and Administrative",CC_ResrchNewProdDev,Research and New Product Development,CC_Engineering,Engineering Expense (T05),CGF76150,HQ SC TECHNICAL COST
,,Top,Top Cost Center,CC_SGA,"Selling, General and Administrative",CC_ResrchNewProdDev,Research and New Product Development,CC_Engineering,Engineering Expense (T05),CGF76160,HQ TECHNICAL INCENT
,,Top,Top Cost Center,CC_SGA,"Selling, General and Administrative",CC_ResrchNewProdDev,Research and New Product Development,CC_Engineering,Engineering Expense (T05),CGF76170,NO AMER TECH EXP
,,Top,Top Cost Center,CC_SGA,"Selling, General and Administrative",CC_ResrchNewProdDev,Research and New Product Development,CC_Engineering,Engineering Expense (T05),CGF76180,WES R & d
,,Top,Top Cost Center,CC_COGS,Cost of Goods Sold,CC_DistrCOGS,Cost of Goods Sold Distribution,CC_Warehousing,Warehousing (C03),DEF62520,DISTRIBUTION EXPORT
,,Top,Top Cost Center,CC_COGS,Cost of Goods Sold,CC_ProductWriteoffs,Product Write-offs,CC_Obsolescence,Obsolescence (C08),DEF65510,Other Variances
,,Top,Top Cost Center,CC_COGS,Cost of Goods Sold,CC_OthCOGS,Other Cost of Goods Sold,CC_COGSAdmin,Cost of Goods Sold Administration (C10),DEF66110,COGS Administration
Top,Top Cost Center,CC_SGA,"Selling, General and Administrative",CC_SalesandMkt,Sales and Marketing,CC_SalesMktgAdmin,Sales and Marketing Administration,CC_MktgAdmin,Marketing Administration (MKT & M12),DEF72000,Marketing Admin India
Top,Top Cost Center,CC_SGA,"Selling, General and Administrative",CC_SalesandMkt,Sales and Marketing,CC_SalesMktgAdmin,Sales and Marketing Administration,CC_MktgAdmin,Marketing Administration (MKT & M12),DEF72001,IMEA Marketing Admin
Top,Top Cost Center,CC_SGA,"Selling, General and Administrative",CC_SalesandMkt,Sales and Marketing,CC_SalesMktgAdmin,Sales and Marketing Administration,CC_FieldOps,Field Operations (M02 & M13),DEF72510,Field Force
Top,Top Cost Center,CC_SGA,"Selling, General and Administrative",CC_SalesandMkt,Sales and Marketing,CC_Marketing,Marketing,CC_Promotions,Promotions (M08),DEF73321,Consumer promotions
,,Top,Top Cost Center,CC_SGA,"Selling, General and Administrative",CC_Admin,Administration,CC_HR,Human Resources (A01),DEF73700,IMEA HR/Admin
,,Top,Top Cost Center,CC_SGA,"Selling, General and Administrative",CC_Admin,Administration,CC_Facilities,General Office and Facilities (A17),DEF73810,WSO Merisant India
,,Top,Top Cost Center,CC_SGA,"Selling, General and Administrative",CC_Admin,Administration,CC_Facilities,General Office and Facilities (A17),DEF73811,VP IMEA
Top,Top Cost Center,CC_SGA,"Selling, General and Administrative",CC_Admin,Administration,CC_Finance,Finance,CC_FinAcctgAudit,"Finance, Accounting and Auditing (A02)",DEF73900,IMEA Finance
Top,Top Cost Center,CC_SGA,"Selling, General and Administrative",CC_Admin,Administration,CC_Finance,Finance,CC_FinAcctgAudit,"Finance, Accounting and Auditing (A02)",DEF73910,Finance India
,,Top,Top Cost Center,CC_SGA,"Selling, General and Administrative",CC_ResrchNewProdDev,Research and New Product Development,CC_RandD,Research and Development (TCH & T01),DEF76700,Research & Development India
,,Top,Top Cost Center,CC_SGA,"Selling, General and Administrative",CC_ResrchNewProdDev,Research and New Product Development,CC_RandD,Research and Development (TCH & T01),DEF76701,R & D India_HQCH
Top,Top Cost Center,CC_COGS,Cost of Goods Sold,CC_DistrCOGS,Cost of Goods Sold Distribution,CC_Freight,Freight,CC_Distribution,Distribution (C01),GWP60000,Freight
,,Top,Top Cost Center,CC_COGS,Cost of Goods Sold,CC_DistrCOGS,Cost of Goods Sold Distribution,CC_Warehousing,Warehousing (C03),GWP62000,Warehousing Dist. - Owned
,,Top,Top Cost Center,CC_COGS,Cost of Goods Sold,CC_DistrCOGS,Cost of Goods Sold Distribution,CC_Warehousing,Warehousing (C03),GWP62002,Warehousing Dist. - 3PL
,,Top,Top Cost Center,CC_COGS,Cost of Goods Sold,CC_DistrCOGS,Cost of Goods Sold Distribution,CC_Warehousing,Warehousing (C03),GWP62003,Warehousing Dist. - Yard
,,Top,Top Cost Center,CC_COGS,Cost of Goods Sold,CC_OthCOGS,Other Cost of Goods Sold,CC_OthCOGSMisc,Other Miscellaneous Cost of Goods Sold (C06),GWP63601,Other Period Costs - COGS
,,Top,Top Cost Center,CC_COGS,Cost of Goods Sold,CC_ProductWriteoffs,Product Write-offs,CC_Obsolescence,Obsolescence (C08),GWP65500,Excess & Obsolete
,,Top,Top Cost Center,CC_COGS,Cost of Goods Sold,CC_OthCOGS,Other Cost of Goods Sold,CC_COGSAdmin,Cost of Goods Sold Administration (C10),GWP66100,COGS Admin - Plants
,,Top,Top Cost Center,CC_COGS,Cost of Goods Sold,CC_OthCOGS,Other Cost of Goods Sold,CC_COGSAdmin,Cost of Goods Sold Administration (C10),GWP66110,Quality Control
,,Top,Top Cost Center,CC_COGS,Cost of Goods Sold,CC_OthCOGS,Other Cost of Goods Sold,CC_COGSAdmin,Cost of Goods Sold Administration (C10),GWP66111,COGS Admin - Corp Ops
,,Top,Top Cost Center,CC_COGS,Cost of Goods Sold,CC_OthCOGS,Other Cost of Goods Sold,CC_COGSAdmin,Cost of Goods Sold Administration (C10),GWP66113,Specialty Wood COGS EBITDA Addback
,,Top,Top Cost Center,CC_COGS,Cost of Goods Sold,CC_ProductWriteoffs,Product Write-offs,CC_StockAdj,Stock Adjustments (C12),GWP66550,Stock Adjustment
,,Top,Top Cost Center,CC_COGS,Cost of Goods Sold,CC_SupplyChainVar,Supply Chain Variances,CC_OthProdVar,Other Production Variances (C30),GWP66995,Other Production Variances
,,Top,Top Cost Center,CC_COGS,Cost of Goods Sold,CC_SupplyChainVar,Supply Chain Variances,CC_InvtyReval,Inventory Revaluation (C15),GWP67101,Inventory Reval
,,Top,Top Cost Center,CC_COGS,Cost of Goods Sold,CC_SupplyChainVar,Supply Chain Variances,CC_VarToStd,Variance to Standard (C26),GWP67900,PPV
Top,Top Cost Center,CC_SGA,"Selling, General and Administrative",CC_SalesandMkt,Sales and Marketing,CC_Marketing,Marketing,CC_Advertising,Advertising (M06),GWP72400,Advertsing & Marketing
Top,Top Cost Center,CC_SGA,"Selling, General and Administrative",CC_SalesandMkt,Sales and Marketing,CC_SalesMktgAdmin,Sales and Marketing Administration,CC_FieldOps,Field Operations (M02 & M13),GWP72500,Sales Admin
Top,Top Cost Center,CC_SGA,"Selling, General and Administrative",CC_SalesandMkt,Sales and Marketing,CC_SalesMktgAdmin,Sales and Marketing Administration,CC_CustomerService,Customer Service,GWP72600,Customer Service
,,Top,Top Cost Center,CC_SGA,"Selling, General and Administrative",CC_Admin,Administration,CC_GenAdmin,General Administration (A16 & A11),GWP73500,SG&A Admin
,,Top,Top Cost Center,CC_SGA,"Selling, General and Administrative",CC_Admin,Administration,CC_GenAdmin,General Administration (A16 & A11),GWP73545,Executive
,,Top,Top Cost Center,CC_SGA,"Selling, General and Administrative",CC_Admin,Administration,CC_GenAdmin,General Administration (A16 & A11),GWP73590,Logistics Admin
,,Top,Top Cost Center,CC_SGA,"Selling, General and Administrative",CC_Admin,Administration,CC_HR,Human Resources (A01),GWP73710,Human Resources - General
Top,Top Cost Center,CC_SGA,"Selling, General and Administrative",CC_Admin,Administration,CC_Finance,Finance,CC_FinAcctgAudit,"Finance, Accounting and Auditing (A02)",GWP73910,Controller/GL Accounting
Top,Top Cost Center,CC_SGA,"Selling, General and Administrative",CC_Admin,Administration,CC_Finance,Finance,CC_FinAcctgAudit,"Finance, Accounting and Auditing (A02)",GWP73930,Accounts Receivable Operations
Top,Top Cost Center,CC_SGA,"Selling, General and Administrative",CC_Admin,Administration,CC_Finance,Finance,CC_FinAcctgAudit,"Finance, Accounting and Auditing (A02)",GWP73940,Accounts Payable Operations
Top,Top Cost Center,CC_SGA,"Selling, General and Administrative",CC_Admin,Administration,CC_OtherGandA,Other General and Administrative,CC_AddbackAdjEBIDTA,Adjusted EBITDA Addback (A13),GWP74502,Specialty Wood SGA EBTIDA Addback
,,Top,Top Cost Center,CC_SGA,"Selling, General and Administrative",CC_Admin,Administration,CC_IT,Information Technology (A07),GWP74702,IT - Infrastructure
,,Top,Top Cost Center,CC_COGS,Cost of Goods Sold,CC_SupplyChainVar,Supply Chain Variances,CC_MfgSpendVar,Manufacturing Spend Variance (Production Clearing) (PRD),GWP83100,Raw Material - Receiving
,,Top,Top Cost Center,CC_COGS,Cost of Goods Sold,CC_SupplyChainVar,Supply Chain Variances,CC_MfgSpendVar,Manufacturing Spend Variance (Production Clearing) (PRD),GWP83101,Production - Saw Mill
,,Top,Top Cost Center,CC_COGS,Cost of Goods Sold,CC_SupplyChainVar,Supply Chain Variances,CC_MfgSpendVar,Manufacturing Spend Variance (Production Clearing) (PRD),GWP83110,Production - Briquets
,,Top,Top Cost Center,CC_COGS,Cost of Goods Sold,CC_SupplyChainVar,Supply Chain Variances,CC_MfgSpendVar,Manufacturing Spend Variance (Production Clearing) (PRD),GWP83112,Production - Lump Char
,,Top,Top Cost Center,CC_COGS,Cost of Goods Sold,CC_SupplyChainVar,Supply Chain Variances,CC_MfgSpendVar,Manufacturing Spend Variance (Production Clearing) (PRD),GWP83150,Pallet Production
,,Top,Top Cost Center,CC_COGS,Cost of Goods Sold,CC_SupplyChainVar,Supply Chain Variances,CC_MfgSpendVar,Manufacturing Spend Variance (Production Clearing) (PRD),GWP83310,Packaging/Assembly - Briquets
,,Top,Top Cost Center,CC_COGS,Cost of Goods Sold,CC_SupplyChainVar,Supply Chain Variances,CC_MfgSpendVar,Manufacturing Spend Variance (Production Clearing) (PRD),GWP83312,Packaging/Assembly - Lump
,,Top,Top Cost Center,CC_COGS,Cost of Goods Sold,CC_SupplyChainVar,Supply Chain Variances,CC_MfgSpendVar,Manufacturing Spend Variance (Production Clearing) (PRD),GWP83475,Trucking
,,Top,Top Cost Center,CC_COGS,Cost of Goods Sold,CC_SupplyChainVar,Supply Chain Variances,CC_MfgSpendVar,Manufacturing Spend Variance (Production Clearing) (PRD),GWP90200,Maintenance & Engineering - Plants
,,Top,Top Cost Center,CC_COGS,Cost of Goods Sold,CC_SupplyChainVar,Supply Chain Variances,CC_MfgSpendVar,Manufacturing Spend Variance (Production Clearing) (PRD),GWP93040,"Environ, Health & Safety"
,,Top,Top Cost Center,CC_COGS,Cost of Goods Sold,CC_SupplyChainVar,Supply Chain Variances,CC_MfgSpendVar,Manufacturing Spend Variance (Production Clearing) (PRD),GWP94502,Material Usage Variance
Top,Top Cost Center,CC_COGS,Cost of Goods Sold,CC_DistrCOGS,Cost of Goods Sold Distribution,CC_Freight,Freight,CC_Distribution,Distribution (C01),HWF60000,Import Declr. Fees
Top,Top Cost Center,CC_COGS,Cost of Goods Sold,CC_DistrCOGS,Cost of Goods Sold Distribution,CC_Freight,Freight,CC_Shipping,Shipping (C02),HWF61000,OUTWARD FREIGHT
,,Top,Top Cost Center,CC_COGS,Cost of Goods Sold,CC_DistrCOGS,Cost of Goods Sold Distribution,CC_Warehousing,Warehousing (C03),HWF62000,Warehousing
,,Top,Top Cost Center,CC_COGS,Cost of Goods Sold,CC_OthCOGS,Other Cost of Goods Sold,CC_ProjectCosts,Project Costs (C19),HWF63000,UK Import Duty
,,Top,Top Cost Center,CC_COGS,Cost of Goods Sold,CC_OthCOGS,Other Cost of Goods Sold,CC_OthCOGSMisc,Other Miscellaneous Cost of Goods Sold (C06),HWF63601,OTHER (ECO FEES)
,,Top,Top Cost Center,CC_COGS,Cost of Goods Sold,CC_OthCOGS,Other Cost of Goods Sold,CC_OthCOGSMisc,Other Miscellaneous Cost of Goods Sold (C06),HWF63700,UK Import Duties
,,Top,Top Cost Center,CC_COGS,Cost of Goods Sold,CC_ProductWriteoffs,Product Write-offs,CC_Obsolescence,Obsolescence (C08),HWF65500,Obsolecence
,,Top,Top Cost Center,CC_COGS,Cost of Goods Sold,CC_OthCOGS,Other Cost of Goods Sold,CC_COGSAdmin,Cost of Goods Sold Administration (C10),HWF66110,CUSTOMER SERVICES
,,Top,Top Cost Center,CC_COGS,Cost of Goods Sold,CC_OthCOGS,Other Cost of Goods Sold,CC_COGSAdmin,Cost of Goods Sold Administration (C10),HWF66115,CUST SERVICES INCENT
,,Top,Top Cost Center,CC_COGS,Cost of Goods Sold,CC_OthCOGS,Other Cost of Goods Sold,CC_COGSAdmin,Cost of Goods Sold Administration (C10),HWF66125,Global S&OP
,,Top,Top Cost Center,CC_COGS,Cost of Goods Sold,CC_StdCOGS,Standard Cost of Goods Sold,CC_ICTrPrDif,Local Intercompany Transfer Price Differences (LRD) (C21),HWF66200,Local TP differences
,,Top,Top Cost Center,CC_COGS,Cost of Goods Sold,CC_StdCOGS,Standard Cost of Goods Sold,CC_InvtyRevalTrPr,Inventory Revaluation at Transfer Price (LRD) (C22),HWF66300,Inventory reval TP
,,Top,Top Cost Center,CC_COGS,Cost of Goods Sold,CC_ProductWriteoffs,Product Write-offs,CC_StockAdj,Stock Adjustments (C12),HWF66500,Stock Adjustments
Top,Top Cost Center,CC_SGA,"Selling, General and Administrative",CC_SalesandMkt,Sales and Marketing,CC_SalesMktgAdmin,Sales and Marketing Administration,CC_MktgAdmin,Marketing Administration (MKT & M12),HWF71605,Mkt admin incent UK
Top,Top Cost Center,CC_SGA,"Selling, General and Administrative",CC_SalesandMkt,Sales and Marketing,CC_SalesMktgAdmin,Sales and Marketing Administration,CC_FieldOps,Field Operations (M02 & M13),HWF71615,Sales Incentives UK
Top,Top Cost Center,CC_SGA,"Selling, General and Administrative",CC_SalesandMkt,Sales and Marketing,CC_SalesMktgAdmin,Sales and Marketing Administration,CC_MktgAdmin,Marketing Administration (MKT & M12),HWF72010,Marketing Admin UK
Top,Top Cost Center,CC_SGA,"Selling, General and Administrative",CC_SalesandMkt,Sales and Marketing,CC_SalesMktgAdmin,Sales and Marketing Administration,CC_MktgAdmin,Marketing Administration (MKT & M12),HWF72011,UK Regional Mgt
Top,Top Cost Center,CC_SGA,"Selling, General and Administrative",CC_SalesandMkt,Sales and Marketing,CC_SalesMktgAdmin,Sales and Marketing Administration,CC_MktgAdmin,Marketing Administration (MKT & M12),HWF72012,E-Commerce Mgr Europe
Top,Top Cost Center,CC_SGA,"Selling, General and Administrative",CC_SalesandMkt,Sales and Marketing,CC_SalesMktgAdmin,Sales and Marketing Administration,CC_MktgAdmin,Marketing Administration (MKT & M12),HWF72013,COE - Originals
Top,Top Cost Center,CC_SGA,"Selling, General and Administrative",CC_SalesandMkt,Sales and Marketing,CC_Marketing,Marketing,CC_MktResearch,Market Research (M04),HWF72110,Market Research
Top,Top Cost Center,CC_SGA,"Selling, General and Administrative",CC_SalesandMkt,Sales and Marketing,CC_Marketing,Marketing,CC_MktResearch,Market Research (M04),HWF72120,Market Research WE
Top,Top Cost Center,CC_SGA,"Selling, General and Administrative",CC_SalesandMkt,Sales and Marketing,CC_Marketing,Marketing,CC_Samples,Samples Expense (M09),HWF72304,Samples
Top,Top Cost Center,CC_SGA,"Selling, General and Administrative",CC_SalesandMkt,Sales and Marketing,CC_Marketing,Marketing,CC_Samples,Samples Expense (M09),HWF72305,Samples WE
Top,Top Cost Center,CC_SGA,"Selling, General and Administrative",CC_SalesandMkt,Sales and Marketing,CC_Marketing,Marketing,CC_Advertising,Advertising (M06),HWF72410,Advertising
Top,Top Cost Center,CC_SGA,"Selling, General and Administrative",CC_SalesandMkt,Sales and Marketing,CC_Marketing,Marketing,CC_Advertising,Advertising (M06),HWF72420,Advertising WE
Top,Top Cost Center,CC_SGA,"Selling, General and Administrative",CC_SalesandMkt,Sales and Marketing,CC_SalesMktgAdmin,Sales and Marketing Administration,CC_FieldOps,Field Operations (M02 & M13),HWF72510,Sales Admin UK
Top,Top Cost Center,CC_SGA,"Selling, General and Administrative",CC_SalesandMkt,Sales and Marketing,CC_SalesMktgAdmin,Sales and Marketing Administration,CC_FieldOps,Field Operations (M02 & M13),HWF72512,Southern EU and Nordics Sales
,,Top,Top Cost Center,CC_SGA,"Selling, General and Administrative",CC_SalesandMkt,Sales and Marketing,CC_VariableSell,Variable Selling (M19),HWF72710,Commissions
Top,Top Cost Center,CC_SGA,"Selling, General and Administrative",CC_SalesandMkt,Sales and Marketing,CC_Marketing,Marketing,CC_PR,Public Relations (M05),HWF73010,Public relations
Top,Top Cost Center,CC_SGA,"Selling, General and Administrative",CC_SalesandMkt,Sales and Marketing,CC_Marketing,Marketing,CC_MktgMisc,Miscellaneous Marketing Expense (M17),HWF73226,NPD/ Packaging
Top,Top Cost Center,CC_SGA,"Selling, General and Administrative",CC_SalesandMkt,Sales and Marketing,CC_Marketing,Marketing,CC_MktgMisc,Miscellaneous Marketing Expense (M17),HWF73236,NPD/ Packaging WE
Top,Top Cost Center,CC_SGA,"Selling, General and Administrative",CC_SalesandMkt,Sales and Marketing,CC_Marketing,Marketing,CC_RelationMktg,Relationship Marketing (M07),HWF73300,Relat'ship Marketing
Top,Top Cost Center,CC_SGA,"Selling, General and Administrative",CC_SalesandMkt,Sales and Marketing,CC_Marketing,Marketing,CC_RelationMktg,Relationship Marketing (M07),HWF73310,Relat'ship Mark. WE
Top,Top Cost Center,CC_SGA,"Selling, General and Administrative",CC_SalesandMkt,Sales and Marketing,CC_Marketing,Marketing,CC_Promotions,Promotions (M08),HWF73321,Promotions
Top,Top Cost Center,CC_SGA,"Selling, General and Administrative",CC_SalesandMkt,Sales and Marketing,CC_Marketing,Marketing,CC_Promotions,Promotions (M08),HWF73331,Promotions WE
Top,Top Cost Center,CC_SGA,"Selling, General and Administrative",CC_SalesandMkt,Sales and Marketing,CC_Marketing,Marketing,CC_Promotions,Promotions (M08),HWF73350,TOLLING
,,Top,Top Cost Center,CC_SGA,"Selling, General and Administrative",CC_Admin,Administration,CC_HR,Human Resources (A01),HWF73700,International HQ HR
,,Top,Top Cost Center,CC_SGA,"Selling, General and Administrative",CC_Admin,Administration,CC_Facilities,General Office and Facilities (A17),HWF73810,Site UK
Top,Top Cost Center,CC_SGA,"Selling, General and Administrative",CC_Admin,Administration,CC_Finance,Finance,CC_FinAcctgAudit,"Finance, Accounting and Auditing (A02)",HWF73910,Finance UK
Top,Top Cost Center,CC_SGA,"Selling, General and Administrative",CC_Admin,Administration,CC_Finance,Finance,CC_FinAcctgAudit,"Finance, Accounting and Auditing (A02)",HWF73911,Finance Regional
Top,Top Cost Center,CC_SGA,"Selling, General and Administrative",CC_Admin,Administration,CC_Finance,Finance,CC_FinAcctgAudit,"Finance, Accounting and Auditing (A02)",HWF73920,Audit Fees UK
,,Top,Top Cost Center,CC_SGA,"Selling, General and Administrative",CC_Admin,Administration,CC_IT,Information Technology (A07),HWF74711,IT Merisant UK
Top,Top Cost Center,CC_SGA,"Selling, General and Administrative",CC_Admin,Administration,CC_Finance,Finance,CC_Tax,Tax (A08),HWF74800,London Tax Costs
,,Top,Top Cost Center,CC_SGA,"Selling, General and Administrative",CC_Admin,Administration,CC_DoubtfulAccts,Provision For Doubtful Accounts (A27),HWF75000,Prov Doubtful acct
,,Top,Top Cost Center,CC_COGS,Cost of Goods Sold,CC_DistrCOGS,Cost of Goods Sold Distribution,CC_Warehousing,Warehousing (C03),MAN62000,SHIPPING AND WHSING
,,Top,Top Cost Center,CC_COGS,Cost of Goods Sold,CC_OthCOGS,Other Cost of Goods Sold,CC_OthCOGSMisc,Other Miscellaneous Cost of Goods Sold (C06),MAN63777,Depreciation US
,,Top,Top Cost Center,CC_COGS,Cost of Goods Sold,CC_ProductWriteoffs,Product Write-offs,CC_StockAdj,Stock Adjustments (C12),MAN66500,STOCK ADJ
,,Top,Top Cost Center,CC_COGS,Cost of Goods Sold,CC_SupplyChainVar,Supply Chain Variances,CC_VarToStd,Variance to Standard (C26),MAN67900,PLANT VARIATIONS
,,Top,Top Cost Center,CC_COGS,Cost of Goods Sold,CC_SupplyChainVar,Supply Chain Variances,CC_MfgSpendVar,Manufacturing Spend Variance (Production Clearing) (PRD),MAN83010,SACHET PRODUCTION
,,Top,Top Cost Center,CC_COGS,Cost of Goods Sold,CC_SupplyChainVar,Supply Chain Variances,CC_MfgSpendVar,Manufacturing Spend Variance (Production Clearing) (PRD),MAN83011,DPAK SACHET PRODUCTI
,,Top,Top Cost Center,CC_COGS,Cost of Goods Sold,CC_SupplyChainVar,Supply Chain Variances,CC_MfgSpendVar,Manufacturing Spend Variance (Production Clearing) (PRD),MAN83020,Blending
,,Top,Top Cost Center,CC_COGS,Cost of Goods Sold,CC_SupplyChainVar,Supply Chain Variances,CC_MfgSpendVar,Manufacturing Spend Variance (Production Clearing) (PRD),MAN83021,BLENDING
,,Top,Top Cost Center,CC_COGS,Cost of Goods Sold,CC_SupplyChainVar,Supply Chain Variances,CC_MfgSpendVar,Manufacturing Spend Variance (Production Clearing) (PRD),MAN83022,DPAK BLENDING
,,Top,Top Cost Center,CC_COGS,Cost of Goods Sold,CC_SupplyChainVar,Supply Chain Variances,CC_MfgSpendVar,Manufacturing Spend Variance (Production Clearing) (PRD),MAN83023,DPAK2 Blender
,,Top,Top Cost Center,CC_COGS,Cost of Goods Sold,CC_SupplyChainVar,Supply Chain Variances,CC_MfgSpendVar,Manufacturing Spend Variance (Production Clearing) (PRD),MAN83030,BOXLINE
,,Top,Top Cost Center,CC_COGS,Cost of Goods Sold,CC_SupplyChainVar,Supply Chain Variances,CC_MfgSpendVar,Manufacturing Spend Variance (Production Clearing) (PRD),MAN83040,SPOONFUL LINE
,,Top,Top Cost Center,CC_COGS,Cost of Goods Sold,CC_SupplyChainVar,Supply Chain Variances,CC_MfgSpendVar,Manufacturing Spend Variance (Production Clearing) (PRD),MAN83100,DPAK2 JARs
,,Top,Top Cost Center,CC_COGS,Cost of Goods Sold,CC_SupplyChainVar,Supply Chain Variances,CC_MfgSpendVar,Manufacturing Spend Variance (Production Clearing) (PRD),MAN83200,DPAK2 BAGs
,,Top,Top Cost Center,CC_COGS,Cost of Goods Sold,CC_SupplyChainVar,Supply Chain Variances,CC_MfgSpendVar,Manufacturing Spend Variance (Production Clearing) (PRD),MAN84010,Maquillas production
,,Top,Top Cost Center,CC_COGS,Cost of Goods Sold,CC_SupplyChainVar,Supply Chain Variances,CC_MfgSpendVar,Manufacturing Spend Variance (Production Clearing) (PRD),MAN89900,Facilities
,,Top,Top Cost Center,CC_COGS,Cost of Goods Sold,CC_SupplyChainVar,Supply Chain Variances,CC_MfgSpendVar,Manufacturing Spend Variance (Production Clearing) (PRD),MAN90200,Maintenance
,,Top,Top Cost Center,CC_COGS,Cost of Goods Sold,CC_SupplyChainVar,Supply Chain Variances,CC_MfgSpendVar,Manufacturing Spend Variance (Production Clearing) (PRD),MAN90800,ENGINEERING
,,Top,Top Cost Center,CC_COGS,Cost of Goods Sold,CC_SupplyChainVar,Supply Chain Variances,CC_MfgSpendVar,Manufacturing Spend Variance (Production Clearing) (PRD),MAN92500,ADMINISTRATION
,,Top,Top Cost Center,CC_COGS,Cost of Goods Sold,CC_SupplyChainVar,Supply Chain Variances,CC_MfgSpendVar,Manufacturing Spend Variance (Production Clearing) (PRD),MAN92580,FINANCE
,,Top,Top Cost Center,CC_COGS,Cost of Goods Sold,CC_SupplyChainVar,Supply Chain Variances,CC_MfgSpendVar,Manufacturing Spend Variance (Production Clearing) (PRD),MAN92600,MANTENO INFO TECH
,,Top,Top Cost Center,CC_COGS,Cost of Goods Sold,CC_SupplyChainVar,Supply Chain Variances,CC_MfgSpendVar,Manufacturing Spend Variance (Production Clearing) (PRD),MAN93000,HUMAN RESOURCES
,,Top,Top Cost Center,CC_COGS,Cost of Goods Sold,CC_SupplyChainVar,Supply Chain Variances,CC_MfgSpendVar,Manufacturing Spend Variance (Production Clearing) (PRD),MAN93040,SAFETY AND HEALTH
,,Top,Top Cost Center,CC_COGS,Cost of Goods Sold,CC_SupplyChainVar,Supply Chain Variances,CC_MfgSpendVar,Manufacturing Spend Variance (Production Clearing) (PRD),MAN94000,Quality
,,Top,Top Cost Center,CC_COGS,Cost of Goods Sold,CC_SupplyChainVar,Supply Chain Variances,CC_MfgSpendVar,Manufacturing Spend Variance (Production Clearing) (PRD),MAN94502,TOLLING
,,Top,Top Cost Center,CC_COGS,Cost of Goods Sold,CC_SupplyChainVar,Supply Chain Variances,CC_MfgSpendVar,Manufacturing Spend Variance (Production Clearing) (PRD),MAN94503,TOLLING - PROMOTIONS
,,Top,Top Cost Center,CC_COGS,Cost of Goods Sold,CC_SupplyChainVar,Supply Chain Variances,CC_MfgSpendVar,Manufacturing Spend Variance (Production Clearing) (PRD),MAQ95000,Maquilas Depreciation
,,Top,Top Cost Center,CC_SGA,"Selling, General and Administrative",CC_Admin,Administration,CC_GenAdmin,General Administration (A16 & A11),MCH73545,GEN ADMIN
,,Top,Top Cost Center,CC_SGA,"Selling, General and Administrative",CC_Admin,Administration,CC_GenAdmin,General Administration (A16 & A11),MCO73500,MERISANT COMPANY ADMINISTRATION
Top,Top Cost Center,CC_SGA,"Selling, General and Administrative",CC_SalesandMkt,Sales and Marketing,CC_SalesMktgAdmin,Sales and Marketing Administration,CC_FieldOps,Field Operations (M02 & M13),MDF71610,Bilbao Sales Adm HQ
Top,Top Cost Center,CC_SGA,"Selling, General and Administrative",CC_SalesandMkt,Sales and Marketing,CC_SalesMktgAdmin,Sales and Marketing Administration,CC_FieldOps,Field Operations (M02 & M13),MDF71611,Bilbao Sales Adm HQ
Top,Top Cost Center,CC_SGA,"Selling, General and Administrative",CC_SalesandMkt,Sales and Marketing,CC_SalesMktgAdmin,Sales and Marketing Administration,CC_FieldOps,Field Operations (M02 & M13),MDF72600,Sales Admin Bilbao
Top,Top Cost Center,CC_SGA,"Selling, General and Administrative",CC_SalesandMkt,Sales and Marketing,CC_SalesMktgAdmin,Sales and Marketing Administration,CC_FieldOps,Field Operations (M02 & M13),MDF72601,Sales Admin Bilbao
,,Top,Top Cost Center,CC_SGA,"Selling, General and Administrative",CC_Admin,Administration,CC_Facilities,General Office and Facilities (A17),MDF73810,WSO Merisant Spain
,,Top,Top Cost Center,CC_SGA,"Selling, General and Administrative",CC_Admin,Administration,CC_Facilities,General Office and Facilities (A17),MDF73812,WSO Merisant Spain
Top,Top Cost Center,CC_SGA,"Selling, General and Administrative",CC_Admin,Administration,CC_Finance,Finance,CC_FinAcctgAudit,"Finance, Accounting and Auditing (A02)",MDF73911,Finance Spain
Top,Top Cost Center,CC_SGA,"Selling, General and Administrative",CC_Admin,Administration,CC_Finance,Finance,CC_FinAcctgAudit,"Finance, Accounting and Auditing (A02)",MDF73912,Finance Spain
,,Top,Top Cost Center,CC_SGA,"Selling, General and Administrative",CC_Admin,Administration,CC_Legal,Legal (A04),MDF74110,LEGAL AND TAX
,,Top,Top Cost Center,CC_SGA,"Selling, General and Administrative",CC_Admin,Administration,CC_Legal,Legal (A04),MDF74111,LEGAL AND TAX
,,Top,Top Cost Center,CC_SGA,"Selling, General and Administrative",CC_Admin,Administration,CC_IT,Information Technology (A07),MDF74711,IT Spain
Top,Top Cost Center,CC_SGA,"Selling, General and Administrative",CC_Admin,Administration,CC_Finance,Finance,CC_Tax,Tax (A08),MDF74801,Tax Spain (HQEU)
Top,Top Cost Center,CC_COGS,Cost of Goods Sold,CC_DistrCOGS,Cost of Goods Sold Distribution,CC_Freight,Freight,CC_Shipping,Shipping (C02),MED61175,FREIGHT
Top,Top Cost Center,CC_COGS,Cost of Goods Sold,CC_DistrCOGS,Cost of Goods Sold Distribution,CC_Freight,Freight,CC_Shipping,Shipping (C02),MED61177,DUTIES
Top,Top Cost Center,CC_SGA,"Selling, General and Administrative",CC_SalesandMkt,Sales and Marketing,CC_SalesMktgAdmin,Sales and Marketing Administration,CC_FieldOps,Field Operations (M02 & M13),MED72500,Sales Admin
,,Top,Top Cost Center,CC_SGA,"Selling, General and Administrative",CC_SalesandMkt,Sales and Marketing,CC_VariableSell,Variable Selling (M19),MED72700,Commissions
Top,Top Cost Center,CC_SGA,"Selling, General and Administrative",CC_SalesandMkt,Sales and Marketing,CC_Marketing,Marketing,CC_Promotions,Promotions (M08),MED73350,Promotions
Top,Top Cost Center,CC_COGS,Cost of Goods Sold,CC_DistrCOGS,Cost of Goods Sold Distribution,CC_Freight,Freight,CC_Shipping,Shipping (C02),MEF61170,FREIGHT OUTBOUND
,,Top,Top Cost Center,CC_COGS,Cost of Goods Sold,CC_DistrCOGS,Cost of Goods Sold Distribution,CC_Warehousing,Warehousing (C03),MEF62000,Warehousing
,,Top,Top Cost Center,CC_COGS,Cost of Goods Sold,CC_OthCOGS,Other Cost of Goods Sold,CC_OthCOGSMisc,Other Miscellaneous Cost of Goods Sold (C06),MEF63601,OCOS
,,Top,Top Cost Center,CC_COGS,Cost of Goods Sold,CC_OthCOGS,Other Cost of Goods Sold,CC_OthCOGSMisc,Other Miscellaneous Cost of Goods Sold (C06),MEF63603,OCOS - Natural Products
,,Top,Top Cost Center,CC_COGS,Cost of Goods Sold,CC_OthCOGS,Other Cost of Goods Sold,CC_OthCOGSMisc,Other Miscellaneous Cost of Goods Sold (C06),MEF63604,OCOS - EVD
,,Top,Top Cost Center,CC_COGS,Cost of Goods Sold,CC_ProductWriteoffs,Product Write-offs,CC_Obsolescence,Obsolescence (C08),MEF65500,Obsolescence
,,Top,Top Cost Center,CC_COGS,Cost of Goods Sold,CC_OthCOGS,Other Cost of Goods Sold,CC_COGSAdmin,Cost of Goods Sold Administration (C10),MEF66113,EVD COGS EBITDA Addback
,,Top,Top Cost Center,CC_COGS,Cost of Goods Sold,CC_ProductWriteoffs,Product Write-offs,CC_StockAdj,Stock Adjustments (C12),MEF66500,STOCK ADJUSTMENT
,,Top,Top Cost Center,CC_COGS,Cost of Goods Sold,CC_SupplyChainVar,Supply Chain Variances,CC_VarToStd,Variance to Standard (C26),MEF67900,PPV
Top,Top Cost Center,CC_SGA,"Selling, General and Administrative",CC_SalesandMkt,Sales and Marketing,CC_SalesMktgAdmin,Sales and Marketing Administration,CC_MktgAdmin,Marketing Administration (MKT & M12),MEF72055,GLOBAL MKTG ADMIN
,,Top,Top Cost Center,CC_SGA,"Selling, General and Administrative",CC_Admin,Administration,CC_GenAdmin,General Administration (A16 & A11),MEF73545,GEN ADMIN
Top,Top Cost Center,CC_SGA,"Selling, General and Administrative",CC_Admin,Administration,CC_Finance,Finance,CC_FinAcctgAudit,"Finance, Accounting and Auditing (A02)",MEF73900,Finance
Top,Top Cost Center,CC_COGS,Cost of Goods Sold,CC_DistrCOGS,Cost of Goods Sold Distribution,CC_Freight,Freight,CC_Shipping,Shipping (C02),MEX61000,Freights
Top,Top Cost Center,CC_COGS,Cost of Goods Sold,CC_DistrCOGS,Cost of Goods Sold Distribution,CC_Freight,Freight,CC_Shipping,Shipping (C02),MEX61200,Freights SA
,,Top,Top Cost Center,CC_COGS,Cost of Goods Sold,CC_DistrCOGS,Cost of Goods Sold Distribution,CC_Warehousing,Warehousing (C03),MEX62200,Warehousing SA
,,Top,Top Cost Center,CC_COGS,Cost of Goods Sold,CC_OthCOGS,Other Cost of Goods Sold,CC_OthCOGSMisc,Other Miscellaneous Cost of Goods Sold (C06),MEX63620,Other Cogs IMEA
,,Top,Top Cost Center,CC_COGS,Cost of Goods Sold,CC_OthCOGS,Other Cost of Goods Sold,CC_OthCOGSMisc,Other Miscellaneous Cost of Goods Sold (C06),MEX63700,Other Cost Rp MKT TT
,,Top,Top Cost Center,CC_COGS,Cost of Goods Sold,CC_OthCOGS,Other Cost of Goods Sold,CC_OthCOGSMisc,Other Miscellaneous Cost of Goods Sold (C06),MEX63800,Other Cost On-packs
,,Top,Top Cost Center,CC_COGS,Cost of Goods Sold,CC_ProductWriteoffs,Product Write-offs,CC_Obsolescence,Obsolescence (C08),MEX65500,Obsolescence
,,Top,Top Cost Center,CC_COGS,Cost of Goods Sold,CC_OthCOGS,Other Cost of Goods Sold,CC_COGSAdmin,Cost of Goods Sold Administration (C10),MEX66112,Supply Chain MEX
,,Top,Top Cost Center,CC_COGS,Cost of Goods Sold,CC_StdCOGS,Standard Cost of Goods Sold,CC_ICTrPrDif,Local Intercompany Transfer Price Differences (LRD) (C21),MEX66200,PPV FG
,,Top,Top Cost Center,CC_COGS,Cost of Goods Sold,CC_StdCOGS,Standard Cost of Goods Sold,CC_InvtyRevalTrPr,Inventory Revaluation at Transfer Price (LRD) (C22),MEX66300,Inventory revaluation
,,Top,Top Cost Center,CC_COGS,Cost of Goods Sold,CC_ProductWriteoffs,Product Write-offs,CC_StockAdj,Stock Adjustments (C12),MEX66500,Stock Adjustments
,,Top,Top Cost Center,CC_COGS,Cost of Goods Sold,CC_SupplyChainVar,Supply Chain Variances,CC_InvtyReval,Inventory Revaluation (C15),MEX67100,Inventory revaluatio
,,Top,Top Cost Center,CC_COGS,Cost of Goods Sold,CC_SupplyChainVar,Supply Chain Variances,CC_VarToStd,Variance to Standard (C26),MEX67900,Price Variances
Top,Top Cost Center,CC_SGA,"Selling, General and Administrative",CC_SalesandMkt,Sales and Marketing,CC_SalesMktgAdmin,Sales and Marketing Administration,CC_MktgAdmin,Marketing Administration (MKT & M12),MEX72000,Marketing Admin
Top,Top Cost Center,CC_SGA,"Selling, General and Administrative",CC_SalesandMkt,Sales and Marketing,CC_Marketing,Marketing,CC_Samples,Samples Expense (M09),MEX72300,Free Samples Other
Top,Top Cost Center,CC_SGA,"Selling, General and Administrative",CC_SalesandMkt,Sales and Marketing,CC_Marketing,Marketing,CC_Advertising,Advertising (M06),MEX72400,Advertising Canderel
Top,Top Cost Center,CC_SGA,"Selling, General and Administrative",CC_SalesandMkt,Sales and Marketing,CC_SalesMktgAdmin,Sales and Marketing Administration,CC_FieldOps,Field Operations (M02 & M13),MEX72500,Sales & Mkt Admin
Top,Top Cost Center,CC_SGA,"Selling, General and Administrative",CC_SalesandMkt,Sales and Marketing,CC_SalesMktgAdmin,Sales and Marketing Administration,CC_FieldOps,Field Operations (M02 & M13),MEX72501,Sales Admin PR
Top,Top Cost Center,CC_SGA,"Selling, General and Administrative",CC_SalesandMkt,Sales and Marketing,CC_SalesMktgAdmin,Sales and Marketing Administration,CC_FieldOps,Field Operations (M02 & M13),MEX72502,Sales Admin DO
Top,Top Cost Center,CC_SGA,"Selling, General and Administrative",CC_SalesandMkt,Sales and Marketing,CC_SalesMktgAdmin,Sales and Marketing Administration,CC_FieldOps,Field Operations (M02 & M13),MEX72503,Sales Admin CB
Top,Top Cost Center,CC_SGA,"Selling, General and Administrative",CC_SalesandMkt,Sales and Marketing,CC_SalesMktgAdmin,Sales and Marketing Administration,CC_FieldOps,Field Operations (M02 & M13),MEX72504,Sales Admin CR
Top,Top Cost Center,CC_SGA,"Selling, General and Administrative",CC_SalesandMkt,Sales and Marketing,CC_SalesMktgAdmin,Sales and Marketing Administration,CC_FieldOps,Field Operations (M02 & M13),MEX72505,Sales Admin GT
Top,Top Cost Center,CC_SGA,"Selling, General and Administrative",CC_SalesandMkt,Sales and Marketing,CC_SalesMktgAdmin,Sales and Marketing Administration,CC_FieldOps,Field Operations (M02 & M13),MEX72506,Sales Admin PA
Top,Top Cost Center,CC_SGA,"Selling, General and Administrative",CC_SalesandMkt,Sales and Marketing,CC_SalesMktgAdmin,Sales and Marketing Administration,CC_FieldOps,Field Operations (M02 & M13),MEX72507,Sales Admin HN
Top,Top Cost Center,CC_SGA,"Selling, General and Administrative",CC_SalesandMkt,Sales and Marketing,CC_SalesMktgAdmin,Sales and Marketing Administration,CC_FieldOps,Field Operations (M02 & M13),MEX72508,Sales Admin SV
Top,Top Cost Center,CC_SGA,"Selling, General and Administrative",CC_SalesandMkt,Sales and Marketing,CC_SalesMktgAdmin,Sales and Marketing Administration,CC_FieldOps,Field Operations (M02 & M13),MEX72509,Sales Admin BZ
Top,Top Cost Center,CC_SGA,"Selling, General and Administrative",CC_SalesandMkt,Sales and Marketing,CC_SalesMktgAdmin,Sales and Marketing Administration,CC_FieldOps,Field Operations (M02 & M13),MEX72600,Business Manager MX
Top,Top Cost Center,CC_SGA,"Selling, General and Administrative",CC_SalesandMkt,Sales and Marketing,CC_Marketing,Marketing,CC_MktgMisc,Miscellaneous Marketing Expense (M17),MEX73299,Misc Mkt Exp Arg
Top,Top Cost Center,CC_SGA,"Selling, General and Administrative",CC_SalesandMkt,Sales and Marketing,CC_Marketing,Marketing,CC_Promotions,Promotions (M08),MEX73350,Promotion Product
Top,Top Cost Center,CC_SGA,"Selling, General and Administrative",CC_SalesandMkt,Sales and Marketing,CC_Marketing,Marketing,CC_Promotions,Promotions (M08),MEX73370,Trade Prom Canderel
,,Top,Top Cost Center,CC_SGA,"Selling, General and Administrative",CC_Admin,Administration,CC_HR,Human Resources (A01),MEX73700,HUMAN RESOURCES
,,Top,Top Cost Center,CC_SGA,"Selling, General and Administrative",CC_Admin,Administration,CC_HR,Human Resources (A01),MEX73701,Human Resources LA
,,Top,Top Cost Center,CC_SGA,"Selling, General and Administrative",CC_Admin,Administration,CC_Facilities,General Office and Facilities (A17),MEX73800,Facilities
Top,Top Cost Center,CC_SGA,"Selling, General and Administrative",CC_Admin,Administration,CC_Finance,Finance,CC_FinAcctgAudit,"Finance, Accounting and Auditing (A02)",MEX73901,Controllership MX
Top,Top Cost Center,CC_SGA,"Selling, General and Administrative",CC_Admin,Administration,CC_Finance,Finance,CC_Treasury,Treasury (A03),MEX74000,Credit & Treasury
,,Top,Top Cost Center,CC_SGA,"Selling, General and Administrative",CC_Admin,Administration,CC_Legal,Legal (A04),MEX74100,LAW
,,Top,Top Cost Center,CC_SGA,"Selling, General and Administrative",CC_Admin,Administration,CC_IT,Information Technology (A07),MEX74700,IT
Top,Top Cost Center,CC_SGA,"Selling, General and Administrative",CC_Admin,Administration,CC_Finance,Finance,CC_Tax,Tax (A08),MEX74800,TAX MX
,,Top,Top Cost Center,CC_SGA,"Selling, General and Administrative",CC_Admin,Administration,CC_DoubtfulAccts,Provision For Doubtful Accounts (A27),MEX75000,Prov. Doubtful Acc
,,Top,Top Cost Center,CC_COGS,Cost of Goods Sold,CC_OthCOGS,Other Cost of Goods Sold,CC_OthCOGSMisc,Other Miscellaneous Cost of Goods Sold (C06),MFB63601,OCOS
,,Top,Top Cost Center,CC_COGS,Cost of Goods Sold,CC_SupplyChainVar,Supply Chain Variances,CC_VarToStd,Variance to Standard (C26),MFB67900,PPV
,,Top,Top Cost Center,CC_SGA,"Selling, General and Administrative",CC_Admin,Administration,CC_GenAdmin,General Administration (A16 & A11),MFB73545,GEN ADMIN
,,Top,Top Cost Center,CC_SGA,"Selling, General and Administrative",CC_Admin,Administration,CC_DoubtfulAccts,Provision For Doubtful Accounts (A27),MFB75001,Prov Doubtful Accts
Top,Top Cost Center,CC_COGS,Cost of Goods Sold,CC_DistrCOGS,Cost of Goods Sold Distribution,CC_Freight,Freight,CC_Distribution,Distribution (C01),MFH60160,FREIGHT INBOUND
Top,Top Cost Center,CC_COGS,Cost of Goods Sold,CC_DistrCOGS,Cost of Goods Sold Distribution,CC_Freight,Freight,CC_Shipping,Shipping (C02),MFH61170,FREIGHT OUTBOUND
,,Top,Top Cost Center,CC_COGS,Cost of Goods Sold,CC_OthCOGS,Other Cost of Goods Sold,CC_OthCOGSMisc,Other Miscellaneous Cost of Goods Sold (C06),MFH63601,OCOS
,,Top,Top Cost Center,CC_COGS,Cost of Goods Sold,CC_SupplyChainVar,Supply Chain Variances,CC_VarToStd,Variance to Standard (C26),MFH67900,PPV
Top,Top Cost Center,CC_SGA,"Selling, General and Administrative",CC_SalesandMkt,Sales and Marketing,CC_SalesMktgAdmin,Sales and Marketing Administration,CC_FieldOps,Field Operations (M02 & M13),MFH72500,Sales Admin
,,Top,Top Cost Center,CC_SGA,"Selling, General and Administrative",CC_SalesandMkt,Sales and Marketing,CC_VariableSell,Variable Selling (M19),MFH72700,COMMISSIONS
,,Top,Top Cost Center,CC_SGA,"Selling, General and Administrative",CC_Admin,Administration,CC_GenAdmin,General Administration (A16 & A11),MFH73545,GEN ADMIN
,,Top,Top Cost Center,CC_SGA,"Selling, General and Administrative",CC_Admin,Administration,CC_HR,Human Resources (A01),MFH73710,HUMAN RESOURCES
,,Top,Top Cost Center,CC_SGA,"Selling, General and Administrative",CC_Admin,Administration,CC_Facilities,General Office and Facilities (A17),MFH73800,RENTAL EXPENSE-ADMIN
Top,Top Cost Center,CC_SGA,"Selling, General and Administrative",CC_Admin,Administration,CC_Finance,Finance,CC_FinAcctgAudit,"Finance, Accounting and Auditing (A02)",MFH73900,FINANCE CHARGES
,,Top,Top Cost Center,CC_SGA,"Selling, General and Administrative",CC_Admin,Administration,CC_GenAdmin,General Administration (A16 & A11),MLU73500,General Administrati
,,Top,Top Cost Center,CC_SGA,"Selling, General and Administrative",CC_Admin,Administration,CC_GenAdmin,General Administration (A16 & A11),MLU73501,General Administration
Top,Top Cost Center,CC_COGS,Cost of Goods Sold,CC_DistrCOGS,Cost of Goods Sold Distribution,CC_Freight,Freight,CC_Distribution,Distribution (C01),MOT60000,Freight
,,Top,Top Cost Center,CC_COGS,Cost of Goods Sold,CC_OthCOGS,Other Cost of Goods Sold,CC_OthCOGSMisc,Other Miscellaneous Cost of Goods Sold (C06),MOT63601,Other Period Costs - COGS
,,Top,Top Cost Center,CC_COGS,Cost of Goods Sold,CC_ProductWriteoffs,Product Write-offs,CC_Obsolescence,Obsolescence (C08),MOT65500,Excess & Obsolete
,,Top,Top Cost Center,CC_COGS,Cost of Goods Sold,CC_OthCOGS,Other Cost of Goods Sold,CC_COGSAdmin,Cost of Goods Sold Administration (C10),MOT66100,COGS Admin - Plants
,,Top,Top Cost Center,CC_COGS,Cost of Goods Sold,CC_OthCOGS,Other Cost of Goods Sold,CC_COGSAdmin,Cost of Goods Sold Administration (C10),MOT66113,Missouri Tie COGS EBITDA Addback
,,Top,Top Cost Center,CC_COGS,Cost of Goods Sold,CC_ProductWriteoffs,Product Write-offs,CC_StockAdj,Stock Adjustments (C12),MOT66550,Stock Adjustment
,,Top,Top Cost Center,CC_COGS,Cost of Goods Sold,CC_SupplyChainVar,Supply Chain Variances,CC_OthProdVar,Other Production Variances (C30),MOT66995,Other Production Variances
,,Top,Top Cost Center,CC_COGS,Cost of Goods Sold,CC_SupplyChainVar,Supply Chain Variances,CC_InvtyReval,Inventory Revaluation (C15),MOT67101,Inventory Reval
,,Top,Top Cost Center,CC_COGS,Cost of Goods Sold,CC_SupplyChainVar,Supply Chain Variances,CC_VarToStd,Variance to Standard (C26),MOT67900,PPV
Top,Top Cost Center,CC_SGA,"Selling, General and Administrative",CC_SalesandMkt,Sales and Marketing,CC_Marketing,Marketing,CC_Advertising,Advertising (M06),MOT72400,Advertsing & Marketing
Top,Top Cost Center,CC_SGA,"Selling, General and Administrative",CC_SalesandMkt,Sales and Marketing,CC_SalesMktgAdmin,Sales and Marketing Administration,CC_FieldOps,Field Operations (M02 & M13),MOT72500,Sales Admin
,,Top,Top Cost Center,CC_SGA,"Selling, General and Administrative",CC_Admin,Administration,CC_GenAdmin,General Administration (A16 & A11),MOT73545,Executive
,,Top,Top Cost Center,CC_SGA,"Selling, General and Administrative",CC_Admin,Administration,CC_GenAdmin,General Administration (A16 & A11),MOT73580,Purchasing Admin
,,Top,Top Cost Center,CC_SGA,"Selling, General and Administrative",CC_Admin,Administration,CC_HR,Human Resources (A01),MOT73710,Human Resources - General
,,Top,Top Cost Center,CC_SGA,"Selling, General and Administrative",CC_Admin,Administration,CC_HR,Human Resources (A01),MOT73720,Benefits
Top,Top Cost Center,CC_SGA,"Selling, General and Administrative",CC_Admin,Administration,CC_Finance,Finance,CC_FinAcctgAudit,"Finance, Accounting and Auditing (A02)",MOT73910,Controller/GL Accounting
Top,Top Cost Center,CC_SGA,"Selling, General and Administrative",CC_Admin,Administration,CC_Finance,Finance,CC_FinAcctgAudit,"Finance, Accounting and Auditing (A02)",MOT73930,Accounts Receivable Operations
Top,Top Cost Center,CC_SGA,"Selling, General and Administrative",CC_Admin,Administration,CC_OtherGandA,Other General and Administrative,CC_AddbackAdjEBIDTA,Adjusted EBITDA Addback (A13),MOT74502,Missouri Tie SGA EBITDA Addback
,,Top,Top Cost Center,CC_SGA,"Selling, General and Administrative",CC_Admin,Administration,CC_IT,Information Technology (A07),MOT74702,IT - Infrastructure
,,Top,Top Cost Center,CC_COGS,Cost of Goods Sold,CC_SupplyChainVar,Supply Chain Variances,CC_MfgSpendVar,Manufacturing Spend Variance (Production Clearing) (PRD),MOT83101,Production - Saw Mill
,,Top,Top Cost Center,CC_COGS,Cost of Goods Sold,CC_SupplyChainVar,Supply Chain Variances,CC_MfgSpendVar,Manufacturing Spend Variance (Production Clearing) (PRD),MOT83102,Production - Treating
,,Top,Top Cost Center,CC_COGS,Cost of Goods Sold,CC_SupplyChainVar,Supply Chain Variances,CC_MfgSpendVar,Manufacturing Spend Variance (Production Clearing) (PRD),MOT83103,Production - Yard
,,Top,Top Cost Center,CC_COGS,Cost of Goods Sold,CC_SupplyChainVar,Supply Chain Variances,CC_MfgSpendVar,Manufacturing Spend Variance (Production Clearing) (PRD),MOT83110,Production - Briquets
,,Top,Top Cost Center,CC_COGS,Cost of Goods Sold,CC_SupplyChainVar,Supply Chain Variances,CC_MfgSpendVar,Manufacturing Spend Variance (Production Clearing) (PRD),MOT83112,Production - Lump Char
,,Top,Top Cost Center,CC_COGS,Cost of Goods Sold,CC_SupplyChainVar,Supply Chain Variances,CC_MfgSpendVar,Manufacturing Spend Variance (Production Clearing) (PRD),MOT83310,Packaging/Assembly - Briquets
,,Top,Top Cost Center,CC_COGS,Cost of Goods Sold,CC_SupplyChainVar,Supply Chain Variances,CC_MfgSpendVar,Manufacturing Spend Variance (Production Clearing) (PRD),MOT83341,Packaging/Assembly - Fire Logs
,,Top,Top Cost Center,CC_COGS,Cost of Goods Sold,CC_SupplyChainVar,Supply Chain Variances,CC_MfgSpendVar,Manufacturing Spend Variance (Production Clearing) (PRD),MOT83745,Trucking
,,Top,Top Cost Center,CC_COGS,Cost of Goods Sold,CC_SupplyChainVar,Supply Chain Variances,CC_MfgSpendVar,Manufacturing Spend Variance (Production Clearing) (PRD),MOT90200,Maintenance & Engineering - Plants
,,Top,Top Cost Center,CC_COGS,Cost of Goods Sold,CC_SupplyChainVar,Supply Chain Variances,CC_MfgSpendVar,Manufacturing Spend Variance (Production Clearing) (PRD),MOT90800,Engineering/Continuous Improvement
,,Top,Top Cost Center,CC_COGS,Cost of Goods Sold,CC_SupplyChainVar,Supply Chain Variances,CC_MfgSpendVar,Manufacturing Spend Variance (Production Clearing) (PRD),MOT94502,Material Usage Variance
Top,Top Cost Center,CC_COGS,Cost of Goods Sold,CC_DistrCOGS,Cost of Goods Sold Distribution,CC_Freight,Freight,CC_Distribution,Distribution (C01),MSC60160,COGS-TAX&ASSO.CHARGE
Top,Top Cost Center,CC_COGS,Cost of Goods Sold,CC_DistrCOGS,Cost of Goods Sold Distribution,CC_Freight,Freight,CC_Shipping,Shipping (C02),MSC61170,FREIGHT CHARGE
,,Top,Top Cost Center,CC_COGS,Cost of Goods Sold,CC_OthCOGS,Other Cost of Goods Sold,CC_OthCOGSMisc,Other Miscellaneous Cost of Goods Sold (C06),MSC63601,OCOS
,,Top,Top Cost Center,CC_COGS,Cost of Goods Sold,CC_StdCOGS,Standard Cost of Goods Sold,CC_TollerDepr,Toller Depreciation (C04),MSC64000,Depreciation
,,Top,Top Cost Center,CC_COGS,Cost of Goods Sold,CC_OthCOGS,Other Cost of Goods Sold,CC_COGSAdmin,Cost of Goods Sold Administration (C10),MSC66113,MAFCO Shanghai COGS EBITDA addbacks
,,Top,Top Cost Center,CC_COGS,Cost of Goods Sold,CC_OthCOGS,Other Cost of Goods Sold,CC_COGSAdmin,Cost of Goods Sold Administration (C10),MSC66121,NA MFG  ADMIN
,,Top,Top Cost Center,CC_COGS,Cost of Goods Sold,CC_SupplyChainVar,Supply Chain Variances,CC_VarToStd,Variance to Standard (C26),MSC67900,PPV
Top,Top Cost Center,CC_SGA,"Selling, General and Administrative",CC_SalesandMkt,Sales and Marketing,CC_SalesMktgAdmin,Sales and Marketing Administration,CC_MktgAdmin,Marketing Administration (MKT & M12),MSC72055,GLOBAL MKTG ADMIN
Top,Top Cost Center,CC_SGA,"Selling, General and Administrative",CC_SalesandMkt,Sales and Marketing,CC_Marketing,Marketing,CC_Samples,Samples Expense (M09),MSC72300,SELLING EXP. - SAMPL
Top,Top Cost Center,CC_SGA,"Selling, General and Administrative",CC_SalesandMkt,Sales and Marketing,CC_Marketing,Marketing,CC_Advertising,Advertising (M06),MSC72400,SELLING EXP. - TRADE
,,Top,Top Cost Center,CC_SGA,"Selling, General and Administrative",CC_Admin,Administration,CC_GenAdmin,General Administration (A16 & A11),MSC73545,GEN ADMIN
,,Top,Top Cost Center,CC_SGA,"Selling, General and Administrative",CC_Admin,Administration,CC_HR,Human Resources (A01),MSC73710,HUMAN RESOURCES
,,Top,Top Cost Center,CC_SGA,"Selling, General and Administrative",CC_Admin,Administration,CC_Facilities,General Office and Facilities (A17),MSC73800,RENTAL EXP.-SALES
Top,Top Cost Center,CC_SGA,"Selling, General and Administrative",CC_Admin,Administration,CC_Finance,Finance,CC_FinAcctgAudit,"Finance, Accounting and Auditing (A02)",MSC73900,Finance
Top,Top Cost Center,CC_SGA,"Selling, General and Administrative",CC_Admin,Administration,CC_OtherGandA,Other General and Administrative,CC_AddbackAdjEBIDTA,Adjusted EBITDA Addback (A13),MSC74502,SMB SGA EBITDA Addback
Top,Top Cost Center,CC_SGA,"Selling, General and Administrative",CC_SalesandMkt,Sales and Marketing,CC_SalesMktgAdmin,Sales and Marketing Administration,CC_FieldOps,Field Operations (M02 & M13),MSX72501,Sales Admin PR
Top,Top Cost Center,CC_SGA,"Selling, General and Administrative",CC_SalesandMkt,Sales and Marketing,CC_SalesMktgAdmin,Sales and Marketing Administration,CC_FieldOps,Field Operations (M02 & M13),MSX72502,Sales Admin DO
Top,Top Cost Center,CC_SGA,"Selling, General and Administrative",CC_SalesandMkt,Sales and Marketing,CC_SalesMktgAdmin,Sales and Marketing Administration,CC_FieldOps,Field Operations (M02 & M13),MSX72503,Sales Admin CB
Top,Top Cost Center,CC_SGA,"Selling, General and Administrative",CC_SalesandMkt,Sales and Marketing,CC_SalesMktgAdmin,Sales and Marketing Administration,CC_FieldOps,Field Operations (M02 & M13),MSX72504,Sales Admin CR
Top,Top Cost Center,CC_SGA,"Selling, General and Administrative",CC_SalesandMkt,Sales and Marketing,CC_SalesMktgAdmin,Sales and Marketing Administration,CC_FieldOps,Field Operations (M02 & M13),MSX72505,Sales Admin GT
Top,Top Cost Center,CC_SGA,"Selling, General and Administrative",CC_SalesandMkt,Sales and Marketing,CC_SalesMktgAdmin,Sales and Marketing Administration,CC_FieldOps,Field Operations (M02 & M13),MSX72506,Sales Admin PA
Top,Top Cost Center,CC_SGA,"Selling, General and Administrative",CC_SalesandMkt,Sales and Marketing,CC_SalesMktgAdmin,Sales and Marketing Administration,CC_FieldOps,Field Operations (M02 & M13),MSX72507,Sales Admin HN
Top,Top Cost Center,CC_SGA,"Selling, General and Administrative",CC_SalesandMkt,Sales and Marketing,CC_SalesMktgAdmin,Sales and Marketing Administration,CC_FieldOps,Field Operations (M02 & M13),MSX72508,Sales Admin SV
Top,Top Cost Center,CC_SGA,"Selling, General and Administrative",CC_SalesandMkt,Sales and Marketing,CC_SalesMktgAdmin,Sales and Marketing Administration,CC_FieldOps,Field Operations (M02 & M13),MSX72509,Sales Admin BZ
Top,Top Cost Center,CC_SGA,"Selling, General and Administrative",CC_SalesandMkt,Sales and Marketing,CC_SalesMktgAdmin,Sales and Marketing Administration,CC_FieldOps,Field Operations (M02 & M13),MWC72500,Sales Admin
,,Top,Top Cost Center,CC_SGA,"Selling, General and Administrative",CC_Admin,Administration,CC_GenAdmin,General Administration (A16 & A11),MWC73545,GEN ADMIN
,,Top,Top Cost Center,CC_SGA,"Selling, General and Administrative",CC_Admin,Administration,CC_GenAdmin,General Administration (A16 & A11),MWG73545,GEN ADMIN
Top,Top Cost Center,CC_COGS,Cost of Goods Sold,CC_DistrCOGS,Cost of Goods Sold Distribution,CC_Freight,Freight,CC_Distribution,Distribution (C01),MWU60160,FREIGHT INBOUND
,,Top,Top Cost Center,CC_COGS,Cost of Goods Sold,CC_DistrCOGS,Cost of Goods Sold Distribution,CC_Warehousing,Warehousing (C03),MWU62000,Warehousing
,,Top,Top Cost Center,CC_COGS,Cost of Goods Sold,CC_OthCOGS,Other Cost of Goods Sold,CC_OthCOGSMisc,Other Miscellaneous Cost of Goods Sold (C06),MWU63601,OCOS
,,Top,Top Cost Center,CC_COGS,Cost of Goods Sold,CC_OthCOGS,Other Cost of Goods Sold,CC_OthCOGSMisc,Other Miscellaneous Cost of Goods Sold (C06),MWU63602,OCOS - Magnasweet
,,Top,Top Cost Center,CC_COGS,Cost of Goods Sold,CC_OthCOGS,Other Cost of Goods Sold,CC_OthCOGSMisc,Other Miscellaneous Cost of Goods Sold (C06),MWU63603,OCOS - Natural Products
,,Top,Top Cost Center,CC_COGS,Cost of Goods Sold,CC_OthCOGS,Other Cost of Goods Sold,CC_COGSAdmin,Cost of Goods Sold Administration (C10),MWU66110,Quality Admin
,,Top,Top Cost Center,CC_COGS,Cost of Goods Sold,CC_OthCOGS,Other Cost of Goods Sold,CC_COGSAdmin,Cost of Goods Sold Administration (C10),MWU66113,Mafco US COGS EBITDA Addback
,,Top,Top Cost Center,CC_COGS,Cost of Goods Sold,CC_OthCOGS,Other Cost of Goods Sold,CC_COGSAdmin,Cost of Goods Sold Administration (C10),MWU66121,NA MFG  ADMIN
,,Top,Top Cost Center,CC_COGS,Cost of Goods Sold,CC_ProductWriteoffs,Product Write-offs,CC_StockAdj,Stock Adjustments (C12),MWU66500,STOCK ADJUSTMENT
,,Top,Top Cost Center,CC_COGS,Cost of Goods Sold,CC_SupplyChainVar,Supply Chain Variances,CC_OthProdVar,Other Production Variances (C30),MWU66995,Other Production Variances
,,Top,Top Cost Center,CC_COGS,Cost of Goods Sold,CC_SupplyChainVar,Supply Chain Variances,CC_InvtyReval,Inventory Revaluation (C15),MWU67103,INVENTORY REVALU
,,Top,Top Cost Center,CC_COGS,Cost of Goods Sold,CC_SupplyChainVar,Supply Chain Variances,CC_VarToStd,Variance to Standard (C26),MWU67900,PPV
Top,Top Cost Center,CC_SGA,"Selling, General and Administrative",CC_SalesandMkt,Sales and Marketing,CC_SalesMktgAdmin,Sales and Marketing Administration,CC_MktgAdmin,Marketing Administration (MKT & M12),MWU72055,GLOBAL MKTG ADMIN
Top,Top Cost Center,CC_SGA,"Selling, General and Administrative",CC_SalesandMkt,Sales and Marketing,CC_Marketing,Marketing,CC_Advertising,Advertising (M06),MWU72400,Advertising
Top,Top Cost Center,CC_SGA,"Selling, General and Administrative",CC_SalesandMkt,Sales and Marketing,CC_SalesMktgAdmin,Sales and Marketing Administration,CC_FieldOps,Field Operations (M02 & M13),MWU72500,Sales Admin
,,Top,Top Cost Center,CC_SGA,"Selling, General and Administrative",CC_Admin,Administration,CC_GenAdmin,General Administration (A16 & A11),MWU73545,GEN ADMIN
,,Top,Top Cost Center,CC_SGA,"Selling, General and Administrative",CC_Admin,Administration,CC_GenAdmin,General Administration (A16 & A11),MWU73550,Mafco Executive
,,Top,Top Cost Center,CC_SGA,"Selling, General and Administrative",CC_Admin,Administration,CC_HR,Human Resources (A01),MWU73710,HUMAN RESOURCES
,,Top,Top Cost Center,CC_SGA,"Selling, General and Administrative",CC_Admin,Administration,CC_Facilities,General Office and Facilities (A17),MWU73800,General Office
Top,Top Cost Center,CC_SGA,"Selling, General and Administrative",CC_Admin,Administration,CC_Finance,Finance,CC_FinAcctgAudit,"Finance, Accounting and Auditing (A02)",MWU73900,Finance
,,Top,Top Cost Center,CC_SGA,"Selling, General and Administrative",CC_Admin,Administration,CC_Legal,Legal (A04),MWU74100,Legal
,,Top,Top Cost Center,CC_SGA,"Selling, General and Administrative",CC_Admin,Administration,CC_Legal,Legal (A04),MWU74102,Regulatory
Top,Top Cost Center,CC_SGA,"Selling, General and Administrative",CC_Admin,Administration,CC_OtherGandA,Other General and Administrative,CC_AddbackAdjEBIDTA,Adjusted EBITDA Addback (A13),MWU74502,Mafco US SGA EBITDA Addback
,,Top,Top Cost Center,CC_SGA,"Selling, General and Administrative",CC_Admin,Administration,CC_IT,Information Technology (A07),MWU74700,IT
,,Top,Top Cost Center,CC_SGA,"Selling, General and Administrative",CC_ResrchNewProdDev,Research and New Product Development,CC_RandD,Research and Development (TCH & T01),MWU76011,Research & Development
Top,Top Cost Center,CC_SGA,"Selling, General and Administrative",CC_SalesandMkt,Sales and Marketing,CC_SalesMktgAdmin,Sales and Marketing Administration,CC_FieldOps,Field Operations (M02 & M13),MXS72500,Sales & Mkt Admin
Top,Top Cost Center,CC_SGA,"Selling, General and Administrative",CC_SalesandMkt,Sales and Marketing,CC_SalesMktgAdmin,Sales and Marketing Administration,CC_FieldOps,Field Operations (M02 & M13),MXS72501,Sales Admin PR
Top,Top Cost Center,CC_SGA,"Selling, General and Administrative",CC_SalesandMkt,Sales and Marketing,CC_SalesMktgAdmin,Sales and Marketing Administration,CC_FieldOps,Field Operations (M02 & M13),MXS72502,Sales Admin DO
Top,Top Cost Center,CC_SGA,"Selling, General and Administrative",CC_SalesandMkt,Sales and Marketing,CC_SalesMktgAdmin,Sales and Marketing Administration,CC_FieldOps,Field Operations (M02 & M13),MXS72503,Sales Admin CB
Top,Top Cost Center,CC_SGA,"Selling, General and Administrative",CC_SalesandMkt,Sales and Marketing,CC_SalesMktgAdmin,Sales and Marketing Administration,CC_FieldOps,Field Operations (M02 & M13),MXS72504,Sales Admin CR
Top,Top Cost Center,CC_SGA,"Selling, General and Administrative",CC_SalesandMkt,Sales and Marketing,CC_SalesMktgAdmin,Sales and Marketing Administration,CC_FieldOps,Field Operations (M02 & M13),MXS72505,Sales Admin GT
Top,Top Cost Center,CC_SGA,"Selling, General and Administrative",CC_SalesandMkt,Sales and Marketing,CC_SalesMktgAdmin,Sales and Marketing Administration,CC_FieldOps,Field Operations (M02 & M13),MXS72506,Sales Admin PA
Top,Top Cost Center,CC_SGA,"Selling, General and Administrative",CC_SalesandMkt,Sales and Marketing,CC_SalesMktgAdmin,Sales and Marketing Administration,CC_FieldOps,Field Operations (M02 & M13),MXS72507,Sales Admin HN
Top,Top Cost Center,CC_SGA,"Selling, General and Administrative",CC_SalesandMkt,Sales and Marketing,CC_SalesMktgAdmin,Sales and Marketing Administration,CC_FieldOps,Field Operations (M02 & M13),MXS72508,Sales Admin SV
Top,Top Cost Center,CC_SGA,"Selling, General and Administrative",CC_SalesandMkt,Sales and Marketing,CC_SalesMktgAdmin,Sales and Marketing Administration,CC_FieldOps,Field Operations (M02 & M13),MXS72509,Sales Admin BZ
,,Top,Top Cost Center,CC_SGA,"Selling, General and Administrative",CC_Admin,Administration,CC_Facilities,General Office and Facilities (A17),MXS73800,Facilities
Top,Top Cost Center,CC_SGA,"Selling, General and Administrative",CC_Admin,Administration,CC_Finance,Finance,CC_FinAcctgAudit,"Finance, Accounting and Auditing (A02)",MXS73901,Controllership MX
,,Top,Top Cost Center,CC_SGA,"Selling, General and Administrative",CC_Admin,Administration,CC_Legal,Legal (A04),MXS74100,LAW
Top,Top Cost Center,CC_SGA,"Selling, General and Administrative",CC_Admin,Administration,CC_Finance,Finance,CC_Tax,Tax (A08),MXS74800,TAX MX
Top,Top Cost Center,CC_COGS,Cost of Goods Sold,CC_DistrCOGS,Cost of Goods Sold Distribution,CC_Freight,Freight,CC_Distribution,Distribution (C01),MZC60160,COGS-TAX&ASSO.CHARGE
Top,Top Cost Center,CC_COGS,Cost of Goods Sold,CC_DistrCOGS,Cost of Goods Sold Distribution,CC_Freight,Freight,CC_Shipping,Shipping (C02),MZC61170,FREIGHT OUT
,,Top,Top Cost Center,CC_COGS,Cost of Goods Sold,CC_OthCOGS,Other Cost of Goods Sold,CC_OthCOGSMisc,Other Miscellaneous Cost of Goods Sold (C06),MZC63601,OCOS
,,Top,Top Cost Center,CC_COGS,Cost of Goods Sold,CC_StdCOGS,Standard Cost of Goods Sold,CC_TollerDepr,Toller Depreciation (C04),MZC64000,Depreciation
,,Top,Top Cost Center,CC_COGS,Cost of Goods Sold,CC_OthCOGS,Other Cost of Goods Sold,CC_COGSAdmin,Cost of Goods Sold Administration (C10),MZC66113,ZFTZ COGS EBITDA Addback
,,Top,Top Cost Center,CC_COGS,Cost of Goods Sold,CC_OthCOGS,Other Cost of Goods Sold,CC_COGSAdmin,Cost of Goods Sold Administration (C10),MZC66121,NA MFG  ADMIN
,,Top,Top Cost Center,CC_COGS,Cost of Goods Sold,CC_SupplyChainVar,Supply Chain Variances,CC_VarToStd,Variance to Standard (C26),MZC67900,PPV
Top,Top Cost Center,CC_SGA,"Selling, General and Administrative",CC_SalesandMkt,Sales and Marketing,CC_Marketing,Marketing,CC_Advertising,Advertising (M06),MZC72400,SELLING EXP. - SAMPL
Top,Top Cost Center,CC_SGA,"Selling, General and Administrative",CC_SalesandMkt,Sales and Marketing,CC_SalesMktgAdmin,Sales and Marketing Administration,CC_FieldOps,Field Operations (M02 & M13),MZC72500,Sales Admin
,,Top,Top Cost Center,CC_SGA,"Selling, General and Administrative",CC_SalesandMkt,Sales and Marketing,CC_VariableSell,Variable Selling (M19),MZC72700,COMMISSION-SALES
,,Top,Top Cost Center,CC_SGA,"Selling, General and Administrative",CC_Admin,Administration,CC_GenAdmin,General Administration (A16 & A11),MZC73545,GEN ADMIN
,,Top,Top Cost Center,CC_SGA,"Selling, General and Administrative",CC_Admin,Administration,CC_HR,Human Resources (A01),MZC73710,HUMAN RESOURCES
Top,Top Cost Center,CC_SGA,"Selling, General and Administrative",CC_Admin,Administration,CC_Finance,Finance,CC_FinAcctgAudit,"Finance, Accounting and Auditing (A02)",MZC73900,BANK CHARGES
Top,Top Cost Center,CC_SGA,"Selling, General and Administrative",CC_Admin,Administration,CC_OtherGandA,Other General and Administrative,CC_AddbackAdjEBIDTA,Adjusted EBITDA Addback (A13),MZC74502,ZFTZ SGA EBITDA Addback
,,Top,Top Cost Center,CC_SGA,"Selling, General and Administrative",CC_ResrchNewProdDev,Research and New Product Development,CC_RandD,Research and Development (TCH & T01),MZC76011,R&D EXPENSE
,,Top,Top Cost Center,CC_COGS,Cost of Goods Sold,CC_ProductWriteoffs,Product Write-offs,CC_Obsolescence,Obsolescence (C08),PAE65500,SLOB  UAE
Top,Top Cost Center,CC_COGS,Cost of Goods Sold,CC_DistrCOGS,Cost of Goods Sold Distribution,CC_Freight,Freight,CC_Shipping,Shipping (C02),PAF61000,Outward freight Food
Top,Top Cost Center,CC_COGS,Cost of Goods Sold,CC_DistrCOGS,Cost of Goods Sold Distribution,CC_Freight,Freight,CC_Shipping,Shipping (C02),PAF61007,Outward freight PHAR
,,Top,Top Cost Center,CC_COGS,Cost of Goods Sold,CC_DistrCOGS,Cost of Goods Sold Distribution,CC_Warehousing,Warehousing (C03),PAF62000,Warehousing
,,Top,Top Cost Center,CC_COGS,Cost of Goods Sold,CC_OthCOGS,Other Cost of Goods Sold,CC_OthCOGSMisc,Other Miscellaneous Cost of Goods Sold (C06),PAF63601,OTHER (ECO FEES)
,,Top,Top Cost Center,CC_COGS,Cost of Goods Sold,CC_OthCOGS,Other Cost of Goods Sold,CC_COGSAdmin,Cost of Goods Sold Administration (C10),PAF66100,Supply Chain Europe
,,Top,Top Cost Center,CC_COGS,Cost of Goods Sold,CC_OthCOGS,Other Cost of Goods Sold,CC_COGSAdmin,Cost of Goods Sold Administration (C10),PAF66105,Incentives Cogs Admi
,,Top,Top Cost Center,CC_COGS,Cost of Goods Sold,CC_OthCOGS,Other Cost of Goods Sold,CC_COGSAdmin,Cost of Goods Sold Administration (C10),PAF66120,Supply Chain Manufac
,,Top,Top Cost Center,CC_COGS,Cost of Goods Sold,CC_StdCOGS,Standard Cost of Goods Sold,CC_ICTrPrDif,Local Intercompany Transfer Price Differences (LRD) (C21),PAF66200,Local TP differences
,,Top,Top Cost Center,CC_COGS,Cost of Goods Sold,CC_StdCOGS,Standard Cost of Goods Sold,CC_InvtyRevalTrPr,Inventory Revaluation at Transfer Price (LRD) (C22),PAF66300,INVENTORY REVAL AT T
,,Top,Top Cost Center,CC_COGS,Cost of Goods Sold,CC_ProductWriteoffs,Product Write-offs,CC_StockAdj,Stock Adjustments (C12),PAF66500,Stock Adjustments
Top,Top Cost Center,CC_SGA,"Selling, General and Administrative",CC_SalesandMkt,Sales and Marketing,CC_SalesMktgAdmin,Sales and Marketing Administration,CC_MktgAdmin,Marketing Administration (MKT & M12),PAF71601,Incentive
Top,Top Cost Center,CC_SGA,"Selling, General and Administrative",CC_SalesandMkt,Sales and Marketing,CC_SalesMktgAdmin,Sales and Marketing Administration,CC_MktgAdmin,Marketing Administration (MKT & M12),PAF71605,Paris Mkt Admin FRA
Top,Top Cost Center,CC_SGA,"Selling, General and Administrative",CC_SalesandMkt,Sales and Marketing,CC_SalesMktgAdmin,Sales and Marketing Administration,CC_FieldOps,Field Operations (M02 & M13),PAF71610,Paris Sal Adm HQ
Top,Top Cost Center,CC_SGA,"Selling, General and Administrative",CC_SalesandMkt,Sales and Marketing,CC_SalesMktgAdmin,Sales and Marketing Administration,CC_FieldOps,Field Operations (M02 & M13),PAF71615,Paris Sal Adm FRA
Top,Top Cost Center,CC_SGA,"Selling, General and Administrative",CC_SalesandMkt,Sales and Marketing,CC_SalesMktgAdmin,Sales and Marketing Administration,CC_MktgAdmin,Marketing Administration (MKT & M12),PAF72011,Marketing HC & trave
Top,Top Cost Center,CC_SGA,"Selling, General and Administrative",CC_SalesandMkt,Sales and Marketing,CC_SalesMktgAdmin,Sales and Marketing Administration,CC_MktgAdmin,Marketing Administration (MKT & M12),PAF72012,Europe HQ Marketing
Top,Top Cost Center,CC_SGA,"Selling, General and Administrative",CC_SalesandMkt,Sales and Marketing,CC_SalesMktgAdmin,Sales and Marketing Administration,CC_MktgAdmin,Marketing Administration (MKT & M12),PAF72013,Pension
Top,Top Cost Center,CC_SGA,"Selling, General and Administrative",CC_SalesandMkt,Sales and Marketing,CC_SalesMktgAdmin,Sales and Marketing Administration,CC_MktgAdmin,Marketing Administration (MKT & M12),PAF72020,EAME CDL CoE
Top,Top Cost Center,CC_SGA,"Selling, General and Administrative",CC_SalesandMkt,Sales and Marketing,CC_Marketing,Marketing,CC_MktResearch,Market Research (M04),PAF72110,PANELS FOOD
Top,Top Cost Center,CC_SGA,"Selling, General and Administrative",CC_SalesandMkt,Sales and Marketing,CC_Marketing,Marketing,CC_MktResearch,Market Research (M04),PAF72111,AD'HOC SURVEYS
Top,Top Cost Center,CC_SGA,"Selling, General and Administrative",CC_SalesandMkt,Sales and Marketing,CC_Marketing,Marketing,CC_Samples,Samples Expense (M09),PAF72301,Samples Food
Top,Top Cost Center,CC_SGA,"Selling, General and Administrative",CC_SalesandMkt,Sales and Marketing,CC_Marketing,Marketing,CC_Samples,Samples Expense (M09),PAF72302,Echantillons
Top,Top Cost Center,CC_SGA,"Selling, General and Administrative",CC_SalesandMkt,Sales and Marketing,CC_Marketing,Marketing,CC_Samples,Samples Expense (M09),PAF72305,Samples DR1
Top,Top Cost Center,CC_SGA,"Selling, General and Administrative",CC_SalesandMkt,Sales and Marketing,CC_Marketing,Marketing,CC_Samples,Samples Expense (M09),PAF72306,Samples DR2
Top,Top Cost Center,CC_SGA,"Selling, General and Administrative",CC_SalesandMkt,Sales and Marketing,CC_Marketing,Marketing,CC_Samples,Samples Expense (M09),PAF72307,Samples DR3
Top,Top Cost Center,CC_SGA,"Selling, General and Administrative",CC_SalesandMkt,Sales and Marketing,CC_SalesMktgAdmin,Sales and Marketing Administration,CC_SalesMktDev,Sales and Marketing Development (M01),PAF72310,Samples Pharma
Top,Top Cost Center,CC_SGA,"Selling, General and Administrative",CC_SalesandMkt,Sales and Marketing,CC_Marketing,Marketing,CC_Advertising,Advertising (M06),PAF72450,ADVESTISING NJ/NT
Top,Top Cost Center,CC_SGA,"Selling, General and Administrative",CC_SalesandMkt,Sales and Marketing,CC_Marketing,Marketing,CC_Advertising,Advertising (M06),PAF72471,Print/all channels
Top,Top Cost Center,CC_SGA,"Selling, General and Administrative",CC_SalesandMkt,Sales and Marketing,CC_Marketing,Marketing,CC_Advertising,Advertising (M06),PAF72472,Techn.Costs/all chan
Top,Top Cost Center,CC_SGA,"Selling, General and Administrative",CC_SalesandMkt,Sales and Marketing,CC_Marketing,Marketing,CC_Advertising,Advertising (M06),PAF72474,Honoraires Agence
Top,Top Cost Center,CC_SGA,"Selling, General and Administrative",CC_SalesandMkt,Sales and Marketing,CC_SalesMktgAdmin,Sales and Marketing Administration,CC_FieldOps,Field Operations (M02 & M13),PAF72520,Sales Direction
Top,Top Cost Center,CC_SGA,"Selling, General and Administrative",CC_SalesandMkt,Sales and Marketing,CC_SalesMktgAdmin,Sales and Marketing Administration,CC_FieldOps,Field Operations (M02 & M13),PAF72530,Key Acct & Merchandi
Top,Top Cost Center,CC_SGA,"Selling, General and Administrative",CC_SalesandMkt,Sales and Marketing,CC_SalesMktgAdmin,Sales and Marketing Administration,CC_FieldOps,Field Operations (M02 & M13),PAF72537,Non-food Sales Admin
Top,Top Cost Center,CC_SGA,"Selling, General and Administrative",CC_SalesandMkt,Sales and Marketing,CC_SalesMktgAdmin,Sales and Marketing Administration,CC_FieldOps,Field Operations (M02 & M13),PAF72552,Stim/catering
Top,Top Cost Center,CC_SGA,"Selling, General and Administrative",CC_SalesandMkt,Sales and Marketing,CC_SalesMktgAdmin,Sales and Marketing Administration,CC_FieldOps,Field Operations (M02 & M13),PAF72560,Stim/pharmacies
Top,Top Cost Center,CC_SGA,"Selling, General and Administrative",CC_SalesandMkt,Sales and Marketing,CC_SalesMktgAdmin,Sales and Marketing Administration,CC_FieldOps,Field Operations (M02 & M13),PAF72600,Sales Admin Western
Top,Top Cost Center,CC_SGA,"Selling, General and Administrative",CC_SalesandMkt,Sales and Marketing,CC_SalesMktgAdmin,Sales and Marketing Administration,CC_FieldOps,Field Operations (M02 & M13),PAF72650,E-Commerce Administr
,,Top,Top Cost Center,CC_SGA,"Selling, General and Administrative",CC_SalesandMkt,Sales and Marketing,CC_VariableSell,Variable Selling (M19),PAF72700,Commissions
Top,Top Cost Center,CC_SGA,"Selling, General and Administrative",CC_SalesandMkt,Sales and Marketing,CC_SalesMktgAdmin,Sales and Marketing Administration,CC_SalesMktDev,Sales and Marketing Development (M01),PAF72904,Merch. Partner
Top,Top Cost Center,CC_SGA,"Selling, General and Administrative",CC_SalesandMkt,Sales and Marketing,CC_Marketing,Marketing,CC_PR,Public Relations (M05),PAF73020,Congrés
Top,Top Cost Center,CC_SGA,"Selling, General and Administrative",CC_SalesandMkt,Sales and Marketing,CC_Marketing,Marketing,CC_RelationMktg,Relationship Marketing (M07),PAF73300,INTERNET
Top,Top Cost Center,CC_SGA,"Selling, General and Administrative",CC_SalesandMkt,Sales and Marketing,CC_Marketing,Marketing,CC_RelationMktg,Relationship Marketing (M07),PAF73301,Consumer toll number
Top,Top Cost Center,CC_SGA,"Selling, General and Administrative",CC_SalesandMkt,Sales and Marketing,CC_Marketing,Marketing,CC_Promotions,Promotions (M08),PAF73324,Promotional/catering
Top,Top Cost Center,CC_SGA,"Selling, General and Administrative",CC_SalesandMkt,Sales and Marketing,CC_Marketing,Marketing,CC_Promotions,Promotions (M08),PAF73334,Mailing/pharmacies
Top,Top Cost Center,CC_SGA,"Selling, General and Administrative",CC_SalesandMkt,Sales and Marketing,CC_Marketing,Marketing,CC_Promotions,Promotions (M08),PAF73350,TOLLING
Top,Top Cost Center,CC_SGA,"Selling, General and Administrative",CC_SalesandMkt,Sales and Marketing,CC_Marketing,Marketing,CC_Promotions,Promotions (M08),PAF73351,Promotional/Food
Top,Top Cost Center,CC_SGA,"Selling, General and Administrative",CC_SalesandMkt,Sales and Marketing,CC_Marketing,Marketing,CC_Promotions,Promotions (M08),PAF73353,PLV/Food
Top,Top Cost Center,CC_SGA,"Selling, General and Administrative",CC_SalesandMkt,Sales and Marketing,CC_Marketing,Marketing,CC_Promotions,Promotions (M08),PAF73354,Promo distributor/Fo
Top,Top Cost Center,CC_SGA,"Selling, General and Administrative",CC_SalesandMkt,Sales and Marketing,CC_Marketing,Marketing,CC_Promotions,Promotions (M08),PAF73357,OPE PROMO
Top,Top Cost Center,CC_SGA,"Selling, General and Administrative",CC_SalesandMkt,Sales and Marketing,CC_Marketing,Marketing,CC_Promotions,Promotions (M08),PAF73373,Packaging costs
,,Top,Top Cost Center,CC_SGA,"Selling, General and Administrative",CC_Admin,Administration,CC_GenAdmin,General Administration (A16 & A11),PAF73500,Other general admin
,,Top,Top Cost Center,CC_SGA,"Selling, General and Administrative",CC_Admin,Administration,CC_HR,Human Resources (A01),PAF73700,H.R. fees for HQ
,,Top,Top Cost Center,CC_SGA,"Selling, General and Administrative",CC_Admin,Administration,CC_HR,Human Resources (A01),PAF73711,HUMAN RESOURCES
,,Top,Top Cost Center,CC_SGA,"Selling, General and Administrative",CC_Admin,Administration,CC_Facilities,General Office and Facilities (A17),PAF73810,WSO Merisant France
Top,Top Cost Center,CC_SGA,"Selling, General and Administrative",CC_Admin,Administration,CC_Finance,Finance,CC_FinAcctgAudit,"Finance, Accounting and Auditing (A02)",PAF73910,FINANCE FRANCE
Top,Top Cost Center,CC_SGA,"Selling, General and Administrative",CC_Admin,Administration,CC_Finance,Finance,CC_FinAcctgAudit,"Finance, Accounting and Auditing (A02)",PAF73920,AUDIT FEES
,,Top,Top Cost Center,CC_SGA,"Selling, General and Administrative",CC_Admin,Administration,CC_Legal,Legal (A04),PAF74110,LEGAL MERISANT
,,Top,Top Cost Center,CC_SGA,"Selling, General and Administrative",CC_Admin,Administration,CC_GenAdmin,General Administration (A16 & A11),PAF74600,Paris GI Adm HQ
,,Top,Top Cost Center,CC_SGA,"Selling, General and Administrative",CC_Admin,Administration,CC_GenAdmin,General Administration (A16 & A11),PAF74605,Paris GI Adm FRA
,,Top,Top Cost Center,CC_SGA,"Selling, General and Administrative",CC_Admin,Administration,CC_IT,Information Technology (A07),PAF74711,IT Merisant
Top,Top Cost Center,CC_SGA,"Selling, General and Administrative",CC_Admin,Administration,CC_Finance,Finance,CC_Tax,Tax (A08),PAF74800,Paris Tax costs
,,Top,Top Cost Center,CC_SGA,"Selling, General and Administrative",CC_Admin,Administration,CC_DoubtfulAccts,Provision For Doubtful Accounts (A27),PAF75000,Prov for doubtful ac
Top,Top Cost Center,CC_SGA,"Selling, General and Administrative",CC_Admin,Administration,CC_OtherGandA,Other General and Administrative,CC_OthAdmin,Other Administration Expense (A21),PAF75200,PROFIT SHARING
Top,Top Cost Center,CC_SGA,"Selling, General and Administrative",CC_Admin,Administration,CC_OtherGandA,Other General and Administrative,CC_LossImpairFA,Loss on Impairment of Fixed Assets (A28),PAR75400,Obsolescence CC
,,Top,Top Cost Center,CC_COGS,Cost of Goods Sold,CC_SupplyChainVar,Supply Chain Variances,CC_MfgSpendVar,Manufacturing Spend Variance (Production Clearing) (PRD),PAR90001,ADMINISTR FACILITIES
,,Top,Top Cost Center,CC_COGS,Cost of Goods Sold,CC_ProductWriteoffs,Product Write-offs,CC_Obsolescence,Obsolescence (C08),PAU65500,SLOB Australia / NZ
,,Top,Top Cost Center,CC_COGS,Cost of Goods Sold,CC_ProductWriteoffs,Product Write-offs,CC_Obsolescence,Obsolescence (C08),PBE65500,SLOB Belgium
,,Top,Top Cost Center,CC_COGS,Cost of Goods Sold,CC_ProductWriteoffs,Product Write-offs,CC_Obsolescence,Obsolescence (C08),PCH65500,SLOB  Switzerland
,,Top,Top Cost Center,CC_COGS,Cost of Goods Sold,CC_ProductWriteoffs,Product Write-offs,CC_Obsolescence,Obsolescence (C08),PCN65500,SLOB China
,,Top,Top Cost Center,CC_COGS,Cost of Goods Sold,CC_ProductWriteoffs,Product Write-offs,CC_Obsolescence,Obsolescence (C08),PDE65500,SLOB Germany
,,Top,Top Cost Center,CC_COGS,Cost of Goods Sold,CC_ProductWriteoffs,Product Write-offs,CC_Obsolescence,Obsolescence (C08),PEE65500,SLOB  EASTERN EUROPE
,,Top,Top Cost Center,CC_COGS,Cost of Goods Sold,CC_ProductWriteoffs,Product Write-offs,CC_Obsolescence,Obsolescence (C08),PEG65500,SLOB  Egypt
,,Top,Top Cost Center,CC_COGS,Cost of Goods Sold,CC_ProductWriteoffs,Product Write-offs,CC_Obsolescence,Obsolescence (C08),PES65500,SLOB Spain
,,Top,Top Cost Center,CC_COGS,Cost of Goods Sold,CC_ProductWriteoffs,Product Write-offs,CC_Obsolescence,Obsolescence (C08),PFI65500,SLOB  FINLAND
,,Top,Top Cost Center,CC_COGS,Cost of Goods Sold,CC_ProductWriteoffs,Product Write-offs,CC_Obsolescence,Obsolescence (C08),PFR65500,SLOB France
,,Top,Top Cost Center,CC_COGS,Cost of Goods Sold,CC_ProductWriteoffs,Product Write-offs,CC_Obsolescence,Obsolescence (C08),PGB65500,SLOB UK
,,Top,Top Cost Center,CC_COGS,Cost of Goods Sold,CC_ProductWriteoffs,Product Write-offs,CC_Obsolescence,Obsolescence (C08),PGR65500,SLOB Greece
,,Top,Top Cost Center,CC_COGS,Cost of Goods Sold,CC_ProductWriteoffs,Product Write-offs,CC_Obsolescence,Obsolescence (C08),PHK65500,SLOB  Hongkong
,,Top,Top Cost Center,CC_COGS,Cost of Goods Sold,CC_ProductWriteoffs,Product Write-offs,CC_Obsolescence,Obsolescence (C08),PHU65500,SLOB Hungary
,,Top,Top Cost Center,CC_COGS,Cost of Goods Sold,CC_ProductWriteoffs,Product Write-offs,CC_Obsolescence,Obsolescence (C08),PIE65500,SLOB  IRELAND
,,Top,Top Cost Center,CC_COGS,Cost of Goods Sold,CC_ProductWriteoffs,Product Write-offs,CC_Obsolescence,Obsolescence (C08),PIL65500,SLOB Israel
,,Top,Top Cost Center,CC_COGS,Cost of Goods Sold,CC_ProductWriteoffs,Product Write-offs,CC_Obsolescence,Obsolescence (C08),PIN65500,SLOB  INDIA
,,Top,Top Cost Center,CC_COGS,Cost of Goods Sold,CC_ProductWriteoffs,Product Write-offs,CC_Obsolescence,Obsolescence (C08),PIT65500,SLOB Italy
,,Top,Top Cost Center,CC_COGS,Cost of Goods Sold,CC_ProductWriteoffs,Product Write-offs,CC_Obsolescence,Obsolescence (C08),PKW65500,SLOB  KUWAIT-QATAR
,,Top,Top Cost Center,CC_COGS,Cost of Goods Sold,CC_ProductWriteoffs,Product Write-offs,CC_Obsolescence,Obsolescence (C08),PLA65500,SLOB HQLA
,,Top,Top Cost Center,CC_COGS,Cost of Goods Sold,CC_ProductWriteoffs,Product Write-offs,CC_Obsolescence,Obsolescence (C08),PLB65500,SLOB  LEBANON
,,Top,Top Cost Center,CC_COGS,Cost of Goods Sold,CC_ProductWriteoffs,Product Write-offs,CC_Obsolescence,Obsolescence (C08),PME65500,SLOB Middle East
,,Top,Top Cost Center,CC_COGS,Cost of Goods Sold,CC_ProductWriteoffs,Product Write-offs,CC_Obsolescence,Obsolescence (C08),PMY65500,SLOB Malaysia
,,Top,Top Cost Center,CC_COGS,Cost of Goods Sold,CC_ProductWriteoffs,Product Write-offs,CC_Obsolescence,Obsolescence (C08),PNA65500,SLOB  OTHER AFRICA
,,Top,Top Cost Center,CC_COGS,Cost of Goods Sold,CC_ProductWriteoffs,Product Write-offs,CC_Obsolescence,Obsolescence (C08),PNL65500,SLOB Netherlands
,,Top,Top Cost Center,CC_COGS,Cost of Goods Sold,CC_ProductWriteoffs,Product Write-offs,CC_Obsolescence,Obsolescence (C08),PNO65501,SLOB Norway
,,Top,Top Cost Center,CC_COGS,Cost of Goods Sold,CC_ProductWriteoffs,Product Write-offs,CC_Obsolescence,Obsolescence (C08),PPH65500,SLOB Philippines
,,Top,Top Cost Center,CC_COGS,Cost of Goods Sold,CC_ProductWriteoffs,Product Write-offs,CC_Obsolescence,Obsolescence (C08),PPT65500,SLOB Portugal
Top,Top Cost Center,CC_COGS,Cost of Goods Sold,CC_DistrCOGS,Cost of Goods Sold Distribution,CC_Freight,Freight,CC_Shipping,Shipping (C02),PRF61000,FREIGHT
,,Top,Top Cost Center,CC_COGS,Cost of Goods Sold,CC_DistrCOGS,Cost of Goods Sold Distribution,CC_Warehousing,Warehousing (C03),PRF62000,Shipping and Warehousing
,,Top,Top Cost Center,CC_COGS,Cost of Goods Sold,CC_OthCOGS,Other Cost of Goods Sold,CC_OthCOGSMisc,Other Miscellaneous Cost of Goods Sold (C06),PRF63770,Europe Depreciation reclass
,,Top,Top Cost Center,CC_COGS,Cost of Goods Sold,CC_OthCOGS,Other Cost of Goods Sold,CC_OthCOGSMisc,Other Miscellaneous Cost of Goods Sold (C06),PRF63771,IMEA Depreciation reclass
,,Top,Top Cost Center,CC_COGS,Cost of Goods Sold,CC_OthCOGS,Other Cost of Goods Sold,CC_OthCOGSMisc,Other Miscellaneous Cost of Goods Sold (C06),PRF63772,APAC Depreciation reclass
,,Top,Top Cost Center,CC_COGS,Cost of Goods Sold,CC_OthCOGS,Other Cost of Goods Sold,CC_OthCOGSMisc,Other Miscellaneous Cost of Goods Sold (C06),PRF63777,Depreciation CPM
,,Top,Top Cost Center,CC_COGS,Cost of Goods Sold,CC_ProductWriteoffs,Product Write-offs,CC_Obsolescence,Obsolescence (C08),PRF65500,Excess & obsolete
,,Top,Top Cost Center,CC_COGS,Cost of Goods Sold,CC_OthCOGS,Other Cost of Goods Sold,CC_COGSAdmin,Cost of Goods Sold Administration (C10),PRF66100,COGS Administration
,,Top,Top Cost Center,CC_COGS,Cost of Goods Sold,CC_OthCOGS,Other Cost of Goods Sold,CC_COGSAdmin,Cost of Goods Sold Administration (C10),PRF66133,Supply Chain EMEA Gl
,,Top,Top Cost Center,CC_COGS,Cost of Goods Sold,CC_OthCOGS,Other Cost of Goods Sold,CC_COGSAdmin,Cost of Goods Sold Administration (C10),PRF66144,Master Data Global
,,Top,Top Cost Center,CC_COGS,Cost of Goods Sold,CC_OthCOGS,Other Cost of Goods Sold,CC_COGSAdmin,Cost of Goods Sold Administration (C10),PRF66155,Regional QA
,,Top,Top Cost Center,CC_COGS,Cost of Goods Sold,CC_OthCOGS,Other Cost of Goods Sold,CC_COGSAdmin,Cost of Goods Sold Administration (C10),PRF66177,SCh Finance Global
,,Top,Top Cost Center,CC_COGS,Cost of Goods Sold,CC_SupplyChainVar,Supply Chain Variances,CC_OthProdVar,Other Production Variances (C30),PRF66995,Other Production Variances
,,Top,Top Cost Center,CC_COGS,Cost of Goods Sold,CC_SupplyChainVar,Supply Chain Variances,CC_InvtyReval,Inventory Revaluation (C15),PRF67100,Inventory reeval
,,Top,Top Cost Center,CC_COGS,Cost of Goods Sold,CC_SupplyChainVar,Supply Chain Variances,CC_VarToStd,Variance to Standard (C26),PRF67900,PPV
,,Top,Top Cost Center,CC_COGS,Cost of Goods Sold,CC_SupplyChainVar,Supply Chain Variances,CC_VarToStd,Variance to Standard (C26),PRF67901,Product Alloc NCP-CZ
,,Top,Top Cost Center,CC_COGS,Cost of Goods Sold,CC_SupplyChainVar,Supply Chain Variances,CC_VarToStd,Variance to Standard (C26),PRF67902,Product Alloc WE
,,Top,Top Cost Center,CC_COGS,Cost of Goods Sold,CC_SupplyChainVar,Supply Chain Variances,CC_VarToStd,Variance to Standard (C26),PRF67903,Product Alloc EMEA
,,Top,Top Cost Center,CC_COGS,Cost of Goods Sold,CC_SupplyChainVar,Supply Chain Variances,CC_VarToStd,Variance to Standard (C26),PRF67904,Product Alloc APAC
,,Top,Top Cost Center,CC_COGS,Cost of Goods Sold,CC_SupplyChainVar,Supply Chain Variances,CC_VarToStd,Variance to Standard (C26),PRF67905,Product Alloc LATAM
,,Top,Top Cost Center,CC_COGS,Cost of Goods Sold,CC_SupplyChainVar,Supply Chain Variances,CC_VarToStd,Variance to Standard (C26),PRF67906,Product Alloc US
,,Top,Top Cost Center,CC_SGA,"Selling, General and Administrative",CC_Admin,Administration,CC_HR,Human Resources (A01),PRF73700,HR SSC PRAGUE
,,Top,Top Cost Center,CC_SGA,"Selling, General and Administrative",CC_Admin,Administration,CC_Facilities,General Office and Facilities (A17),PRF73810,SSC Office
Top,Top Cost Center,CC_SGA,"Selling, General and Administrative",CC_Admin,Administration,CC_Finance,Finance,CC_FinAcctgAudit,"Finance, Accounting and Auditing (A02)",PRF73910,SSC Accounting
Top,Top Cost Center,CC_SGA,"Selling, General and Administrative",CC_Admin,Administration,CC_Finance,Finance,CC_FinAcctgAudit,"Finance, Accounting and Auditing (A02)",PRF73920,FP&A Europe
Top,Top Cost Center,CC_SGA,"Selling, General and Administrative",CC_Admin,Administration,CC_Finance,Finance,CC_FinAcctgAudit,"Finance, Accounting and Auditing (A02)",PRF73940,SSC Finance
,,Top,Top Cost Center,CC_SGA,"Selling, General and Administrative",CC_Admin,Administration,CC_IT,Information Technology (A07),PRF74710,SSC IT
,,Top,Top Cost Center,CC_SGA,"Selling, General and Administrative",CC_Admin,Administration,CC_IT,Information Technology (A07),PRF74720,SSC SAP/BW GLOBAL
,,Top,Top Cost Center,CC_SGA,"Selling, General and Administrative",CC_Admin,Administration,CC_IT,Information Technology (A07),PRF74730,IT GLOBAL CPM
,,Top,Top Cost Center,CC_SGA,"Selling, General and Administrative",CC_Admin,Administration,CC_IT,Information Technology (A07),PRF74740,SSC IT
,,Top,Top Cost Center,CC_SGA,"Selling, General and Administrative",CC_Admin,Administration,CC_IT,Information Technology (A07),PRF74749,SSC IT - ADDBACKS
Top,Top Cost Center,CC_SGA,"Selling, General and Administrative",CC_Admin,Administration,CC_OtherGandA,Other General and Administrative,CC_StratPlanning,Strategic Planning and Analysis (A10),PRF75308,Strategic GBD
,,Top,Top Cost Center,CC_SGA,"Selling, General and Administrative",CC_ResrchNewProdDev,Research and New Product Development,CC_RandD,Research and Development (TCH & T01),PRF76700,R&D CPM
,,Top,Top Cost Center,CC_COGS,Cost of Goods Sold,CC_SupplyChainVar,Supply Chain Variances,CC_MfgSpendVar,Manufacturing Spend Variance (Production Clearing) (PRD),PRF80000,Customization
,,Top,Top Cost Center,CC_COGS,Cost of Goods Sold,CC_SupplyChainVar,Supply Chain Variances,CC_MfgSpendVar,Manufacturing Spend Variance (Production Clearing) (PRD),PRF83005,Sieving
,,Top,Top Cost Center,CC_COGS,Cost of Goods Sold,CC_SupplyChainVar,Supply Chain Variances,CC_MfgSpendVar,Manufacturing Spend Variance (Production Clearing) (PRD),PRF83010,Compactator
,,Top,Top Cost Center,CC_COGS,Cost of Goods Sold,CC_SupplyChainVar,Supply Chain Variances,CC_MfgSpendVar,Manufacturing Spend Variance (Production Clearing) (PRD),PRF83020,Blending
,,Top,Top Cost Center,CC_COGS,Cost of Goods Sold,CC_SupplyChainVar,Supply Chain Variances,CC_MfgSpendVar,Manufacturing Spend Variance (Production Clearing) (PRD),PRF83021,Blending 2
,,Top,Top Cost Center,CC_COGS,Cost of Goods Sold,CC_SupplyChainVar,Supply Chain Variances,CC_MfgSpendVar,Manufacturing Spend Variance (Production Clearing) (PRD),PRF83030,Press (Manesty)
,,Top,Top Cost Center,CC_COGS,Cost of Goods Sold,CC_SupplyChainVar,Supply Chain Variances,CC_MfgSpendVar,Manufacturing Spend Variance (Production Clearing) (PRD),PRF83031,Press (Manesty) 2
,,Top,Top Cost Center,CC_COGS,Cost of Goods Sold,CC_SupplyChainVar,Supply Chain Variances,CC_MfgSpendVar,Manufacturing Spend Variance (Production Clearing) (PRD),PRF83100,Refill Production li
,,Top,Top Cost Center,CC_COGS,Cost of Goods Sold,CC_SupplyChainVar,Supply Chain Variances,CC_MfgSpendVar,Manufacturing Spend Variance (Production Clearing) (PRD),PRF83200,Bulk Consumption
,,Top,Top Cost Center,CC_COGS,Cost of Goods Sold,CC_SupplyChainVar,Supply Chain Variances,CC_MfgSpendVar,Manufacturing Spend Variance (Production Clearing) (PRD),PRF83300,Peeble Production Li
,,Top,Top Cost Center,CC_COGS,Cost of Goods Sold,CC_SupplyChainVar,Supply Chain Variances,CC_MfgSpendVar,Manufacturing Spend Variance (Production Clearing) (PRD),PRF83400,SFS Production line
,,Top,Top Cost Center,CC_COGS,Cost of Goods Sold,CC_SupplyChainVar,Supply Chain Variances,CC_MfgSpendVar,Manufacturing Spend Variance (Production Clearing) (PRD),PRF83410,SFS Box Line
,,Top,Top Cost Center,CC_COGS,Cost of Goods Sold,CC_SupplyChainVar,Supply Chain Variances,CC_MfgSpendVar,Manufacturing Spend Variance (Production Clearing) (PRD),PRF83499,Canister
,,Top,Top Cost Center,CC_COGS,Cost of Goods Sold,CC_SupplyChainVar,Supply Chain Variances,CC_MfgSpendVar,Manufacturing Spend Variance (Production Clearing) (PRD),PRF83500,Doypack
,,Top,Top Cost Center,CC_COGS,Cost of Goods Sold,CC_SupplyChainVar,Supply Chain Variances,CC_MfgSpendVar,Manufacturing Spend Variance (Production Clearing) (PRD),PRF83600,PV-FLAV Sticks
,,Top,Top Cost Center,CC_COGS,Cost of Goods Sold,CC_SupplyChainVar,Supply Chain Variances,CC_MfgSpendVar,Manufacturing Spend Variance (Production Clearing) (PRD),PRF83610,Retail Sticks
,,Top,Top Cost Center,CC_COGS,Cost of Goods Sold,CC_SupplyChainVar,Supply Chain Variances,CC_MfgSpendVar,Manufacturing Spend Variance (Production Clearing) (PRD),PRF83700,Purevia CUBE Line
,,Top,Top Cost Center,CC_COGS,Cost of Goods Sold,CC_SupplyChainVar,Supply Chain Variances,CC_MfgSpendVar,Manufacturing Spend Variance (Production Clearing) (PRD),PRF83800,Sachet Line
,,Top,Top Cost Center,CC_COGS,Cost of Goods Sold,CC_SupplyChainVar,Supply Chain Variances,CC_MfgSpendVar,Manufacturing Spend Variance (Production Clearing) (PRD),PRF83900,Private Label Produc
,,Top,Top Cost Center,CC_COGS,Cost of Goods Sold,CC_SupplyChainVar,Supply Chain Variances,CC_MfgSpendVar,Manufacturing Spend Variance (Production Clearing) (PRD),PRF84100,Cankao Line
,,Top,Top Cost Center,CC_COGS,Cost of Goods Sold,CC_SupplyChainVar,Supply Chain Variances,CC_MfgSpendVar,Manufacturing Spend Variance (Production Clearing) (PRD),PRF84200,Liquid Line
,,Top,Top Cost Center,CC_COGS,Cost of Goods Sold,CC_SupplyChainVar,Supply Chain Variances,CC_MfgSpendVar,Manufacturing Spend Variance (Production Clearing) (PRD),PRF84300,Pouch
,,Top,Top Cost Center,CC_COGS,Cost of Goods Sold,CC_SupplyChainVar,Supply Chain Variances,CC_MfgSpendVar,Manufacturing Spend Variance (Production Clearing) (PRD),PRF89900,Facility
,,Top,Top Cost Center,CC_COGS,Cost of Goods Sold,CC_SupplyChainVar,Supply Chain Variances,CC_MfgSpendVar,Manufacturing Spend Variance (Production Clearing) (PRD),PRF90800,Engeneering
,,Top,Top Cost Center,CC_COGS,Cost of Goods Sold,CC_SupplyChainVar,Supply Chain Variances,CC_MfgSpendVar,Manufacturing Spend Variance (Production Clearing) (PRD),PRF90900,Maintenance
,,Top,Top Cost Center,CC_COGS,Cost of Goods Sold,CC_SupplyChainVar,Supply Chain Variances,CC_MfgSpendVar,Manufacturing Spend Variance (Production Clearing) (PRD),PRF91000,SUPPLY CHAIN
,,Top,Top Cost Center,CC_COGS,Cost of Goods Sold,CC_SupplyChainVar,Supply Chain Variances,CC_MfgSpendVar,Manufacturing Spend Variance (Production Clearing) (PRD),PRF91010,Procurement
,,Top,Top Cost Center,CC_COGS,Cost of Goods Sold,CC_SupplyChainVar,Supply Chain Variances,CC_MfgSpendVar,Manufacturing Spend Variance (Production Clearing) (PRD),PRF92500,Plant Admin
,,Top,Top Cost Center,CC_COGS,Cost of Goods Sold,CC_SupplyChainVar,Supply Chain Variances,CC_MfgSpendVar,Manufacturing Spend Variance (Production Clearing) (PRD),PRF92580,Finance
,,Top,Top Cost Center,CC_COGS,Cost of Goods Sold,CC_SupplyChainVar,Supply Chain Variances,CC_MfgSpendVar,Manufacturing Spend Variance (Production Clearing) (PRD),PRF92581,COVID-19 expenses
,,Top,Top Cost Center,CC_COGS,Cost of Goods Sold,CC_SupplyChainVar,Supply Chain Variances,CC_MfgSpendVar,Manufacturing Spend Variance (Production Clearing) (PRD),PRF92582,Training GOV funding
,,Top,Top Cost Center,CC_COGS,Cost of Goods Sold,CC_SupplyChainVar,Supply Chain Variances,CC_MfgSpendVar,Manufacturing Spend Variance (Production Clearing) (PRD),PRF92600,IT
,,Top,Top Cost Center,CC_COGS,Cost of Goods Sold,CC_SupplyChainVar,Supply Chain Variances,CC_MfgSpendVar,Manufacturing Spend Variance (Production Clearing) (PRD),PRF93000,HR
,,Top,Top Cost Center,CC_COGS,Cost of Goods Sold,CC_SupplyChainVar,Supply Chain Variances,CC_MfgSpendVar,Manufacturing Spend Variance (Production Clearing) (PRD),PRF93040,Safety & Health
,,Top,Top Cost Center,CC_COGS,Cost of Goods Sold,CC_SupplyChainVar,Supply Chain Variances,CC_MfgSpendVar,Manufacturing Spend Variance (Production Clearing) (PRD),PRF94000,Quality
,,Top,Top Cost Center,CC_COGS,Cost of Goods Sold,CC_SupplyChainVar,Supply Chain Variances,CC_MfgSpendVar,Manufacturing Spend Variance (Production Clearing) (PRD),PRF95000,Production
,,Top,Top Cost Center,CC_COGS,Cost of Goods Sold,CC_SupplyChainVar,Supply Chain Variances,CC_MfgSpendVar,Manufacturing Spend Variance (Production Clearing) (PRD),PRF96000,R&D
,,Top,Top Cost Center,CC_COGS,Cost of Goods Sold,CC_ProductWriteoffs,Product Write-offs,CC_Obsolescence,Obsolescence (C08),PSA65500,SLOB  SAUDI
,,Top,Top Cost Center,CC_COGS,Cost of Goods Sold,CC_ProductWriteoffs,Product Write-offs,CC_Obsolescence,Obsolescence (C08),PSE65500,SLOB  SWEDEN
,,Top,Top Cost Center,CC_COGS,Cost of Goods Sold,CC_ProductWriteoffs,Product Write-offs,CC_Obsolescence,Obsolescence (C08),PSG65500,SLOB Singapore
,,Top,Top Cost Center,CC_COGS,Cost of Goods Sold,CC_ProductWriteoffs,Product Write-offs,CC_Obsolescence,Obsolescence (C08),PSS65500,SLOB  OTH SUBSAH AFR
,,Top,Top Cost Center,CC_COGS,Cost of Goods Sold,CC_ProductWriteoffs,Product Write-offs,CC_Obsolescence,Obsolescence (C08),PTH65500,SLOB Thailand
,,Top,Top Cost Center,CC_SGA,"Selling, General and Administrative",CC_Admin,Administration,CC_GenAdmin,General Administration (A16 & A11),PTI73500,General Administrati
,,Top,Top Cost Center,CC_COGS,Cost of Goods Sold,CC_ProductWriteoffs,Product Write-offs,CC_Obsolescence,Obsolescence (C08),PTR65500,SLOB Turkey
,,Top,Top Cost Center,CC_COGS,Cost of Goods Sold,CC_ProductWriteoffs,Product Write-offs,CC_Obsolescence,Obsolescence (C08),PTW65500,Taiwan Excess & obsolete inventory
,,Top,Top Cost Center,CC_COGS,Cost of Goods Sold,CC_ProductWriteoffs,Product Write-offs,CC_Obsolescence,Obsolescence (C08),PUS65500,SLOB Nth America
,,Top,Top Cost Center,CC_COGS,Cost of Goods Sold,CC_ProductWriteoffs,Product Write-offs,CC_Obsolescence,Obsolescence (C08),PWE65500,SLOB Western Europe
,,Top,Top Cost Center,CC_COGS,Cost of Goods Sold,CC_ProductWriteoffs,Product Write-offs,CC_Obsolescence,Obsolescence (C08),PZA65500,SLOB South Africa
Top,Top Cost Center,CC_COGS,Cost of Goods Sold,CC_DistrCOGS,Cost of Goods Sold Distribution,CC_Freight,Freight,CC_Distribution,Distribution (C01),ROE60000,Freight
,,Top,Top Cost Center,CC_COGS,Cost of Goods Sold,CC_DistrCOGS,Cost of Goods Sold Distribution,CC_Warehousing,Warehousing (C03),ROE62000,Warehousing Dist. - Owned
,,Top,Top Cost Center,CC_COGS,Cost of Goods Sold,CC_DistrCOGS,Cost of Goods Sold Distribution,CC_Warehousing,Warehousing (C03),ROE62001,Warehousing Dist. - Leased
,,Top,Top Cost Center,CC_COGS,Cost of Goods Sold,CC_DistrCOGS,Cost of Goods Sold Distribution,CC_Warehousing,Warehousing (C03),ROE62002,Warehousing Dist. - 3PL
,,Top,Top Cost Center,CC_COGS,Cost of Goods Sold,CC_DistrCOGS,Cost of Goods Sold Distribution,CC_Warehousing,Warehousing (C03),ROE62003,Warehousing Dist. - Yard
,,Top,Top Cost Center,CC_COGS,Cost of Goods Sold,CC_OthCOGS,Other Cost of Goods Sold,CC_OthCOGSMisc,Other Miscellaneous Cost of Goods Sold (C06),ROE63601,Other Period Coss - COGS
,,Top,Top Cost Center,CC_COGS,Cost of Goods Sold,CC_OthCOGS,Other Cost of Goods Sold,CC_OthCOGSMisc,Other Miscellaneous Cost of Goods Sold (C06),ROE63602,OCOGS
,,Top,Top Cost Center,CC_COGS,Cost of Goods Sold,CC_ProductWriteoffs,Product Write-offs,CC_Obsolescence,Obsolescence (C08),ROE65500,Excess & Obsolete
,,Top,Top Cost Center,CC_COGS,Cost of Goods Sold,CC_OthCOGS,Other Cost of Goods Sold,CC_COGSAdmin,Cost of Goods Sold Administration (C10),ROE66100,COGS Admin - Plants
,,Top,Top Cost Center,CC_COGS,Cost of Goods Sold,CC_OthCOGS,Other Cost of Goods Sold,CC_COGSAdmin,Cost of Goods Sold Administration (C10),ROE66110,Quality Control
,,Top,Top Cost Center,CC_COGS,Cost of Goods Sold,CC_OthCOGS,Other Cost of Goods Sold,CC_COGSAdmin,Cost of Goods Sold Administration (C10),ROE66111,COGS Admin - Corp Ops
,,Top,Top Cost Center,CC_COGS,Cost of Goods Sold,CC_OthCOGS,Other Cost of Goods Sold,CC_COGSAdmin,Cost of Goods Sold Administration (C10),ROE66113,Royal Oak COGS EBITDA Addback
,,Top,Top Cost Center,CC_COGS,Cost of Goods Sold,CC_ProductWriteoffs,Product Write-offs,CC_StockAdj,Stock Adjustments (C12),ROE66550,Stock Adjustment
,,Top,Top Cost Center,CC_COGS,Cost of Goods Sold,CC_SupplyChainVar,Supply Chain Variances,CC_OthProdVar,Other Production Variances (C30),ROE66995,Other Production Variances
,,Top,Top Cost Center,CC_COGS,Cost of Goods Sold,CC_SupplyChainVar,Supply Chain Variances,CC_InvtyReval,Inventory Revaluation (C15),ROE67101,Inventory Reval
,,Top,Top Cost Center,CC_COGS,Cost of Goods Sold,CC_SupplyChainVar,Supply Chain Variances,CC_VarToStd,Variance to Standard (C26),ROE67900,PPV
Top,Top Cost Center,CC_SGA,"Selling, General and Administrative",CC_SalesandMkt,Sales and Marketing,CC_Marketing,Marketing,CC_Advertising,Advertising (M06),ROE72400,Advertsing & Marketing
Top,Top Cost Center,CC_SGA,"Selling, General and Administrative",CC_SalesandMkt,Sales and Marketing,CC_SalesMktgAdmin,Sales and Marketing Administration,CC_FieldOps,Field Operations (M02 & M13),ROE72500,Sales Admin
Top,Top Cost Center,CC_SGA,"Selling, General and Administrative",CC_SalesandMkt,Sales and Marketing,CC_SalesMktgAdmin,Sales and Marketing Administration,CC_CustomerService,Customer Service,ROE72600,Customer Service
,,Top,Top Cost Center,CC_SGA,"Selling, General and Administrative",CC_Admin,Administration,CC_GenAdmin,General Administration (A16 & A11),ROE73545,Executive
,,Top,Top Cost Center,CC_SGA,"Selling, General and Administrative",CC_Admin,Administration,CC_GenAdmin,General Administration (A16 & A11),ROE73580,Purchasing Admin
,,Top,Top Cost Center,CC_SGA,"Selling, General and Administrative",CC_Admin,Administration,CC_GenAdmin,General Administration (A16 & A11),ROE73590,Logistics Admin
,,Top,Top Cost Center,CC_SGA,"Selling, General and Administrative",CC_Admin,Administration,CC_HR,Human Resources (A01),ROE73710,Human Resources - General
,,Top,Top Cost Center,CC_SGA,"Selling, General and Administrative",CC_Admin,Administration,CC_HR,Human Resources (A01),ROE73720,Benefits
,,Top,Top Cost Center,CC_SGA,"Selling, General and Administrative",CC_Admin,Administration,CC_Facilities,General Office and Facilities (A17),ROE73800,Building Management
Top,Top Cost Center,CC_SGA,"Selling, General and Administrative",CC_Admin,Administration,CC_Finance,Finance,CC_FinAcctgAudit,"Finance, Accounting and Auditing (A02)",ROE73910,Controller/GL Accounting
Top,Top Cost Center,CC_SGA,"Selling, General and Administrative",CC_Admin,Administration,CC_Finance,Finance,CC_FinAcctgAudit,"Finance, Accounting and Auditing (A02)",ROE73920,FP&A
Top,Top Cost Center,CC_SGA,"Selling, General and Administrative",CC_Admin,Administration,CC_Finance,Finance,CC_FinAcctgAudit,"Finance, Accounting and Auditing (A02)",ROE73930,Accounts Receivable Operations
Top,Top Cost Center,CC_SGA,"Selling, General and Administrative",CC_Admin,Administration,CC_Finance,Finance,CC_FinAcctgAudit,"Finance, Accounting and Auditing (A02)",ROE73940,Accounts Payable Operations
Top,Top Cost Center,CC_SGA,"Selling, General and Administrative",CC_Admin,Administration,CC_Finance,Finance,CC_FinAcctgAudit,"Finance, Accounting and Auditing (A02)",ROE73950,Finance Operations
Top,Top Cost Center,CC_SGA,"Selling, General and Administrative",CC_Admin,Administration,CC_OtherGandA,Other General and Administrative,CC_AddbackAdjEBIDTA,Adjusted EBITDA Addback (A13),ROE74502,Royal Oak SGA EBITDA Addback
,,Top,Top Cost Center,CC_SGA,"Selling, General and Administrative",CC_Admin,Administration,CC_IT,Information Technology (A07),ROE74701,IT - Applications
,,Top,Top Cost Center,CC_SGA,"Selling, General and Administrative",CC_Admin,Administration,CC_IT,Information Technology (A07),ROE74702,IT - Infrastructure
,,Top,Top Cost Center,CC_COGS,Cost of Goods Sold,CC_SupplyChainVar,Supply Chain Variances,CC_MfgSpendVar,Manufacturing Spend Variance (Production Clearing) (PRD),ROE83100,Raw Material - Receiving
,,Top,Top Cost Center,CC_COGS,Cost of Goods Sold,CC_SupplyChainVar,Supply Chain Variances,CC_MfgSpendVar,Manufacturing Spend Variance (Production Clearing) (PRD),ROE83101,Production - Saw Mill
,,Top,Top Cost Center,CC_COGS,Cost of Goods Sold,CC_SupplyChainVar,Supply Chain Variances,CC_MfgSpendVar,Manufacturing Spend Variance (Production Clearing) (PRD),ROE83102,Production - Treating
,,Top,Top Cost Center,CC_COGS,Cost of Goods Sold,CC_SupplyChainVar,Supply Chain Variances,CC_MfgSpendVar,Manufacturing Spend Variance (Production Clearing) (PRD),ROE83103,Production - Yard
,,Top,Top Cost Center,CC_COGS,Cost of Goods Sold,CC_SupplyChainVar,Supply Chain Variances,CC_MfgSpendVar,Manufacturing Spend Variance (Production Clearing) (PRD),ROE83110,Production - Briquets
,,Top,Top Cost Center,CC_COGS,Cost of Goods Sold,CC_SupplyChainVar,Supply Chain Variances,CC_MfgSpendVar,Manufacturing Spend Variance (Production Clearing) (PRD),ROE83112,Production - Lump Char
,,Top,Top Cost Center,CC_COGS,Cost of Goods Sold,CC_SupplyChainVar,Supply Chain Variances,CC_MfgSpendVar,Manufacturing Spend Variance (Production Clearing) (PRD),ROE83113,Production - Chips
,,Top,Top Cost Center,CC_COGS,Cost of Goods Sold,CC_SupplyChainVar,Supply Chain Variances,CC_MfgSpendVar,Manufacturing Spend Variance (Production Clearing) (PRD),ROE83114,Production - Chunks
,,Top,Top Cost Center,CC_COGS,Cost of Goods Sold,CC_SupplyChainVar,Supply Chain Variances,CC_MfgSpendVar,Manufacturing Spend Variance (Production Clearing) (PRD),ROE83115,Production - Lighter Fluid
,,Top,Top Cost Center,CC_COGS,Cost of Goods Sold,CC_SupplyChainVar,Supply Chain Variances,CC_MfgSpendVar,Manufacturing Spend Variance (Production Clearing) (PRD),ROE83116,Production - Natural Quarts
,,Top,Top Cost Center,CC_COGS,Cost of Goods Sold,CC_SupplyChainVar,Supply Chain Variances,CC_MfgSpendVar,Manufacturing Spend Variance (Production Clearing) (PRD),ROE83117,Production - Paraffin Wax
,,Top,Top Cost Center,CC_COGS,Cost of Goods Sold,CC_SupplyChainVar,Supply Chain Variances,CC_MfgSpendVar,Manufacturing Spend Variance (Production Clearing) (PRD),ROE83118,Production - Bulk Lump
,,Top,Top Cost Center,CC_COGS,Cost of Goods Sold,CC_SupplyChainVar,Supply Chain Variances,CC_MfgSpendVar,Manufacturing Spend Variance (Production Clearing) (PRD),ROE83120,Production - Logs
,,Top,Top Cost Center,CC_COGS,Cost of Goods Sold,CC_SupplyChainVar,Supply Chain Variances,CC_MfgSpendVar,Manufacturing Spend Variance (Production Clearing) (PRD),ROE83122,Production - Bulk Fines
,,Top,Top Cost Center,CC_COGS,Cost of Goods Sold,CC_SupplyChainVar,Supply Chain Variances,CC_MfgSpendVar,Manufacturing Spend Variance (Production Clearing) (PRD),ROE83140,Production - Mix
,,Top,Top Cost Center,CC_COGS,Cost of Goods Sold,CC_SupplyChainVar,Supply Chain Variances,CC_MfgSpendVar,Manufacturing Spend Variance (Production Clearing) (PRD),ROE83141,Production - Fire Logs
,,Top,Top Cost Center,CC_COGS,Cost of Goods Sold,CC_SupplyChainVar,Supply Chain Variances,CC_MfgSpendVar,Manufacturing Spend Variance (Production Clearing) (PRD),ROE83150,Pallet Production
,,Top,Top Cost Center,CC_COGS,Cost of Goods Sold,CC_SupplyChainVar,Supply Chain Variances,CC_MfgSpendVar,Manufacturing Spend Variance (Production Clearing) (PRD),ROE83302,Packaging/Assembly - Treating
,,Top,Top Cost Center,CC_COGS,Cost of Goods Sold,CC_SupplyChainVar,Supply Chain Variances,CC_MfgSpendVar,Manufacturing Spend Variance (Production Clearing) (PRD),ROE83310,Packaging/Assembly - Briquets
,,Top,Top Cost Center,CC_COGS,Cost of Goods Sold,CC_SupplyChainVar,Supply Chain Variances,CC_MfgSpendVar,Manufacturing Spend Variance (Production Clearing) (PRD),ROE83311,Packaging/Assembly - Instant Briquets
,,Top,Top Cost Center,CC_COGS,Cost of Goods Sold,CC_SupplyChainVar,Supply Chain Variances,CC_MfgSpendVar,Manufacturing Spend Variance (Production Clearing) (PRD),ROE83312,Packaging/Assembly - Lump
,,Top,Top Cost Center,CC_COGS,Cost of Goods Sold,CC_SupplyChainVar,Supply Chain Variances,CC_MfgSpendVar,Manufacturing Spend Variance (Production Clearing) (PRD),ROE83315,Packaging/Assembly - Lighter Fluid
,,Top,Top Cost Center,CC_COGS,Cost of Goods Sold,CC_SupplyChainVar,Supply Chain Variances,CC_MfgSpendVar,Manufacturing Spend Variance (Production Clearing) (PRD),ROE83317,Packaging/Assembly - Paraffin Wax
,,Top,Top Cost Center,CC_COGS,Cost of Goods Sold,CC_SupplyChainVar,Supply Chain Variances,CC_MfgSpendVar,Manufacturing Spend Variance (Production Clearing) (PRD),ROE83318,Packaging/Assembly - Bulk Lump
,,Top,Top Cost Center,CC_COGS,Cost of Goods Sold,CC_SupplyChainVar,Supply Chain Variances,CC_MfgSpendVar,Manufacturing Spend Variance (Production Clearing) (PRD),ROE83319,Packaging/Assembly - Granular
,,Top,Top Cost Center,CC_COGS,Cost of Goods Sold,CC_SupplyChainVar,Supply Chain Variances,CC_MfgSpendVar,Manufacturing Spend Variance (Production Clearing) (PRD),ROE83320,Packaging/Assembly - Logs
,,Top,Top Cost Center,CC_COGS,Cost of Goods Sold,CC_SupplyChainVar,Supply Chain Variances,CC_MfgSpendVar,Manufacturing Spend Variance (Production Clearing) (PRD),ROE83341,Packaging/Assembly - Fire Logs
,,Top,Top Cost Center,CC_COGS,Cost of Goods Sold,CC_SupplyChainVar,Supply Chain Variances,CC_MfgSpendVar,Manufacturing Spend Variance (Production Clearing) (PRD),ROE83450,Rework
,,Top,Top Cost Center,CC_COGS,Cost of Goods Sold,CC_SupplyChainVar,Supply Chain Variances,CC_MfgSpendVar,Manufacturing Spend Variance (Production Clearing) (PRD),ROE83475,Trucking
,,Top,Top Cost Center,CC_COGS,Cost of Goods Sold,CC_SupplyChainVar,Supply Chain Variances,CC_MfgSpendVar,Manufacturing Spend Variance (Production Clearing) (PRD),ROE84000,Kiln & Lump Ops. Allocated
,,Top,Top Cost Center,CC_COGS,Cost of Goods Sold,CC_SupplyChainVar,Supply Chain Variances,CC_MfgSpendVar,Manufacturing Spend Variance (Production Clearing) (PRD),ROE90200,Maintenance & Engineering - Plants
,,Top,Top Cost Center,CC_COGS,Cost of Goods Sold,CC_SupplyChainVar,Supply Chain Variances,CC_MfgSpendVar,Manufacturing Spend Variance (Production Clearing) (PRD),ROE90800,Engineering/Continuous Improvement
,,Top,Top Cost Center,CC_COGS,Cost of Goods Sold,CC_SupplyChainVar,Supply Chain Variances,CC_MfgSpendVar,Manufacturing Spend Variance (Production Clearing) (PRD),ROE93040,"Environ, Health & Safety"
,,Top,Top Cost Center,CC_COGS,Cost of Goods Sold,CC_SupplyChainVar,Supply Chain Variances,CC_MfgSpendVar,Manufacturing Spend Variance (Production Clearing) (PRD),ROE94502,Material Usage Variance
Top,Top Cost Center,CC_SGA,"Selling, General and Administrative",CC_SalesandMkt,Sales and Marketing,CC_SalesMktgAdmin,Sales and Marketing Administration,CC_MktgAdmin,Marketing Administration (MKT & M12),SGP72000,Mkt Admin APAC
Top,Top Cost Center,CC_SGA,"Selling, General and Administrative",CC_SalesandMkt,Sales and Marketing,CC_SalesMktgAdmin,Sales and Marketing Administration,CC_MktgAdmin,Marketing Administration (MKT & M12),SGP72001,Mkt Admin - Thailand
Top,Top Cost Center,CC_SGA,"Selling, General and Administrative",CC_SalesandMkt,Sales and Marketing,CC_SalesMktgAdmin,Sales and Marketing Administration,CC_MktgAdmin,Marketing Administration (MKT & M12),SGP72002,Mkt Admin China
Top,Top Cost Center,CC_SGA,"Selling, General and Administrative",CC_SalesandMkt,Sales and Marketing,CC_SalesMktgAdmin,Sales and Marketing Administration,CC_MktgAdmin,Marketing Administration (MKT & M12),SGP72050,Myanmar contractor
Top,Top Cost Center,CC_SGA,"Selling, General and Administrative",CC_SalesandMkt,Sales and Marketing,CC_SalesMktgAdmin,Sales and Marketing Administration,CC_FieldOps,Field Operations (M02 & M13),SGP72600,Sales Admin Malaysia
,,Top,Top Cost Center,CC_SGA,"Selling, General and Administrative",CC_Admin,Administration,CC_Facilities,General Office and Facilities (A17),SGP73800,General Admin AP
,,Top,Top Cost Center,CC_SGA,"Selling, General and Administrative",CC_Admin,Administration,CC_Facilities,General Office and Facilities (A17),SGP73801,General Admin AP
,,Top,Top Cost Center,CC_SGA,"Selling, General and Administrative",CC_Admin,Administration,CC_Legal,Legal (A04),SGP74150,Regulatory Costs
,,Top,Top Cost Center,CC_SGA,"Selling, General and Administrative",CC_Admin,Administration,CC_GenAdmin,General Administration (A16 & A11),SOP73500,Sweet Oak Admin & Gen/Executive
,,Top,Top Cost Center,CC_SGA,"Selling, General and Administrative",CC_Admin,Administration,CC_GenAdmin,General Administration (A16 & A11),SOP73545,Executive
,,Top,Top Cost Center,CC_SGA,"Selling, General and Administrative",CC_Admin,Administration,CC_HR,Human Resources (A01),SOP73710,Human Resources - General
Top,Top Cost Center,CC_SGA,"Selling, General and Administrative",CC_Admin,Administration,CC_Finance,Finance,CC_FinAcctgAudit,"Finance, Accounting and Auditing (A02)",SOP73910,Controller/GL Accounting
Top,Top Cost Center,CC_SGA,"Selling, General and Administrative",CC_Admin,Administration,CC_Finance,Finance,CC_FinAcctgAudit,"Finance, Accounting and Auditing (A02)",SOP73920,Sweet Oak FP&A
Top,Top Cost Center,CC_SGA,"Selling, General and Administrative",CC_Admin,Administration,CC_Finance,Finance,CC_FinAcctgAudit,"Finance, Accounting and Auditing (A02)",SOP73930,Accounts Receivable Operations
Top,Top Cost Center,CC_SGA,"Selling, General and Administrative",CC_Admin,Administration,CC_Finance,Finance,CC_FinAcctgAudit,"Finance, Accounting and Auditing (A02)",SOP73940,Accounts Payable Operations
Top,Top Cost Center,CC_SGA,"Selling, General and Administrative",CC_Admin,Administration,CC_Finance,Finance,CC_Treasury,Treasury (A03),SOP74000,Sweet Oak Treasury
,,Top,Top Cost Center,CC_SGA,"Selling, General and Administrative",CC_Admin,Administration,CC_Legal,Legal (A04),SOP74100,Sweet Oak Legal
Top,Top Cost Center,CC_SGA,"Selling, General and Administrative",CC_Admin,Administration,CC_OtherGandA,Other General and Administrative,CC_AddbackAdjEBIDTA,Adjusted EBITDA Addback (A13),SOP74501,Sweet Oak Parent SGA EBTIDA Addback
,,Top,Top Cost Center,CC_SGA,"Selling, General and Administrative",CC_Admin,Administration,CC_IT,Information Technology (A07),SOP74701,IT - Applications
,,Top,Top Cost Center,CC_SGA,"Selling, General and Administrative",CC_Admin,Administration,CC_IT,Information Technology (A07),SOP74702,IT - Infrastructure
Top,Top Cost Center,CC_COGS,Cost of Goods Sold,CC_DistrCOGS,Cost of Goods Sold Distribution,CC_Freight,Freight,CC_Shipping,Shipping (C02),SWC61175,FREIGHT CANADA
,,Top,Top Cost Center,CC_SGA,"Selling, General and Administrative",CC_SalesandMkt,Sales and Marketing,CC_VariableSell,Variable Selling (M19),SWC72700,COMMISSIONS CANADA
Top,Top Cost Center,CC_COGS,Cost of Goods Sold,CC_DistrCOGS,Cost of Goods Sold Distribution,CC_Freight,Freight,CC_Distribution,Distribution (C01),SWU60160,FREIGHT INBOUND
Top,Top Cost Center,CC_COGS,Cost of Goods Sold,CC_DistrCOGS,Cost of Goods Sold Distribution,CC_Freight,Freight,CC_Shipping,Shipping (C02),SWU61170,FREIGHT OUTBOUND
,,Top,Top Cost Center,CC_COGS,Cost of Goods Sold,CC_DistrCOGS,Cost of Goods Sold Distribution,CC_Warehousing,Warehousing (C03),SWU62000,Warehousing
,,Top,Top Cost Center,CC_COGS,Cost of Goods Sold,CC_ProductWriteoffs,Product Write-offs,CC_Obsolescence,Obsolescence (C08),SWU65500,Obsolescence
,,Top,Top Cost Center,CC_COGS,Cost of Goods Sold,CC_OthCOGS,Other Cost of Goods Sold,CC_COGSAdmin,Cost of Goods Sold Administration (C10),SWU66121,NA MFG ADMIN
,,Top,Top Cost Center,CC_COGS,Cost of Goods Sold,CC_ProductWriteoffs,Product Write-offs,CC_StockAdj,Stock Adjustments (C12),SWU66500,STOCK ADJUSTMENT
,,Top,Top Cost Center,CC_COGS,Cost of Goods Sold,CC_SupplyChainVar,Supply Chain Variances,CC_InvtyReval,Inventory Revaluation (C15),SWU67103,INVENTORY REVALU
,,Top,Top Cost Center,CC_COGS,Cost of Goods Sold,CC_SupplyChainVar,Supply Chain Variances,CC_VarToStd,Variance to Standard (C26),SWU67900,PPV
,,Top,Top Cost Center,CC_COGS,Cost of Goods Sold,CC_SupplyChainVar,Supply Chain Variances,CC_VarToStd,Variance to Standard (C26),SWU67903,PPV
Top,Top Cost Center,CC_SGA,"Selling, General and Administrative",CC_SalesandMkt,Sales and Marketing,CC_Marketing,Marketing,CC_Samples,Samples Expense (M09),SWU72300,Samples
Top,Top Cost Center,CC_SGA,"Selling, General and Administrative",CC_SalesandMkt,Sales and Marketing,CC_Marketing,Marketing,CC_Advertising,Advertising (M06),SWU72400,Advertising
Top,Top Cost Center,CC_SGA,"Selling, General and Administrative",CC_SalesandMkt,Sales and Marketing,CC_SalesMktgAdmin,Sales and Marketing Administration,CC_FieldOps,Field Operations (M02 & M13),SWU72500,Sales Admin
,,Top,Top Cost Center,CC_SGA,"Selling, General and Administrative",CC_SalesandMkt,Sales and Marketing,CC_VariableSell,Variable Selling (M19),SWU72700,COMMISSIONS US
Top,Top Cost Center,CC_SGA,"Selling, General and Administrative",CC_SalesandMkt,Sales and Marketing,CC_Marketing,Marketing,CC_Promotions,Promotions (M08),SWU73350,Promotions
,,Top,Top Cost Center,CC_SGA,"Selling, General and Administrative",CC_Admin,Administration,CC_GenAdmin,General Administration (A16 & A11),SWU73545,GEN ADMIN
,,Top,Top Cost Center,CC_SGA,"Selling, General and Administrative",CC_Admin,Administration,CC_HR,Human Resources (A01),SWU73710,HUMAN RESOURCES
,,Top,Top Cost Center,CC_SGA,"Selling, General and Administrative",CC_Admin,Administration,CC_Facilities,General Office and Facilities (A17),SWU73800,GENERAL OFFICE
Top,Top Cost Center,CC_SGA,"Selling, General and Administrative",CC_Admin,Administration,CC_Finance,Finance,CC_FinAcctgAudit,"Finance, Accounting and Auditing (A02)",SWU73900,Finance
,,Top,Top Cost Center,CC_SGA,"Selling, General and Administrative",CC_Admin,Administration,CC_Legal,Legal (A04),SWU74100,Legal
,,Top,Top Cost Center,CC_SGA,"Selling, General and Administrative",CC_Admin,Administration,CC_IT,Information Technology (A07),SWU74700,IT
,,Top,Top Cost Center,CC_SGA,"Selling, General and Administrative",CC_Admin,Administration,CC_DoubtfulAccts,Provision For Doubtful Accounts (A27),SWU75001,PROV DOUB ACCTS
,,Top,Top Cost Center,CC_SGA,"Selling, General and Administrative",CC_ResrchNewProdDev,Research and New Product Development,CC_Engineering,Engineering Expense (T05),SWU76150,R & D
,,Top,Top Cost Center,CC_COGS,Cost of Goods Sold,CC_SupplyChainVar,Supply Chain Variances,CC_MfgSpendVar,Manufacturing Spend Variance (Production Clearing) (PRD),SWU94502,MANUF. SPEND VAR.
Top,Top Cost Center,CC_SGA,"Selling, General and Administrative",CC_SalesandMkt,Sales and Marketing,CC_Marketing,Marketing,CC_MktgMisc,Miscellaneous Marketing Expense (M17),TAP73290,COE Mktng Allocation
Top,Top Cost Center,CC_COGS,Cost of Goods Sold,CC_DistrCOGS,Cost of Goods Sold Distribution,CC_Freight,Freight,CC_Shipping,Shipping (C02),TCB61170,CARIBBEAN FREIGHT
,,Top,Top Cost Center,CC_COGS,Cost of Goods Sold,CC_OthCOGS,Other Cost of Goods Sold,CC_OthCOGSMisc,Other Miscellaneous Cost of Goods Sold (C06),TCN63601,CHINA OTHER COGS
Top,Top Cost Center,CC_SGA,"Selling, General and Administrative",CC_SalesandMkt,Sales and Marketing,CC_Marketing,Marketing,CC_Promotions,Promotions (M08),TCN73321,CHINA BRAND SUPPORT
Top,Top Cost Center,CC_SGA,"Selling, General and Administrative",CC_SalesandMkt,Sales and Marketing,CC_Marketing,Marketing,CC_Promotions,Promotions (M08),TCN73324,PROMO - GOLD - CN
Top,Top Cost Center,CC_COGS,Cost of Goods Sold,CC_DistrCOGS,Cost of Goods Sold Distribution,CC_Freight,Freight,CC_Shipping,Shipping (C02),TCR61170,COSTA RICA FREIGHT
,,Top,Top Cost Center,CC_COGS,Cost of Goods Sold,CC_DistrCOGS,Cost of Goods Sold Distribution,CC_Warehousing,Warehousing (C03),TCR62000,COSTA RICA WAREHOUSE
Top,Top Cost Center,CC_SGA,"Selling, General and Administrative",CC_SalesandMkt,Sales and Marketing,CC_SalesMktgAdmin,Sales and Marketing Administration,CC_FieldOps,Field Operations (M02 & M13),TCR72600,MARKETING - OSTA RIC
Top,Top Cost Center,CC_COGS,Cost of Goods Sold,CC_DistrCOGS,Cost of Goods Sold Distribution,CC_Freight,Freight,CC_Shipping,Shipping (C02),TDO61170,DOMINICAN RE FREIGHT
Top,Top Cost Center,CC_SGA,"Selling, General and Administrative",CC_SalesandMkt,Sales and Marketing,CC_Marketing,Marketing,CC_MktgMisc,Miscellaneous Marketing Expense (M17),TDO73283,MISC MKTG DOM REP
Top,Top Cost Center,CC_SGA,"Selling, General and Administrative",CC_SalesandMkt,Sales and Marketing,CC_Marketing,Marketing,CC_MktgMisc,Miscellaneous Marketing Expense (M17),TEM73290,COE Mktng Allocation
Top,Top Cost Center,CC_COGS,Cost of Goods Sold,CC_DistrCOGS,Cost of Goods Sold Distribution,CC_Freight,Freight,CC_Shipping,Shipping (C02),TGT61170,GUATEMALA FREIGHT
Top,Top Cost Center,CC_COGS,Cost of Goods Sold,CC_DistrCOGS,Cost of Goods Sold Distribution,CC_Freight,Freight,CC_Distribution,Distribution (C01),THL60101,Thailand Distributio
Top,Top Cost Center,CC_COGS,Cost of Goods Sold,CC_DistrCOGS,Cost of Goods Sold Distribution,CC_Freight,Freight,CC_Shipping,Shipping (C02),THL61001,Freight Thailand
Top,Top Cost Center,CC_COGS,Cost of Goods Sold,CC_DistrCOGS,Cost of Goods Sold Distribution,CC_Freight,Freight,CC_Shipping,Shipping (C02),THL61101,Distribution costs
,,Top,Top Cost Center,CC_COGS,Cost of Goods Sold,CC_OthCOGS,Other Cost of Goods Sold,CC_ProjectCosts,Project Costs (C19),THL63200,Project costs
,,Top,Top Cost Center,CC_COGS,Cost of Goods Sold,CC_OthCOGS,Other Cost of Goods Sold,CC_OthCOGSMisc,Other Miscellaneous Cost of Goods Sold (C06),THL63601,3-IN-1 OTHER COGS
,,Top,Top Cost Center,CC_COGS,Cost of Goods Sold,CC_OthCOGS,Other Cost of Goods Sold,CC_OthCOGSMisc,Other Miscellaneous Cost of Goods Sold (C06),THL63602,Other COGS
,,Top,Top Cost Center,CC_COGS,Cost of Goods Sold,CC_ProductWriteoffs,Product Write-offs,CC_Obsolescence,Obsolescence (C08),THL65500,Obscolescence TH
,,Top,Top Cost Center,CC_COGS,Cost of Goods Sold,CC_OthCOGS,Other Cost of Goods Sold,CC_COGSAdmin,Cost of Goods Sold Administration (C10),THL66100,AP Supply Chain Admi
,,Top,Top Cost Center,CC_COGS,Cost of Goods Sold,CC_ProductWriteoffs,Product Write-offs,CC_StockAdj,Stock Adjustments (C12),THL66500,Stock Adjustments
,,Top,Top Cost Center,CC_COGS,Cost of Goods Sold,CC_SupplyChainVar,Supply Chain Variances,CC_InvtyReval,Inventory Revaluation (C15),THL67100,Invent reval
,,Top,Top Cost Center,CC_COGS,Cost of Goods Sold,CC_SupplyChainVar,Supply Chain Variances,CC_VarToStd,Variance to Standard (C26),THL67900,THAILAND PPV
Top,Top Cost Center,CC_SGA,"Selling, General and Administrative",CC_SalesandMkt,Sales and Marketing,CC_SalesMktgAdmin,Sales and Marketing Administration,CC_MktgAdmin,Marketing Administration (MKT & M12),THL71600,Mkt Admin Incentives
Top,Top Cost Center,CC_SGA,"Selling, General and Administrative",CC_SalesandMkt,Sales and Marketing,CC_SalesMktgAdmin,Sales and Marketing Administration,CC_MktgAdmin,Marketing Administration (MKT & M12),THL72050,Thailand Mark Addmin
Top,Top Cost Center,CC_SGA,"Selling, General and Administrative",CC_SalesandMkt,Sales and Marketing,CC_SalesMktgAdmin,Sales and Marketing Administration,CC_FieldOps,Field Operations (M02 & M13),THL72650,Thailand Sales Force
Top,Top Cost Center,CC_SGA,"Selling, General and Administrative",CC_SalesandMkt,Sales and Marketing,CC_Marketing,Marketing,CC_Promotions,Promotions (M08),THL73321,PROMOTIONS - ASPARTA
Top,Top Cost Center,CC_SGA,"Selling, General and Administrative",CC_SalesandMkt,Sales and Marketing,CC_Marketing,Marketing,CC_Promotions,Promotions (M08),THL73323,PROMO - STEVIA - TH
Top,Top Cost Center,CC_SGA,"Selling, General and Administrative",CC_SalesandMkt,Sales and Marketing,CC_Marketing,Marketing,CC_Promotions,Promotions (M08),THL73324,PROMO - GOLD - TH
Top,Top Cost Center,CC_SGA,"Selling, General and Administrative",CC_SalesandMkt,Sales and Marketing,CC_Marketing,Marketing,CC_Promotions,Promotions (M08),THL73326,PROMO - 3-IN-1 - TH
,,Top,Top Cost Center,CC_SGA,"Selling, General and Administrative",CC_Admin,Administration,CC_Facilities,General Office and Facilities (A17),THL73801,Office Facilities
Top,Top Cost Center,CC_SGA,"Selling, General and Administrative",CC_Admin,Administration,CC_Finance,Finance,CC_FinAcctgAudit,"Finance, Accounting and Auditing (A02)",THL73900,Thailand Controllers
,,Top,Top Cost Center,CC_SGA,"Selling, General and Administrative",CC_Admin,Administration,CC_Legal,Legal (A04),THL74100,Thailand Legal
,,Top,Top Cost Center,CC_SGA,"Selling, General and Administrative",CC_Admin,Administration,CC_IT,Information Technology (A07),THL74700,Thailand IT
Top,Top Cost Center,CC_COGS,Cost of Goods Sold,CC_DistrCOGS,Cost of Goods Sold Distribution,CC_Freight,Freight,CC_Shipping,Shipping (C02),THN61170,HONDURAS FREIGHT
,,Top,Top Cost Center,CC_COGS,Cost of Goods Sold,CC_OthCOGS,Other Cost of Goods Sold,CC_OthCOGSMisc,Other Miscellaneous Cost of Goods Sold (C06),TMX63800,Other Cost On-packs
Top,Top Cost Center,CC_SGA,"Selling, General and Administrative",CC_SalesandMkt,Sales and Marketing,CC_SalesMktgAdmin,Sales and Marketing Administration,CC_FieldOps,Field Operations (M02 & M13),TMX72600,SLS/MKTG ADMIN - MEX
Top,Top Cost Center,CC_SGA,"Selling, General and Administrative",CC_SalesandMkt,Sales and Marketing,CC_Marketing,Marketing,CC_MktgMisc,Miscellaneous Marketing Expense (M17),TMX73283,MISC MKTG MEX
Top,Top Cost Center,CC_SGA,"Selling, General and Administrative",CC_SalesandMkt,Sales and Marketing,CC_Marketing,Marketing,CC_MktgMisc,Miscellaneous Marketing Expense (M17),TMX73290,COE Mktng Allocation
Top,Top Cost Center,CC_COGS,Cost of Goods Sold,CC_DistrCOGS,Cost of Goods Sold Distribution,CC_Freight,Freight,CC_Shipping,Shipping (C02),TPA61170,PANAMA FREIGHT
Top,Top Cost Center,CC_SGA,"Selling, General and Administrative",CC_SalesandMkt,Sales and Marketing,CC_Marketing,Marketing,CC_MktgMisc,Miscellaneous Marketing Expense (M17),TPR73290,COE Mktng Allocation
Top,Top Cost Center,CC_SGA,"Selling, General and Administrative",CC_SalesandMkt,Sales and Marketing,CC_Marketing,Marketing,CC_MktgMisc,Miscellaneous Marketing Expense (M17),TWE73290,COE Mktng Allocation
Top,Top Cost Center,CC_COGS,Cost of Goods Sold,CC_DistrCOGS,Cost of Goods Sold Distribution,CC_Freight,Freight,CC_Shipping,Shipping (C02),WBE61000,Purevia BE - Fre CH
Top,Top Cost Center,CC_SGA,"Selling, General and Administrative",CC_SalesandMkt,Sales and Marketing,CC_Marketing,Marketing,CC_Advertising,Advertising (M06),WBE72410,Mktg PV BE - cc3112
,,Top,Top Cost Center,CC_SGA,"Selling, General and Administrative",CC_SalesandMkt,Sales and Marketing,CC_VariableSell,Variable Selling (M19),WBE72710,Purevia BE - Comm.
Top,Top Cost Center,CC_SGA,"Selling, General and Administrative",CC_SalesandMkt,Sales and Marketing,CC_Marketing,Marketing,CC_Promotions,Promotions (M08),WBE73321,Mkt PV BE - Swissco
,,Top,Top Cost Center,CC_COGS,Cost of Goods Sold,CC_OthCOGS,Other Cost of Goods Sold,CC_COGSAdmin,Cost of Goods Sold Administration (C10),WEB66170,WEB COGS INCENTIVES
,,Top,Top Cost Center,CC_SGA,"Selling, General and Administrative",CC_Admin,Administration,CC_GenAdmin,General Administration (A16 & A11),WEB73500,General Administrati
,,Top,Top Cost Center,CC_SGA,"Selling, General and Administrative",CC_Admin,Administration,CC_Facilities,General Office and Facilities (A17),WEB73805,INSURANCE
,,Top,Top Cost Center,CC_SGA,"Selling, General and Administrative",CC_Admin,Administration,CC_Facilities,General Office and Facilities (A17),WEB73850,INSURANCE
,,Top,Top Cost Center,CC_SGA,"Selling, General and Administrative",CC_Admin,Administration,CC_GenAdmin,General Administration (A16 & A11),WEB74600,WEB ADMIN INCENTIVES
,,Top,Top Cost Center,CC_SGA,"Selling, General and Administrative",CC_Admin,Administration,CC_GenAdmin,General Administration (A16 & A11),WEB74601,WEB HQ SHARE AWARDS
Top,Top Cost Center,CC_COGS,Cost of Goods Sold,CC_DistrCOGS,Cost of Goods Sold Distribution,CC_Freight,Freight,CC_Shipping,Shipping (C02),WFR61000,Purevia Freight
Top,Top Cost Center,CC_COGS,Cost of Goods Sold,CC_DistrCOGS,Cost of Goods Sold Distribution,CC_Freight,Freight,CC_Shipping,Shipping (C02),WFR61001,Purevia Freight SwCo
Top,Top Cost Center,CC_SGA,"Selling, General and Administrative",CC_SalesandMkt,Sales and Marketing,CC_Marketing,Marketing,CC_MktResearch,Market Research (M04),WFR72115,Panels
Top,Top Cost Center,CC_SGA,"Selling, General and Administrative",CC_SalesandMkt,Sales and Marketing,CC_Marketing,Marketing,CC_MktResearch,Market Research (M04),WFR72116,Purevia - market res
Top,Top Cost Center,CC_SGA,"Selling, General and Administrative",CC_SalesandMkt,Sales and Marketing,CC_Marketing,Marketing,CC_MktResearch,Market Research (M04),WFR72135,Purevia Packag. dvpt
Top,Top Cost Center,CC_SGA,"Selling, General and Administrative",CC_SalesandMkt,Sales and Marketing,CC_Marketing,Marketing,CC_Samples,Samples Expense (M09),WFR72305,Samples Purevia FR
Top,Top Cost Center,CC_SGA,"Selling, General and Administrative",CC_SalesandMkt,Sales and Marketing,CC_Marketing,Marketing,CC_Advertising,Advertising (M06),WFR72410,Advertising purchase
Top,Top Cost Center,CC_SGA,"Selling, General and Administrative",CC_SalesandMkt,Sales and Marketing,CC_Marketing,Marketing,CC_Advertising,Advertising (M06),WFR72411,Purevia Advert. fees
Top,Top Cost Center,CC_SGA,"Selling, General and Administrative",CC_SalesandMkt,Sales and Marketing,CC_Marketing,Marketing,CC_Advertising,Advertising (M06),WFR72412,Purevia Advert. T. C
Top,Top Cost Center,CC_SGA,"Selling, General and Administrative",CC_SalesandMkt,Sales and Marketing,CC_Marketing,Marketing,CC_Advertising,Advertising (M06),WFR72420,Advertising AMAZON
Top,Top Cost Center,CC_SGA,"Selling, General and Administrative",CC_SalesandMkt,Sales and Marketing,CC_Marketing,Marketing,CC_PR,Public Relations (M05),WFR73020,Purevia - SC & PS
Top,Top Cost Center,CC_SGA,"Selling, General and Administrative",CC_SalesandMkt,Sales and Marketing,CC_Marketing,Marketing,CC_RelationMktg,Relationship Marketing (M07),WFR73300,Purevia Internet
Top,Top Cost Center,CC_SGA,"Selling, General and Administrative",CC_SalesandMkt,Sales and Marketing,CC_Marketing,Marketing,CC_Promotions,Promotions (M08),WFR73321,TRADE PROMOTION
Top,Top Cost Center,CC_SGA,"Selling, General and Administrative",CC_SalesandMkt,Sales and Marketing,CC_Marketing,Marketing,CC_Promotions,Promotions (M08),WFR73322,Purevia Promos SwCo
Top,Top Cost Center,CC_SGA,"Selling, General and Administrative",CC_SalesandMkt,Sales and Marketing,CC_Marketing,Marketing,CC_Promotions,Promotions (M08),WFR73323,Purevia Consum.Promo
Top,Top Cost Center,CC_SGA,"Selling, General and Administrative",CC_SalesandMkt,Sales and Marketing,CC_Marketing,Marketing,CC_Promotions,Promotions (M08),WFR73357,Coupons Purevia
Top,Top Cost Center,CC_SGA,"Selling, General and Administrative",CC_SalesandMkt,Sales and Marketing,CC_Marketing,Marketing,CC_Samples,Samples Expense (M09),WGB72303,Samples Purevia SW2
Top,Top Cost Center,CC_COGS,Cost of Goods Sold,CC_DistrCOGS,Cost of Goods Sold Distribution,CC_Freight,Freight,CC_Distribution,Distribution (C01),WHU60160,FREIGHT INBOUND
Top,Top Cost Center,CC_COGS,Cost of Goods Sold,CC_DistrCOGS,Cost of Goods Sold Distribution,CC_Freight,Freight,CC_Shipping,Shipping (C02),WHU61170,FREIGHT OUTBOUND
,,Top,Top Cost Center,CC_COGS,Cost of Goods Sold,CC_DistrCOGS,Cost of Goods Sold Distribution,CC_Warehousing,Warehousing (C03),WHU62000,Warehousing
,,Top,Top Cost Center,CC_COGS,Cost of Goods Sold,CC_OthCOGS,Other Cost of Goods Sold,CC_OthCOGSMisc,Other Miscellaneous Cost of Goods Sold (C06),WHU63601,OCOS
,,Top,Top Cost Center,CC_COGS,Cost of Goods Sold,CC_ProductWriteoffs,Product Write-offs,CC_Obsolescence,Obsolescence (C08),WHU65500,Obsolescence
,,Top,Top Cost Center,CC_COGS,Cost of Goods Sold,CC_OthCOGS,Other Cost of Goods Sold,CC_COGSAdmin,Cost of Goods Sold Administration (C10),WHU66121,NA MFG  ADMIN
,,Top,Top Cost Center,CC_COGS,Cost of Goods Sold,CC_OthCOGS,Other Cost of Goods Sold,CC_COGSAdmin,Cost of Goods Sold Administration (C10),WHU66131,NA Suppy Chain Operations
,,Top,Top Cost Center,CC_COGS,Cost of Goods Sold,CC_ProductWriteoffs,Product Write-offs,CC_StockAdj,Stock Adjustments (C12),WHU66500,STOCK ADJUSTMENT
,,Top,Top Cost Center,CC_COGS,Cost of Goods Sold,CC_SupplyChainVar,Supply Chain Variances,CC_InvtyReval,Inventory Revaluation (C15),WHU67103,INVENTORY REVALU
,,Top,Top Cost Center,CC_COGS,Cost of Goods Sold,CC_SupplyChainVar,Supply Chain Variances,CC_VarToStd,Variance to Standard (C26),WHU67900,PPV
Top,Top Cost Center,CC_SGA,"Selling, General and Administrative",CC_SalesandMkt,Sales and Marketing,CC_SalesMktgAdmin,Sales and Marketing Administration,CC_MktgAdmin,Marketing Administration (MKT & M12),WHU72055,GLOBAL MKTG ADMIN
Top,Top Cost Center,CC_SGA,"Selling, General and Administrative",CC_SalesandMkt,Sales and Marketing,CC_Marketing,Marketing,CC_MktResearch,Market Research (M04),WHU72160,Market Research
Top,Top Cost Center,CC_SGA,"Selling, General and Administrative",CC_SalesandMkt,Sales and Marketing,CC_Marketing,Marketing,CC_Samples,Samples Expense (M09),WHU72300,Samples
Top,Top Cost Center,CC_SGA,"Selling, General and Administrative",CC_SalesandMkt,Sales and Marketing,CC_Marketing,Marketing,CC_Advertising,Advertising (M06),WHU72400,Advertising
Top,Top Cost Center,CC_SGA,"Selling, General and Administrative",CC_SalesandMkt,Sales and Marketing,CC_SalesMktgAdmin,Sales and Marketing Administration,CC_FieldOps,Field Operations (M02 & M13),WHU72500,Sales Admin
Top,Top Cost Center,CC_SGA,"Selling, General and Administrative",CC_SalesandMkt,Sales and Marketing,CC_SalesMktgAdmin,Sales and Marketing Administration,CC_CustomerService,Customer Service,WHU72600,Wholesome Customer Service
,,Top,Top Cost Center,CC_SGA,"Selling, General and Administrative",CC_SalesandMkt,Sales and Marketing,CC_VariableSell,Variable Selling (M19),WHU72700,COMMISSIONS US
Top,Top Cost Center,CC_SGA,"Selling, General and Administrative",CC_SalesandMkt,Sales and Marketing,CC_SalesMktgAdmin,Sales and Marketing Administration,CC_MktgAdmin,Marketing Administration (MKT & M12),WHU73276,INCENTIVES - MKTG
Top,Top Cost Center,CC_SGA,"Selling, General and Administrative",CC_SalesandMkt,Sales and Marketing,CC_Marketing,Marketing,CC_Promotions,Promotions (M08),WHU73350,Promotions
,,Top,Top Cost Center,CC_SGA,"Selling, General and Administrative",CC_Admin,Administration,CC_GenAdmin,General Administration (A16 & A11),WHU73545,GEN ADMIN
,,Top,Top Cost Center,CC_SGA,"Selling, General and Administrative",CC_Admin,Administration,CC_GenAdmin,General Administration (A16 & A11),WHU73550,WSI President
,,Top,Top Cost Center,CC_SGA,"Selling, General and Administrative",CC_Admin,Administration,CC_HR,Human Resources (A01),WHU73710,HUMAN RESOURCES
,,Top,Top Cost Center,CC_SGA,"Selling, General and Administrative",CC_Admin,Administration,CC_Facilities,General Office and Facilities (A17),WHU73800,GENERAL OFFICE
Top,Top Cost Center,CC_SGA,"Selling, General and Administrative",CC_Admin,Administration,CC_Finance,Finance,CC_FinAcctgAudit,"Finance, Accounting and Auditing (A02)",WHU73900,Finance
,,Top,Top Cost Center,CC_SGA,"Selling, General and Administrative",CC_Admin,Administration,CC_Legal,Legal (A04),WHU74100,Legal
,,Top,Top Cost Center,CC_SGA,"Selling, General and Administrative",CC_Admin,Administration,CC_IT,Information Technology (A07),WHU74700,IT
,,Top,Top Cost Center,CC_SGA,"Selling, General and Administrative",CC_Admin,Administration,CC_DoubtfulAccts,Provision For Doubtful Accounts (A27),WHU75000,Prov. Doubtful Accounts
,,Top,Top Cost Center,CC_SGA,"Selling, General and Administrative",CC_ResrchNewProdDev,Research and New Product Development,CC_RandD,Research and Development (TCH & T01),WHU76011,Research & Development
,,Top,Top Cost Center,CC_COGS,Cost of Goods Sold,CC_SupplyChainVar,Supply Chain Variances,CC_MfgSpendVar,Manufacturing Spend Variance (Production Clearing) (PRD),WHU94502,MANUF. SPEND VAR.
Top,Top Cost Center,CC_SGA,"Selling, General and Administrative",CC_SalesandMkt,Sales and Marketing,CC_Marketing,Marketing,CC_Promotions,Promotions (M08),WNL73321,Promotions
Top,Top Cost Center,CC_COGS,Cost of Goods Sold,CC_DistrCOGS,Cost of Goods Sold Distribution,CC_Freight,Freight,CC_Shipping,Shipping (C02),XAE61000,Freight UAE
,,Top,Top Cost Center,CC_COGS,Cost of Goods Sold,CC_ProductWriteoffs,Product Write-offs,CC_Obsolescence,Obsolescence (C08),XAE65500,SLOB UAE
Top,Top Cost Center,CC_SGA,"Selling, General and Administrative",CC_SalesandMkt,Sales and Marketing,CC_Marketing,Marketing,CC_MktResearch,Market Research (M04),XAE72110,Marketing Research
Top,Top Cost Center,CC_SGA,"Selling, General and Administrative",CC_SalesandMkt,Sales and Marketing,CC_Marketing,Marketing,CC_Promotions,Promotions (M08),XAE73321,Marketing UAE
Top,Top Cost Center,CC_COGS,Cost of Goods Sold,CC_DistrCOGS,Cost of Goods Sold Distribution,CC_Freight,Freight,CC_Distribution,Distribution (C01),XAP60000,Freight Asian Cust
Top,Top Cost Center,CC_COGS,Cost of Goods Sold,CC_DistrCOGS,Cost of Goods Sold Distribution,CC_Freight,Freight,CC_Shipping,Shipping (C02),XAP61000,Freight HQ APAC
,,Top,Top Cost Center,CC_COGS,Cost of Goods Sold,CC_OthCOGS,Other Cost of Goods Sold,CC_ProjectCosts,Project Costs (C19),XAP63200,AP Project Costs
,,Top,Top Cost Center,CC_COGS,Cost of Goods Sold,CC_OthCOGS,Other Cost of Goods Sold,CC_COGSAdmin,Cost of Goods Sold Administration (C10),XAP66120,Planning/Procurement
,,Top,Top Cost Center,CC_COGS,Cost of Goods Sold,CC_SupplyChainVar,Supply Chain Variances,CC_VarToStd,Variance to Standard (C26),XAP67900,PPV - AP
Top,Top Cost Center,CC_SGA,"Selling, General and Administrative",CC_SalesandMkt,Sales and Marketing,CC_SalesMktgAdmin,Sales and Marketing Administration,CC_MktgAdmin,Marketing Administration (MKT & M12),XAP72000,Mkt Admin APAC
Top,Top Cost Center,CC_SGA,"Selling, General and Administrative",CC_SalesandMkt,Sales and Marketing,CC_SalesMktgAdmin,Sales and Marketing Administration,CC_MktgAdmin,Marketing Administration (MKT & M12),XAP72001,Mkt Admin APAC
Top,Top Cost Center,CC_SGA,"Selling, General and Administrative",CC_SalesandMkt,Sales and Marketing,CC_SalesMktgAdmin,Sales and Marketing Administration,CC_MktgAdmin,Marketing Administration (MKT & M12),XAP72010,Mkt Admin APAC
Top,Top Cost Center,CC_SGA,"Selling, General and Administrative",CC_SalesandMkt,Sales and Marketing,CC_SalesMktgAdmin,Sales and Marketing Administration,CC_MktgAdmin,Marketing Administration (MKT & M12),XAP72020,Mkt Admin APAC
Top,Top Cost Center,CC_SGA,"Selling, General and Administrative",CC_SalesandMkt,Sales and Marketing,CC_SalesMktgAdmin,Sales and Marketing Administration,CC_MktgAdmin,Marketing Administration (MKT & M12),XAP72050,Myanmar Contractor
Top,Top Cost Center,CC_SGA,"Selling, General and Administrative",CC_SalesandMkt,Sales and Marketing,CC_Marketing,Marketing,CC_Promotions,Promotions (M08),XAP73321,Marketing APAC
,,Top,Top Cost Center,CC_SGA,"Selling, General and Administrative",CC_Admin,Administration,CC_Facilities,General Office and Facilities (A17),XAP73800,General Admin AP
Top,Top Cost Center,CC_SGA,"Selling, General and Administrative",CC_Admin,Administration,CC_Finance,Finance,CC_FinAcctgAudit,"Finance, Accounting and Auditing (A02)",XAP73900,Finance APAC
,,Top,Top Cost Center,CC_SGA,"Selling, General and Administrative",CC_Admin,Administration,CC_Legal,Legal (A04),XAP74101,AP Legal costs
,,Top,Top Cost Center,CC_SGA,"Selling, General and Administrative",CC_Admin,Administration,CC_DoubtfulAccts,Provision For Doubtful Accounts (A27),XAP75000,Doubtful Debt APAC
Top,Top Cost Center,CC_COGS,Cost of Goods Sold,CC_DistrCOGS,Cost of Goods Sold Distribution,CC_Freight,Freight,CC_Distribution,Distribution (C01),XAR60000,Argentina Freight
Top,Top Cost Center,CC_SGA,"Selling, General and Administrative",CC_SalesandMkt,Sales and Marketing,CC_Marketing,Marketing,CC_Promotions,Promotions (M08),XAR73321,Promotion Argentina
Top,Top Cost Center,CC_COGS,Cost of Goods Sold,CC_DistrCOGS,Cost of Goods Sold Distribution,CC_Freight,Freight,CC_Distribution,Distribution (C01),XAU60000,Freight Australia
,,Top,Top Cost Center,CC_COGS,Cost of Goods Sold,CC_OthCOGS,Other Cost of Goods Sold,CC_OthCOGSMisc,Other Miscellaneous Cost of Goods Sold (C06),XAU63601,AU Other Costs
,,Top,Top Cost Center,CC_COGS,Cost of Goods Sold,CC_ProductWriteoffs,Product Write-offs,CC_Obsolescence,Obsolescence (C08),XAU65500,Obsolecence Australi
Top,Top Cost Center,CC_SGA,"Selling, General and Administrative",CC_SalesandMkt,Sales and Marketing,CC_SalesMktgAdmin,Sales and Marketing Administration,CC_MktgAdmin,Marketing Administration (MKT & M12),XAU72001,Marketing Australia
Top,Top Cost Center,CC_SGA,"Selling, General and Administrative",CC_SalesandMkt,Sales and Marketing,CC_Marketing,Marketing,CC_Advertising,Advertising (M06),XAU72410,Advertising AU
Top,Top Cost Center,CC_SGA,"Selling, General and Administrative",CC_SalesandMkt,Sales and Marketing,CC_Marketing,Marketing,CC_Advertising,Advertising (M06),XAU72420,Advertising WE
Top,Top Cost Center,CC_SGA,"Selling, General and Administrative",CC_SalesandMkt,Sales and Marketing,CC_Marketing,Marketing,CC_Promotions,Promotions (M08),XAU73321,Marketing Australia
,,Top,Top Cost Center,CC_SGA,"Selling, General and Administrative",CC_Admin,Administration,CC_Facilities,General Office and Facilities (A17),XAU73800,Rental Australia
Top,Top Cost Center,CC_COGS,Cost of Goods Sold,CC_DistrCOGS,Cost of Goods Sold Distribution,CC_Freight,Freight,CC_Shipping,Shipping (C02),XBE61000,Outfreight Belgium
,,Top,Top Cost Center,CC_COGS,Cost of Goods Sold,CC_OthCOGS,Other Cost of Goods Sold,CC_OthCOGSMisc,Other Miscellaneous Cost of Goods Sold (C06),XBE63601,Samples BE
,,Top,Top Cost Center,CC_COGS,Cost of Goods Sold,CC_ProductWriteoffs,Product Write-offs,CC_Obsolescence,Obsolescence (C08),XBE65500,Obsolecence
Top,Top Cost Center,CC_SGA,"Selling, General and Administrative",CC_SalesandMkt,Sales and Marketing,CC_Marketing,Marketing,CC_Promotions,Promotions (M08),XBE73321,Marketing Belgium
,,Top,Top Cost Center,CC_SGA,"Selling, General and Administrative",CC_Admin,Administration,CC_Legal,Legal (A04),XBR74100,Legal Brazil
Top,Top Cost Center,CC_COGS,Cost of Goods Sold,CC_DistrCOGS,Cost of Goods Sold Distribution,CC_Freight,Freight,CC_Shipping,Shipping (C02),XCE61000,Freight Oth. Cen. EU
Top,Top Cost Center,CC_SGA,"Selling, General and Administrative",CC_SalesandMkt,Sales and Marketing,CC_Marketing,Marketing,CC_Promotions,Promotions (M08),XCE73321,Mark. Oth. Cen. EU
Top,Top Cost Center,CC_COGS,Cost of Goods Sold,CC_DistrCOGS,Cost of Goods Sold Distribution,CC_Freight,Freight,CC_Shipping,Shipping (C02),XCH61000,FREIGHT SWITZERLAND
,,Top,Top Cost Center,CC_COGS,Cost of Goods Sold,CC_ProductWriteoffs,Product Write-offs,CC_Obsolescence,Obsolescence (C08),XCH65500,Obsolecence
,,Top,Top Cost Center,CC_SGA,"Selling, General and Administrative",CC_SalesandMkt,Sales and Marketing,CC_VariableSell,Variable Selling (M19),XCH72710,Commissions CH
Top,Top Cost Center,CC_SGA,"Selling, General and Administrative",CC_SalesandMkt,Sales and Marketing,CC_Marketing,Marketing,CC_Promotions,Promotions (M08),XCH73321,Promotions Switzerland
Top,Top Cost Center,CC_COGS,Cost of Goods Sold,CC_DistrCOGS,Cost of Goods Sold Distribution,CC_Freight,Freight,CC_Shipping,Shipping (C02),XCN61000,Freight China
,,Top,Top Cost Center,CC_COGS,Cost of Goods Sold,CC_OthCOGS,Other Cost of Goods Sold,CC_OthCOGSMisc,Other Miscellaneous Cost of Goods Sold (C06),XCN63601,Free of charge China
,,Top,Top Cost Center,CC_COGS,Cost of Goods Sold,CC_ProductWriteoffs,Product Write-offs,CC_Obsolescence,Obsolescence (C08),XCN65500,Obsolecence China
Top,Top Cost Center,CC_SGA,"Selling, General and Administrative",CC_SalesandMkt,Sales and Marketing,CC_SalesMktgAdmin,Sales and Marketing Administration,CC_MktgAdmin,Marketing Administration (MKT & M12),XCN72000,Marketing admin CN
Top,Top Cost Center,CC_SGA,"Selling, General and Administrative",CC_SalesandMkt,Sales and Marketing,CC_Marketing,Marketing,CC_Promotions,Promotions (M08),XCN73321,Equal Promotions CN
Top,Top Cost Center,CC_COGS,Cost of Goods Sold,CC_DistrCOGS,Cost of Goods Sold Distribution,CC_Freight,Freight,CC_Distribution,Distribution (C01),XCO60000,Freight Columbia
,,Top,Top Cost Center,CC_COGS,Cost of Goods Sold,CC_OthCOGS,Other Cost of Goods Sold,CC_OthCOGSMisc,Other Miscellaneous Cost of Goods Sold (C06),XCO63601,Other cost Colombia
,,Top,Top Cost Center,CC_COGS,Cost of Goods Sold,CC_ProductWriteoffs,Product Write-offs,CC_Obsolescence,Obsolescence (C08),XCO65500,Obsolecence
Top,Top Cost Center,CC_SGA,"Selling, General and Administrative",CC_SalesandMkt,Sales and Marketing,CC_SalesMktgAdmin,Sales and Marketing Administration,CC_FieldOps,Field Operations (M02 & M13),XCO72500,Sales mgr Columbia
Top,Top Cost Center,CC_SGA,"Selling, General and Administrative",CC_SalesandMkt,Sales and Marketing,CC_Marketing,Marketing,CC_Promotions,Promotions (M08),XCO73377,Trade prom Columbia
,,Top,Top Cost Center,CC_SGA,"Selling, General and Administrative",CC_Admin,Administration,CC_DoubtfulAccts,Provision For Doubtful Accounts (A27),XCO75000,Doubtful Debt CO
Top,Top Cost Center,CC_SGA,"Selling, General and Administrative",CC_SalesandMkt,Sales and Marketing,CC_Marketing,Marketing,CC_Promotions,Promotions (M08),XCY73321,Marketing Cyprus
Top,Top Cost Center,CC_COGS,Cost of Goods Sold,CC_DistrCOGS,Cost of Goods Sold Distribution,CC_Freight,Freight,CC_Shipping,Shipping (C02),XCZ61000,Freight CZ
,,Top,Top Cost Center,CC_COGS,Cost of Goods Sold,CC_OthCOGS,Other Cost of Goods Sold,CC_COGSAdmin,Cost of Goods Sold Administration (C10),XCZ66120,Planning/Procurement
Top,Top Cost Center,CC_COGS,Cost of Goods Sold,CC_DistrCOGS,Cost of Goods Sold Distribution,CC_Freight,Freight,CC_Shipping,Shipping (C02),XDE61000,Freight Germany
,,Top,Top Cost Center,CC_COGS,Cost of Goods Sold,CC_DistrCOGS,Cost of Goods Sold Distribution,CC_Warehousing,Warehousing (C03),XDE62000,WAREHOUSING
,,Top,Top Cost Center,CC_COGS,Cost of Goods Sold,CC_ProductWriteoffs,Product Write-offs,CC_Obsolescence,Obsolescence (C08),XDE65500,Germany Scrapping
Top,Top Cost Center,CC_SGA,"Selling, General and Administrative",CC_SalesandMkt,Sales and Marketing,CC_SalesMktgAdmin,Sales and Marketing Administration,CC_FieldOps,Field Operations (M02 & M13),XDE72510,SALES ADMIN DE
,,Top,Top Cost Center,CC_SGA,"Selling, General and Administrative",CC_SalesandMkt,Sales and Marketing,CC_VariableSell,Variable Selling (M19),XDE72710,COMMISSIONS
Top,Top Cost Center,CC_SGA,"Selling, General and Administrative",CC_SalesandMkt,Sales and Marketing,CC_Marketing,Marketing,CC_RelationMktg,Relationship Marketing (M07),XDE73301,Consumer relationshi
Top,Top Cost Center,CC_SGA,"Selling, General and Administrative",CC_SalesandMkt,Sales and Marketing,CC_Marketing,Marketing,CC_Promotions,Promotions (M08),XDE73321,Marketing Germany
Top,Top Cost Center,CC_SGA,"Selling, General and Administrative",CC_SalesandMkt,Sales and Marketing,CC_SalesMktgAdmin,Sales and Marketing Administration,CC_FieldOps,Field Operations (M02 & M13),XDS71610,Dubai Incentive
Top,Top Cost Center,CC_SGA,"Selling, General and Administrative",CC_SalesandMkt,Sales and Marketing,CC_SalesMktgAdmin,Sales and Marketing Administration,CC_FieldOps,Field Operations (M02 & M13),XDS72600,Dubai Western Sales
Top,Top Cost Center,CC_SGA,"Selling, General and Administrative",CC_SalesandMkt,Sales and Marketing,CC_SalesMktgAdmin,Sales and Marketing Administration,CC_FieldOps,Field Operations (M02 & M13),XDS72630,DUBAI International HQ
,,Top,Top Cost Center,CC_SGA,"Selling, General and Administrative",CC_Admin,Administration,CC_GenAdmin,General Administration (A16 & A11),XDS73501,"CEO, Branded CPG"
Top,Top Cost Center,CC_COGS,Cost of Goods Sold,CC_DistrCOGS,Cost of Goods Sold Distribution,CC_Freight,Freight,CC_Distribution,Distribution (C01),XEC60000,FREIGHT ECUADOR
Top,Top Cost Center,CC_COGS,Cost of Goods Sold,CC_DistrCOGS,Cost of Goods Sold Distribution,CC_Freight,Freight,CC_Shipping,Shipping (C02),XEE61000,FREIGHT EASTERN EU
Top,Top Cost Center,CC_SGA,"Selling, General and Administrative",CC_SalesandMkt,Sales and Marketing,CC_Marketing,Marketing,CC_Promotions,Promotions (M08),XEE73321,MARKETING EASTERN EU
Top,Top Cost Center,CC_COGS,Cost of Goods Sold,CC_DistrCOGS,Cost of Goods Sold Distribution,CC_Freight,Freight,CC_Shipping,Shipping (C02),XEG61000,Freight Egypt
Top,Top Cost Center,CC_COGS,Cost of Goods Sold,CC_DistrCOGS,Cost of Goods Sold Distribution,CC_Freight,Freight,CC_Shipping,Shipping (C02),XES61000,Freight Spain
,,Top,Top Cost Center,CC_COGS,Cost of Goods Sold,CC_DistrCOGS,Cost of Goods Sold Distribution,CC_Warehousing,Warehousing (C03),XES62000,WAREHOUSING
,,Top,Top Cost Center,CC_COGS,Cost of Goods Sold,CC_ProductWriteoffs,Product Write-offs,CC_Obsolescence,Obsolescence (C08),XES65500,Obsolecence
Top,Top Cost Center,CC_SGA,"Selling, General and Administrative",CC_SalesandMkt,Sales and Marketing,CC_SalesMktgAdmin,Sales and Marketing Administration,CC_FieldOps,Field Operations (M02 & M13),XES72510,SALES ADMIN ES
,,Top,Top Cost Center,CC_SGA,"Selling, General and Administrative",CC_SalesandMkt,Sales and Marketing,CC_VariableSell,Variable Selling (M19),XES72710,COMMISSIONS
Top,Top Cost Center,CC_SGA,"Selling, General and Administrative",CC_SalesandMkt,Sales and Marketing,CC_Marketing,Marketing,CC_Promotions,Promotions (M08),XES73321,Marketing Spain
Top,Top Cost Center,CC_COGS,Cost of Goods Sold,CC_DistrCOGS,Cost of Goods Sold Distribution,CC_Freight,Freight,CC_Shipping,Shipping (C02),XFI61001,Freight Finland
Top,Top Cost Center,CC_COGS,Cost of Goods Sold,CC_DistrCOGS,Cost of Goods Sold Distribution,CC_Freight,Freight,CC_Distribution,Distribution (C01),XFR60000,Freight France
,,Top,Top Cost Center,CC_COGS,Cost of Goods Sold,CC_ProductWriteoffs,Product Write-offs,CC_Obsolescence,Obsolescence (C08),XFR65500,Obsolecence
,,Top,Top Cost Center,CC_COGS,Cost of Goods Sold,CC_ProductWriteoffs,Product Write-offs,CC_StockAdj,Stock Adjustments (C12),XFR66500,stock adjustments FR
Top,Top Cost Center,CC_SGA,"Selling, General and Administrative",CC_SalesandMkt,Sales and Marketing,CC_Marketing,Marketing,CC_Samples,Samples Expense (M09),XFR72301,Sampling France
Top,Top Cost Center,CC_SGA,"Selling, General and Administrative",CC_SalesandMkt,Sales and Marketing,CC_SalesMktgAdmin,Sales and Marketing Administration,CC_FieldOps,Field Operations (M02 & M13),XFR72500,Free of Charge FR
Top,Top Cost Center,CC_SGA,"Selling, General and Administrative",CC_SalesandMkt,Sales and Marketing,CC_Marketing,Marketing,CC_Promotions,Promotions (M08),XFR73321,Marketing France
Top,Top Cost Center,CC_SGA,"Selling, General and Administrative",CC_SalesandMkt,Sales and Marketing,CC_Marketing,Marketing,CC_Promotions,Promotions (M08),XFR73325,CHR Ph Marketing FR
Top,Top Cost Center,CC_COGS,Cost of Goods Sold,CC_DistrCOGS,Cost of Goods Sold Distribution,CC_Freight,Freight,CC_Distribution,Distribution (C01),XGB60000,Freight - UK
,,Top,Top Cost Center,CC_COGS,Cost of Goods Sold,CC_ProductWriteoffs,Product Write-offs,CC_Obsolescence,Obsolescence (C08),XGB65500,Obsolecence
,,Top,Top Cost Center,CC_COGS,Cost of Goods Sold,CC_ProductWriteoffs,Product Write-offs,CC_StockAdj,Stock Adjustments (C12),XGB66500,stock adjustments UK
Top,Top Cost Center,CC_SGA,"Selling, General and Administrative",CC_SalesandMkt,Sales and Marketing,CC_Marketing,Marketing,CC_Samples,Samples Expense (M09),XGB72301,Sampling UK
Top,Top Cost Center,CC_SGA,"Selling, General and Administrative",CC_SalesandMkt,Sales and Marketing,CC_Marketing,Marketing,CC_Samples,Samples Expense (M09),XGB72302,Sampling UK WE
Top,Top Cost Center,CC_SGA,"Selling, General and Administrative",CC_SalesandMkt,Sales and Marketing,CC_Marketing,Marketing,CC_Samples,Samples Expense (M09),XGB72303,Starbucks Whole Eart
Top,Top Cost Center,CC_SGA,"Selling, General and Administrative",CC_SalesandMkt,Sales and Marketing,CC_Marketing,Marketing,CC_Samples,Samples Expense (M09),XGB72304,Samples SwCo
Top,Top Cost Center,CC_SGA,"Selling, General and Administrative",CC_SalesandMkt,Sales and Marketing,CC_Marketing,Marketing,CC_MktgMisc,Miscellaneous Marketing Expense (M17),XGB73226,UK NPD/Pkg costs
Top,Top Cost Center,CC_SGA,"Selling, General and Administrative",CC_SalesandMkt,Sales and Marketing,CC_Marketing,Marketing,CC_MktgMisc,Miscellaneous Marketing Expense (M17),XGB73236,UK NPD/Pkg costs WE
Top,Top Cost Center,CC_COGS,Cost of Goods Sold,CC_DistrCOGS,Cost of Goods Sold Distribution,CC_Freight,Freight,CC_Shipping,Shipping (C02),XGR61000,Freight Greece
,,Top,Top Cost Center,CC_COGS,Cost of Goods Sold,CC_ProductWriteoffs,Product Write-offs,CC_Obsolescence,Obsolescence (C08),XGR65500,Obsolecence
Top,Top Cost Center,CC_SGA,"Selling, General and Administrative",CC_SalesandMkt,Sales and Marketing,CC_Marketing,Marketing,CC_Promotions,Promotions (M08),XGR73321,Promotions Greece
Top,Top Cost Center,CC_SGA,"Selling, General and Administrative",CC_SalesandMkt,Sales and Marketing,CC_SalesMktgAdmin,Sales and Marketing Administration,CC_FieldOps,Field Operations (M02 & M13),XGT72500,Sales & Mkt Admin. Guatemala
Top,Top Cost Center,CC_COGS,Cost of Goods Sold,CC_DistrCOGS,Cost of Goods Sold Distribution,CC_Freight,Freight,CC_Shipping,Shipping (C02),XHK61000,Freight HongKong
,,Top,Top Cost Center,CC_COGS,Cost of Goods Sold,CC_DistrCOGS,Cost of Goods Sold Distribution,CC_Warehousing,Warehousing (C03),XHK62500,Distribution costs Hong Kong
,,Top,Top Cost Center,CC_COGS,Cost of Goods Sold,CC_OthCOGS,Other Cost of Goods Sold,CC_OthCOGSMisc,Other Miscellaneous Cost of Goods Sold (C06),XHK63601,Other cost HK
,,Top,Top Cost Center,CC_COGS,Cost of Goods Sold,CC_ProductWriteoffs,Product Write-offs,CC_Obsolescence,Obsolescence (C08),XHK65500,Obsolescence HK
Top,Top Cost Center,CC_SGA,"Selling, General and Administrative",CC_SalesandMkt,Sales and Marketing,CC_SalesMktgAdmin,Sales and Marketing Administration,CC_FieldOps,Field Operations (M02 & M13),XHK72500,Sales administration HK
Top,Top Cost Center,CC_SGA,"Selling, General and Administrative",CC_SalesandMkt,Sales and Marketing,CC_Marketing,Marketing,CC_Promotions,Promotions (M08),XHK73321,PROMO - ASPARTA - HK
Top,Top Cost Center,CC_SGA,"Selling, General and Administrative",CC_SalesandMkt,Sales and Marketing,CC_Marketing,Marketing,CC_Promotions,Promotions (M08),XHK73323,PROMO - STEVIA - HK
Top,Top Cost Center,CC_COGS,Cost of Goods Sold,CC_DistrCOGS,Cost of Goods Sold Distribution,CC_Freight,Freight,CC_Distribution,Distribution (C01),XHU60000,Freight Hungary
,,Top,Top Cost Center,CC_COGS,Cost of Goods Sold,CC_ProductWriteoffs,Product Write-offs,CC_Obsolescence,Obsolescence (C08),XHU65500,Obsolecence
Top,Top Cost Center,CC_COGS,Cost of Goods Sold,CC_DistrCOGS,Cost of Goods Sold Distribution,CC_Freight,Freight,CC_Distribution,Distribution (C01),XID60100,Inbound costs ID
Top,Top Cost Center,CC_COGS,Cost of Goods Sold,CC_DistrCOGS,Cost of Goods Sold Distribution,CC_Freight,Freight,CC_Shipping,Shipping (C02),XID61000,Freight Indonesia
,,Top,Top Cost Center,CC_COGS,Cost of Goods Sold,CC_DistrCOGS,Cost of Goods Sold Distribution,CC_Warehousing,Warehousing (C03),XID62500,Distribution costs Indonesia
,,Top,Top Cost Center,CC_COGS,Cost of Goods Sold,CC_ProductWriteoffs,Product Write-offs,CC_Obsolescence,Obsolescence (C08),XID65500,Obsolescence Indonesia
,,Top,Top Cost Center,CC_COGS,Cost of Goods Sold,CC_ProductWriteoffs,Product Write-offs,CC_Obsolescence,Obsolescence (C08),XID65510,Stock adjustments ID
Top,Top Cost Center,CC_SGA,"Selling, General and Administrative",CC_SalesandMkt,Sales and Marketing,CC_SalesMktgAdmin,Sales and Marketing Administration,CC_FieldOps,Field Operations (M02 & M13),XID72600,Sales admin Indonesi
Top,Top Cost Center,CC_SGA,"Selling, General and Administrative",CC_SalesandMkt,Sales and Marketing,CC_Marketing,Marketing,CC_Promotions,Promotions (M08),XID73321,PROMO - ASPARTA - ID
Top,Top Cost Center,CC_COGS,Cost of Goods Sold,CC_DistrCOGS,Cost of Goods Sold Distribution,CC_Freight,Freight,CC_Shipping,Shipping (C02),XIE61000,Freigh Ireland
Top,Top Cost Center,CC_SGA,"Selling, General and Administrative",CC_SalesandMkt,Sales and Marketing,CC_Marketing,Marketing,CC_Advertising,Advertising (M06),XIE72410,Advertising Ireland
Top,Top Cost Center,CC_SGA,"Selling, General and Administrative",CC_SalesandMkt,Sales and Marketing,CC_Marketing,Marketing,CC_Advertising,Advertising (M06),XIE72420,Advert. WE Ireland
Top,Top Cost Center,CC_COGS,Cost of Goods Sold,CC_DistrCOGS,Cost of Goods Sold Distribution,CC_Freight,Freight,CC_Shipping,Shipping (C02),XIL61000,Freight Israel
Top,Top Cost Center,CC_SGA,"Selling, General and Administrative",CC_SalesandMkt,Sales and Marketing,CC_Marketing,Marketing,CC_Promotions,Promotions (M08),XIL73321,MARKETING ISRAEL
Top,Top Cost Center,CC_COGS,Cost of Goods Sold,CC_DistrCOGS,Cost of Goods Sold Distribution,CC_Freight,Freight,CC_Distribution,Distribution (C01),XIN60000,FREIGHT INDIA
Top,Top Cost Center,CC_COGS,Cost of Goods Sold,CC_DistrCOGS,Cost of Goods Sold Distribution,CC_Freight,Freight,CC_Shipping,Shipping (C02),XIT61000,Italy Freight
,,Top,Top Cost Center,CC_COGS,Cost of Goods Sold,CC_DistrCOGS,Cost of Goods Sold Distribution,CC_Warehousing,Warehousing (C03),XIT62000,WAREHOUSING
,,Top,Top Cost Center,CC_COGS,Cost of Goods Sold,CC_ProductWriteoffs,Product Write-offs,CC_Obsolescence,Obsolescence (C08),XIT65500,Obsolecence
Top,Top Cost Center,CC_SGA,"Selling, General and Administrative",CC_SalesandMkt,Sales and Marketing,CC_SalesMktgAdmin,Sales and Marketing Administration,CC_MktgAdmin,Marketing Administration (MKT & M12),XIT72010,M/Admin Italy
Top,Top Cost Center,CC_SGA,"Selling, General and Administrative",CC_SalesandMkt,Sales and Marketing,CC_SalesMktgAdmin,Sales and Marketing Administration,CC_FieldOps,Field Operations (M02 & M13),XIT72510,SALES ADMIN IT
,,Top,Top Cost Center,CC_SGA,"Selling, General and Administrative",CC_SalesandMkt,Sales and Marketing,CC_VariableSell,Variable Selling (M19),XIT72710,COMMISSIONS
Top,Top Cost Center,CC_SGA,"Selling, General and Administrative",CC_SalesandMkt,Sales and Marketing,CC_Marketing,Marketing,CC_Promotions,Promotions (M08),XIT73321,Promotion Italy
Top,Top Cost Center,CC_COGS,Cost of Goods Sold,CC_DistrCOGS,Cost of Goods Sold Distribution,CC_Freight,Freight,CC_Shipping,Shipping (C02),XKR61000,Freight Korea
Top,Top Cost Center,CC_SGA,"Selling, General and Administrative",CC_SalesandMkt,Sales and Marketing,CC_SalesMktgAdmin,Sales and Marketing Administration,CC_FieldOps,Field Operations (M02 & M13),XKR72600,Sales admin Korea
Top,Top Cost Center,CC_SGA,"Selling, General and Administrative",CC_SalesandMkt,Sales and Marketing,CC_Marketing,Marketing,CC_MktgMisc,Miscellaneous Marketing Expense (M17),XKR73282,Marketing Korea
Top,Top Cost Center,CC_SGA,"Selling, General and Administrative",CC_SalesandMkt,Sales and Marketing,CC_Marketing,Marketing,CC_Promotions,Promotions (M08),XKR73321,PROMO-ASPARTA KR
Top,Top Cost Center,CC_COGS,Cost of Goods Sold,CC_DistrCOGS,Cost of Goods Sold Distribution,CC_Freight,Freight,CC_Shipping,Shipping (C02),XKW61000,Freight Kuwait - Qat
,,Top,Top Cost Center,CC_COGS,Cost of Goods Sold,CC_ProductWriteoffs,Product Write-offs,CC_Obsolescence,Obsolescence (C08),XKW65500,SLOB Kuwait-Qatar
Top,Top Cost Center,CC_SGA,"Selling, General and Administrative",CC_SalesandMkt,Sales and Marketing,CC_Marketing,Marketing,CC_Promotions,Promotions (M08),XKW73321,Marketing Kuwait - Qatar
,,Top,Top Cost Center,CC_COGS,Cost of Goods Sold,CC_SupplyChainVar,Supply Chain Variances,CC_VarToStd,Variance to Standard (C26),XLA67900,PPV - LA
Top,Top Cost Center,CC_COGS,Cost of Goods Sold,CC_DistrCOGS,Cost of Goods Sold Distribution,CC_Freight,Freight,CC_Shipping,Shipping (C02),XLB61000,Freight Lebanon
,,Top,Top Cost Center,CC_COGS,Cost of Goods Sold,CC_ProductWriteoffs,Product Write-offs,CC_Obsolescence,Obsolescence (C08),XLB65500,SLOB Lebanon
Top,Top Cost Center,CC_SGA,"Selling, General and Administrative",CC_SalesandMkt,Sales and Marketing,CC_Marketing,Marketing,CC_Promotions,Promotions (M08),XLB73321,Marketing Lebanon
Top,Top Cost Center,CC_COGS,Cost of Goods Sold,CC_DistrCOGS,Cost of Goods Sold Distribution,CC_Freight,Freight,CC_Shipping,Shipping (C02),XME61000,OUTWARD FREIGHT
,,Top,Top Cost Center,CC_COGS,Cost of Goods Sold,CC_ProductWriteoffs,Product Write-offs,CC_Obsolescence,Obsolescence (C08),XME65500,Obsolecence
Top,Top Cost Center,CC_SGA,"Selling, General and Administrative",CC_SalesandMkt,Sales and Marketing,CC_Marketing,Marketing,CC_Promotions,Promotions (M08),XME73321,Promotion M. East
,,Top,Top Cost Center,CC_SGA,"Selling, General and Administrative",CC_Admin,Administration,CC_DoubtfulAccts,Provision For Doubtful Accounts (A27),XME75000,Prov doubtful MEA
Top,Top Cost Center,CC_COGS,Cost of Goods Sold,CC_DistrCOGS,Cost of Goods Sold Distribution,CC_Freight,Freight,CC_Distribution,Distribution (C01),XMX60000,Freight Mexico
Top,Top Cost Center,CC_SGA,"Selling, General and Administrative",CC_SalesandMkt,Sales and Marketing,CC_Marketing,Marketing,CC_Promotions,Promotions (M08),XMX73321,Marketing Mexico
Top,Top Cost Center,CC_COGS,Cost of Goods Sold,CC_DistrCOGS,Cost of Goods Sold Distribution,CC_Freight,Freight,CC_Distribution,Distribution (C01),XMY60100,Inbound costs MY
Top,Top Cost Center,CC_COGS,Cost of Goods Sold,CC_DistrCOGS,Cost of Goods Sold Distribution,CC_Freight,Freight,CC_Shipping,Shipping (C02),XMY61000,Freight Malaysia
,,Top,Top Cost Center,CC_COGS,Cost of Goods Sold,CC_OthCOGS,Other Cost of Goods Sold,CC_OthCOGSMisc,Other Miscellaneous Cost of Goods Sold (C06),XMY63601,Other cost Malaysia
,,Top,Top Cost Center,CC_COGS,Cost of Goods Sold,CC_ProductWriteoffs,Product Write-offs,CC_Obsolescence,Obsolescence (C08),XMY65500,Obsolecence - Damaged goods Malaysia
Top,Top Cost Center,CC_SGA,"Selling, General and Administrative",CC_SalesandMkt,Sales and Marketing,CC_SalesMktgAdmin,Sales and Marketing Administration,CC_FieldOps,Field Operations (M02 & M13),XMY72600,Sales admin Malaysia
Top,Top Cost Center,CC_SGA,"Selling, General and Administrative",CC_SalesandMkt,Sales and Marketing,CC_Marketing,Marketing,CC_Promotions,Promotions (M08),XMY73321,PROMO - ASPARTA - MY
Top,Top Cost Center,CC_SGA,"Selling, General and Administrative",CC_SalesandMkt,Sales and Marketing,CC_Marketing,Marketing,CC_Promotions,Promotions (M08),XMY73323,PROMO STEVIA MY
Top,Top Cost Center,CC_SGA,"Selling, General and Administrative",CC_SalesandMkt,Sales and Marketing,CC_Marketing,Marketing,CC_Promotions,Promotions (M08),XMY73324,PROMO - GOLD - MY
Top,Top Cost Center,CC_COGS,Cost of Goods Sold,CC_DistrCOGS,Cost of Goods Sold Distribution,CC_Freight,Freight,CC_Shipping,Shipping (C02),XNA61000,Freight North Africa
Top,Top Cost Center,CC_COGS,Cost of Goods Sold,CC_DistrCOGS,Cost of Goods Sold Distribution,CC_Freight,Freight,CC_Distribution,Distribution (C01),XNE60000,Freight Raw material
Top,Top Cost Center,CC_COGS,Cost of Goods Sold,CC_DistrCOGS,Cost of Goods Sold Distribution,CC_Freight,Freight,CC_Shipping,Shipping (C02),XNE61000,OUTWARD FREIGHT
Top,Top Cost Center,CC_COGS,Cost of Goods Sold,CC_DistrCOGS,Cost of Goods Sold Distribution,CC_Freight,Freight,CC_Shipping,Shipping (C02),XNE61001,Logistic Amazon Pan-Europe
,,Top,Top Cost Center,CC_COGS,Cost of Goods Sold,CC_StdCOGS,Standard Cost of Goods Sold,CC_TollerDepr,Toller Depreciation (C04),XNE64000,Toller Depreciation
,,Top,Top Cost Center,CC_COGS,Cost of Goods Sold,CC_OthCOGS,Other Cost of Goods Sold,CC_COGSAdmin,Cost of Goods Sold Administration (C10),XNE66100,Supply Chain EMEA
,,Top,Top Cost Center,CC_COGS,Cost of Goods Sold,CC_OthCOGS,Other Cost of Goods Sold,CC_COGSAdmin,Cost of Goods Sold Administration (C10),XNE66101,SC Technical Service
,,Top,Top Cost Center,CC_COGS,Cost of Goods Sold,CC_OthCOGS,Other Cost of Goods Sold,CC_COGSAdmin,Cost of Goods Sold Administration (C10),XNE66105,COGS ADMIN Incent
,,Top,Top Cost Center,CC_COGS,Cost of Goods Sold,CC_OthCOGS,Other Cost of Goods Sold,CC_COGSAdmin,Cost of Goods Sold Administration (C10),XNE66107,COGS ADMIN Incent
,,Top,Top Cost Center,CC_COGS,Cost of Goods Sold,CC_OthCOGS,Other Cost of Goods Sold,CC_COGSAdmin,Cost of Goods Sold Administration (C10),XNE66110,ETC/Customer Service
,,Top,Top Cost Center,CC_COGS,Cost of Goods Sold,CC_OthCOGS,Other Cost of Goods Sold,CC_COGSAdmin,Cost of Goods Sold Administration (C10),XNE66111,IMEA Cust. Service
,,Top,Top Cost Center,CC_COGS,Cost of Goods Sold,CC_OthCOGS,Other Cost of Goods Sold,CC_COGSAdmin,Cost of Goods Sold Administration (C10),XNE66112,WE Cust. Service
,,Top,Top Cost Center,CC_COGS,Cost of Goods Sold,CC_OthCOGS,Other Cost of Goods Sold,CC_COGSAdmin,Cost of Goods Sold Administration (C10),XNE66113,APAC Cust. Service
,,Top,Top Cost Center,CC_COGS,Cost of Goods Sold,CC_OthCOGS,Other Cost of Goods Sold,CC_COGSAdmin,Cost of Goods Sold Administration (C10),XNE66120,Planning/Procurement
,,Top,Top Cost Center,CC_COGS,Cost of Goods Sold,CC_OthCOGS,Other Cost of Goods Sold,CC_COGSAdmin,Cost of Goods Sold Administration (C10),XNE66155,Regional QA
,,Top,Top Cost Center,CC_COGS,Cost of Goods Sold,CC_StdCOGS,Standard Cost of Goods Sold,CC_ICTrPrDif,Local Intercompany Transfer Price Differences (LRD) (C21),XNE66200,Variance CZpak
,,Top,Top Cost Center,CC_COGS,Cost of Goods Sold,CC_ProductWriteoffs,Product Write-offs,CC_StockAdj,Stock Adjustments (C12),XNE66500,Stock Adjustments
,,Top,Top Cost Center,CC_COGS,Cost of Goods Sold,CC_SupplyChainVar,Supply Chain Variances,CC_InvtyReval,Inventory Revaluation (C15),XNE67100,Invent reval
,,Top,Top Cost Center,CC_COGS,Cost of Goods Sold,CC_SupplyChainVar,Supply Chain Variances,CC_VarToStd,Variance to Standard (C26),XNE67900,Purchase price diff.
,,Top,Top Cost Center,CC_COGS,Cost of Goods Sold,CC_SupplyChainVar,Supply Chain Variances,CC_VarToStd,Variance to Standard (C26),XNE67903,NCP-CZ
,,Top,Top Cost Center,CC_COGS,Cost of Goods Sold,CC_SupplyChainVar,Supply Chain Variances,CC_VarToStd,Variance to Standard (C26),XNE67904,PPV NCP-AU
,,Top,Top Cost Center,CC_COGS,Cost of Goods Sold,CC_SupplyChainVar,Supply Chain Variances,CC_VarToStd,Variance to Standard (C26),XNE67906,PPV HQEMEA
,,Top,Top Cost Center,CC_COGS,Cost of Goods Sold,CC_SupplyChainVar,Supply Chain Variances,CC_VarToStd,Variance to Standard (C26),XNE67908,PVV HQWE
,,Top,Top Cost Center,CC_COGS,Cost of Goods Sold,CC_SupplyChainVar,Supply Chain Variances,CC_VarToStd,Variance to Standard (C26),XNE67909,PPV HQEU
,,Top,Top Cost Center,CC_COGS,Cost of Goods Sold,CC_SupplyChainVar,Supply Chain Variances,CC_VarToStd,Variance to Standard (C26),XNE67920,Manual PPV
Top,Top Cost Center,CC_SGA,"Selling, General and Administrative",CC_SalesandMkt,Sales and Marketing,CC_SalesMktgAdmin,Sales and Marketing Administration,CC_FieldOps,Field Operations (M02 & M13),XNE71610,Eame dist. mkts inc.
Top,Top Cost Center,CC_SGA,"Selling, General and Administrative",CC_SalesandMkt,Sales and Marketing,CC_SalesMktgAdmin,Sales and Marketing Administration,CC_MktgAdmin,Marketing Administration (MKT & M12),XNE72013,Global Marketing
Top,Top Cost Center,CC_SGA,"Selling, General and Administrative",CC_SalesandMkt,Sales and Marketing,CC_SalesMktgAdmin,Sales and Marketing Administration,CC_MktgAdmin,Marketing Administration (MKT & M12),XNE72091,Corp. serv. EAME BU1
Top,Top Cost Center,CC_SGA,"Selling, General and Administrative",CC_SalesandMkt,Sales and Marketing,CC_SalesMktgAdmin,Sales and Marketing Administration,CC_MktgAdmin,Marketing Administration (MKT & M12),XNE72092,Corp. serv. EAME BU2
Top,Top Cost Center,CC_SGA,"Selling, General and Administrative",CC_SalesandMkt,Sales and Marketing,CC_SalesMktgAdmin,Sales and Marketing Administration,CC_MktgAdmin,Marketing Administration (MKT & M12),XNE72093,Corp. serv. EAME BU3
Top,Top Cost Center,CC_SGA,"Selling, General and Administrative",CC_SalesandMkt,Sales and Marketing,CC_SalesMktgAdmin,Sales and Marketing Administration,CC_MktgAdmin,Marketing Administration (MKT & M12),XNE72094,Corp. serv. APAC
Top,Top Cost Center,CC_SGA,"Selling, General and Administrative",CC_SalesandMkt,Sales and Marketing,CC_SalesMktgAdmin,Sales and Marketing Administration,CC_MktgAdmin,Marketing Administration (MKT & M12),XNE72095,Corp. serv. ARG
Top,Top Cost Center,CC_SGA,"Selling, General and Administrative",CC_SalesandMkt,Sales and Marketing,CC_SalesMktgAdmin,Sales and Marketing Administration,CC_MktgAdmin,Marketing Administration (MKT & M12),XNE72096,Corp. serv. MX
Top,Top Cost Center,CC_SGA,"Selling, General and Administrative",CC_SalesandMkt,Sales and Marketing,CC_Marketing,Marketing,CC_Advertising,Advertising (M06),XNE72400,Brd Mgt Costs EAME
Top,Top Cost Center,CC_SGA,"Selling, General and Administrative",CC_SalesandMkt,Sales and Marketing,CC_Marketing,Marketing,CC_Advertising,Advertising (M06),XNE72410,PAN EURO WESTERN
Top,Top Cost Center,CC_SGA,"Selling, General and Administrative",CC_SalesandMkt,Sales and Marketing,CC_Marketing,Marketing,CC_Advertising,Advertising (M06),XNE72411,PAN EURO WESTERN
Top,Top Cost Center,CC_SGA,"Selling, General and Administrative",CC_SalesandMkt,Sales and Marketing,CC_Marketing,Marketing,CC_Advertising,Advertising (M06),XNE72412,EEU & Nord Marketing
Top,Top Cost Center,CC_SGA,"Selling, General and Administrative",CC_SalesandMkt,Sales and Marketing,CC_SalesMktgAdmin,Sales and Marketing Administration,CC_FieldOps,Field Operations (M02 & M13),XNE72600,Western Sales
Top,Top Cost Center,CC_SGA,"Selling, General and Administrative",CC_SalesandMkt,Sales and Marketing,CC_Marketing,Marketing,CC_MktgMisc,Miscellaneous Marketing Expense (M17),XNE73282,Marketing International
Top,Top Cost Center,CC_SGA,"Selling, General and Administrative",CC_SalesandMkt,Sales and Marketing,CC_Marketing,Marketing,CC_MktgMisc,Miscellaneous Marketing Expense (M17),XNE73283,Marketing North America
Top,Top Cost Center,CC_SGA,"Selling, General and Administrative",CC_SalesandMkt,Sales and Marketing,CC_Marketing,Marketing,CC_MktgMisc,Miscellaneous Marketing Expense (M17),XNE73291,Corp MKTG BU1 Cdl
Top,Top Cost Center,CC_SGA,"Selling, General and Administrative",CC_SalesandMkt,Sales and Marketing,CC_Marketing,Marketing,CC_MktgMisc,Miscellaneous Marketing Expense (M17),XNE73292,Corp MKTG alloc BU2
Top,Top Cost Center,CC_SGA,"Selling, General and Administrative",CC_SalesandMkt,Sales and Marketing,CC_Marketing,Marketing,CC_MktgMisc,Miscellaneous Marketing Expense (M17),XNE73293,Corp MKTG alloc BU3
Top,Top Cost Center,CC_SGA,"Selling, General and Administrative",CC_SalesandMkt,Sales and Marketing,CC_Marketing,Marketing,CC_MktgMisc,Miscellaneous Marketing Expense (M17),XNE73294,Corp MKTG alloc APAC
Top,Top Cost Center,CC_SGA,"Selling, General and Administrative",CC_SalesandMkt,Sales and Marketing,CC_Marketing,Marketing,CC_MktgMisc,Miscellaneous Marketing Expense (M17),XNE73295,Corp MKTG alloc MX
Top,Top Cost Center,CC_SGA,"Selling, General and Administrative",CC_SalesandMkt,Sales and Marketing,CC_Marketing,Marketing,CC_MktgMisc,Miscellaneous Marketing Expense (M17),XNE73297,Corp MKTG all BU2 WE
Top,Top Cost Center,CC_SGA,"Selling, General and Administrative",CC_SalesandMkt,Sales and Marketing,CC_Marketing,Marketing,CC_MktgMisc,Miscellaneous Marketing Expense (M17),XNE73298,Corp MKTG BU1 Pure
Top,Top Cost Center,CC_SGA,"Selling, General and Administrative",CC_SalesandMkt,Sales and Marketing,CC_Marketing,Marketing,CC_MktgMisc,Miscellaneous Marketing Expense (M17),XNE73299,Mkt BBDO invoices
,,Top,Top Cost Center,CC_SGA,"Selling, General and Administrative",CC_Admin,Administration,CC_GenAdmin,General Administration (A16 & A11),XNE73500,President International CPG
,,Top,Top Cost Center,CC_SGA,"Selling, General and Administrative",CC_Admin,Administration,CC_GenAdmin,General Administration (A16 & A11),XNE73501,CEO
,,Top,Top Cost Center,CC_SGA,"Selling, General and Administrative",CC_Admin,Administration,CC_Facilities,General Office and Facilities (A17),XNE73810,WSO Merisant
Top,Top Cost Center,CC_SGA,"Selling, General and Administrative",CC_Admin,Administration,CC_Finance,Finance,CC_FinAcctgAudit,"Finance, Accounting and Auditing (A02)",XNE73910,Finance Switz.
Top,Top Cost Center,CC_SGA,"Selling, General and Administrative",CC_Admin,Administration,CC_Finance,Finance,CC_FinAcctgAudit,"Finance, Accounting and Auditing (A02)",XNE73911,IMEA FIinance
Top,Top Cost Center,CC_SGA,"Selling, General and Administrative",CC_Admin,Administration,CC_Finance,Finance,CC_FinAcctgAudit,"Finance, Accounting and Auditing (A02)",XNE73912,WE Finance
Top,Top Cost Center,CC_SGA,"Selling, General and Administrative",CC_Admin,Administration,CC_Finance,Finance,CC_FinAcctgAudit,"Finance, Accounting and Auditing (A02)",XNE73915,International FP&A
Top,Top Cost Center,CC_SGA,"Selling, General and Administrative",CC_Admin,Administration,CC_Finance,Finance,CC_FinAcctgAudit,"Finance, Accounting and Auditing (A02)",XNE73916,Global FP&A
Top,Top Cost Center,CC_SGA,"Selling, General and Administrative",CC_Admin,Administration,CC_Finance,Finance,CC_FinAcctgAudit,"Finance, Accounting and Auditing (A02)",XNE73920,Audit fees Swit
Top,Top Cost Center,CC_SGA,"Selling, General and Administrative",CC_Admin,Administration,CC_Finance,Finance,CC_FinAcctgAudit,"Finance, Accounting and Auditing (A02)",XNE73925,Finance Brazil
Top,Top Cost Center,CC_SGA,"Selling, General and Administrative",CC_Admin,Administration,CC_Finance,Finance,CC_FinAcctgAudit,"Finance, Accounting and Auditing (A02)",XNE73926,Finance Venezuela
Top,Top Cost Center,CC_SGA,"Selling, General and Administrative",CC_Admin,Administration,CC_Finance,Finance,CC_FinAcctgAudit,"Finance, Accounting and Auditing (A02)",XNE73950,Pension ajust
,,Top,Top Cost Center,CC_SGA,"Selling, General and Administrative",CC_Admin,Administration,CC_Legal,Legal (A04),XNE74101,Legal Services
,,Top,Top Cost Center,CC_SGA,"Selling, General and Administrative",CC_Admin,Administration,CC_Legal,Legal (A04),XNE74125,Legal Venezuela
,,Top,Top Cost Center,CC_SGA,"Selling, General and Administrative",CC_Admin,Administration,CC_Legal,Legal (A04),XNE74150,REGULATORY
,,Top,Top Cost Center,CC_SGA,"Selling, General and Administrative",CC_Admin,Administration,CC_GenAdmin,General Administration (A16 & A11),XNE74600,NE Incentives GI adm
,,Top,Top Cost Center,CC_SGA,"Selling, General and Administrative",CC_Admin,Administration,CC_GenAdmin,General Administration (A16 & A11),XNE74616,Global FP&A Incentiv
,,Top,Top Cost Center,CC_SGA,"Selling, General and Administrative",CC_Admin,Administration,CC_IT,Information Technology (A07),XNE74711,IT Switzerland
,,Top,Top Cost Center,CC_SGA,"Selling, General and Administrative",CC_Admin,Administration,CC_IT,Information Technology (A07),XNE74712,IT IMEA
,,Top,Top Cost Center,CC_SGA,"Selling, General and Administrative",CC_Admin,Administration,CC_IT,Information Technology (A07),XNE74713,IT APAC
Top,Top Cost Center,CC_SGA,"Selling, General and Administrative",CC_Admin,Administration,CC_Finance,Finance,CC_Tax,Tax (A08),XNE74800,Sw1 Tax costs
,,Top,Top Cost Center,CC_SGA,"Selling, General and Administrative",CC_Admin,Administration,CC_DoubtfulAccts,Provision For Doubtful Accounts (A27),XNE75000,Doubtful Debt Swissc
,,Top,Top Cost Center,CC_SGA,"Selling, General and Administrative",CC_Admin,Administration,CC_DoubtfulAccts,Provision For Doubtful Accounts (A27),XNE75009,Doubtful Debt EMEA
,,Top,Top Cost Center,CC_SGA,"Selling, General and Administrative",CC_Admin,Administration,CC_DoubtfulAccts,Provision For Doubtful Accounts (A27),XNE75010,Prov Doubtful EMEA
Top,Top Cost Center,CC_SGA,"Selling, General and Administrative",CC_Admin,Administration,CC_OtherGandA,Other General and Administrative,CC_OthAdmin,Other Administration Expense (A21),XNE75201,WHT royalty income
,,Top,Top Cost Center,CC_SGA,"Selling, General and Administrative",CC_ResrchNewProdDev,Research and New Product Development,CC_RandD,Research and Development (TCH & T01),XNE76011,Technical
,,Top,Top Cost Center,CC_SGA,"Selling, General and Administrative",CC_ResrchNewProdDev,Research and New Product Development,CC_RandD,Research and Development (TCH & T01),XNE76700,Neuchatel R&D
Top,Top Cost Center,CC_COGS,Cost of Goods Sold,CC_DistrCOGS,Cost of Goods Sold Distribution,CC_Freight,Freight,CC_Shipping,Shipping (C02),XNL61000,Outfreight Netherlan
,,Top,Top Cost Center,CC_COGS,Cost of Goods Sold,CC_OthCOGS,Other Cost of Goods Sold,CC_OthCOGSMisc,Other Miscellaneous Cost of Goods Sold (C06),XNL63601,Samples NL
Top,Top Cost Center,CC_SGA,"Selling, General and Administrative",CC_SalesandMkt,Sales and Marketing,CC_Marketing,Marketing,CC_MktResearch,Market Research (M04),XNL72110,Market Research
Top,Top Cost Center,CC_SGA,"Selling, General and Administrative",CC_SalesandMkt,Sales and Marketing,CC_Marketing,Marketing,CC_Samples,Samples Expense (M09),XNL72300,samples promo
,,Top,Top Cost Center,CC_SGA,"Selling, General and Administrative",CC_SalesandMkt,Sales and Marketing,CC_VariableSell,Variable Selling (M19),XNL72710,Commission NL
Top,Top Cost Center,CC_SGA,"Selling, General and Administrative",CC_SalesandMkt,Sales and Marketing,CC_Marketing,Marketing,CC_RelationMktg,Relationship Marketing (M07),XNL73301,Consumer/relations
Top,Top Cost Center,CC_SGA,"Selling, General and Administrative",CC_SalesandMkt,Sales and Marketing,CC_Marketing,Marketing,CC_Promotions,Promotions (M08),XNL73321,Marketing Netherland
Top,Top Cost Center,CC_COGS,Cost of Goods Sold,CC_DistrCOGS,Cost of Goods Sold Distribution,CC_Freight,Freight,CC_Shipping,Shipping (C02),XNO61001,Freight Norway
Top,Top Cost Center,CC_SGA,"Selling, General and Administrative",CC_SalesandMkt,Sales and Marketing,CC_Marketing,Marketing,CC_Promotions,Promotions (M08),XNO73322,Marketing Norway
Top,Top Cost Center,CC_COGS,Cost of Goods Sold,CC_DistrCOGS,Cost of Goods Sold Distribution,CC_Freight,Freight,CC_Shipping,Shipping (C02),XNZ61000,Freight New Zealand
,,Top,Top Cost Center,CC_COGS,Cost of Goods Sold,CC_ProductWriteoffs,Product Write-offs,CC_Obsolescence,Obsolescence (C08),XNZ65500,Obsolescence New Zealand
Top,Top Cost Center,CC_COGS,Cost of Goods Sold,CC_DistrCOGS,Cost of Goods Sold Distribution,CC_Freight,Freight,CC_Distribution,Distribution (C01),XPH60000,Freight Philippines
Top,Top Cost Center,CC_COGS,Cost of Goods Sold,CC_DistrCOGS,Cost of Goods Sold Distribution,CC_Freight,Freight,CC_Shipping,Shipping (C02),XPH61000,Philippine Freight
,,Top,Top Cost Center,CC_COGS,Cost of Goods Sold,CC_ProductWriteoffs,Product Write-offs,CC_Obsolescence,Obsolescence (C08),XPH65500,PHILIPPINE SCRAPPING
,,Top,Top Cost Center,CC_COGS,Cost of Goods Sold,CC_SupplyChainVar,Supply Chain Variances,CC_VarToStd,Variance to Standard (C26),XPH67900,PPV - PH
Top,Top Cost Center,CC_SGA,"Selling, General and Administrative",CC_SalesandMkt,Sales and Marketing,CC_SalesMktgAdmin,Sales and Marketing Administration,CC_MktgAdmin,Marketing Administration (MKT & M12),XPH72000,Marketing admin PH
Top,Top Cost Center,CC_SGA,"Selling, General and Administrative",CC_SalesandMkt,Sales and Marketing,CC_Marketing,Marketing,CC_MktgMisc,Miscellaneous Marketing Expense (M17),XPH73282,Marketing Philippines
Top,Top Cost Center,CC_COGS,Cost of Goods Sold,CC_DistrCOGS,Cost of Goods Sold Distribution,CC_Freight,Freight,CC_Shipping,Shipping (C02),XPT61000,Freight Portugal
,,Top,Top Cost Center,CC_COGS,Cost of Goods Sold,CC_ProductWriteoffs,Product Write-offs,CC_Obsolescence,Obsolescence (C08),XPT65500,Obsolecence
Top,Top Cost Center,CC_SGA,"Selling, General and Administrative",CC_SalesandMkt,Sales and Marketing,CC_SalesMktgAdmin,Sales and Marketing Administration,CC_MktgAdmin,Marketing Administration (MKT & M12),XPT72000,Marketing Admin
Top,Top Cost Center,CC_SGA,"Selling, General and Administrative",CC_SalesandMkt,Sales and Marketing,CC_Marketing,Marketing,CC_MktResearch,Market Research (M04),XPT72100,Market Research
Top,Top Cost Center,CC_SGA,"Selling, General and Administrative",CC_SalesandMkt,Sales and Marketing,CC_Marketing,Marketing,CC_Promotions,Promotions (M08),XPT73321,Promotions Portugal
Top,Top Cost Center,CC_COGS,Cost of Goods Sold,CC_DistrCOGS,Cost of Goods Sold Distribution,CC_Freight,Freight,CC_Shipping,Shipping (C02),XPY61000,Paraguay Freight
Top,Top Cost Center,CC_SGA,"Selling, General and Administrative",CC_SalesandMkt,Sales and Marketing,CC_Marketing,Marketing,CC_Promotions,Promotions (M08),XPY73321,Promotions Paraguay
Top,Top Cost Center,CC_COGS,Cost of Goods Sold,CC_DistrCOGS,Cost of Goods Sold Distribution,CC_Freight,Freight,CC_Shipping,Shipping (C02),XSA61000,Freight Saudi
,,Top,Top Cost Center,CC_COGS,Cost of Goods Sold,CC_ProductWriteoffs,Product Write-offs,CC_Obsolescence,Obsolescence (C08),XSA65500,SLOB Saudi
Top,Top Cost Center,CC_SGA,"Selling, General and Administrative",CC_SalesandMkt,Sales and Marketing,CC_Marketing,Marketing,CC_MktResearch,Market Research (M04),XSA72110,Marketing Research
Top,Top Cost Center,CC_SGA,"Selling, General and Administrative",CC_SalesandMkt,Sales and Marketing,CC_Marketing,Marketing,CC_Promotions,Promotions (M08),XSA73321,Marketing Saudi
Top,Top Cost Center,CC_COGS,Cost of Goods Sold,CC_DistrCOGS,Cost of Goods Sold Distribution,CC_Freight,Freight,CC_Shipping,Shipping (C02),XSE61001,Freight Sweden
Top,Top Cost Center,CC_SGA,"Selling, General and Administrative",CC_SalesandMkt,Sales and Marketing,CC_Marketing,Marketing,CC_Promotions,Promotions (M08),XSE73322,Marketing Sweden
Top,Top Cost Center,CC_COGS,Cost of Goods Sold,CC_DistrCOGS,Cost of Goods Sold Distribution,CC_Freight,Freight,CC_Distribution,Distribution (C01),XSG60000,Freight Singapor
Top,Top Cost Center,CC_COGS,Cost of Goods Sold,CC_DistrCOGS,Cost of Goods Sold Distribution,CC_Freight,Freight,CC_Shipping,Shipping (C02),XSG61000,Freight Singapore
,,Top,Top Cost Center,CC_COGS,Cost of Goods Sold,CC_DistrCOGS,Cost of Goods Sold Distribution,CC_Warehousing,Warehousing (C03),XSG62500,Repacking costs SG
,,Top,Top Cost Center,CC_COGS,Cost of Goods Sold,CC_OthCOGS,Other Cost of Goods Sold,CC_OthCOGSMisc,Other Miscellaneous Cost of Goods Sold (C06),XSG63601,Other costs SG
,,Top,Top Cost Center,CC_COGS,Cost of Goods Sold,CC_ProductWriteoffs,Product Write-offs,CC_Obsolescence,Obsolescence (C08),XSG65500,Obsolescence Singapore
Top,Top Cost Center,CC_SGA,"Selling, General and Administrative",CC_SalesandMkt,Sales and Marketing,CC_Marketing,Marketing,CC_Promotions,Promotions (M08),XSG73321,PROMO - ASPARTA
Top,Top Cost Center,CC_SGA,"Selling, General and Administrative",CC_SalesandMkt,Sales and Marketing,CC_Marketing,Marketing,CC_Promotions,Promotions (M08),XSG73323,PROMO - STEVIA - SG
Top,Top Cost Center,CC_SGA,"Selling, General and Administrative",CC_SalesandMkt,Sales and Marketing,CC_Marketing,Marketing,CC_Promotions,Promotions (M08),XSG73324,PROMO - GOLD - SG
Top,Top Cost Center,CC_COGS,Cost of Goods Sold,CC_DistrCOGS,Cost of Goods Sold Distribution,CC_Freight,Freight,CC_Shipping,Shipping (C02),XSS61000,Freight Oth. SSA
Top,Top Cost Center,CC_SGA,"Selling, General and Administrative",CC_SalesandMkt,Sales and Marketing,CC_Marketing,Marketing,CC_Promotions,Promotions (M08),XSS73321,Marketing Oth. Sub. Sah. Africa
Top,Top Cost Center,CC_COGS,Cost of Goods Sold,CC_DistrCOGS,Cost of Goods Sold Distribution,CC_Freight,Freight,CC_Distribution,Distribution (C01),XTH60000,Freight Thailand
Top,Top Cost Center,CC_SGA,"Selling, General and Administrative",CC_SalesandMkt,Sales and Marketing,CC_Marketing,Marketing,CC_Promotions,Promotions (M08),XTH73321,Marketing Thailand
Top,Top Cost Center,CC_COGS,Cost of Goods Sold,CC_DistrCOGS,Cost of Goods Sold Distribution,CC_Freight,Freight,CC_Shipping,Shipping (C02),XTR61000,Freight Turkey
,,Top,Top Cost Center,CC_COGS,Cost of Goods Sold,CC_ProductWriteoffs,Product Write-offs,CC_Obsolescence,Obsolescence (C08),XTR65500,SLOB Turkey
Top,Top Cost Center,CC_COGS,Cost of Goods Sold,CC_DistrCOGS,Cost of Goods Sold Distribution,CC_Freight,Freight,CC_Shipping,Shipping (C02),XTW61000,Freight Taiwan
,,Top,Top Cost Center,CC_COGS,Cost of Goods Sold,CC_OthCOGS,Other Cost of Goods Sold,CC_OthCOGSMisc,Other Miscellaneous Cost of Goods Sold (C06),XTW63601,OTHERS COST TW
,,Top,Top Cost Center,CC_COGS,Cost of Goods Sold,CC_ProductWriteoffs,Product Write-offs,CC_Obsolescence,Obsolescence (C08),XTW65500,Obsolescence Taiwan
Top,Top Cost Center,CC_COGS,Cost of Goods Sold,CC_DistrCOGS,Cost of Goods Sold Distribution,CC_Freight,Freight,CC_Distribution,Distribution (C01),XUS60000,FREIGHT FOR US
,,Top,Top Cost Center,CC_COGS,Cost of Goods Sold,CC_ProductWriteoffs,Product Write-offs,CC_Obsolescence,Obsolescence (C08),XUS65500,Obsolecence US
Top,Top Cost Center,CC_COGS,Cost of Goods Sold,CC_DistrCOGS,Cost of Goods Sold Distribution,CC_Freight,Freight,CC_Shipping,Shipping (C02),XUY61000,Urugay Freight
Top,Top Cost Center,CC_SGA,"Selling, General and Administrative",CC_SalesandMkt,Sales and Marketing,CC_Marketing,Marketing,CC_Promotions,Promotions (M08),XUY73321,Marketing Uruguay
Top,Top Cost Center,CC_COGS,Cost of Goods Sold,CC_DistrCOGS,Cost of Goods Sold Distribution,CC_Freight,Freight,CC_Distribution,Distribution (C01),XVE60000,Freight Venezuela
,,Top,Top Cost Center,CC_COGS,Cost of Goods Sold,CC_OthCOGS,Other Cost of Goods Sold,CC_OthCOGSMisc,Other Miscellaneous Cost of Goods Sold (C06),XVE63601,Other cost Venezuela
Top,Top Cost Center,CC_SGA,"Selling, General and Administrative",CC_SalesandMkt,Sales and Marketing,CC_SalesMktgAdmin,Sales and Marketing Administration,CC_FieldOps,Field Operations (M02 & M13),XVE72500,Sales manager Venezuela
Top,Top Cost Center,CC_COGS,Cost of Goods Sold,CC_DistrCOGS,Cost of Goods Sold Distribution,CC_Freight,Freight,CC_Distribution,Distribution (C01),XVN60100,Inbound costs VN
Top,Top Cost Center,CC_COGS,Cost of Goods Sold,CC_DistrCOGS,Cost of Goods Sold Distribution,CC_Freight,Freight,CC_Shipping,Shipping (C02),XVN61000,Freight Vietnam
,,Top,Top Cost Center,CC_COGS,Cost of Goods Sold,CC_OthCOGS,Other Cost of Goods Sold,CC_OthCOGSMisc,Other Miscellaneous Cost of Goods Sold (C06),XVN63601,Other cost Vietnam
,,Top,Top Cost Center,CC_COGS,Cost of Goods Sold,CC_ProductWriteoffs,Product Write-offs,CC_Obsolescence,Obsolescence (C08),XVN65500,Obsolecence Vietnam
Top,Top Cost Center,CC_SGA,"Selling, General and Administrative",CC_SalesandMkt,Sales and Marketing,CC_Marketing,Marketing,CC_Promotions,Promotions (M08),XVN73321,PROMO - ASPARTA - VN
Top,Top Cost Center,CC_SGA,"Selling, General and Administrative",CC_SalesandMkt,Sales and Marketing,CC_Marketing,Marketing,CC_Promotions,Promotions (M08),XVN73323,PROMO  STEVIA VN
Top,Top Cost Center,CC_SGA,"Selling, General and Administrative",CC_SalesandMkt,Sales and Marketing,CC_Marketing,Marketing,CC_Promotions,Promotions (M08),XVN73324,PROMO - GOLD - VN
Top,Top Cost Center,CC_SGA,"Selling, General and Administrative",CC_SalesandMkt,Sales and Marketing,CC_Marketing,Marketing,CC_Promotions,Promotions (M08),XVN73326,PROMO - 3-IN-1 - VN
Top,Top Cost Center,CC_COGS,Cost of Goods Sold,CC_DistrCOGS,Cost of Goods Sold Distribution,CC_Freight,Freight,CC_Shipping,Shipping (C02),XZA61000,Freight ZA
,,Top,Top Cost Center,CC_COGS,Cost of Goods Sold,CC_OthCOGS,Other Cost of Goods Sold,CC_OthCOGSMisc,Other Miscellaneous Cost of Goods Sold (C06),XZA63601,Other cost ZA
,,Top,Top Cost Center,CC_COGS,Cost of Goods Sold,CC_ProductWriteoffs,Product Write-offs,CC_Obsolescence,Obsolescence (C08),XZA65500,Obsolecence
,,Top,Top Cost Center,CC_COGS,Cost of Goods Sold,CC_SupplyChainVar,Supply Chain Variances,CC_VarToStd,Variance to Standard (C26),XZA67910,Manual  PPV ZA
Top,Top Cost Center,CC_SGA,"Selling, General and Administrative",CC_SalesandMkt,Sales and Marketing,CC_Marketing,Marketing,CC_MktResearch,Market Research (M04),XZA72110,Market Research RSA
Top,Top Cost Center,CC_SGA,"Selling, General and Administrative",CC_SalesandMkt,Sales and Marketing,CC_Marketing,Marketing,CC_Advertising,Advertising (M06),XZA72410,Advertising RSA
Top,Top Cost Center,CC_SGA,"Selling, General and Administrative",CC_SalesandMkt,Sales and Marketing,CC_SalesMktgAdmin,Sales and Marketing Administration,CC_FieldOps,Field Operations (M02 & M13),XZA72510,Sales Admin South SA
Top,Top Cost Center,CC_SGA,"Selling, General and Administrative",CC_SalesandMkt,Sales and Marketing,CC_Marketing,Marketing,CC_PR,Public Relations (M05),XZA73010,Public Relations RSA
Top,Top Cost Center,CC_SGA,"Selling, General and Administrative",CC_SalesandMkt,Sales and Marketing,CC_Marketing,Marketing,CC_MktgMisc,Miscellaneous Marketing Expense (M17),XZA73227,Misc Marketing RSA
Top,Top Cost Center,CC_SGA,"Selling, General and Administrative",CC_Admin,Administration,CC_Finance,Finance,CC_FinAcctgAudit,"Finance, Accounting and Auditing (A02)",XZA73910,South Africa finance
,,Top,Top Cost Center,CC_SGA,"Selling, General and Administrative",CC_Admin,Administration,CC_Legal,Legal (A04),XZA74101,LEGAL SERVICES SA
Top,Top Cost Center,CC_COGS,Cost of Goods Sold,CC_DistrCOGS,Cost of Goods Sold Distribution,CC_Freight,Freight,CC_Shipping,Shipping (C02),ZAR61001,FREIGHTS LIQUID
Top,Top Cost Center,CC_COGS,Cost of Goods Sold,CC_DistrCOGS,Cost of Goods Sold Distribution,CC_Freight,Freight,CC_Shipping,Shipping (C02),ZAR61002,FREIGHTS POWDERS
Top,Top Cost Center,CC_COGS,Cost of Goods Sold,CC_DistrCOGS,Cost of Goods Sold Distribution,CC_Freight,Freight,CC_Shipping,Shipping (C02),ZAR61003,FREIGHTS TABLETS
Top,Top Cost Center,CC_COGS,Cost of Goods Sold,CC_DistrCOGS,Cost of Goods Sold Distribution,CC_Freight,Freight,CC_Shipping,Shipping (C02),ZAR61010,FREIGHTS TO EXPORT
,,Top,Top Cost Center,CC_COGS,Cost of Goods Sold,CC_DistrCOGS,Cost of Goods Sold Distribution,CC_Warehousing,Warehousing (C03),ZAR62001,WAREHOUSING LIQUID
,,Top,Top Cost Center,CC_COGS,Cost of Goods Sold,CC_DistrCOGS,Cost of Goods Sold Distribution,CC_Warehousing,Warehousing (C03),ZAR62002,WAREHOUSING POWDERS
,,Top,Top Cost Center,CC_COGS,Cost of Goods Sold,CC_DistrCOGS,Cost of Goods Sold Distribution,CC_Warehousing,Warehousing (C03),ZAR62003,WAREHOUSING TABLETS
,,Top,Top Cost Center,CC_COGS,Cost of Goods Sold,CC_DistrCOGS,Cost of Goods Sold Distribution,CC_Warehousing,Warehousing (C03),ZAR62010,WAREHOUSING INTL
,,Top,Top Cost Center,CC_COGS,Cost of Goods Sold,CC_OthCOGS,Other Cost of Goods Sold,CC_CurrencyAPM,Currency gain/loss on APM purchases (C20),ZAR63600,TAX TO PERU
,,Top,Top Cost Center,CC_COGS,Cost of Goods Sold,CC_OthCOGS,Other Cost of Goods Sold,CC_OthCOGSMisc,Other Miscellaneous Cost of Goods Sold (C06),ZAR63601,TAX TO SUDAFRICA
,,Top,Top Cost Center,CC_COGS,Cost of Goods Sold,CC_OthCOGS,Other Cost of Goods Sold,CC_OthCOGSMisc,Other Miscellaneous Cost of Goods Sold (C06),ZAR63603,TAX TO CHILE
,,Top,Top Cost Center,CC_COGS,Cost of Goods Sold,CC_OthCOGS,Other Cost of Goods Sold,CC_OthCOGSMisc,Other Miscellaneous Cost of Goods Sold (C06),ZAR63604,TAX TO COLOMBIA
,,Top,Top Cost Center,CC_COGS,Cost of Goods Sold,CC_OthCOGS,Other Cost of Goods Sold,CC_OthCOGSMisc,Other Miscellaneous Cost of Goods Sold (C06),ZAR63606,TAX TO MEXICO
,,Top,Top Cost Center,CC_COGS,Cost of Goods Sold,CC_OthCOGS,Other Cost of Goods Sold,CC_OthCOGSMisc,Other Miscellaneous Cost of Goods Sold (C06),ZAR63610,TAX TO ECUADOR
,,Top,Top Cost Center,CC_COGS,Cost of Goods Sold,CC_OthCOGS,Other Cost of Goods Sold,CC_OthCOGSMisc,Other Miscellaneous Cost of Goods Sold (C06),ZAR63611,TAX TO GUATEMALA
,,Top,Top Cost Center,CC_COGS,Cost of Goods Sold,CC_OthCOGS,Other Cost of Goods Sold,CC_OthCOGSMisc,Other Miscellaneous Cost of Goods Sold (C06),ZAR63615,TAX TO CANADA
,,Top,Top Cost Center,CC_COGS,Cost of Goods Sold,CC_OthCOGS,Other Cost of Goods Sold,CC_OthCOGSMisc,Other Miscellaneous Cost of Goods Sold (C06),ZAR63616,TAX TO CANADA
,,Top,Top Cost Center,CC_COGS,Cost of Goods Sold,CC_OthCOGS,Other Cost of Goods Sold,CC_OthCOGSMisc,Other Miscellaneous Cost of Goods Sold (C06),ZAR63700,TOLLING / MAQUILA
,,Top,Top Cost Center,CC_COGS,Cost of Goods Sold,CC_ProductWriteoffs,Product Write-offs,CC_Obsolescence,Obsolescence (C08),ZAR65500,SCRAP / OBSOLESCENCE
,,Top,Top Cost Center,CC_COGS,Cost of Goods Sold,CC_OthCOGS,Other Cost of Goods Sold,CC_COGSAdmin,Cost of Goods Sold Administration (C10),ZAR66110,Manufacturing LA/PAC
,,Top,Top Cost Center,CC_COGS,Cost of Goods Sold,CC_ProductWriteoffs,Product Write-offs,CC_StockAdj,Stock Adjustments (C12),ZAR66500,AJUSTE DE INVENTARIO
,,Top,Top Cost Center,CC_COGS,Cost of Goods Sold,CC_SupplyChainVar,Supply Chain Variances,CC_InvtyReval,Inventory Revaluation (C15),ZAR67100,Inventory revaluatio
,,Top,Top Cost Center,CC_COGS,Cost of Goods Sold,CC_SupplyChainVar,Supply Chain Variances,CC_VarToStd,Variance to Standard (C26),ZAR67900,VARIACIONES PRECIO
,,Top,Top Cost Center,CC_COGS,Cost of Goods Sold,CC_SupplyChainVar,Supply Chain Variances,CC_MfgSpendVar,Manufacturing Spend Variance (Production Clearing) (PRD),ZAR83000,Sachet Line
,,Top,Top Cost Center,CC_COGS,Cost of Goods Sold,CC_SupplyChainVar,Supply Chain Variances,CC_MfgSpendVar,Manufacturing Spend Variance (Production Clearing) (PRD),ZAR83200,Liquid Line
,,Top,Top Cost Center,CC_COGS,Cost of Goods Sold,CC_OthCOGS,Other Cost of Goods Sold,CC_OthCOGSMisc,Other Miscellaneous Cost of Goods Sold (C06),ZCB63601,Other COGS
Top,Top Cost Center,CC_COGS,Cost of Goods Sold,CC_DistrCOGS,Cost of Goods Sold Distribution,CC_Freight,Freight,CC_Shipping,Shipping (C02),ZCN61170,Distribution Costs
,,Top,Top Cost Center,CC_COGS,Cost of Goods Sold,CC_DistrCOGS,Cost of Goods Sold Distribution,CC_Warehousing,Warehousing (C03),ZCN62000,Warehousing Costs
,,Top,Top Cost Center,CC_COGS,Cost of Goods Sold,CC_OthCOGS,Other Cost of Goods Sold,CC_OthCOGSMisc,Other Miscellaneous Cost of Goods Sold (C06),ZCN63601,CHINA OTHER COGS
,,Top,Top Cost Center,CC_COGS,Cost of Goods Sold,CC_OthCOGS,Other Cost of Goods Sold,CC_COGSAdmin,Cost of Goods Sold Administration (C10),ZCN66100,China SC Admin
,,Top,Top Cost Center,CC_COGS,Cost of Goods Sold,CC_StdCOGS,Standard Cost of Goods Sold,CC_InvtyRevalTrPr,Inventory Revaluation at Transfer Price (LRD) (C22),ZCN66300,Inventory Revaluation CN
,,Top,Top Cost Center,CC_COGS,Cost of Goods Sold,CC_SupplyChainVar,Supply Chain Variances,CC_InvtyReval,Inventory Revaluation (C15),ZCN67100,Inventory revaluation
Top,Top Cost Center,CC_SGA,"Selling, General and Administrative",CC_SalesandMkt,Sales and Marketing,CC_SalesMktgAdmin,Sales and Marketing Administration,CC_MktgAdmin,Marketing Administration (MKT & M12),ZCN72000,China Mark Admin
Top,Top Cost Center,CC_SGA,"Selling, General and Administrative",CC_SalesandMkt,Sales and Marketing,CC_SalesMktgAdmin,Sales and Marketing Administration,CC_MktgAdmin,Marketing Administration (MKT & M12),ZCN72050,China Mark Addmin
Top,Top Cost Center,CC_SGA,"Selling, General and Administrative",CC_SalesandMkt,Sales and Marketing,CC_Marketing,Marketing,CC_Promotions,Promotions (M08),ZCN73321,CHINA BRAND SUPPORT
,,Top,Top Cost Center,CC_SGA,"Selling, General and Administrative",CC_Admin,Administration,CC_Facilities,General Office and Facilities (A17),ZCN73801,Office Facilities
Top,Top Cost Center,CC_SGA,"Selling, General and Administrative",CC_Admin,Administration,CC_Finance,Finance,CC_FinAcctgAudit,"Finance, Accounting and Auditing (A02)",ZCN73900,China Controllers
,,Top,Top Cost Center,CC_SGA,"Selling, General and Administrative",CC_Admin,Administration,CC_Legal,Legal (A04),ZCN74100,China Legal
