level_1,level_1_desc,level_2,level_2_desc,level_3,level_3_desc,level_4,level_4_desc,level_5,level_5_desc,level_6,level_6_desc,level_7,level_7_desc,level_8,level_8_desc,level_9,level_9_desc,level_10,level_10_desc,level_11,level_11_desc,level_12,level_12_desc,level_13,level_13_desc,leaf,leaf_desc
,,,,,,,,,,,,Top,Top Accounts,Trial_Balance,Trial Balance,BS,Balance Sheet,Assets,Assets,Cur_Assets,Current Assets,Cash_and_Cash_Equiv,Cash and Cash Equivalents,Cash,Cash,1100000,Cash on Hand
,,,,,,,,,,,,Top,Top Accounts,Trial_Balance,Trial Balance,BS,Balance Sheet,Assets,Assets,Cur_Assets,Current Assets,Cash_and_Cash_Equiv,Cash and Cash Equivalents,Cash,Cash,1100010,Cash - Concentration/Main
,,,,,,,,,,,,Top,Top Accounts,Trial_Balance,Trial Balance,BS,Balance Sheet,Assets,Assets,Cur_Assets,Current Assets,Cash_and_Cash_Equiv,Cash and Cash Equivalents,Cash,Cash,1100020,Lockbox
,,,,,,,,,,,,Top,Top Accounts,Trial_Balance,Trial Balance,BS,Balance Sheet,Assets,Assets,Cur_Assets,Current Assets,Cash_and_Cash_Equiv,Cash and Cash Equivalents,Cash,Cash,1100030,Cash - Payroll
,,,,,,,,,,,,Top,Top Accounts,Trial_Balance,Trial Balance,BS,Balance Sheet,Assets,Assets,Cur_Assets,Current Assets,Cash_and_Cash_Equiv,Cash and Cash Equivalents,Cash,Cash,1100040,Cash - Accounts Payable
,,,,,,,,,,,,Top,Top Accounts,Trial_Balance,Trial Balance,BS,Balance Sheet,Assets,Assets,Cur_Assets,Current Assets,Cash_and_Cash_Equiv,Cash and Cash Equivalents,Cash,Cash,1100050,Cash Clearing
,,,,,,,,,,,,Top,Top Accounts,Trial_Balance,Trial Balance,BS,Balance Sheet,Assets,Assets,Cur_Assets,Current Assets,Cash_and_Cash_Equiv,Cash and Cash Equivalents,Cash,Cash,1100060,Other Cash and Cash Equivalents
,,,,,,,,,,,,Top,Top Accounts,Trial_Balance,Trial Balance,BS,Balance Sheet,Assets,Assets,Cur_Assets,Current Assets,Cash_and_Cash_Equiv,Cash and Cash Equivalents,Cash,Cash,1100070,Manual Negative Cash Adjustment
,,,,,,,,,,,,Top,Top Accounts,Trial_Balance,Trial Balance,BS,Balance Sheet,Assets,Assets,Cur_Assets,Current Assets,Cash_and_Cash_Equiv,Cash and Cash Equivalents,Cash,Cash,1100080,Cash In Transit - Intercompany
,,,,,,,,,,,,Top,Top Accounts,Trial_Balance,Trial Balance,BS,Balance Sheet,Assets,Assets,Cur_Assets,Current Assets,Cash_and_Cash_Equiv,Cash and Cash Equivalents,Cash,Cash,1100090,Receipts in Process
,,,,,,,,,,,,Top,Top Accounts,Trial_Balance,Trial Balance,BS,Balance Sheet,Assets,Assets,Cur_Assets,Current Assets,Cash_and_Cash_Equiv,Cash and Cash Equivalents,Cash,Cash,1105000,Restricted Cash
,,,,,,,,Top,Top Accounts,Trial_Balance,Trial Balance,BS,Balance Sheet,Assets,Assets,Cur_Assets,Current Assets,Receivables,"Accounts Receivable, Net",Trade_AR_and_NR_Net,Net Trade and Notes Receivable,Trade_AR_Net,Net Trade Accounts Receivable,Trade_AR_Gross,Gross Trade Accounts Receivable,1150000,Trade Accounts Receivable
,,,,,,,,Top,Top Accounts,Trial_Balance,Trial Balance,BS,Balance Sheet,Assets,Assets,Cur_Assets,Current Assets,Receivables,"Accounts Receivable, Net",Trade_AR_and_NR_Net,Net Trade and Notes Receivable,Trade_AR_Net,Net Trade Accounts Receivable,Trade_AR_Gross,Gross Trade Accounts Receivable,1150010,Accounts Receivable - In Transit
,,,,,,,,Top,Top Accounts,Trial_Balance,Trial Balance,BS,Balance Sheet,Assets,Assets,Cur_Assets,Current Assets,Receivables,"Accounts Receivable, Net",Trade_AR_and_NR_Net,Net Trade and Notes Receivable,Trade_AR_Net,Net Trade Accounts Receivable,Trade_AR_Gross,Gross Trade Accounts Receivable,1150020,Accounts Receivable - Clearing
,,,,,,,,Top,Top Accounts,Trial_Balance,Trial Balance,BS,Balance Sheet,Assets,Assets,Cur_Assets,Current Assets,Receivables,"Accounts Receivable, Net",Trade_AR_and_NR_Net,Net Trade and Notes Receivable,Trade_AR_Net,Net Trade Accounts Receivable,Trade_AR_Gross,Gross Trade Accounts Receivable,1150030,Accounts Receivable - Purchase Price Adjustment
,,,,,,,,Top,Top Accounts,Trial_Balance,Trial Balance,BS,Balance Sheet,Assets,Assets,Cur_Assets,Current Assets,Receivables,"Accounts Receivable, Net",Trade_AR_and_NR_Net,Net Trade and Notes Receivable,Trade_AR_Net,Net Trade Accounts Receivable,Trade_AR_Gross,Gross Trade Accounts Receivable,1150040,Accounts Receivable - Export
,,,,,,,,Top,Top Accounts,Trial_Balance,Trial Balance,BS,Balance Sheet,Assets,Assets,Cur_Assets,Current Assets,Receivables,"Accounts Receivable, Net",Trade_AR_and_NR_Net,Net Trade and Notes Receivable,Trade_AR_Net,Net Trade Accounts Receivable,Trade_AR_Deducts,Deductions for Trade Accounts Receivable,1151000,Allowance for Doubtful Accounts - Trade Accounts Receivable
,,,,,,,,Top,Top Accounts,Trial_Balance,Trial Balance,BS,Balance Sheet,Assets,Assets,Cur_Assets,Current Assets,Receivables,"Accounts Receivable, Net",Trade_AR_and_NR_Net,Net Trade and Notes Receivable,Trade_AR_Net,Net Trade Accounts Receivable,Trade_AR_Deducts,Deductions for Trade Accounts Receivable,1151010,Reserve for Sales Returns
,,,,,,,,Top,Top Accounts,Trial_Balance,Trial Balance,BS,Balance Sheet,Assets,Assets,Cur_Assets,Current Assets,Receivables,"Accounts Receivable, Net",Trade_AR_and_NR_Net,Net Trade and Notes Receivable,Trade_AR_Net,Net Trade Accounts Receivable,Trade_AR_Deducts,Deductions for Trade Accounts Receivable,1151020,Reserve for Cash Discounts
,,,,,,,,Top,Top Accounts,Trial_Balance,Trial Balance,BS,Balance Sheet,Assets,Assets,Cur_Assets,Current Assets,Receivables,"Accounts Receivable, Net",Trade_AR_and_NR_Net,Net Trade and Notes Receivable,Trade_AR_Net,Net Trade Accounts Receivable,Trade_AR_Deducts,Deductions for Trade Accounts Receivable,1151030,Trade Promotion Deductions
,,,,,,,,,,Top,Top Accounts,Trial_Balance,Trial Balance,BS,Balance Sheet,Assets,Assets,Cur_Assets,Current Assets,Receivables,"Accounts Receivable, Net",Trade_AR_and_NR_Net,Net Trade and Notes Receivable,NR_Net,Net Trade Notes Receivable,1152000,Gross Trade Notes Receivable
,,,,,,,,,,Top,Top Accounts,Trial_Balance,Trial Balance,BS,Balance Sheet,Assets,Assets,Cur_Assets,Current Assets,Receivables,"Accounts Receivable, Net",Trade_AR_and_NR_Net,Net Trade and Notes Receivable,NR_Net,Net Trade Notes Receivable,1152500,Deductions for Trade Notes Receivable
,,,,,,,,,,,,Top,Top Accounts,Trial_Balance,Trial Balance,BS,Balance Sheet,Assets,Assets,Cur_Assets,Current Assets,Receivables,"Accounts Receivable, Net",Oth_Rec,Other Receivables,1153000,Employee Receivables
,,,,,,,,,,,,,,Top,Top Accounts,Trial_Balance,Trial Balance,BS,Balance Sheet,Assets,Assets,Cur_Assets,Current Assets,IC_Rec_Net,Intercompany Receivables,1160000,Accounts Receivable Intercompany
,,,,,,,,,,Top,Top Accounts,Trial_Balance,Trial Balance,BS,Balance Sheet,Assets,Assets,Cur_Assets,Current Assets,Inventory,Inventories,RM_Inventory,Inventory - Raw Materials,RM,Raw Materials,1201000,Raw Material Inventory
,,,,,,,,,,Top,Top Accounts,Trial_Balance,Trial Balance,BS,Balance Sheet,Assets,Assets,Cur_Assets,Current Assets,Inventory,Inventories,RM_Inventory,Inventory - Raw Materials,RM,Raw Materials,1201010,Inventory In Transit - Raw Materials
,,,,,,,,,,Top,Top Accounts,Trial_Balance,Trial Balance,BS,Balance Sheet,Assets,Assets,Cur_Assets,Current Assets,Inventory,Inventories,RM_Inventory,Inventory - Raw Materials,RM_Oth,Raw Materials - Other,1201400,Packaging and Supplies Inventory
,,,,,,,,,,Top,Top Accounts,Trial_Balance,Trial Balance,BS,Balance Sheet,Assets,Assets,Cur_Assets,Current Assets,Inventory,Inventories,RM_Inventory,Inventory - Raw Materials,RM_Reserve_and_Adj,Raw Material Reserves and Adjustments,1201500,Purchase Accounting Adjustment - Raw Materials
,,,,,,,,,,Top,Top Accounts,Trial_Balance,Trial Balance,BS,Balance Sheet,Assets,Assets,Cur_Assets,Current Assets,Inventory,Inventories,RM_Inventory,Inventory - Raw Materials,RM_Reserve_and_Adj,Raw Material Reserves and Adjustments,1201510,"Obsolescence, Excess and Slow Moving Reserve - Raw Materials"
,,,,,,,,,,Top,Top Accounts,Trial_Balance,Trial Balance,BS,Balance Sheet,Assets,Assets,Cur_Assets,Current Assets,Inventory,Inventories,RM_Inventory,Inventory - Raw Materials,RM_Reserve_and_Adj,Raw Material Reserves and Adjustments,1201520,Standard Revision - Raw Materials
,,,,,,,,,,Top,Top Accounts,Trial_Balance,Trial Balance,BS,Balance Sheet,Assets,Assets,Cur_Assets,Current Assets,Inventory,Inventories,WIP_Inventory,Inventory - Work in Process,WIP,Work in Process,1202000,Work in Process Inventory
,,,,,,,,,,Top,Top Accounts,Trial_Balance,Trial Balance,BS,Balance Sheet,Assets,Assets,Cur_Assets,Current Assets,Inventory,Inventories,WIP_Inventory,Inventory - Work in Process,WIP,Work in Process,1202010,Inventory In Transit - Work in Process
,,,,,,,,,,Top,Top Accounts,Trial_Balance,Trial Balance,BS,Balance Sheet,Assets,Assets,Cur_Assets,Current Assets,Inventory,Inventories,WIP_Inventory,Inventory - Work in Process,WIP_Reserve_and_Adj,Work in Process Reserves and Adjustments,1202500,Purchase Accounting Adjustment - Work in Process
,,,,,,,,,,Top,Top Accounts,Trial_Balance,Trial Balance,BS,Balance Sheet,Assets,Assets,Cur_Assets,Current Assets,Inventory,Inventories,WIP_Inventory,Inventory - Work in Process,WIP_Reserve_and_Adj,Work in Process Reserves and Adjustments,1202510,"Obsolescence, Excess and Slow Moving, Excess and Slow Moving Reserve - Work in Process"
,,,,,,,,,,Top,Top Accounts,Trial_Balance,Trial Balance,BS,Balance Sheet,Assets,Assets,Cur_Assets,Current Assets,Inventory,Inventories,WIP_Inventory,Inventory - Work in Process,WIP_Reserve_and_Adj,Work in Process Reserves and Adjustments,1202520,Standard Revision - Work in Process
,,,,,,,,,,Top,Top Accounts,Trial_Balance,Trial Balance,BS,Balance Sheet,Assets,Assets,Cur_Assets,Current Assets,Inventory,Inventories,FG_Inventory,Inventory - Finished Goods,FG,Finished Goods,1203000,Finished Goods Inventory
,,,,,,,,,,Top,Top Accounts,Trial_Balance,Trial Balance,BS,Balance Sheet,Assets,Assets,Cur_Assets,Current Assets,Inventory,Inventories,FG_Inventory,Inventory - Finished Goods,FG,Finished Goods,1203010,Inventory In Transit - Finished Goods
,,,,,,,,,,Top,Top Accounts,Trial_Balance,Trial Balance,BS,Balance Sheet,Assets,Assets,Cur_Assets,Current Assets,Inventory,Inventories,FG_Inventory,Inventory - Finished Goods,FG_Reserve_and_Adj,Finished Goods Reserves and Adjustments,1203500,Purchase Accounting Adjustment - Finished Goods
,,,,,,,,,,Top,Top Accounts,Trial_Balance,Trial Balance,BS,Balance Sheet,Assets,Assets,Cur_Assets,Current Assets,Inventory,Inventories,FG_Inventory,Inventory - Finished Goods,FG_Reserve_and_Adj,Finished Goods Reserves and Adjustments,1203510,"Obsolescence, Excess and Slow Moving Reserve - Finished Goods"
,,,,,,,,,,Top,Top Accounts,Trial_Balance,Trial Balance,BS,Balance Sheet,Assets,Assets,Cur_Assets,Current Assets,Inventory,Inventories,FG_Inventory,Inventory - Finished Goods,FG_Reserve_and_Adj,Finished Goods Reserves and Adjustments,1203520,Standard Revision - Finished Goods
,,,,,,,,,,,,Top,Top Accounts,Trial_Balance,Trial Balance,BS,Balance Sheet,Assets,Assets,Cur_Assets,Current Assets,Inventory,Inventories,FG_Inventory,Inventory - Finished Goods,1203900,Profit in Inventory
,,,,,,,,,,,,Top,Top Accounts,Trial_Balance,Trial Balance,BS,Balance Sheet,Assets,Assets,Cur_Assets,Current Assets,Prepaids_and_OCA,Prepaid Expenses and Other Current Assets,Prepaids,Prepaid Expenses,1250100,Prepaid Insurance
,,,,,,,,,,,,Top,Top Accounts,Trial_Balance,Trial Balance,BS,Balance Sheet,Assets,Assets,Cur_Assets,Current Assets,Prepaids_and_OCA,Prepaid Expenses and Other Current Assets,Prepaids,Prepaid Expenses,1250110,"Prepaid Advertising, Promotions and Marketing"
,,,,,,,,,,,,Top,Top Accounts,Trial_Balance,Trial Balance,BS,Balance Sheet,Assets,Assets,Cur_Assets,Current Assets,Prepaids_and_OCA,Prepaid Expenses and Other Current Assets,Prepaids,Prepaid Expenses,1250120,Prepaid Contracts and Services
,,,,,,,,,,,,Top,Top Accounts,Trial_Balance,Trial Balance,BS,Balance Sheet,Assets,Assets,Cur_Assets,Current Assets,Prepaids_and_OCA,Prepaid Expenses and Other Current Assets,Prepaids,Prepaid Expenses,1250800,Prepaid Management Fee
,,,,,,,,,,,,Top,Top Accounts,Trial_Balance,Trial Balance,BS,Balance Sheet,Assets,Assets,Cur_Assets,Current Assets,Prepaids_and_OCA,Prepaid Expenses and Other Current Assets,Prepaids,Prepaid Expenses,1250900,Prepaid Other
,,,,,,,,Top,Top Accounts,Trial_Balance,Trial Balance,BS,Balance Sheet,Assets,Assets,Cur_Assets,Current Assets,Prepaids_and_OCA,Prepaid Expenses and Other Current Assets,OCA,Other Current Assets,Oth_NonTrade_Rec,Other Non-Trade Receivables,Inc_Tax_Rec,Income Tax Receivables,1300010,Income Tax Receivable
,,,,,,,,Top,Top Accounts,Trial_Balance,Trial Balance,BS,Balance Sheet,Assets,Assets,Cur_Assets,Current Assets,Prepaids_and_OCA,Prepaid Expenses and Other Current Assets,OCA,Other Current Assets,Oth_NonTrade_Rec,Other Non-Trade Receivables,Oth_NonInc_Tax_Rec,Other Non-Income Taxes Receivable,1300610,Duties Receivable
,,,,,,,,Top,Top Accounts,Trial_Balance,Trial Balance,BS,Balance Sheet,Assets,Assets,Cur_Assets,Current Assets,Prepaids_and_OCA,Prepaid Expenses and Other Current Assets,OCA,Other Current Assets,Oth_NonTrade_Rec,Other Non-Trade Receivables,Oth_NonInc_Tax_Rec,Other Non-Income Taxes Receivable,1300620,Value Added Tax (VAT) Receivable
,,,,,,,,Top,Top Accounts,Trial_Balance,Trial Balance,BS,Balance Sheet,Assets,Assets,Cur_Assets,Current Assets,Prepaids_and_OCA,Prepaid Expenses and Other Current Assets,OCA,Other Current Assets,Oth_NonTrade_Rec,Other Non-Trade Receivables,Oth_NonInc_Tax_Rec,Other Non-Income Taxes Receivable,1300630,Other Taxes Receivable
,,,,,,,,Top,Top Accounts,Trial_Balance,Trial Balance,BS,Balance Sheet,Assets,Assets,Cur_Assets,Current Assets,Prepaids_and_OCA,Prepaid Expenses and Other Current Assets,OCA,Other Current Assets,Oth_NonTrade_Rec,Other Non-Trade Receivables,Oth_NonInc_Tax_Rec,Other Non-Income Taxes Receivable,1300640,Withholding Tax Receivables
,,,,,,,,Top,Top Accounts,Trial_Balance,Trial Balance,BS,Balance Sheet,Assets,Assets,Cur_Assets,Current Assets,Prepaids_and_OCA,Prepaid Expenses and Other Current Assets,OCA,Other Current Assets,Oth_NonTrade_Rec,Other Non-Trade Receivables,Deposits_and_Misc_NonTrade_Rec,Deposits and Miscellaneous Non-Trade Receivables,1300700,Deposits - Current
,,,,,,,,Top,Top Accounts,Trial_Balance,Trial Balance,BS,Balance Sheet,Assets,Assets,Cur_Assets,Current Assets,Prepaids_and_OCA,Prepaid Expenses and Other Current Assets,OCA,Other Current Assets,Oth_NonTrade_Rec,Other Non-Trade Receivables,Deposits_and_Misc_NonTrade_Rec,Deposits and Miscellaneous Non-Trade Receivables,1300900,Other Miscellaneous Receivables - Non-Trade
,,,,,,,,,,Top,Top Accounts,Trial_Balance,Trial Balance,BS,Balance Sheet,Assets,Assets,Cur_Assets,Current Assets,Prepaids_and_OCA,Prepaid Expenses and Other Current Assets,OCA,Other Current Assets,Assets_Held_for_Sale_Cur,Current Assets Held for Sale,1350000,Assets Held for Sale - Current 
,,,,,,,,,,Top,Top Accounts,Trial_Balance,Trial Balance,BS,Balance Sheet,Assets,Assets,Cur_Assets,Current Assets,Prepaids_and_OCA,Prepaid Expenses and Other Current Assets,OCA,Other Current Assets,Derivative_Asset_Cur,Derivative Assets - Current,1360000,Cash Flow Hedge - Current Assets
,,,,,,,,,,Top,Top Accounts,Trial_Balance,Trial Balance,BS,Balance Sheet,Assets,Assets,Cur_Assets,Current Assets,Prepaids_and_OCA,Prepaid Expenses and Other Current Assets,OCA,Other Current Assets,Derivative_Asset_Cur,Derivative Assets - Current,1360010,Fair Value Hedge - Current Assets
,,,,,,,,,,Top,Top Accounts,Trial_Balance,Trial Balance,BS,Balance Sheet,Assets,Assets,Cur_Assets,Current Assets,Prepaids_and_OCA,Prepaid Expenses and Other Current Assets,OCA,Other Current Assets,Derivative_Asset_Cur,Derivative Assets - Current,1360020,Interest Rate Swap - Current
,,,,,,,,,,Top,Top Accounts,Trial_Balance,Trial Balance,BS,Balance Sheet,Assets,Assets,Cur_Assets,Current Assets,Prepaids_and_OCA,Prepaid Expenses and Other Current Assets,OCA,Other Current Assets,Derivative_Asset_Cur,Derivative Assets - Current,1360030,Commodity Swap Contract - Current
,,,,,,,,,,Top,Top Accounts,Trial_Balance,Trial Balance,BS,Balance Sheet,Assets,Assets,Cur_Assets,Current Assets,Prepaids_and_OCA,Prepaid Expenses and Other Current Assets,OCA,Other Current Assets,Misc_Cur_Assets,Current Assets - Miscellaneous,1371000,Deferred Debt Issuance Costs - ST
,,,,,,,,,,Top,Top Accounts,Trial_Balance,Trial Balance,BS,Balance Sheet,Assets,Assets,Cur_Assets,Current Assets,Prepaids_and_OCA,Prepaid Expenses and Other Current Assets,OCA,Other Current Assets,Misc_Cur_Assets,Current Assets - Miscellaneous,1379900,Miscellaneous Current Assets
,,,,,,,,,,,,Top,Top Accounts,Trial_Balance,Trial Balance,BS,Balance Sheet,Assets,Assets,NC_Assets,Non-Current Assets,PPE_Net,"Property, Plant and Equipment, Net",PPE_Land,Land Assets,1500000,Land
,,,,,,,,,,,,Top,Top Accounts,Trial_Balance,Trial Balance,BS,Balance Sheet,Assets,Assets,NC_Assets,Non-Current Assets,PPE_Net,"Property, Plant and Equipment, Net",PPE_CIP,Construction in Progress Assets,1510000,Construction in Progress
,,,,,,,,Top,Top Accounts,Trial_Balance,Trial Balance,BS,Balance Sheet,Assets,Assets,NC_Assets,Non-Current Assets,PPE_Net,"Property, Plant and Equipment, Net",PPE_Depreciable_Net,"Net Depreciable Property, Plant and Equipment",PPE_Depreciable_Gross,"Gross Depreciable Property, Plant and Equipment",PPE_ME,"Machinery, Equipment and Other",1520000,Machinery and Equipment
,,,,,,,,Top,Top Accounts,Trial_Balance,Trial Balance,BS,Balance Sheet,Assets,Assets,NC_Assets,Non-Current Assets,PPE_Net,"Property, Plant and Equipment, Net",PPE_Depreciable_Net,"Net Depreciable Property, Plant and Equipment",PPE_Depreciable_Gross,"Gross Depreciable Property, Plant and Equipment",PPE_ME,"Machinery, Equipment and Other",1520010,Computer Equipment
,,,,,,,,Top,Top Accounts,Trial_Balance,Trial Balance,BS,Balance Sheet,Assets,Assets,NC_Assets,Non-Current Assets,PPE_Net,"Property, Plant and Equipment, Net",PPE_Depreciable_Net,"Net Depreciable Property, Plant and Equipment",PPE_Depreciable_Gross,"Gross Depreciable Property, Plant and Equipment",PPE_ME,"Machinery, Equipment and Other",1520020,Laboratory Equipment
,,,,,,,,Top,Top Accounts,Trial_Balance,Trial Balance,BS,Balance Sheet,Assets,Assets,NC_Assets,Non-Current Assets,PPE_Net,"Property, Plant and Equipment, Net",PPE_Depreciable_Net,"Net Depreciable Property, Plant and Equipment",PPE_Depreciable_Gross,"Gross Depreciable Property, Plant and Equipment",PPE_ME,"Machinery, Equipment and Other",1520030,Office Equipment
,,,,,,,,Top,Top Accounts,Trial_Balance,Trial Balance,BS,Balance Sheet,Assets,Assets,NC_Assets,Non-Current Assets,PPE_Net,"Property, Plant and Equipment, Net",PPE_Depreciable_Net,"Net Depreciable Property, Plant and Equipment",PPE_Depreciable_Gross,"Gross Depreciable Property, Plant and Equipment",PPE_ME,"Machinery, Equipment and Other",1520040,Furniture and Fixtures
,,,,,,,,Top,Top Accounts,Trial_Balance,Trial Balance,BS,Balance Sheet,Assets,Assets,NC_Assets,Non-Current Assets,PPE_Net,"Property, Plant and Equipment, Net",PPE_Depreciable_Net,"Net Depreciable Property, Plant and Equipment",PPE_Depreciable_Gross,"Gross Depreciable Property, Plant and Equipment",PPE_ME,"Machinery, Equipment and Other",1520050,Transportation Equipment
,,,,,,,,Top,Top Accounts,Trial_Balance,Trial Balance,BS,Balance Sheet,Assets,Assets,NC_Assets,Non-Current Assets,PPE_Net,"Property, Plant and Equipment, Net",PPE_Depreciable_Net,"Net Depreciable Property, Plant and Equipment",PPE_Depreciable_Gross,"Gross Depreciable Property, Plant and Equipment",PPE_ME,"Machinery, Equipment and Other",1520900,Other Equipment
,,,,,,,,Top,Top Accounts,Trial_Balance,Trial Balance,BS,Balance Sheet,Assets,Assets,NC_Assets,Non-Current Assets,PPE_Net,"Property, Plant and Equipment, Net",PPE_Depreciable_Net,"Net Depreciable Property, Plant and Equipment",PPE_Depreciable_Gross,"Gross Depreciable Property, Plant and Equipment",PPE_ME,"Machinery, Equipment and Other",1521000,Software
,,,,,,,,Top,Top Accounts,Trial_Balance,Trial Balance,BS,Balance Sheet,Assets,Assets,NC_Assets,Non-Current Assets,PPE_Net,"Property, Plant and Equipment, Net",PPE_Depreciable_Net,"Net Depreciable Property, Plant and Equipment",PPE_Depreciable_Gross,"Gross Depreciable Property, Plant and Equipment",PPE_ME,"Machinery, Equipment and Other",1522000,Financing Lease Right-of-Use-Assets – Other
,,,,,,,,Top,Top Accounts,Trial_Balance,Trial Balance,BS,Balance Sheet,Assets,Assets,NC_Assets,Non-Current Assets,PPE_Net,"Property, Plant and Equipment, Net",PPE_Depreciable_Net,"Net Depreciable Property, Plant and Equipment",PPE_Depreciable_Gross,"Gross Depreciable Property, Plant and Equipment",PPE_Bldg,Buildings and Building Improvements,1530000,Buildings
,,,,,,,,Top,Top Accounts,Trial_Balance,Trial Balance,BS,Balance Sheet,Assets,Assets,NC_Assets,Non-Current Assets,PPE_Net,"Property, Plant and Equipment, Net",PPE_Depreciable_Net,"Net Depreciable Property, Plant and Equipment",PPE_Depreciable_Gross,"Gross Depreciable Property, Plant and Equipment",PPE_Bldg,Buildings and Building Improvements,1530010,Building Improvements
,,,,,,,,Top,Top Accounts,Trial_Balance,Trial Balance,BS,Balance Sheet,Assets,Assets,NC_Assets,Non-Current Assets,PPE_Net,"Property, Plant and Equipment, Net",PPE_Depreciable_Net,"Net Depreciable Property, Plant and Equipment",PPE_Depreciable_Gross,"Gross Depreciable Property, Plant and Equipment",PPE_Bldg,Buildings and Building Improvements,1530020,Leasehold Improvements
,,,,,,,,Top,Top Accounts,Trial_Balance,Trial Balance,BS,Balance Sheet,Assets,Assets,NC_Assets,Non-Current Assets,PPE_Net,"Property, Plant and Equipment, Net",PPE_Depreciable_Net,"Net Depreciable Property, Plant and Equipment",PPE_Depreciable_Gross,"Gross Depreciable Property, Plant and Equipment",PPE_Bldg,Buildings and Building Improvements,1530090,Financing Lease Right-of-Use-Assets – Property
,,,,,,,,Top,Top Accounts,Trial_Balance,Trial Balance,BS,Balance Sheet,Assets,Assets,NC_Assets,Non-Current Assets,PPE_Net,"Property, Plant and Equipment, Net",PPE_Depreciable_Net,"Net Depreciable Property, Plant and Equipment",PPE_Depreciable_Gross,"Gross Depreciable Property, Plant and Equipment",PPE_Unclassified,Unclassified Gross Fixed Assets,1559000,Gross Fixed Assets - Unclassified
,,,,,,,,Top,Top Accounts,Trial_Balance,Trial Balance,BS,Balance Sheet,Assets,Assets,NC_Assets,Non-Current Assets,PPE_Net,"Property, Plant and Equipment, Net",PPE_Depreciable_Net,"Net Depreciable Property, Plant and Equipment",Accum_Depr,Accumulated Depreciation,Accum_Depr_ME,Accumulated Depreciation - Machinery and Equipment and Other,1560000,Accumulated Depreciation - Machinery and Equipment
,,,,,,,,Top,Top Accounts,Trial_Balance,Trial Balance,BS,Balance Sheet,Assets,Assets,NC_Assets,Non-Current Assets,PPE_Net,"Property, Plant and Equipment, Net",PPE_Depreciable_Net,"Net Depreciable Property, Plant and Equipment",Accum_Depr,Accumulated Depreciation,Accum_Depr_ME,Accumulated Depreciation - Machinery and Equipment and Other,1560010,Accumulated Depreciation - Computer Equipment
,,,,,,,,Top,Top Accounts,Trial_Balance,Trial Balance,BS,Balance Sheet,Assets,Assets,NC_Assets,Non-Current Assets,PPE_Net,"Property, Plant and Equipment, Net",PPE_Depreciable_Net,"Net Depreciable Property, Plant and Equipment",Accum_Depr,Accumulated Depreciation,Accum_Depr_ME,Accumulated Depreciation - Machinery and Equipment and Other,1560020,Accumulated Depreciation - Laboratory Equipment
,,,,,,,,Top,Top Accounts,Trial_Balance,Trial Balance,BS,Balance Sheet,Assets,Assets,NC_Assets,Non-Current Assets,PPE_Net,"Property, Plant and Equipment, Net",PPE_Depreciable_Net,"Net Depreciable Property, Plant and Equipment",Accum_Depr,Accumulated Depreciation,Accum_Depr_ME,Accumulated Depreciation - Machinery and Equipment and Other,1560030,Accumulated Depreciation - Office Equipment
,,,,,,,,Top,Top Accounts,Trial_Balance,Trial Balance,BS,Balance Sheet,Assets,Assets,NC_Assets,Non-Current Assets,PPE_Net,"Property, Plant and Equipment, Net",PPE_Depreciable_Net,"Net Depreciable Property, Plant and Equipment",Accum_Depr,Accumulated Depreciation,Accum_Depr_ME,Accumulated Depreciation - Machinery and Equipment and Other,1560040,Accumulated Depreciation - Furniture and Fixtures
,,,,,,,,Top,Top Accounts,Trial_Balance,Trial Balance,BS,Balance Sheet,Assets,Assets,NC_Assets,Non-Current Assets,PPE_Net,"Property, Plant and Equipment, Net",PPE_Depreciable_Net,"Net Depreciable Property, Plant and Equipment",Accum_Depr,Accumulated Depreciation,Accum_Depr_ME,Accumulated Depreciation - Machinery and Equipment and Other,1560050,Accumulated Depreciation - Transportation Equipment
,,,,,,,,Top,Top Accounts,Trial_Balance,Trial Balance,BS,Balance Sheet,Assets,Assets,NC_Assets,Non-Current Assets,PPE_Net,"Property, Plant and Equipment, Net",PPE_Depreciable_Net,"Net Depreciable Property, Plant and Equipment",Accum_Depr,Accumulated Depreciation,Accum_Depr_ME,Accumulated Depreciation - Machinery and Equipment and Other,1560900,Accumulated Depreciation - Other Equipment
,,,,,,,,Top,Top Accounts,Trial_Balance,Trial Balance,BS,Balance Sheet,Assets,Assets,NC_Assets,Non-Current Assets,PPE_Net,"Property, Plant and Equipment, Net",PPE_Depreciable_Net,"Net Depreciable Property, Plant and Equipment",Accum_Depr,Accumulated Depreciation,Accum_Depr_ME,Accumulated Depreciation - Machinery and Equipment and Other,1561000,Accumulated Depreciation - Software
,,,,,,,,Top,Top Accounts,Trial_Balance,Trial Balance,BS,Balance Sheet,Assets,Assets,NC_Assets,Non-Current Assets,PPE_Net,"Property, Plant and Equipment, Net",PPE_Depreciable_Net,"Net Depreciable Property, Plant and Equipment",Accum_Depr,Accumulated Depreciation,Accum_Depr_ME,Accumulated Depreciation - Machinery and Equipment and Other,1562000,Accumulated Depreciation – Financing Lease Right-of-Use Asset – Other
,,,,,,,,Top,Top Accounts,Trial_Balance,Trial Balance,BS,Balance Sheet,Assets,Assets,NC_Assets,Non-Current Assets,PPE_Net,"Property, Plant and Equipment, Net",PPE_Depreciable_Net,"Net Depreciable Property, Plant and Equipment",Accum_Depr,Accumulated Depreciation,Accum_Depr_Bldg,Accumulated Depreciation - Buildings and Building Improvements,1570000,Accumulated Depreciation - Buildings
,,,,,,,,Top,Top Accounts,Trial_Balance,Trial Balance,BS,Balance Sheet,Assets,Assets,NC_Assets,Non-Current Assets,PPE_Net,"Property, Plant and Equipment, Net",PPE_Depreciable_Net,"Net Depreciable Property, Plant and Equipment",Accum_Depr,Accumulated Depreciation,Accum_Depr_Bldg,Accumulated Depreciation - Buildings and Building Improvements,1570010,Accumulated Depreciation - Building Improvements
,,,,,,,,Top,Top Accounts,Trial_Balance,Trial Balance,BS,Balance Sheet,Assets,Assets,NC_Assets,Non-Current Assets,PPE_Net,"Property, Plant and Equipment, Net",PPE_Depreciable_Net,"Net Depreciable Property, Plant and Equipment",Accum_Depr,Accumulated Depreciation,Accum_Depr_Bldg,Accumulated Depreciation - Buildings and Building Improvements,1570020,Accumulated Depreciation - Leasehold Improvements
,,,,,,,,Top,Top Accounts,Trial_Balance,Trial Balance,BS,Balance Sheet,Assets,Assets,NC_Assets,Non-Current Assets,PPE_Net,"Property, Plant and Equipment, Net",PPE_Depreciable_Net,"Net Depreciable Property, Plant and Equipment",Accum_Depr,Accumulated Depreciation,Accum_Depr_Bldg,Accumulated Depreciation - Buildings and Building Improvements,1570090,Accumulated Depreciation – Financing Lease Right-of-Use Asset – Property
,,,,,,,,Top,Top Accounts,Trial_Balance,Trial Balance,BS,Balance Sheet,Assets,Assets,NC_Assets,Non-Current Assets,PPE_Net,"Property, Plant and Equipment, Net",PPE_Depreciable_Net,"Net Depreciable Property, Plant and Equipment",Accum_Depr,Accumulated Depreciation,Accum_Depr_Unclassified,Accumulated Depreciation - Unclassified Fixed Assets,1599000,Accumulated Depreciation Fixed Assets - Unclassified
,,,,,,,,,,,,,,Top,Top Accounts,Trial_Balance,Trial Balance,BS,Balance Sheet,Assets,Assets,NC_Assets,Non-Current Assets,Investments_in_Sub,Investments in Subsidiaries,1639000,Investments in Subsidiaries
,,,,,,,,,,,,,,Top,Top Accounts,Trial_Balance,Trial Balance,BS,Balance Sheet,Assets,Assets,NC_Assets,Non-Current Assets,LT_IC_NR,Intercompany Notes Receivable,1660000,Intercompany Notes Receivable - Long-Term
,,,,,,,,,,,,Top,Top Accounts,Trial_Balance,Trial Balance,BS,Balance Sheet,Assets,Assets,NC_Assets,Non-Current Assets,Oth_NC_Assets,Other Non-Current Assets,LT_Investments,Long-Term Investments,1700000,Equity Method Investments
,,,,,,,,,,,,Top,Top Accounts,Trial_Balance,Trial Balance,BS,Balance Sheet,Assets,Assets,NC_Assets,Non-Current Assets,Oth_NC_Assets,Other Non-Current Assets,LT_Investments,Long-Term Investments,1700900,Miscellaneous Investments
,,,,,,,,,,,,Top,Top Accounts,Trial_Balance,Trial Balance,BS,Balance Sheet,Assets,Assets,NC_Assets,Non-Current Assets,Oth_NC_Assets,Other Non-Current Assets,ROUA_Op,Operating Lease Right-of-Use Assets,1701000,Operating Lease Right-of-Use Assets - Property
,,,,,,,,,,,,Top,Top Accounts,Trial_Balance,Trial Balance,BS,Balance Sheet,Assets,Assets,NC_Assets,Non-Current Assets,Oth_NC_Assets,Other Non-Current Assets,ROUA_Op,Operating Lease Right-of-Use Assets,1701900,Operating Lease Right-of-Use Assets - Other
,,,,,,,,,,Top,Top Accounts,Trial_Balance,Trial Balance,BS,Balance Sheet,Assets,Assets,NC_Assets,Non-Current Assets,Oth_NC_Assets,Other Non-Current Assets,GW_and_Intang,Goodwill and Intangible Assets,GW_Net,"Goodwill, Net",1710000,Goodwill
,,,,,,,,,,Top,Top Accounts,Trial_Balance,Trial Balance,BS,Balance Sheet,Assets,Assets,NC_Assets,Non-Current Assets,Oth_NC_Assets,Other Non-Current Assets,GW_and_Intang,Goodwill and Intangible Assets,GW_Net,"Goodwill, Net",1710050,Goodwill Impairment
,,,,,,Top,Top Accounts,Trial_Balance,Trial Balance,BS,Balance Sheet,Assets,Assets,NC_Assets,Non-Current Assets,Oth_NC_Assets,Other Non-Current Assets,GW_and_Intang,Goodwill and Intangible Assets,Intang_Net,"Intangible Assets, Net",Intang_Amortizable,Intangible Assets - Amortizable,Trademarks_Net,"Trademarks, Net",1720000,Trademarks
,,,,,,Top,Top Accounts,Trial_Balance,Trial Balance,BS,Balance Sheet,Assets,Assets,NC_Assets,Non-Current Assets,Oth_NC_Assets,Other Non-Current Assets,GW_and_Intang,Goodwill and Intangible Assets,Intang_Net,"Intangible Assets, Net",Intang_Amortizable,Intangible Assets - Amortizable,Trademarks_Net,"Trademarks, Net",1720050,Accumulated Amortization - Trademarks
,,,,,,Top,Top Accounts,Trial_Balance,Trial Balance,BS,Balance Sheet,Assets,Assets,NC_Assets,Non-Current Assets,Oth_NC_Assets,Other Non-Current Assets,GW_and_Intang,Goodwill and Intangible Assets,Intang_Net,"Intangible Assets, Net",Intang_Amortizable,Intangible Assets - Amortizable,Cust_Relationships_Net,"Customer Relationships, Net",1721000,Customer Relationships
,,,,,,Top,Top Accounts,Trial_Balance,Trial Balance,BS,Balance Sheet,Assets,Assets,NC_Assets,Non-Current Assets,Oth_NC_Assets,Other Non-Current Assets,GW_and_Intang,Goodwill and Intangible Assets,Intang_Net,"Intangible Assets, Net",Intang_Amortizable,Intangible Assets - Amortizable,Cust_Relationships_Net,"Customer Relationships, Net",1721050,Accumulated Amortization - Customer Relationships
,,,,,,Top,Top Accounts,Trial_Balance,Trial Balance,BS,Balance Sheet,Assets,Assets,NC_Assets,Non-Current Assets,Oth_NC_Assets,Other Non-Current Assets,GW_and_Intang,Goodwill and Intangible Assets,Intang_Net,"Intangible Assets, Net",Intang_Amortizable,Intangible Assets - Amortizable,Oth_Intang_Amortizable_Net,"Other Amortizable Intangible Assets, Net",1729000,Other Amortizable Intangibles
,,,,,,Top,Top Accounts,Trial_Balance,Trial Balance,BS,Balance Sheet,Assets,Assets,NC_Assets,Non-Current Assets,Oth_NC_Assets,Other Non-Current Assets,GW_and_Intang,Goodwill and Intangible Assets,Intang_Net,"Intangible Assets, Net",Intang_Amortizable,Intangible Assets - Amortizable,Oth_Intang_Amortizable_Net,"Other Amortizable Intangible Assets, Net",1729050,Accumulated Amortization - Other Amortizable Intangibles
,,,,,,,,Top,Top Accounts,Trial_Balance,Trial Balance,BS,Balance Sheet,Assets,Assets,NC_Assets,Non-Current Assets,Oth_NC_Assets,Other Non-Current Assets,GW_and_Intang,Goodwill and Intangible Assets,Intang_Net,"Intangible Assets, Net",Intang_NonAmort,Intangible Assets - Not Amortizable,1730010,Product Formulations
,,,,,,,,,,,,Top,Top Accounts,Trial_Balance,Trial Balance,BS,Balance Sheet,Assets,Assets,NC_Assets,Non-Current Assets,Oth_NC_Assets,Other Non-Current Assets,Deferred_Tax_Assets_NC,Deferred Tax Assets - Non-Current,1740000,Non-Current Deferred Tax Assets
,,,,,,,,,,,,Top,Top Accounts,Trial_Balance,Trial Balance,BS,Balance Sheet,Assets,Assets,NC_Assets,Non-Current Assets,Oth_NC_Assets,Other Non-Current Assets,Assets_Held_for_Sale_NC,Non-Current Assets Held for Sale,1850000,Assets Held for Sale - Non-Current 
,,,,,,,,,,,,Top,Top Accounts,Trial_Balance,Trial Balance,BS,Balance Sheet,Assets,Assets,NC_Assets,Non-Current Assets,Oth_NC_Assets,Other Non-Current Assets,Derivative_Asset_NC,Derivative Assets - Non-Current,1860000,Cash Flow Hedge - Non-Current Assets
,,,,,,,,,,,,Top,Top Accounts,Trial_Balance,Trial Balance,BS,Balance Sheet,Assets,Assets,NC_Assets,Non-Current Assets,Oth_NC_Assets,Other Non-Current Assets,Derivative_Asset_NC,Derivative Assets - Non-Current,1860010,Fair Value Hedge - Non-Current Assets
,,,,,,,,,,,,Top,Top Accounts,Trial_Balance,Trial Balance,BS,Balance Sheet,Assets,Assets,NC_Assets,Non-Current Assets,Oth_NC_Assets,Other Non-Current Assets,Derivative_Asset_NC,Derivative Assets - Non-Current,1860020,Interest Rate Swap - Non-Current Assets
,,,,,,,,,,,,Top,Top Accounts,Trial_Balance,Trial Balance,BS,Balance Sheet,Assets,Assets,NC_Assets,Non-Current Assets,Oth_NC_Assets,Other Non-Current Assets,Misc_NC_Assets,Miscellaneous Non-Current Assets,1870000,Deferred Debt Issuance Costs
,,,,,,,,,,,,Top,Top Accounts,Trial_Balance,Trial Balance,BS,Balance Sheet,Assets,Assets,NC_Assets,Non-Current Assets,Oth_NC_Assets,Other Non-Current Assets,Misc_NC_Assets,Miscellaneous Non-Current Assets,1870100,Long-Term Prepaid Assets
,,,,,,,,,,,,Top,Top Accounts,Trial_Balance,Trial Balance,BS,Balance Sheet,Assets,Assets,NC_Assets,Non-Current Assets,Oth_NC_Assets,Other Non-Current Assets,Misc_NC_Assets,Miscellaneous Non-Current Assets,1870700,Deposits - Long-Term
,,,,,,,,,,,,Top,Top Accounts,Trial_Balance,Trial Balance,BS,Balance Sheet,Assets,Assets,NC_Assets,Non-Current Assets,Oth_NC_Assets,Other Non-Current Assets,Misc_NC_Assets,Miscellaneous Non-Current Assets,1870900,Miscellaneous Receivables - Non-Current
,,,,,,,,,,,,Top,Top Accounts,Trial_Balance,Trial Balance,BS,Balance Sheet,Assets,Assets,NC_Assets,Non-Current Assets,Oth_NC_Assets,Other Non-Current Assets,Misc_NC_Assets,Miscellaneous Non-Current Assets,1875000,Long-Term Pension Asset
,,,,,,,,,,,,Top,Top Accounts,Trial_Balance,Trial Balance,BS,Balance Sheet,Assets,Assets,NC_Assets,Non-Current Assets,Oth_NC_Assets,Other Non-Current Assets,Misc_NC_Assets,Miscellaneous Non-Current Assets,1875100,Long-Term Defined Contribution Plan Asset
,,,,,,,,,,,,Top,Top Accounts,Trial_Balance,Trial Balance,BS,Balance Sheet,Assets,Assets,NC_Assets,Non-Current Assets,Oth_NC_Assets,Other Non-Current Assets,Misc_NC_Assets,Miscellaneous Non-Current Assets,1879900,Other Miscellaneous Non-Current Assets
,,,,,,,,,,,,Top,Top Accounts,Trial_Balance,Trial Balance,BS,Balance Sheet,Assets,Assets,NC_Assets,Non-Current Assets,Oth_NC_Assets,Other Non-Current Assets,Misc_NC_Assets,Miscellaneous Non-Current Assets,1879999,Due From/Due To SweetOak
,,,,,,,,,,,,Top,Top Accounts,Trial_Balance,Trial Balance,BS,Balance Sheet,Liab_and_Equity,Liabilities and Stockholder's Equity,Liab,Liabilities,Cur_Liab,Current Liabilities,ST_Debt,Current Portion of Long-Term Debt,2106000,Current Portion of Long-Term Debt - Outside
,,,,,,,,,,,,Top,Top Accounts,Trial_Balance,Trial Balance,BS,Balance Sheet,Liab_and_Equity,Liabilities and Stockholder's Equity,Liab,Liabilities,Cur_Liab,Current Liabilities,ST_Debt,Current Portion of Long-Term Debt,2106010,Short-Term Loan Payable - Outside
,,,,,,,,,,,,Top,Top Accounts,Trial_Balance,Trial Balance,BS,Balance Sheet,Liab_and_Equity,Liabilities and Stockholder's Equity,Liab,Liabilities,Cur_Liab,Current Liabilities,Trade_AP,Trade Accounts Payable,2150000,Accounts Payable
,,,,,,,,,,,,Top,Top Accounts,Trial_Balance,Trial Balance,BS,Balance Sheet,Liab_and_Equity,Liabilities and Stockholder's Equity,Liab,Liabilities,Cur_Liab,Current Liabilities,Trade_AP,Trade Accounts Payable,2150010,Accounts Payable - Clearing
,,,,,,,,,,,,Top,Top Accounts,Trial_Balance,Trial Balance,BS,Balance Sheet,Liab_and_Equity,Liabilities and Stockholder's Equity,Liab,Liabilities,Cur_Liab,Current Liabilities,Trade_AP,Trade Accounts Payable,2150020,Goods Received/Invoice Received (GRIR)
,,,,,,,,,,,,Top,Top Accounts,Trial_Balance,Trial Balance,BS,Balance Sheet,Liab_and_Equity,Liabilities and Stockholder's Equity,Liab,Liabilities,Cur_Liab,Current Liabilities,Trade_AP,Trade Accounts Payable,2153000,Employee Payables
,,,,,,,,,,,,Top,Top Accounts,Trial_Balance,Trial Balance,BS,Balance Sheet,Liab_and_Equity,Liabilities and Stockholder's Equity,Liab,Liabilities,Cur_Liab,Current Liabilities,Trade_AP,Trade Accounts Payable,2153900,Accounts Payable - Miscellaneous
,,,,,,,,,,,,Top,Top Accounts,Trial_Balance,Trial Balance,BS,Balance Sheet,Liab_and_Equity,Liabilities and Stockholder's Equity,Liab,Liabilities,Cur_Liab,Current Liabilities,Trade_AP,Trade Accounts Payable,2153910,Intercompany Account Receivables/Payables - Elimination Difference
,,,,,,,,,,,,Top,Top Accounts,Trial_Balance,Trial Balance,BS,Balance Sheet,Liab_and_Equity,Liabilities and Stockholder's Equity,Liab,Liabilities,Cur_Liab,Current Liabilities,Trade_AP,Trade Accounts Payable,2153920,Intercompany Notes Receivables/Payables - Elimination Difference
,,,,,,,,,,,,Top,Top Accounts,Trial_Balance,Trial Balance,BS,Balance Sheet,Liab_and_Equity,Liabilities and Stockholder's Equity,Liab,Liabilities,Cur_Liab,Current Liabilities,Trade_AP,Trade Accounts Payable,2153930,Bank Overdrafts and Negative Cash Transfers
,,,,,,,,,,,,Top,Top Accounts,Trial_Balance,Trial Balance,BS,Balance Sheet,Liab_and_Equity,Liabilities and Stockholder's Equity,Liab,Liabilities,Cur_Liab,Current Liabilities,Inc_Tax_Accr,Income Tax Payable,2200020,Accrued Income Taxes
,,,,,,,,,,,,Top,Top Accounts,Trial_Balance,Trial Balance,BS,Balance Sheet,Liab_and_Equity,Liabilities and Stockholder's Equity,Liab,Liabilities,Cur_Liab,Current Liabilities,ROUL_Op_Cur,Operating Lease Right-of-Use Liabilities - Current,2201000,Current Operating Lease Right-of-Use Liabilities - Property
,,,,,,,,,,,,Top,Top Accounts,Trial_Balance,Trial Balance,BS,Balance Sheet,Liab_and_Equity,Liabilities and Stockholder's Equity,Liab,Liabilities,Cur_Liab,Current Liabilities,ROUL_Op_Cur,Operating Lease Right-of-Use Liabilities - Current,2201900,Current Operating Lease Right-of-Use Liabilities - Other
,,,,,,,,,,,,Top,Top Accounts,Trial_Balance,Trial Balance,BS,Balance Sheet,Liab_and_Equity,Liabilities and Stockholder's Equity,Liab,Liabilities,Cur_Liab,Current Liabilities,ROUL_Fin_Cur,Finance Lease Liabilities - Current,2202000,Current Finance Lease Right-of-Use Liabilities - Property
,,,,,,,,,,,,Top,Top Accounts,Trial_Balance,Trial Balance,BS,Balance Sheet,Liab_and_Equity,Liabilities and Stockholder's Equity,Liab,Liabilities,Cur_Liab,Current Liabilities,ROUL_Fin_Cur,Finance Lease Liabilities - Current,2202900,Current Finance Lease Right-of-Use Liabilities - Other
,,,,,,,,,,,,Top,Top Accounts,Trial_Balance,Trial Balance,BS,Balance Sheet,Liab_and_Equity,Liabilities and Stockholder's Equity,Liab,Liabilities,Cur_Liab,Current Liabilities,Contingent_Consideration,Contingent Consideration Obligations,2203000,Contingent Consideration
,,,,,,,,,,Top,Top Accounts,Trial_Balance,Trial Balance,BS,Balance Sheet,Liab_and_Equity,Liabilities and Stockholder's Equity,Liab,Liabilities,Cur_Liab,Current Liabilities,Accr_Exp_and_Oth_Liab,Accrued Expenses and Other Current Liabilities,Accr_NonInc_Taxes,Accrued Non-Income Taxes,2310600,Accrued Taxes - Property
,,,,,,,,,,Top,Top Accounts,Trial_Balance,Trial Balance,BS,Balance Sheet,Liab_and_Equity,Liabilities and Stockholder's Equity,Liab,Liabilities,Cur_Liab,Current Liabilities,Accr_Exp_and_Oth_Liab,Accrued Expenses and Other Current Liabilities,Accr_NonInc_Taxes,Accrued Non-Income Taxes,2310610,Accrued Taxes - Sales and Use
,,,,,,,,,,Top,Top Accounts,Trial_Balance,Trial Balance,BS,Balance Sheet,Liab_and_Equity,Liabilities and Stockholder's Equity,Liab,Liabilities,Cur_Liab,Current Liabilities,Accr_Exp_and_Oth_Liab,Accrued Expenses and Other Current Liabilities,Accr_NonInc_Taxes,Accrued Non-Income Taxes,2310620,Accrued Taxes - Value Added Tax (VAT)
,,,,,,,,,,Top,Top Accounts,Trial_Balance,Trial Balance,BS,Balance Sheet,Liab_and_Equity,Liabilities and Stockholder's Equity,Liab,Liabilities,Cur_Liab,Current Liabilities,Accr_Exp_and_Oth_Liab,Accrued Expenses and Other Current Liabilities,Accr_NonInc_Taxes,Accrued Non-Income Taxes,2310690,Accrued Taxes - Other
,,,,,,,,Top,Top Accounts,Trial_Balance,Trial Balance,BS,Balance Sheet,Liab_and_Equity,Liabilities and Stockholder's Equity,Liab,Liabilities,Cur_Liab,Current Liabilities,Accr_Exp_and_Oth_Liab,Accrued Expenses and Other Current Liabilities,Accr_Empl_Comp_and_Benefits,Accrued Employee Compensation and Benefits,Accr_Empl_Salary_and_Incent,Employee Salaries and Incentives,2311000,Accrued Payroll - Employee
,,,,,,,,Top,Top Accounts,Trial_Balance,Trial Balance,BS,Balance Sheet,Liab_and_Equity,Liabilities and Stockholder's Equity,Liab,Liabilities,Cur_Liab,Current Liabilities,Accr_Exp_and_Oth_Liab,Accrued Expenses and Other Current Liabilities,Accr_Empl_Comp_and_Benefits,Accrued Employee Compensation and Benefits,Accr_Empl_Salary_and_Incent,Employee Salaries and Incentives,2311010,Accrued Payroll - Annual Incentive Plan
,,,,,,,,Top,Top Accounts,Trial_Balance,Trial Balance,BS,Balance Sheet,Liab_and_Equity,Liabilities and Stockholder's Equity,Liab,Liabilities,Cur_Liab,Current Liabilities,Accr_Exp_and_Oth_Liab,Accrued Expenses and Other Current Liabilities,Accr_Empl_Comp_and_Benefits,Accrued Employee Compensation and Benefits,Accr_Empl_Salary_and_Incent,Employee Salaries and Incentives,2311020,Accrued Payroll - Other Bonuses and Incentives
,,,,,,,,Top,Top Accounts,Trial_Balance,Trial Balance,BS,Balance Sheet,Liab_and_Equity,Liabilities and Stockholder's Equity,Liab,Liabilities,Cur_Liab,Current Liabilities,Accr_Exp_and_Oth_Liab,Accrued Expenses and Other Current Liabilities,Accr_Empl_Comp_and_Benefits,Accrued Employee Compensation and Benefits,Accr_Empl_Salary_and_Incent,Employee Salaries and Incentives,2311030,Accrued Payroll - Severance
,,,,,,,,Top,Top Accounts,Trial_Balance,Trial Balance,BS,Balance Sheet,Liab_and_Equity,Liabilities and Stockholder's Equity,Liab,Liabilities,Cur_Liab,Current Liabilities,Accr_Exp_and_Oth_Liab,Accrued Expenses and Other Current Liabilities,Accr_Empl_Comp_and_Benefits,Accrued Employee Compensation and Benefits,Accr_Empl_Salary_and_Incent,Employee Salaries and Incentives,2311090,Accrued Payroll - Other
,,,,,,,,Top,Top Accounts,Trial_Balance,Trial Balance,BS,Balance Sheet,Liab_and_Equity,Liabilities and Stockholder's Equity,Liab,Liabilities,Cur_Liab,Current Liabilities,Accr_Exp_and_Oth_Liab,Accrued Expenses and Other Current Liabilities,Accr_Empl_Comp_and_Benefits,Accrued Employee Compensation and Benefits,Accr_Empl_Benefits_and_Cost,Employee-Related Benefit and Cost Accruals,2312000,Accrued Employer-Paid Payroll Taxes
,,,,,,,,Top,Top Accounts,Trial_Balance,Trial Balance,BS,Balance Sheet,Liab_and_Equity,Liabilities and Stockholder's Equity,Liab,Liabilities,Cur_Liab,Current Liabilities,Accr_Exp_and_Oth_Liab,Accrued Expenses and Other Current Liabilities,Accr_Empl_Comp_and_Benefits,Accrued Employee Compensation and Benefits,Accr_Empl_Benefits_and_Cost,Employee-Related Benefit and Cost Accruals,2312100,Accrued Worker's Comp - Self-Insured
,,,,,,,,Top,Top Accounts,Trial_Balance,Trial Balance,BS,Balance Sheet,Liab_and_Equity,Liabilities and Stockholder's Equity,Liab,Liabilities,Cur_Liab,Current Liabilities,Accr_Exp_and_Oth_Liab,Accrued Expenses and Other Current Liabilities,Accr_Empl_Comp_and_Benefits,Accrued Employee Compensation and Benefits,Accr_Empl_Benefits_and_Cost,Employee-Related Benefit and Cost Accruals,2312150,Accrued Medical Reserve - Self-Insured
,,,,,,,,Top,Top Accounts,Trial_Balance,Trial Balance,BS,Balance Sheet,Liab_and_Equity,Liabilities and Stockholder's Equity,Liab,Liabilities,Cur_Liab,Current Liabilities,Accr_Exp_and_Oth_Liab,Accrued Expenses and Other Current Liabilities,Accr_Empl_Comp_and_Benefits,Accrued Employee Compensation and Benefits,Accr_Empl_Benefits_and_Cost,Employee-Related Benefit and Cost Accruals,2312500,Accrued Employee Benefits - 401K Match
,,,,,,,,Top,Top Accounts,Trial_Balance,Trial Balance,BS,Balance Sheet,Liab_and_Equity,Liabilities and Stockholder's Equity,Liab,Liabilities,Cur_Liab,Current Liabilities,Accr_Exp_and_Oth_Liab,Accrued Expenses and Other Current Liabilities,Accr_Empl_Comp_and_Benefits,Accrued Employee Compensation and Benefits,Accr_Empl_Benefits_and_Cost,Employee-Related Benefit and Cost Accruals,2312510,"Accrued Employee Benefits - Vacation, Holiday and Sick Pay"
,,,,,,,,Top,Top Accounts,Trial_Balance,Trial Balance,BS,Balance Sheet,Liab_and_Equity,Liabilities and Stockholder's Equity,Liab,Liabilities,Cur_Liab,Current Liabilities,Accr_Exp_and_Oth_Liab,Accrued Expenses and Other Current Liabilities,Accr_Empl_Comp_and_Benefits,Accrued Employee Compensation and Benefits,Accr_Empl_Benefits_and_Cost,Employee-Related Benefit and Cost Accruals,2312520,Accrued Employee Benefits - Employee Spending and Reimbursement Accounts
,,,,,,,,Top,Top Accounts,Trial_Balance,Trial Balance,BS,Balance Sheet,Liab_and_Equity,Liabilities and Stockholder's Equity,Liab,Liabilities,Cur_Liab,Current Liabilities,Accr_Exp_and_Oth_Liab,Accrued Expenses and Other Current Liabilities,Accr_Empl_Comp_and_Benefits,Accrued Employee Compensation and Benefits,Accr_Empl_Benefits_and_Cost,Employee-Related Benefit and Cost Accruals,2312530,Accrued Pension Cost
,,,,,,,,Top,Top Accounts,Trial_Balance,Trial Balance,BS,Balance Sheet,Liab_and_Equity,Liabilities and Stockholder's Equity,Liab,Liabilities,Cur_Liab,Current Liabilities,Accr_Exp_and_Oth_Liab,Accrued Expenses and Other Current Liabilities,Accr_Empl_Comp_and_Benefits,Accrued Employee Compensation and Benefits,Accr_Empl_Benefits_and_Cost,Employee-Related Benefit and Cost Accruals,2312590,Other Accrued Employee Benefits and Costs
,,,,,,,,,,Top,Top Accounts,Trial_Balance,Trial Balance,BS,Balance Sheet,Liab_and_Equity,Liabilities and Stockholder's Equity,Liab,Liabilities,Cur_Liab,Current Liabilities,Accr_Exp_and_Oth_Liab,Accrued Expenses and Other Current Liabilities,Accr_Adv_Promo_and_Mktg,"Accrued Advertising, Promotions and Marketing",2313010,Accrued Coupon Redemption
,,,,,,,,,,Top,Top Accounts,Trial_Balance,Trial Balance,BS,Balance Sheet,Liab_and_Equity,Liabilities and Stockholder's Equity,Liab,Liabilities,Cur_Liab,Current Liabilities,Accr_Exp_and_Oth_Liab,Accrued Expenses and Other Current Liabilities,Accr_Adv_Promo_and_Mktg,"Accrued Advertising, Promotions and Marketing",2313020,Accrued Broker/Distributor Commissions
,,,,,,,,,,Top,Top Accounts,Trial_Balance,Trial Balance,BS,Balance Sheet,Liab_and_Equity,Liabilities and Stockholder's Equity,Liab,Liabilities,Cur_Liab,Current Liabilities,Accr_Exp_and_Oth_Liab,Accrued Expenses and Other Current Liabilities,Accr_Adv_Promo_and_Mktg,"Accrued Advertising, Promotions and Marketing",2313030,Accrued Broker/Distributor Bonus
,,,,,,,,,,Top,Top Accounts,Trial_Balance,Trial Balance,BS,Balance Sheet,Liab_and_Equity,Liabilities and Stockholder's Equity,Liab,Liabilities,Cur_Liab,Current Liabilities,Accr_Exp_and_Oth_Liab,Accrued Expenses and Other Current Liabilities,Accr_Adv_Promo_and_Mktg,"Accrued Advertising, Promotions and Marketing",2313040,Accrued Trade Marketing (TM)
,,,,,,,,,,Top,Top Accounts,Trial_Balance,Trial Balance,BS,Balance Sheet,Liab_and_Equity,Liabilities and Stockholder's Equity,Liab,Liabilities,Cur_Liab,Current Liabilities,Accr_Exp_and_Oth_Liab,Accrued Expenses and Other Current Liabilities,Accr_Adv_Promo_and_Mktg,"Accrued Advertising, Promotions and Marketing",2313050,Accrued Marketing
,,,,,,,,,,Top,Top Accounts,Trial_Balance,Trial Balance,BS,Balance Sheet,Liab_and_Equity,Liabilities and Stockholder's Equity,Liab,Liabilities,Cur_Liab,Current Liabilities,Accr_Exp_and_Oth_Liab,Accrued Expenses and Other Current Liabilities,Accr_Rebates_Returns_Allow,"Accrued Rebates, Returns and Allowances",2313510,Accrued Sales Rebates and Allowances
,,,,,,,,,,Top,Top Accounts,Trial_Balance,Trial Balance,BS,Balance Sheet,Liab_and_Equity,Liabilities and Stockholder's Equity,Liab,Liabilities,Cur_Liab,Current Liabilities,Accr_Exp_and_Oth_Liab,Accrued Expenses and Other Current Liabilities,Accr_Rebates_Returns_Allow,"Accrued Rebates, Returns and Allowances",2313520,Accrued Returns
,,,,,,,,,,Top,Top Accounts,Trial_Balance,Trial Balance,BS,Balance Sheet,Liab_and_Equity,Liabilities and Stockholder's Equity,Liab,Liabilities,Cur_Liab,Current Liabilities,Accr_Exp_and_Oth_Liab,Accrued Expenses and Other Current Liabilities,Accr_Rebates_Returns_Allow,"Accrued Rebates, Returns and Allowances",2313530,Accrued Trade Marketing (TM) Rebates and Allowances
,,,,,,,,,,Top,Top Accounts,Trial_Balance,Trial Balance,BS,Balance Sheet,Liab_and_Equity,Liabilities and Stockholder's Equity,Liab,Liabilities,Cur_Liab,Current Liabilities,Accr_Exp_and_Oth_Liab,Accrued Expenses and Other Current Liabilities,Accr_Prof_Svcs,Accrued Professional Services,2314010,Accrued Liability - Consultants and Temporary Help
,,,,,,,,,,Top,Top Accounts,Trial_Balance,Trial Balance,BS,Balance Sheet,Liab_and_Equity,Liabilities and Stockholder's Equity,Liab,Liabilities,Cur_Liab,Current Liabilities,Accr_Exp_and_Oth_Liab,Accrued Expenses and Other Current Liabilities,Accr_Prof_Svcs,Accrued Professional Services,2314020,Accrued Liability - Legal
,,,,,,,,,,Top,Top Accounts,Trial_Balance,Trial Balance,BS,Balance Sheet,Liab_and_Equity,Liabilities and Stockholder's Equity,Liab,Liabilities,Cur_Liab,Current Liabilities,Accr_Exp_and_Oth_Liab,Accrued Expenses and Other Current Liabilities,Accr_Prof_Svcs,Accrued Professional Services,2314030,Accrued Liability - Audit
,,,,,,,,,,Top,Top Accounts,Trial_Balance,Trial Balance,BS,Balance Sheet,Liab_and_Equity,Liabilities and Stockholder's Equity,Liab,Liabilities,Cur_Liab,Current Liabilities,Accr_Exp_and_Oth_Liab,Accrued Expenses and Other Current Liabilities,Accr_Prof_Svcs,Accrued Professional Services,2314090,Accrued Liability - Other Professional Services
,,,,,,,,,,Top,Top Accounts,Trial_Balance,Trial Balance,BS,Balance Sheet,Liab_and_Equity,Liabilities and Stockholder's Equity,Liab,Liabilities,Cur_Liab,Current Liabilities,Accr_Exp_and_Oth_Liab,Accrued Expenses and Other Current Liabilities,Oth_Accr_Liab,Other Accrued Liabilities,2320010,Accrued Liability - Freight
,,,,,,,,,,Top,Top Accounts,Trial_Balance,Trial Balance,BS,Balance Sheet,Liab_and_Equity,Liabilities and Stockholder's Equity,Liab,Liabilities,Cur_Liab,Current Liabilities,Accr_Exp_and_Oth_Liab,Accrued Expenses and Other Current Liabilities,Oth_Accr_Liab,Other Accrued Liabilities,2320020,Accrued Liability - Utilities
,,,,,,,,,,Top,Top Accounts,Trial_Balance,Trial Balance,BS,Balance Sheet,Liab_and_Equity,Liabilities and Stockholder's Equity,Liab,Liabilities,Cur_Liab,Current Liabilities,Accr_Exp_and_Oth_Liab,Accrued Expenses and Other Current Liabilities,Oth_Accr_Liab,Other Accrued Liabilities,2320030,Accrued Insurance
,,,,,,,,,,Top,Top Accounts,Trial_Balance,Trial Balance,BS,Balance Sheet,Liab_and_Equity,Liabilities and Stockholder's Equity,Liab,Liabilities,Cur_Liab,Current Liabilities,Accr_Exp_and_Oth_Liab,Accrued Expenses and Other Current Liabilities,Oth_Accr_Liab,Other Accrued Liabilities,2320040,Accrued Interest - Outside
,,,,,,,,,,Top,Top Accounts,Trial_Balance,Trial Balance,BS,Balance Sheet,Liab_and_Equity,Liabilities and Stockholder's Equity,Liab,Liabilities,Cur_Liab,Current Liabilities,Accr_Exp_and_Oth_Liab,Accrued Expenses and Other Current Liabilities,Oth_Accr_Liab,Other Accrued Liabilities,2320090,Accrued Liability - Other
,,,,,,,,,,Top,Top Accounts,Trial_Balance,Trial Balance,BS,Balance Sheet,Liab_and_Equity,Liabilities and Stockholder's Equity,Liab,Liabilities,Cur_Liab,Current Liabilities,Accr_Exp_and_Oth_Liab,Accrued Expenses and Other Current Liabilities,Oth_Accr_Liab,Other Accrued Liabilities,2320100,401K Contribution - Employee and Loan Repayments
,,,,,,,,,,Top,Top Accounts,Trial_Balance,Trial Balance,BS,Balance Sheet,Liab_and_Equity,Liabilities and Stockholder's Equity,Liab,Liabilities,Cur_Liab,Current Liabilities,Accr_Exp_and_Oth_Liab,Accrued Expenses and Other Current Liabilities,Oth_Accr_Liab,Other Accrued Liabilities,2320110,Employee Insurance Deductions
,,,,,,,,,,Top,Top Accounts,Trial_Balance,Trial Balance,BS,Balance Sheet,Liab_and_Equity,Liabilities and Stockholder's Equity,Liab,Liabilities,Cur_Liab,Current Liabilities,Accr_Exp_and_Oth_Liab,Accrued Expenses and Other Current Liabilities,Oth_Accr_Liab,Other Accrued Liabilities,2320120,Accrued Payroll Deductions - Other
,,,,,,,,,,Top,Top Accounts,Trial_Balance,Trial Balance,BS,Balance Sheet,Liab_and_Equity,Liabilities and Stockholder's Equity,Liab,Liabilities,Cur_Liab,Current Liabilities,Accr_Exp_and_Oth_Liab,Accrued Expenses and Other Current Liabilities,Oth_Accr_Liab,Other Accrued Liabilities,2320130,Accrued Employee Payroll Taxes Withholding
,,,,,,,,,,Top,Top Accounts,Trial_Balance,Trial Balance,BS,Balance Sheet,Liab_and_Equity,Liabilities and Stockholder's Equity,Liab,Liabilities,Cur_Liab,Current Liabilities,Accr_Exp_and_Oth_Liab,Accrued Expenses and Other Current Liabilities,Oth_Accr_Liab,Other Accrued Liabilities,2320200,Restructuring Reserves - Current
,,,,,,,,,,Top,Top Accounts,Trial_Balance,Trial Balance,BS,Balance Sheet,Liab_and_Equity,Liabilities and Stockholder's Equity,Liab,Liabilities,Cur_Liab,Current Liabilities,Accr_Exp_and_Oth_Liab,Accrued Expenses and Other Current Liabilities,Oth_Accr_Liab,Other Accrued Liabilities,2320220,Dividend Payable
,,,,,,,,,,Top,Top Accounts,Trial_Balance,Trial Balance,BS,Balance Sheet,Liab_and_Equity,Liabilities and Stockholder's Equity,Liab,Liabilities,Cur_Liab,Current Liabilities,Accr_Exp_and_Oth_Liab,Accrued Expenses and Other Current Liabilities,Oth_Accr_Liab,Other Accrued Liabilities,2320240,Deferred Income - Current
,,,,,,,,,,Top,Top Accounts,Trial_Balance,Trial Balance,BS,Balance Sheet,Liab_and_Equity,Liabilities and Stockholder's Equity,Liab,Liabilities,Cur_Liab,Current Liabilities,Accr_Exp_and_Oth_Liab,Accrued Expenses and Other Current Liabilities,Liab_Held_for_Sale_Cur,Current Liabilities Held for Sale,2350000,Liabilities Held for Sale - Current 
,,,,,,,,,,Top,Top Accounts,Trial_Balance,Trial Balance,BS,Balance Sheet,Liab_and_Equity,Liabilities and Stockholder's Equity,Liab,Liabilities,Cur_Liab,Current Liabilities,Accr_Exp_and_Oth_Liab,Accrued Expenses and Other Current Liabilities,System_Balancing,System Balancing,2359998,Balancing Account for System
,,,,,,,,,,Top,Top Accounts,Trial_Balance,Trial Balance,BS,Balance Sheet,Liab_and_Equity,Liabilities and Stockholder's Equity,Liab,Liabilities,Cur_Liab,Current Liabilities,Accr_Exp_and_Oth_Liab,Accrued Expenses and Other Current Liabilities,Derivative_Liab_Cur,Derivative Liabilities - Current,2360000,Cash Flow Hedge - Current Liabilities
,,,,,,,,,,Top,Top Accounts,Trial_Balance,Trial Balance,BS,Balance Sheet,Liab_and_Equity,Liabilities and Stockholder's Equity,Liab,Liabilities,Cur_Liab,Current Liabilities,Accr_Exp_and_Oth_Liab,Accrued Expenses and Other Current Liabilities,Derivative_Liab_Cur,Derivative Liabilities - Current,2360010,Fair Value Hedge - Current Liabilities
,,,,,,,,,,Top,Top Accounts,Trial_Balance,Trial Balance,BS,Balance Sheet,Liab_and_Equity,Liabilities and Stockholder's Equity,Liab,Liabilities,Cur_Liab,Current Liabilities,Accr_Exp_and_Oth_Liab,Accrued Expenses and Other Current Liabilities,Derivative_Liab_Cur,Derivative Liabilities - Current,2360020,Commodity Hedge Contract - Current Liabilities
,,,,,,,,,,,,,,Top,Top Accounts,Trial_Balance,Trial Balance,BS,Balance Sheet,Liab_and_Equity,Liabilities and Stockholder's Equity,Liab,Liabilities,IC_Cur_Liab,Intercompany Accounts Payable,2381000,Intercompany Accounts Payable
,,,,,,,,,,,,,,Top,Top Accounts,Trial_Balance,Trial Balance,BS,Balance Sheet,Liab_and_Equity,Liabilities and Stockholder's Equity,Liab,Liabilities,IC_Cur_Liab,Intercompany Accounts Payable,2382000,Intercompany Source Margin Transfer
,,,,,,,,,,,,Top,Top Accounts,Trial_Balance,Trial Balance,BS,Balance Sheet,Liab_and_Equity,Liabilities and Stockholder's Equity,Liab,Liabilities,NC_Liab,Non-Current Liabilities,LT_Debt,Long-Term Debt,2506000,Long-Term Debt - External
,,,,,,,,,,,,Top,Top Accounts,Trial_Balance,Trial Balance,BS,Balance Sheet,Liab_and_Equity,Liabilities and Stockholder's Equity,Liab,Liabilities,NC_Liab,Non-Current Liabilities,LT_Debt,Long-Term Debt,2506010,Revolving Line of Credit
,,,,,,,,,,,,Top,Top Accounts,Trial_Balance,Trial Balance,BS,Balance Sheet,Liab_and_Equity,Liabilities and Stockholder's Equity,Liab,Liabilities,NC_Liab,Non-Current Liabilities,LT_Debt,Long-Term Debt,2506020,Long-Term Debt Issuance Costs
,,,,,,,,,,,,Top,Top Accounts,Trial_Balance,Trial Balance,BS,Balance Sheet,Liab_and_Equity,Liabilities and Stockholder's Equity,Liab,Liabilities,NC_Liab,Non-Current Liabilities,LT_Debt,Long-Term Debt,2506030,Long-Term Loan Payable – Outside
,,,,,,,,,,,,Top,Top Accounts,Trial_Balance,Trial Balance,BS,Balance Sheet,Liab_and_Equity,Liabilities and Stockholder's Equity,Liab,Liabilities,NC_Liab,Non-Current Liabilities,Deferred_Tax_Liab_NC,Deferred Tax Liability - Non-Current,2651010,Non-Current Deferred Tax Liability
,,,,,,,,,,,,Top,Top Accounts,Trial_Balance,Trial Balance,BS,Balance Sheet,Liab_and_Equity,Liabilities and Stockholder's Equity,Liab,Liabilities,NC_Liab,Non-Current Liabilities,ROUL_Op_NC,Operating Lease Right-of-Use Liabilities - Non-Current,2701000,Non-Current Operating Lease Right-of-Use Liabilities - Property
,,,,,,,,,,,,Top,Top Accounts,Trial_Balance,Trial Balance,BS,Balance Sheet,Liab_and_Equity,Liabilities and Stockholder's Equity,Liab,Liabilities,NC_Liab,Non-Current Liabilities,ROUL_Op_NC,Operating Lease Right-of-Use Liabilities - Non-Current,2701900,Non-Current Operating Lease Right-of-Use Liabilities - Other
,,,,,,,,,,,,Top,Top Accounts,Trial_Balance,Trial Balance,BS,Balance Sheet,Liab_and_Equity,Liabilities and Stockholder's Equity,Liab,Liabilities,NC_Liab,Non-Current Liabilities,ROUL_Fin_NC,Finance Lease Liabilities - Non-Current,2702000,Non-Current Finance Lease Right-of-Use Liabilities - Property
,,,,,,,,,,,,Top,Top Accounts,Trial_Balance,Trial Balance,BS,Balance Sheet,Liab_and_Equity,Liabilities and Stockholder's Equity,Liab,Liabilities,NC_Liab,Non-Current Liabilities,ROUL_Fin_NC,Finance Lease Liabilities - Non-Current,2702900,Non-Current Finance Lease Right-of-Use Liabilities - Other
,,,,,,,,,,,,Top,Top Accounts,Trial_Balance,Trial Balance,BS,Balance Sheet,Liab_and_Equity,Liabilities and Stockholder's Equity,Liab,Liabilities,NC_Liab,Non-Current Liabilities,LT_Accrued_Incent_and_Pension,Long-Term Accrued Incentives and Pension Benefits,2751010,Accrued Incentives - Long-Term
,,,,,,,,,,,,Top,Top Accounts,Trial_Balance,Trial Balance,BS,Balance Sheet,Liab_and_Equity,Liabilities and Stockholder's Equity,Liab,Liabilities,NC_Liab,Non-Current Liabilities,LT_Accrued_Incent_and_Pension,Long-Term Accrued Incentives and Pension Benefits,2755030,Accrued Pension Benefits - Non-Current
,,,,,,,,,,Top,Top Accounts,Trial_Balance,Trial Balance,BS,Balance Sheet,Liab_and_Equity,Liabilities and Stockholder's Equity,Liab,Liabilities,NC_Liab,Non-Current Liabilities,Oth_LT_Liab,Other Long-Term Liabilities,LT_Liab_Misc,Long-Term Liabilities - Miscellaneous,2820100,Warrant Liability - Non-Current
,,,,,,,,,,Top,Top Accounts,Trial_Balance,Trial Balance,BS,Balance Sheet,Liab_and_Equity,Liabilities and Stockholder's Equity,Liab,Liabilities,NC_Liab,Non-Current Liabilities,Oth_LT_Liab,Other Long-Term Liabilities,LT_Liab_Misc,Long-Term Liabilities - Miscellaneous,2820200,Restructuring Reserves - Non-Current
,,,,,,,,,,Top,Top Accounts,Trial_Balance,Trial Balance,BS,Balance Sheet,Liab_and_Equity,Liabilities and Stockholder's Equity,Liab,Liabilities,NC_Liab,Non-Current Liabilities,Oth_LT_Liab,Other Long-Term Liabilities,LT_Liab_Misc,Long-Term Liabilities - Miscellaneous,2820210,Uncertain Tax Positions - FIN 48
,,,,,,,,,,Top,Top Accounts,Trial_Balance,Trial Balance,BS,Balance Sheet,Liab_and_Equity,Liabilities and Stockholder's Equity,Liab,Liabilities,NC_Liab,Non-Current Liabilities,Oth_LT_Liab,Other Long-Term Liabilities,LT_Liab_Misc,Long-Term Liabilities - Miscellaneous,2820240,Deferred Income - Non-Current
,,,,,,,,,,Top,Top Accounts,Trial_Balance,Trial Balance,BS,Balance Sheet,Liab_and_Equity,Liabilities and Stockholder's Equity,Liab,Liabilities,NC_Liab,Non-Current Liabilities,Oth_LT_Liab,Other Long-Term Liabilities,LT_Liab_Misc,Long-Term Liabilities - Miscellaneous,2820900,Miscellaneous Long-Term Liabilities
,,,,,,,,,,Top,Top Accounts,Trial_Balance,Trial Balance,BS,Balance Sheet,Liab_and_Equity,Liabilities and Stockholder's Equity,Liab,Liabilities,NC_Liab,Non-Current Liabilities,Oth_LT_Liab,Other Long-Term Liabilities,Liab_Held_for_Sale_NC,Non-Current Liabilities Held for Sale,2850000,Liabilities Held for Sale - Non-Current 
,,,,,,,,,,Top,Top Accounts,Trial_Balance,Trial Balance,BS,Balance Sheet,Liab_and_Equity,Liabilities and Stockholder's Equity,Liab,Liabilities,NC_Liab,Non-Current Liabilities,Oth_LT_Liab,Other Long-Term Liabilities,Derivative_Liab_NC,Derivative Liabilities - Non-Current,2860000,Cash Flow Hedge - Non-Current Liabilities
,,,,,,,,,,Top,Top Accounts,Trial_Balance,Trial Balance,BS,Balance Sheet,Liab_and_Equity,Liabilities and Stockholder's Equity,Liab,Liabilities,NC_Liab,Non-Current Liabilities,Oth_LT_Liab,Other Long-Term Liabilities,Derivative_Liab_NC,Derivative Liabilities - Non-Current,2860010,Fair Value Hedge - Non-Current Liabilities
,,,,,,,,,,,,Top,Top Accounts,Trial_Balance,Trial Balance,BS,Balance Sheet,Liab_and_Equity,Liabilities and Stockholder's Equity,Liab,Liabilities,NC_Liab,Non-Current Liabilities,IC_LT_Debt,Intercompany Long-Term Debt,2880000,Long-Term Debt - Intercompany
,,,,,,,,,,,,Top,Top Accounts,Trial_Balance,Trial Balance,BS,Balance Sheet,Liab_and_Equity,Liabilities and Stockholder's Equity,Liab,Liabilities,NC_Liab,Non-Current Liabilities,IC_LT_Debt,Intercompany Long-Term Debt,2889999,Long-Term Debt – I/C with Sweet Oak Parent
,,,,,,,,,,,,,,Top,Top Accounts,Trial_Balance,Trial Balance,BS,Balance Sheet,Liab_and_Equity,Liabilities and Stockholder's Equity,Stockholder_Equity,Stockholder's Equity,Capital_Stock,Capital Stock,3001000,Preferred Stock - Par Value
,,,,,,,,,,,,,,Top,Top Accounts,Trial_Balance,Trial Balance,BS,Balance Sheet,Liab_and_Equity,Liabilities and Stockholder's Equity,Stockholder_Equity,Stockholder's Equity,Capital_Stock,Capital Stock,3002000,Common Stock - Par Value
,,,,,,,,,,,,,,Top,Top Accounts,Trial_Balance,Trial Balance,BS,Balance Sheet,Liab_and_Equity,Liabilities and Stockholder's Equity,Stockholder_Equity,Stockholder's Equity,Treasury_Stock,Stock - Treasury,3005000,Treasury Stock
,,,,,,,,,,,,,,Top,Top Accounts,Trial_Balance,Trial Balance,BS,Balance Sheet,Liab_and_Equity,Liabilities and Stockholder's Equity,Stockholder_Equity,Stockholder's Equity,APIC,Additional Paid-in-Capital,3101000,Additional Contributed Capital
,,,,,,,,,,,,,,Top,Top Accounts,Trial_Balance,Trial Balance,BS,Balance Sheet,Liab_and_Equity,Liabilities and Stockholder's Equity,Stockholder_Equity,Stockholder's Equity,APIC,Additional Paid-in-Capital,3102000,Additional Paid-in-Capital - Restricted Stock Units (RSU)
,,,,,,,,,,,,,,Top,Top Accounts,Trial_Balance,Trial Balance,BS,Balance Sheet,Liab_and_Equity,Liabilities and Stockholder's Equity,Stockholder_Equity,Stockholder's Equity,APIC,Additional Paid-in-Capital,3102010,Additional Paid-in-Capital - Restricted Stock Awards (RSA)
,,,,,,,,,,,,,,Top,Top Accounts,Trial_Balance,Trial Balance,BS,Balance Sheet,Liab_and_Equity,Liabilities and Stockholder's Equity,Stockholder_Equity,Stockholder's Equity,APIC,Additional Paid-in-Capital,3102020,Additional Paid-in-Capital - Performance Share Units (PSU)
,,,,,,,,,,,,,,Top,Top Accounts,Trial_Balance,Trial Balance,BS,Balance Sheet,Liab_and_Equity,Liabilities and Stockholder's Equity,Stockholder_Equity,Stockholder's Equity,APIC,Additional Paid-in-Capital,3103000,Additional Paid-in-Capital - Warrants
,,,,,,,,,,,,,,Top,Top Accounts,Trial_Balance,Trial Balance,BS,Balance Sheet,Liab_and_Equity,Liabilities and Stockholder's Equity,Stockholder_Equity,Stockholder's Equity,APIC,Additional Paid-in-Capital,3105000,Capital Discount on Acquisition
,,,,,,,,,,,,,,Top,Top Accounts,Trial_Balance,Trial Balance,BS,Balance Sheet,Liab_and_Equity,Liabilities and Stockholder's Equity,Stockholder_Equity,Stockholder's Equity,APIC,Additional Paid-in-Capital,3109900,Additional Contributed Capital - Affiliate
,,,,,,,,,,,,,,Top,Top Accounts,Trial_Balance,Trial Balance,BS,Balance Sheet,Liab_and_Equity,Liabilities and Stockholder's Equity,Stockholder_Equity,Stockholder's Equity,APIC,Additional Paid-in-Capital,3109990,Consolidation of Investments - Plug
,,,,,,,,,,,,Top,Top Accounts,Trial_Balance,Trial Balance,BS,Balance Sheet,Liab_and_Equity,Liabilities and Stockholder's Equity,Stockholder_Equity,Stockholder's Equity,Accum_OCI,Accumulated Other Comprehensive Income (Loss),OCI,Other Comprehensive Income - OCI,3201000,Other Comprehensive Income - Additional Minimum Pension Liability
,,,,,,,,,,,,Top,Top Accounts,Trial_Balance,Trial Balance,BS,Balance Sheet,Liab_and_Equity,Liabilities and Stockholder's Equity,Stockholder_Equity,Stockholder's Equity,Accum_OCI,Accumulated Other Comprehensive Income (Loss),OCI,Other Comprehensive Income - OCI,3202000,Other Comprehensive Income - Cash Flow Hedges
,,,,,,,,,,,,Top,Top Accounts,Trial_Balance,Trial Balance,BS,Balance Sheet,Liab_and_Equity,Liabilities and Stockholder's Equity,Stockholder_Equity,Stockholder's Equity,Accum_OCI,Accumulated Other Comprehensive Income (Loss),OCI,Other Comprehensive Income - OCI,3205000,Other Comprehensive Income - Other
,,,,,,,,,,,,Top,Top Accounts,Trial_Balance,Trial Balance,BS,Balance Sheet,Liab_and_Equity,Liabilities and Stockholder's Equity,Stockholder_Equity,Stockholder's Equity,Accum_OCI,Accumulated Other Comprehensive Income (Loss),Total_CTA,Total Accumulated Currency Adjustments,3301000,Accumulated Currency Adjustment
,,,,,,,,,,,,Top,Top Accounts,Trial_Balance,Trial Balance,BS,Balance Sheet,Liab_and_Equity,Liabilities and Stockholder's Equity,Stockholder_Equity,Stockholder's Equity,Accum_OCI,Accumulated Other Comprehensive Income (Loss),Total_CTA,Total Accumulated Currency Adjustments,3309998,Accumulated Currency Adjustment - System
,,,,,,,,,,,,,,Top,Top Accounts,Trial_Balance,Trial Balance,BS,Balance Sheet,Liab_and_Equity,Liabilities and Stockholder's Equity,Stockholder_Equity,Stockholder's Equity,RE,Retained Earnings (Deficit),3500000,Beginning Retained Earnings
,,,,,,,,,,,,,,Top,Top Accounts,Trial_Balance,Trial Balance,BS,Balance Sheet,Liab_and_Equity,Liabilities and Stockholder's Equity,Stockholder_Equity,Stockholder's Equity,RE,Retained Earnings (Deficit),3501998,Consolidation of Investments - Retained Earnings Clearing
,,,,,,,,,,,,,,Top,Top Accounts,Trial_Balance,Trial Balance,BS,Balance Sheet,Liab_and_Equity,Liabilities and Stockholder's Equity,Stockholder_Equity,Stockholder's Equity,RE,Retained Earnings (Deficit),3505000,Manual Retained Earnings Adjustment
,,,,,,,,,,,,,,Top,Top Accounts,Trial_Balance,Trial Balance,BS,Balance Sheet,Liab_and_Equity,Liabilities and Stockholder's Equity,Stockholder_Equity,Stockholder's Equity,RE,Retained Earnings (Deficit),3507000,Current Year Net Income (Loss)
,,,,,,,,,,,,,,Top,Top Accounts,Trial_Balance,Trial Balance,BS,Balance Sheet,Liab_and_Equity,Liabilities and Stockholder's Equity,Stockholder_Equity,Stockholder's Equity,RE,Retained Earnings (Deficit),3508000,Dividends Paid
,,,,,,,,,,,,,,Top,Top Accounts,Trial_Balance,Trial Balance,BS,Balance Sheet,Liab_and_Equity,Liabilities and Stockholder's Equity,Stockholder_Equity,Stockholder's Equity,RE,Retained Earnings (Deficit),3508500,Dividends Paid Intercompany
,,,,,,,,,,,,,,Top,Top Accounts,Trial_Balance,Trial Balance,BS,Balance Sheet,Liab_and_Equity,Liabilities and Stockholder's Equity,Stockholder_Equity,Stockholder's Equity,RE,Retained Earnings (Deficit),3509999,SAP Business Area Clearing
,,,,,,,,,,,,,,Top,Top Accounts,Trial_Balance,Trial Balance,BS,Balance Sheet,Liab_and_Equity,Liabilities and Stockholder's Equity,Stockholder_Equity,Stockholder's Equity,NonControlling_Int,Non-Controlling (Minority) Interest ,3899000,Non-Controlling Interest
Top,Top Accounts,Trial_Balance,Trial Balance,IS,Income Statement,NI,Net Income (Loss),Inc_before_NonControl_Int,Income Before Allocation to Non-Controlling Interests,Inc_Cont_Ops,Income (Loss) from Continuing Operations,EBT,Income (Loss) Before Income Taxes,EBIT,Income (Loss) before Interest and Taxes,Op_Inc,Operating Income (Loss),Product_Rev_Net,"Product Revenues, Net",Net_Sales_Outside,Net Sales - Outside,Gross_Sales_Outside,Gross Sales - Outside,Cust_Sales,Customer Sales,4000000,Customer Sales - Domestic
Top,Top Accounts,Trial_Balance,Trial Balance,IS,Income Statement,NI,Net Income (Loss),Inc_before_NonControl_Int,Income Before Allocation to Non-Controlling Interests,Inc_Cont_Ops,Income (Loss) from Continuing Operations,EBT,Income (Loss) Before Income Taxes,EBIT,Income (Loss) before Interest and Taxes,Op_Inc,Operating Income (Loss),Product_Rev_Net,"Product Revenues, Net",Net_Sales_Outside,Net Sales - Outside,Gross_Sales_Outside,Gross Sales - Outside,Cust_Sales,Customer Sales,4000010,Customer Sales - Export
Top,Top Accounts,Trial_Balance,Trial Balance,IS,Income Statement,NI,Net Income (Loss),Inc_before_NonControl_Int,Income Before Allocation to Non-Controlling Interests,Inc_Cont_Ops,Income (Loss) from Continuing Operations,EBT,Income (Loss) Before Income Taxes,EBIT,Income (Loss) before Interest and Taxes,Op_Inc,Operating Income (Loss),Product_Rev_Net,"Product Revenues, Net",Net_Sales_Outside,Net Sales - Outside,Gross_Sales_Outside,Gross Sales - Outside,Oth_Rev,Other Revenue,4005000,Royalty/Licensing Revenue
Top,Top Accounts,Trial_Balance,Trial Balance,IS,Income Statement,NI,Net Income (Loss),Inc_before_NonControl_Int,Income Before Allocation to Non-Controlling Interests,Inc_Cont_Ops,Income (Loss) from Continuing Operations,EBT,Income (Loss) Before Income Taxes,EBIT,Income (Loss) before Interest and Taxes,Op_Inc,Operating Income (Loss),Product_Rev_Net,"Product Revenues, Net",Net_Sales_Outside,Net Sales - Outside,Gross_Sales_Outside,Gross Sales - Outside,Oth_Rev,Other Revenue,4005990,Miscellaneous Revenue
,,Top,Top Accounts,Trial_Balance,Trial Balance,IS,Income Statement,NI,Net Income (Loss),Inc_before_NonControl_Int,Income Before Allocation to Non-Controlling Interests,Inc_Cont_Ops,Income (Loss) from Continuing Operations,EBT,Income (Loss) Before Income Taxes,EBIT,Income (Loss) before Interest and Taxes,Op_Inc,Operating Income (Loss),Product_Rev_Net,"Product Revenues, Net",Net_Sales_Outside,Net Sales - Outside,Sales_Deducts,Sales Deductions,4100000,Sales Returns and Allowances
,,Top,Top Accounts,Trial_Balance,Trial Balance,IS,Income Statement,NI,Net Income (Loss),Inc_before_NonControl_Int,Income Before Allocation to Non-Controlling Interests,Inc_Cont_Ops,Income (Loss) from Continuing Operations,EBT,Income (Loss) Before Income Taxes,EBIT,Income (Loss) before Interest and Taxes,Op_Inc,Operating Income (Loss),Product_Rev_Net,"Product Revenues, Net",Net_Sales_Outside,Net Sales - Outside,Sales_Deducts,Sales Deductions,4100010,Trade Discounts
,,Top,Top Accounts,Trial_Balance,Trial Balance,IS,Income Statement,NI,Net Income (Loss),Inc_before_NonControl_Int,Income Before Allocation to Non-Controlling Interests,Inc_Cont_Ops,Income (Loss) from Continuing Operations,EBT,Income (Loss) Before Income Taxes,EBIT,Income (Loss) before Interest and Taxes,Op_Inc,Operating Income (Loss),Product_Rev_Net,"Product Revenues, Net",Net_Sales_Outside,Net Sales - Outside,Sales_Deducts,Sales Deductions,4100020,Sales Promotion Discounts
,,Top,Top Accounts,Trial_Balance,Trial Balance,IS,Income Statement,NI,Net Income (Loss),Inc_before_NonControl_Int,Income Before Allocation to Non-Controlling Interests,Inc_Cont_Ops,Income (Loss) from Continuing Operations,EBT,Income (Loss) Before Income Taxes,EBIT,Income (Loss) before Interest and Taxes,Op_Inc,Operating Income (Loss),Product_Rev_Net,"Product Revenues, Net",Net_Sales_Outside,Net Sales - Outside,Sales_Deducts,Sales Deductions,4100030,Cash Discounts
,,Top,Top Accounts,Trial_Balance,Trial Balance,IS,Income Statement,NI,Net Income (Loss),Inc_before_NonControl_Int,Income Before Allocation to Non-Controlling Interests,Inc_Cont_Ops,Income (Loss) from Continuing Operations,EBT,Income (Loss) Before Income Taxes,EBIT,Income (Loss) before Interest and Taxes,Op_Inc,Operating Income (Loss),Product_Rev_Net,"Product Revenues, Net",Net_Sales_Outside,Net Sales - Outside,Sales_Deducts,Sales Deductions,4100040,Freight Deductions
,,Top,Top Accounts,Trial_Balance,Trial Balance,IS,Income Statement,NI,Net Income (Loss),Inc_before_NonControl_Int,Income Before Allocation to Non-Controlling Interests,Inc_Cont_Ops,Income (Loss) from Continuing Operations,EBT,Income (Loss) Before Income Taxes,EBIT,Income (Loss) before Interest and Taxes,Op_Inc,Operating Income (Loss),Product_Rev_Net,"Product Revenues, Net",Net_Sales_Outside,Net Sales - Outside,Sales_Deducts,Sales Deductions,4100050,Coupon Redemption
,,Top,Top Accounts,Trial_Balance,Trial Balance,IS,Income Statement,NI,Net Income (Loss),Inc_before_NonControl_Int,Income Before Allocation to Non-Controlling Interests,Inc_Cont_Ops,Income (Loss) from Continuing Operations,EBT,Income (Loss) Before Income Taxes,EBIT,Income (Loss) before Interest and Taxes,Op_Inc,Operating Income (Loss),Product_Rev_Net,"Product Revenues, Net",Net_Sales_Outside,Net Sales - Outside,Sales_Deducts,Sales Deductions,4100060,Slotting Allowance
,,Top,Top Accounts,Trial_Balance,Trial Balance,IS,Income Statement,NI,Net Income (Loss),Inc_before_NonControl_Int,Income Before Allocation to Non-Controlling Interests,Inc_Cont_Ops,Income (Loss) from Continuing Operations,EBT,Income (Loss) Before Income Taxes,EBIT,Income (Loss) before Interest and Taxes,Op_Inc,Operating Income (Loss),Product_Rev_Net,"Product Revenues, Net",Net_Sales_Outside,Net Sales - Outside,Sales_Deducts,Sales Deductions,4100900,Other Deductions
,,,,Top,Top Accounts,Trial_Balance,Trial Balance,IS,Income Statement,NI,Net Income (Loss),Inc_before_NonControl_Int,Income Before Allocation to Non-Controlling Interests,Inc_Cont_Ops,Income (Loss) from Continuing Operations,EBT,Income (Loss) Before Income Taxes,EBIT,Income (Loss) before Interest and Taxes,Op_Inc,Operating Income (Loss),Product_Rev_Net,"Product Revenues, Net",IC_Net_Sales,Net Sales - Intercompany,4800000,Intercompany Sales
,,,,Top,Top Accounts,Trial_Balance,Trial Balance,IS,Income Statement,NI,Net Income (Loss),Inc_before_NonControl_Int,Income Before Allocation to Non-Controlling Interests,Inc_Cont_Ops,Income (Loss) from Continuing Operations,EBT,Income (Loss) Before Income Taxes,EBIT,Income (Loss) before Interest and Taxes,Op_Inc,Operating Income (Loss),Product_Rev_Net,"Product Revenues, Net",IC_Net_Sales,Net Sales - Intercompany,4899900,Intercompany Sales - Elimination
,,,,Top,Top Accounts,Trial_Balance,Trial Balance,IS,Income Statement,NI,Net Income (Loss),Inc_before_NonControl_Int,Income Before Allocation to Non-Controlling Interests,Inc_Cont_Ops,Income (Loss) from Continuing Operations,EBT,Income (Loss) Before Income Taxes,EBIT,Income (Loss) before Interest and Taxes,Op_Inc,Operating Income (Loss),COGS,Cost of Goods Sold,Std_COGS,Standard Cost of Goods Sold,5000000,COGS at Standard
,,,,Top,Top Accounts,Trial_Balance,Trial Balance,IS,Income Statement,NI,Net Income (Loss),Inc_before_NonControl_Int,Income Before Allocation to Non-Controlling Interests,Inc_Cont_Ops,Income (Loss) from Continuing Operations,EBT,Income (Loss) Before Income Taxes,EBIT,Income (Loss) before Interest and Taxes,Op_Inc,Operating Income (Loss),COGS,Cost of Goods Sold,Std_COGS,Standard Cost of Goods Sold,5000900,Intercompany Markup in COGS Elimination
,,,,Top,Top Accounts,Trial_Balance,Trial Balance,IS,Income Statement,NI,Net Income (Loss),Inc_before_NonControl_Int,Income Before Allocation to Non-Controlling Interests,Inc_Cont_Ops,Income (Loss) from Continuing Operations,EBT,Income (Loss) Before Income Taxes,EBIT,Income (Loss) before Interest and Taxes,Op_Inc,Operating Income (Loss),COGS,Cost of Goods Sold,IC_COGS,COGS - Intercompany,5800000,COGS at Standard - Intercompany
,,,,Top,Top Accounts,Trial_Balance,Trial Balance,IS,Income Statement,NI,Net Income (Loss),Inc_before_NonControl_Int,Income Before Allocation to Non-Controlling Interests,Inc_Cont_Ops,Income (Loss) from Continuing Operations,EBT,Income (Loss) Before Income Taxes,EBIT,Income (Loss) before Interest and Taxes,Op_Inc,Operating Income (Loss),COGS,Cost of Goods Sold,IC_COGS,COGS - Intercompany,5850000,Other COGS Profit in Inventory - Intercompany
,,,,Top,Top Accounts,Trial_Balance,Trial Balance,IS,Income Statement,NI,Net Income (Loss),Inc_before_NonControl_Int,Income Before Allocation to Non-Controlling Interests,Inc_Cont_Ops,Income (Loss) from Continuing Operations,EBT,Income (Loss) Before Income Taxes,EBIT,Income (Loss) before Interest and Taxes,Op_Inc,Operating Income (Loss),COGS,Cost of Goods Sold,IC_COGS,COGS - Intercompany,5899900,Intercompany Sales Elimination - COGS offset
,,,,Top,Top Accounts,Trial_Balance,Trial Balance,IS,Income Statement,NI,Net Income (Loss),Inc_before_NonControl_Int,Income Before Allocation to Non-Controlling Interests,Inc_Cont_Ops,Income (Loss) from Continuing Operations,EBT,Income (Loss) Before Income Taxes,EBIT,Income (Loss) before Interest and Taxes,Op_Inc,Operating Income (Loss),Op_Exp,Operating Expenses,Freight_Logistics_Distr,"Freight, Logistics and Distribution Costs",6010000,Outward Freight
,,,,Top,Top Accounts,Trial_Balance,Trial Balance,IS,Income Statement,NI,Net Income (Loss),Inc_before_NonControl_Int,Income Before Allocation to Non-Controlling Interests,Inc_Cont_Ops,Income (Loss) from Continuing Operations,EBT,Income (Loss) Before Income Taxes,EBIT,Income (Loss) before Interest and Taxes,Op_Inc,Operating Income (Loss),Op_Exp,Operating Expenses,Freight_Logistics_Distr,"Freight, Logistics and Distribution Costs",6010010,Logistics Charges
,,,,Top,Top Accounts,Trial_Balance,Trial Balance,IS,Income Statement,NI,Net Income (Loss),Inc_before_NonControl_Int,Income Before Allocation to Non-Controlling Interests,Inc_Cont_Ops,Income (Loss) from Continuing Operations,EBT,Income (Loss) Before Income Taxes,EBIT,Income (Loss) before Interest and Taxes,Op_Inc,Operating Income (Loss),Op_Exp,Operating Expenses,Freight_Logistics_Distr,"Freight, Logistics and Distribution Costs",6010020,Distribution Costs
,,Top,Top Accounts,Trial_Balance,Trial Balance,IS,Income Statement,NI,Net Income (Loss),Inc_before_NonControl_Int,Income Before Allocation to Non-Controlling Interests,Inc_Cont_Ops,Income (Loss) from Continuing Operations,EBT,Income (Loss) Before Income Taxes,EBIT,Income (Loss) before Interest and Taxes,Op_Inc,Operating Income (Loss),Op_Exp,Operating Expenses,Oth_InvRelated_Costs,Other Inventory-Related Costs,Oth_Inv_Charges_and_Adj,Other Inventory Charges and Adjustments,6020000,Repacking
,,Top,Top Accounts,Trial_Balance,Trial Balance,IS,Income Statement,NI,Net Income (Loss),Inc_before_NonControl_Int,Income Before Allocation to Non-Controlling Interests,Inc_Cont_Ops,Income (Loss) from Continuing Operations,EBT,Income (Loss) Before Income Taxes,EBIT,Income (Loss) before Interest and Taxes,Op_Inc,Operating Income (Loss),Op_Exp,Operating Expenses,Oth_InvRelated_Costs,Other Inventory-Related Costs,Oth_Inv_Charges_and_Adj,Other Inventory Charges and Adjustments,6020010,Purchase Accounting Adjustment - Inventory
,,Top,Top Accounts,Trial_Balance,Trial Balance,IS,Income Statement,NI,Net Income (Loss),Inc_before_NonControl_Int,Income Before Allocation to Non-Controlling Interests,Inc_Cont_Ops,Income (Loss) from Continuing Operations,EBT,Income (Loss) Before Income Taxes,EBIT,Income (Loss) before Interest and Taxes,Op_Inc,Operating Income (Loss),Op_Exp,Operating Expenses,Oth_InvRelated_Costs,Other Inventory-Related Costs,Oth_Inv_Charges_and_Adj,Other Inventory Charges and Adjustments,6020012,Royalty Expense
,,Top,Top Accounts,Trial_Balance,Trial Balance,IS,Income Statement,NI,Net Income (Loss),Inc_before_NonControl_Int,Income Before Allocation to Non-Controlling Interests,Inc_Cont_Ops,Income (Loss) from Continuing Operations,EBT,Income (Loss) Before Income Taxes,EBIT,Income (Loss) before Interest and Taxes,Op_Inc,Operating Income (Loss),Op_Exp,Operating Expenses,Oth_InvRelated_Costs,Other Inventory-Related Costs,Oth_Inv_Charges_and_Adj,Other Inventory Charges and Adjustments,6020013,Other Period Costs - COGS
,,Top,Top Accounts,Trial_Balance,Trial Balance,IS,Income Statement,NI,Net Income (Loss),Inc_before_NonControl_Int,Income Before Allocation to Non-Controlling Interests,Inc_Cont_Ops,Income (Loss) from Continuing Operations,EBT,Income (Loss) Before Income Taxes,EBIT,Income (Loss) before Interest and Taxes,Op_Inc,Operating Income (Loss),Op_Exp,Operating Expenses,Oth_InvRelated_Costs,Other Inventory-Related Costs,Obsolescence,Obsolescence,6020020,Obsolescence - Raw Materials
,,Top,Top Accounts,Trial_Balance,Trial Balance,IS,Income Statement,NI,Net Income (Loss),Inc_before_NonControl_Int,Income Before Allocation to Non-Controlling Interests,Inc_Cont_Ops,Income (Loss) from Continuing Operations,EBT,Income (Loss) Before Income Taxes,EBIT,Income (Loss) before Interest and Taxes,Op_Inc,Operating Income (Loss),Op_Exp,Operating Expenses,Oth_InvRelated_Costs,Other Inventory-Related Costs,Obsolescence,Obsolescence,6020021,Obsolescence - Packaging
,,Top,Top Accounts,Trial_Balance,Trial Balance,IS,Income Statement,NI,Net Income (Loss),Inc_before_NonControl_Int,Income Before Allocation to Non-Controlling Interests,Inc_Cont_Ops,Income (Loss) from Continuing Operations,EBT,Income (Loss) Before Income Taxes,EBIT,Income (Loss) before Interest and Taxes,Op_Inc,Operating Income (Loss),Op_Exp,Operating Expenses,Oth_InvRelated_Costs,Other Inventory-Related Costs,Obsolescence,Obsolescence,6020022,Obsolescence - Semi-Finished
,,Top,Top Accounts,Trial_Balance,Trial Balance,IS,Income Statement,NI,Net Income (Loss),Inc_before_NonControl_Int,Income Before Allocation to Non-Controlling Interests,Inc_Cont_Ops,Income (Loss) from Continuing Operations,EBT,Income (Loss) Before Income Taxes,EBIT,Income (Loss) before Interest and Taxes,Op_Inc,Operating Income (Loss),Op_Exp,Operating Expenses,Oth_InvRelated_Costs,Other Inventory-Related Costs,Obsolescence,Obsolescence,6020023,Obsolescence - Finished Goods
,,Top,Top Accounts,Trial_Balance,Trial Balance,IS,Income Statement,NI,Net Income (Loss),Inc_before_NonControl_Int,Income Before Allocation to Non-Controlling Interests,Inc_Cont_Ops,Income (Loss) from Continuing Operations,EBT,Income (Loss) Before Income Taxes,EBIT,Income (Loss) before Interest and Taxes,Op_Inc,Operating Income (Loss),Op_Exp,Operating Expenses,Oth_InvRelated_Costs,Other Inventory-Related Costs,Obsolescence,Obsolescence,6020025,Obsolescence - Other
,,Top,Top Accounts,Trial_Balance,Trial Balance,IS,Income Statement,NI,Net Income (Loss),Inc_before_NonControl_Int,Income Before Allocation to Non-Controlling Interests,Inc_Cont_Ops,Income (Loss) from Continuing Operations,EBT,Income (Loss) Before Income Taxes,EBIT,Income (Loss) before Interest and Taxes,Op_Inc,Operating Income (Loss),Op_Exp,Operating Expenses,Oth_InvRelated_Costs,Other Inventory-Related Costs,Oth_Variances,Other Variances,6020030,Importing Variances
,,Top,Top Accounts,Trial_Balance,Trial Balance,IS,Income Statement,NI,Net Income (Loss),Inc_before_NonControl_Int,Income Before Allocation to Non-Controlling Interests,Inc_Cont_Ops,Income (Loss) from Continuing Operations,EBT,Income (Loss) Before Income Taxes,EBIT,Income (Loss) before Interest and Taxes,Op_Inc,Operating Income (Loss),Op_Exp,Operating Expenses,Oth_InvRelated_Costs,Other Inventory-Related Costs,Oth_Variances,Other Variances,6020031,Transporting (Warehouse Transfer) Variance
,,Top,Top Accounts,Trial_Balance,Trial Balance,IS,Income Statement,NI,Net Income (Loss),Inc_before_NonControl_Int,Income Before Allocation to Non-Controlling Interests,Inc_Cont_Ops,Income (Loss) from Continuing Operations,EBT,Income (Loss) Before Income Taxes,EBIT,Income (Loss) before Interest and Taxes,Op_Inc,Operating Income (Loss),Op_Exp,Operating Expenses,Oth_InvRelated_Costs,Other Inventory-Related Costs,Oth_Variances,Other Variances,6020032,Import Tariffs
,,Top,Top Accounts,Trial_Balance,Trial Balance,IS,Income Statement,NI,Net Income (Loss),Inc_before_NonControl_Int,Income Before Allocation to Non-Controlling Interests,Inc_Cont_Ops,Income (Loss) from Continuing Operations,EBT,Income (Loss) Before Income Taxes,EBIT,Income (Loss) before Interest and Taxes,Op_Inc,Operating Income (Loss),Op_Exp,Operating Expenses,Oth_InvRelated_Costs,Other Inventory-Related Costs,Oth_Variances,Other Variances,6020035,Variances - Other
,,Top,Top Accounts,Trial_Balance,Trial Balance,IS,Income Statement,NI,Net Income (Loss),Inc_before_NonControl_Int,Income Before Allocation to Non-Controlling Interests,Inc_Cont_Ops,Income (Loss) from Continuing Operations,EBT,Income (Loss) Before Income Taxes,EBIT,Income (Loss) before Interest and Taxes,Op_Inc,Operating Income (Loss),Op_Exp,Operating Expenses,Oth_InvRelated_Costs,Other Inventory-Related Costs,Oth_Variances,Other Variances,6020036,Variances - Labor Absorption
,,Top,Top Accounts,Trial_Balance,Trial Balance,IS,Income Statement,NI,Net Income (Loss),Inc_before_NonControl_Int,Income Before Allocation to Non-Controlling Interests,Inc_Cont_Ops,Income (Loss) from Continuing Operations,EBT,Income (Loss) Before Income Taxes,EBIT,Income (Loss) before Interest and Taxes,Op_Inc,Operating Income (Loss),Op_Exp,Operating Expenses,Oth_InvRelated_Costs,Other Inventory-Related Costs,Oth_Variances,Other Variances,6020037,Variances - Operations Allocation
,,Top,Top Accounts,Trial_Balance,Trial Balance,IS,Income Statement,NI,Net Income (Loss),Inc_before_NonControl_Int,Income Before Allocation to Non-Controlling Interests,Inc_Cont_Ops,Income (Loss) from Continuing Operations,EBT,Income (Loss) Before Income Taxes,EBIT,Income (Loss) before Interest and Taxes,Op_Inc,Operating Income (Loss),Op_Exp,Operating Expenses,Oth_InvRelated_Costs,Other Inventory-Related Costs,Oth_Variances,Other Variances,6020038,Variances - Overhead Absorption
,,Top,Top Accounts,Trial_Balance,Trial Balance,IS,Income Statement,NI,Net Income (Loss),Inc_before_NonControl_Int,Income Before Allocation to Non-Controlling Interests,Inc_Cont_Ops,Income (Loss) from Continuing Operations,EBT,Income (Loss) Before Income Taxes,EBIT,Income (Loss) before Interest and Taxes,Op_Inc,Operating Income (Loss),Op_Exp,Operating Expenses,Matl_Consumption,Material Consumption,Scrap,Scrap,6030000,Scrap - Raw Materials
,,Top,Top Accounts,Trial_Balance,Trial Balance,IS,Income Statement,NI,Net Income (Loss),Inc_before_NonControl_Int,Income Before Allocation to Non-Controlling Interests,Inc_Cont_Ops,Income (Loss) from Continuing Operations,EBT,Income (Loss) Before Income Taxes,EBIT,Income (Loss) before Interest and Taxes,Op_Inc,Operating Income (Loss),Op_Exp,Operating Expenses,Matl_Consumption,Material Consumption,Scrap,Scrap,6030001,Scrap - Packaging
,,Top,Top Accounts,Trial_Balance,Trial Balance,IS,Income Statement,NI,Net Income (Loss),Inc_before_NonControl_Int,Income Before Allocation to Non-Controlling Interests,Inc_Cont_Ops,Income (Loss) from Continuing Operations,EBT,Income (Loss) Before Income Taxes,EBIT,Income (Loss) before Interest and Taxes,Op_Inc,Operating Income (Loss),Op_Exp,Operating Expenses,Matl_Consumption,Material Consumption,Scrap,Scrap,6030002,Scrap - Semi-Finished
,,Top,Top Accounts,Trial_Balance,Trial Balance,IS,Income Statement,NI,Net Income (Loss),Inc_before_NonControl_Int,Income Before Allocation to Non-Controlling Interests,Inc_Cont_Ops,Income (Loss) from Continuing Operations,EBT,Income (Loss) Before Income Taxes,EBIT,Income (Loss) before Interest and Taxes,Op_Inc,Operating Income (Loss),Op_Exp,Operating Expenses,Matl_Consumption,Material Consumption,Scrap,Scrap,6030003,Scrap - Finished Goods
,,Top,Top Accounts,Trial_Balance,Trial Balance,IS,Income Statement,NI,Net Income (Loss),Inc_before_NonControl_Int,Income Before Allocation to Non-Controlling Interests,Inc_Cont_Ops,Income (Loss) from Continuing Operations,EBT,Income (Loss) Before Income Taxes,EBIT,Income (Loss) before Interest and Taxes,Op_Inc,Operating Income (Loss),Op_Exp,Operating Expenses,Matl_Consumption,Material Consumption,Scrap,Scrap,6030005,Scrap - Other
,,Top,Top Accounts,Trial_Balance,Trial Balance,IS,Income Statement,NI,Net Income (Loss),Inc_before_NonControl_Int,Income Before Allocation to Non-Controlling Interests,Inc_Cont_Ops,Income (Loss) from Continuing Operations,EBT,Income (Loss) Before Income Taxes,EBIT,Income (Loss) before Interest and Taxes,Op_Inc,Operating Income (Loss),Op_Exp,Operating Expenses,Matl_Consumption,Material Consumption,PPV,Purchase Price Variance,6030010,Purchase Price Variance - Raw Materials
,,Top,Top Accounts,Trial_Balance,Trial Balance,IS,Income Statement,NI,Net Income (Loss),Inc_before_NonControl_Int,Income Before Allocation to Non-Controlling Interests,Inc_Cont_Ops,Income (Loss) from Continuing Operations,EBT,Income (Loss) Before Income Taxes,EBIT,Income (Loss) before Interest and Taxes,Op_Inc,Operating Income (Loss),Op_Exp,Operating Expenses,Matl_Consumption,Material Consumption,PPV,Purchase Price Variance,6030011,Purchase Price Variance - Packaging
,,Top,Top Accounts,Trial_Balance,Trial Balance,IS,Income Statement,NI,Net Income (Loss),Inc_before_NonControl_Int,Income Before Allocation to Non-Controlling Interests,Inc_Cont_Ops,Income (Loss) from Continuing Operations,EBT,Income (Loss) Before Income Taxes,EBIT,Income (Loss) before Interest and Taxes,Op_Inc,Operating Income (Loss),Op_Exp,Operating Expenses,Matl_Consumption,Material Consumption,PPV,Purchase Price Variance,6030012,Purchase Price Variance - Semi-Finished
,,Top,Top Accounts,Trial_Balance,Trial Balance,IS,Income Statement,NI,Net Income (Loss),Inc_before_NonControl_Int,Income Before Allocation to Non-Controlling Interests,Inc_Cont_Ops,Income (Loss) from Continuing Operations,EBT,Income (Loss) Before Income Taxes,EBIT,Income (Loss) before Interest and Taxes,Op_Inc,Operating Income (Loss),Op_Exp,Operating Expenses,Matl_Consumption,Material Consumption,PPV,Purchase Price Variance,6030013,Purchase Price Variance - Finished Goods
,,Top,Top Accounts,Trial_Balance,Trial Balance,IS,Income Statement,NI,Net Income (Loss),Inc_before_NonControl_Int,Income Before Allocation to Non-Controlling Interests,Inc_Cont_Ops,Income (Loss) from Continuing Operations,EBT,Income (Loss) Before Income Taxes,EBIT,Income (Loss) before Interest and Taxes,Op_Inc,Operating Income (Loss),Op_Exp,Operating Expenses,Matl_Consumption,Material Consumption,PPV,Purchase Price Variance,6030015,Purchase Price Variance - Other
,,Top,Top Accounts,Trial_Balance,Trial Balance,IS,Income Statement,NI,Net Income (Loss),Inc_before_NonControl_Int,Income Before Allocation to Non-Controlling Interests,Inc_Cont_Ops,Income (Loss) from Continuing Operations,EBT,Income (Loss) Before Income Taxes,EBIT,Income (Loss) before Interest and Taxes,Op_Inc,Operating Income (Loss),Op_Exp,Operating Expenses,Matl_Consumption,Material Consumption,Prod_Consumption,Production Consumption,6030020,Production Consumption - Raw Materials
,,Top,Top Accounts,Trial_Balance,Trial Balance,IS,Income Statement,NI,Net Income (Loss),Inc_before_NonControl_Int,Income Before Allocation to Non-Controlling Interests,Inc_Cont_Ops,Income (Loss) from Continuing Operations,EBT,Income (Loss) Before Income Taxes,EBIT,Income (Loss) before Interest and Taxes,Op_Inc,Operating Income (Loss),Op_Exp,Operating Expenses,Matl_Consumption,Material Consumption,Prod_Consumption,Production Consumption,6030021,Production Consumption - Packaging
,,Top,Top Accounts,Trial_Balance,Trial Balance,IS,Income Statement,NI,Net Income (Loss),Inc_before_NonControl_Int,Income Before Allocation to Non-Controlling Interests,Inc_Cont_Ops,Income (Loss) from Continuing Operations,EBT,Income (Loss) Before Income Taxes,EBIT,Income (Loss) before Interest and Taxes,Op_Inc,Operating Income (Loss),Op_Exp,Operating Expenses,Matl_Consumption,Material Consumption,Prod_Consumption,Production Consumption,6030022,Production Consumption - Semi-Finished
,,Top,Top Accounts,Trial_Balance,Trial Balance,IS,Income Statement,NI,Net Income (Loss),Inc_before_NonControl_Int,Income Before Allocation to Non-Controlling Interests,Inc_Cont_Ops,Income (Loss) from Continuing Operations,EBT,Income (Loss) Before Income Taxes,EBIT,Income (Loss) before Interest and Taxes,Op_Inc,Operating Income (Loss),Op_Exp,Operating Expenses,Matl_Consumption,Material Consumption,Prod_Consumption,Production Consumption,6030023,Production Consumption - Finished Goods
,,Top,Top Accounts,Trial_Balance,Trial Balance,IS,Income Statement,NI,Net Income (Loss),Inc_before_NonControl_Int,Income Before Allocation to Non-Controlling Interests,Inc_Cont_Ops,Income (Loss) from Continuing Operations,EBT,Income (Loss) Before Income Taxes,EBIT,Income (Loss) before Interest and Taxes,Op_Inc,Operating Income (Loss),Op_Exp,Operating Expenses,Matl_Consumption,Material Consumption,Prod_Consumption,Production Consumption,6030025,Production Consumption - Other
,,Top,Top Accounts,Trial_Balance,Trial Balance,IS,Income Statement,NI,Net Income (Loss),Inc_before_NonControl_Int,Income Before Allocation to Non-Controlling Interests,Inc_Cont_Ops,Income (Loss) from Continuing Operations,EBT,Income (Loss) Before Income Taxes,EBIT,Income (Loss) before Interest and Taxes,Op_Inc,Operating Income (Loss),Op_Exp,Operating Expenses,Matl_Consumption,Material Consumption,Stock_Adj,Stock Adjustment,6030030,Stock Adjustment - Raw Materials
,,Top,Top Accounts,Trial_Balance,Trial Balance,IS,Income Statement,NI,Net Income (Loss),Inc_before_NonControl_Int,Income Before Allocation to Non-Controlling Interests,Inc_Cont_Ops,Income (Loss) from Continuing Operations,EBT,Income (Loss) Before Income Taxes,EBIT,Income (Loss) before Interest and Taxes,Op_Inc,Operating Income (Loss),Op_Exp,Operating Expenses,Matl_Consumption,Material Consumption,Stock_Adj,Stock Adjustment,6030031,Stock Adjustment - Packaging
,,Top,Top Accounts,Trial_Balance,Trial Balance,IS,Income Statement,NI,Net Income (Loss),Inc_before_NonControl_Int,Income Before Allocation to Non-Controlling Interests,Inc_Cont_Ops,Income (Loss) from Continuing Operations,EBT,Income (Loss) Before Income Taxes,EBIT,Income (Loss) before Interest and Taxes,Op_Inc,Operating Income (Loss),Op_Exp,Operating Expenses,Matl_Consumption,Material Consumption,Stock_Adj,Stock Adjustment,6030032,Stock Adjustment - Semi-Finished
,,Top,Top Accounts,Trial_Balance,Trial Balance,IS,Income Statement,NI,Net Income (Loss),Inc_before_NonControl_Int,Income Before Allocation to Non-Controlling Interests,Inc_Cont_Ops,Income (Loss) from Continuing Operations,EBT,Income (Loss) Before Income Taxes,EBIT,Income (Loss) before Interest and Taxes,Op_Inc,Operating Income (Loss),Op_Exp,Operating Expenses,Matl_Consumption,Material Consumption,Stock_Adj,Stock Adjustment,6030033,Stock Adjustment - Finished Goods
,,Top,Top Accounts,Trial_Balance,Trial Balance,IS,Income Statement,NI,Net Income (Loss),Inc_before_NonControl_Int,Income Before Allocation to Non-Controlling Interests,Inc_Cont_Ops,Income (Loss) from Continuing Operations,EBT,Income (Loss) Before Income Taxes,EBIT,Income (Loss) before Interest and Taxes,Op_Inc,Operating Income (Loss),Op_Exp,Operating Expenses,Matl_Consumption,Material Consumption,Stock_Adj,Stock Adjustment,6030035,Stock Adjustment - Other
,,Top,Top Accounts,Trial_Balance,Trial Balance,IS,Income Statement,NI,Net Income (Loss),Inc_before_NonControl_Int,Income Before Allocation to Non-Controlling Interests,Inc_Cont_Ops,Income (Loss) from Continuing Operations,EBT,Income (Loss) Before Income Taxes,EBIT,Income (Loss) before Interest and Taxes,Op_Inc,Operating Income (Loss),Op_Exp,Operating Expenses,Matl_Consumption,Material Consumption,Inv_Reval,Inventory Revaluation,6030040,Inventory Revaluation - Raw Materials
,,Top,Top Accounts,Trial_Balance,Trial Balance,IS,Income Statement,NI,Net Income (Loss),Inc_before_NonControl_Int,Income Before Allocation to Non-Controlling Interests,Inc_Cont_Ops,Income (Loss) from Continuing Operations,EBT,Income (Loss) Before Income Taxes,EBIT,Income (Loss) before Interest and Taxes,Op_Inc,Operating Income (Loss),Op_Exp,Operating Expenses,Matl_Consumption,Material Consumption,Inv_Reval,Inventory Revaluation,6030041,Inventory Revaluation - Packaging
,,Top,Top Accounts,Trial_Balance,Trial Balance,IS,Income Statement,NI,Net Income (Loss),Inc_before_NonControl_Int,Income Before Allocation to Non-Controlling Interests,Inc_Cont_Ops,Income (Loss) from Continuing Operations,EBT,Income (Loss) Before Income Taxes,EBIT,Income (Loss) before Interest and Taxes,Op_Inc,Operating Income (Loss),Op_Exp,Operating Expenses,Matl_Consumption,Material Consumption,Inv_Reval,Inventory Revaluation,6030042,Inventory Revaluation - Semi-Finished
,,Top,Top Accounts,Trial_Balance,Trial Balance,IS,Income Statement,NI,Net Income (Loss),Inc_before_NonControl_Int,Income Before Allocation to Non-Controlling Interests,Inc_Cont_Ops,Income (Loss) from Continuing Operations,EBT,Income (Loss) Before Income Taxes,EBIT,Income (Loss) before Interest and Taxes,Op_Inc,Operating Income (Loss),Op_Exp,Operating Expenses,Matl_Consumption,Material Consumption,Inv_Reval,Inventory Revaluation,6030043,Inventory Revaluation - Finished Goods
,,Top,Top Accounts,Trial_Balance,Trial Balance,IS,Income Statement,NI,Net Income (Loss),Inc_before_NonControl_Int,Income Before Allocation to Non-Controlling Interests,Inc_Cont_Ops,Income (Loss) from Continuing Operations,EBT,Income (Loss) Before Income Taxes,EBIT,Income (Loss) before Interest and Taxes,Op_Inc,Operating Income (Loss),Op_Exp,Operating Expenses,Matl_Consumption,Material Consumption,Inv_Reval,Inventory Revaluation,6030045,Inventory Revaluation - Other
,,,,Top,Top Accounts,Trial_Balance,Trial Balance,IS,Income Statement,NI,Net Income (Loss),Inc_before_NonControl_Int,Income Before Allocation to Non-Controlling Interests,Inc_Cont_Ops,Income (Loss) from Continuing Operations,EBT,Income (Loss) Before Income Taxes,EBIT,Income (Loss) before Interest and Taxes,Op_Inc,Operating Income (Loss),Op_Exp,Operating Expenses,Matl_Consumption,Material Consumption,6030050,Tolling
,,,,Top,Top Accounts,Trial_Balance,Trial Balance,IS,Income Statement,NI,Net Income (Loss),Inc_before_NonControl_Int,Income Before Allocation to Non-Controlling Interests,Inc_Cont_Ops,Income (Loss) from Continuing Operations,EBT,Income (Loss) Before Income Taxes,EBIT,Income (Loss) before Interest and Taxes,Op_Inc,Operating Income (Loss),Op_Exp,Operating Expenses,Matl_Consumption,Material Consumption,6030060,Samples Consumption
,,,,Top,Top Accounts,Trial_Balance,Trial Balance,IS,Income Statement,NI,Net Income (Loss),Inc_before_NonControl_Int,Income Before Allocation to Non-Controlling Interests,Inc_Cont_Ops,Income (Loss) from Continuing Operations,EBT,Income (Loss) Before Income Taxes,EBIT,Income (Loss) before Interest and Taxes,Op_Inc,Operating Income (Loss),Op_Exp,Operating Expenses,Matl_Consumption,Material Consumption,6030070,Stock Write-off
,,,,Top,Top Accounts,Trial_Balance,Trial Balance,IS,Income Statement,NI,Net Income (Loss),Inc_before_NonControl_Int,Income Before Allocation to Non-Controlling Interests,Inc_Cont_Ops,Income (Loss) from Continuing Operations,EBT,Income (Loss) Before Income Taxes,EBIT,Income (Loss) before Interest and Taxes,Op_Inc,Operating Income (Loss),Op_Exp,Operating Expenses,Project_Costs,Project Costs,6110000,Office/Lab Equipment/Furniture - Project Costs
,,,,Top,Top Accounts,Trial_Balance,Trial Balance,IS,Income Statement,NI,Net Income (Loss),Inc_before_NonControl_Int,Income Before Allocation to Non-Controlling Interests,Inc_Cont_Ops,Income (Loss) from Continuing Operations,EBT,Income (Loss) Before Income Taxes,EBIT,Income (Loss) before Interest and Taxes,Op_Inc,Operating Income (Loss),Op_Exp,Operating Expenses,Project_Costs,Project Costs,6110010,Computer and Related Equipment - Project Costs
,,,,Top,Top Accounts,Trial_Balance,Trial Balance,IS,Income Statement,NI,Net Income (Loss),Inc_before_NonControl_Int,Income Before Allocation to Non-Controlling Interests,Inc_Cont_Ops,Income (Loss) from Continuing Operations,EBT,Income (Loss) Before Income Taxes,EBIT,Income (Loss) before Interest and Taxes,Op_Inc,Operating Income (Loss),Op_Exp,Operating Expenses,Project_Costs,Project Costs,6110020,Outside Engineering - Project Costs
,,,,Top,Top Accounts,Trial_Balance,Trial Balance,IS,Income Statement,NI,Net Income (Loss),Inc_before_NonControl_Int,Income Before Allocation to Non-Controlling Interests,Inc_Cont_Ops,Income (Loss) from Continuing Operations,EBT,Income (Loss) Before Income Taxes,EBIT,Income (Loss) before Interest and Taxes,Op_Inc,Operating Income (Loss),Op_Exp,Operating Expenses,Utilities,Utilities,6120000,Electric
,,,,Top,Top Accounts,Trial_Balance,Trial Balance,IS,Income Statement,NI,Net Income (Loss),Inc_before_NonControl_Int,Income Before Allocation to Non-Controlling Interests,Inc_Cont_Ops,Income (Loss) from Continuing Operations,EBT,Income (Loss) Before Income Taxes,EBIT,Income (Loss) before Interest and Taxes,Op_Inc,Operating Income (Loss),Op_Exp,Operating Expenses,Utilities,Utilities,6120010,Gas
,,,,Top,Top Accounts,Trial_Balance,Trial Balance,IS,Income Statement,NI,Net Income (Loss),Inc_before_NonControl_Int,Income Before Allocation to Non-Controlling Interests,Inc_Cont_Ops,Income (Loss) from Continuing Operations,EBT,Income (Loss) Before Income Taxes,EBIT,Income (Loss) before Interest and Taxes,Op_Inc,Operating Income (Loss),Op_Exp,Operating Expenses,Utilities,Utilities,6120020,Water and Sewer
,,,,Top,Top Accounts,Trial_Balance,Trial Balance,IS,Income Statement,NI,Net Income (Loss),Inc_before_NonControl_Int,Income Before Allocation to Non-Controlling Interests,Inc_Cont_Ops,Income (Loss) from Continuing Operations,EBT,Income (Loss) Before Income Taxes,EBIT,Income (Loss) before Interest and Taxes,Op_Inc,Operating Income (Loss),Op_Exp,Operating Expenses,Utilities,Utilities,6120030,Other Utilities
,,,,Top,Top Accounts,Trial_Balance,Trial Balance,IS,Income Statement,NI,Net Income (Loss),Inc_before_NonControl_Int,Income Before Allocation to Non-Controlling Interests,Inc_Cont_Ops,Income (Loss) from Continuing Operations,EBT,Income (Loss) Before Income Taxes,EBIT,Income (Loss) before Interest and Taxes,Op_Inc,Operating Income (Loss),Op_Exp,Operating Expenses,Matl_Handling_and_Whse,Material Handling and Warehouse,6130000,Carriage In/Out
,,,,Top,Top Accounts,Trial_Balance,Trial Balance,IS,Income Statement,NI,Net Income (Loss),Inc_before_NonControl_Int,Income Before Allocation to Non-Controlling Interests,Inc_Cont_Ops,Income (Loss) from Continuing Operations,EBT,Income (Loss) Before Income Taxes,EBIT,Income (Loss) before Interest and Taxes,Op_Inc,Operating Income (Loss),Op_Exp,Operating Expenses,Matl_Handling_and_Whse,Material Handling and Warehouse,6130010,Distribution Outbound Freight
,,,,Top,Top Accounts,Trial_Balance,Trial Balance,IS,Income Statement,NI,Net Income (Loss),Inc_before_NonControl_Int,Income Before Allocation to Non-Controlling Interests,Inc_Cont_Ops,Income (Loss) from Continuing Operations,EBT,Income (Loss) Before Income Taxes,EBIT,Income (Loss) before Interest and Taxes,Op_Inc,Operating Income (Loss),Op_Exp,Operating Expenses,Matl_Handling_and_Whse,Material Handling and Warehouse,6130020,Distribution Inbound Freight
,,,,Top,Top Accounts,Trial_Balance,Trial Balance,IS,Income Statement,NI,Net Income (Loss),Inc_before_NonControl_Int,Income Before Allocation to Non-Controlling Interests,Inc_Cont_Ops,Income (Loss) from Continuing Operations,EBT,Income (Loss) Before Income Taxes,EBIT,Income (Loss) before Interest and Taxes,Op_Inc,Operating Income (Loss),Op_Exp,Operating Expenses,Matl_Handling_and_Whse,Material Handling and Warehouse,6130030,Inter-Plant/Inter-Warehouse Freight
,,,,Top,Top Accounts,Trial_Balance,Trial Balance,IS,Income Statement,NI,Net Income (Loss),Inc_before_NonControl_Int,Income Before Allocation to Non-Controlling Interests,Inc_Cont_Ops,Income (Loss) from Continuing Operations,EBT,Income (Loss) Before Income Taxes,EBIT,Income (Loss) before Interest and Taxes,Op_Inc,Operating Income (Loss),Op_Exp,Operating Expenses,Matl_Handling_and_Whse,Material Handling and Warehouse,6130040,Equipment Rental
,,,,Top,Top Accounts,Trial_Balance,Trial Balance,IS,Income Statement,NI,Net Income (Loss),Inc_before_NonControl_Int,Income Before Allocation to Non-Controlling Interests,Inc_Cont_Ops,Income (Loss) from Continuing Operations,EBT,Income (Loss) Before Income Taxes,EBIT,Income (Loss) before Interest and Taxes,Op_Inc,Operating Income (Loss),Op_Exp,Operating Expenses,Matl_Handling_and_Whse,Material Handling and Warehouse,6130050,Warehouse Handling
,,,,Top,Top Accounts,Trial_Balance,Trial Balance,IS,Income Statement,NI,Net Income (Loss),Inc_before_NonControl_Int,Income Before Allocation to Non-Controlling Interests,Inc_Cont_Ops,Income (Loss) from Continuing Operations,EBT,Income (Loss) Before Income Taxes,EBIT,Income (Loss) before Interest and Taxes,Op_Inc,Operating Income (Loss),Op_Exp,Operating Expenses,Matl_Handling_and_Whse,Material Handling and Warehouse,6130060,Warehouse Rent
,,,,Top,Top Accounts,Trial_Balance,Trial Balance,IS,Income Statement,NI,Net Income (Loss),Inc_before_NonControl_Int,Income Before Allocation to Non-Controlling Interests,Inc_Cont_Ops,Income (Loss) from Continuing Operations,EBT,Income (Loss) Before Income Taxes,EBIT,Income (Loss) before Interest and Taxes,Op_Inc,Operating Income (Loss),Op_Exp,Operating Expenses,Matl_Handling_and_Whse,Material Handling and Warehouse,6130070,Transportation
,,,,Top,Top Accounts,Trial_Balance,Trial Balance,IS,Income Statement,NI,Net Income (Loss),Inc_before_NonControl_Int,Income Before Allocation to Non-Controlling Interests,Inc_Cont_Ops,Income (Loss) from Continuing Operations,EBT,Income (Loss) Before Income Taxes,EBIT,Income (Loss) before Interest and Taxes,Op_Inc,Operating Income (Loss),Op_Exp,Operating Expenses,Matl_Handling_and_Whse,Material Handling and Warehouse,6130080,Other Material Handling and Warehouse
,,,,Top,Top Accounts,Trial_Balance,Trial Balance,IS,Income Statement,NI,Net Income (Loss),Inc_before_NonControl_Int,Income Before Allocation to Non-Controlling Interests,Inc_Cont_Ops,Income (Loss) from Continuing Operations,EBT,Income (Loss) Before Income Taxes,EBIT,Income (Loss) before Interest and Taxes,Op_Inc,Operating Income (Loss),Op_Exp,Operating Expenses,Empl_Comp_and_Benefits,Employee Compensation and Benefits,6210000,Salaries
,,,,Top,Top Accounts,Trial_Balance,Trial Balance,IS,Income Statement,NI,Net Income (Loss),Inc_before_NonControl_Int,Income Before Allocation to Non-Controlling Interests,Inc_Cont_Ops,Income (Loss) from Continuing Operations,EBT,Income (Loss) Before Income Taxes,EBIT,Income (Loss) before Interest and Taxes,Op_Inc,Operating Income (Loss),Op_Exp,Operating Expenses,Empl_Comp_and_Benefits,Employee Compensation and Benefits,6210010,"Vacation, Holiday and Other Pay"
,,,,Top,Top Accounts,Trial_Balance,Trial Balance,IS,Income Statement,NI,Net Income (Loss),Inc_before_NonControl_Int,Income Before Allocation to Non-Controlling Interests,Inc_Cont_Ops,Income (Loss) from Continuing Operations,EBT,Income (Loss) Before Income Taxes,EBIT,Income (Loss) before Interest and Taxes,Op_Inc,Operating Income (Loss),Op_Exp,Operating Expenses,Empl_Comp_and_Benefits,Employee Compensation and Benefits,6210020,Severance Pay
,,,,Top,Top Accounts,Trial_Balance,Trial Balance,IS,Income Statement,NI,Net Income (Loss),Inc_before_NonControl_Int,Income Before Allocation to Non-Controlling Interests,Inc_Cont_Ops,Income (Loss) from Continuing Operations,EBT,Income (Loss) Before Income Taxes,EBIT,Income (Loss) before Interest and Taxes,Op_Inc,Operating Income (Loss),Op_Exp,Operating Expenses,Empl_Comp_and_Benefits,Employee Compensation and Benefits,6210030,Other Employee Pay and Expenses
,,,,Top,Top Accounts,Trial_Balance,Trial Balance,IS,Income Statement,NI,Net Income (Loss),Inc_before_NonControl_Int,Income Before Allocation to Non-Controlling Interests,Inc_Cont_Ops,Income (Loss) from Continuing Operations,EBT,Income (Loss) Before Income Taxes,EBIT,Income (Loss) before Interest and Taxes,Op_Inc,Operating Income (Loss),Op_Exp,Operating Expenses,Empl_Comp_and_Benefits,Employee Compensation and Benefits,6210040,Incentives - Annual Bonus Plan
,,,,Top,Top Accounts,Trial_Balance,Trial Balance,IS,Income Statement,NI,Net Income (Loss),Inc_before_NonControl_Int,Income Before Allocation to Non-Controlling Interests,Inc_Cont_Ops,Income (Loss) from Continuing Operations,EBT,Income (Loss) Before Income Taxes,EBIT,Income (Loss) before Interest and Taxes,Op_Inc,Operating Income (Loss),Op_Exp,Operating Expenses,Empl_Comp_and_Benefits,Employee Compensation and Benefits,6210050,Incentives - Other Bonuses
,,,,Top,Top Accounts,Trial_Balance,Trial Balance,IS,Income Statement,NI,Net Income (Loss),Inc_before_NonControl_Int,Income Before Allocation to Non-Controlling Interests,Inc_Cont_Ops,Income (Loss) from Continuing Operations,EBT,Income (Loss) Before Income Taxes,EBIT,Income (Loss) before Interest and Taxes,Op_Inc,Operating Income (Loss),Op_Exp,Operating Expenses,Empl_Comp_and_Benefits,Employee Compensation and Benefits,6210060,Stock-Based Incentive Plan
,,,,Top,Top Accounts,Trial_Balance,Trial Balance,IS,Income Statement,NI,Net Income (Loss),Inc_before_NonControl_Int,Income Before Allocation to Non-Controlling Interests,Inc_Cont_Ops,Income (Loss) from Continuing Operations,EBT,Income (Loss) Before Income Taxes,EBIT,Income (Loss) before Interest and Taxes,Op_Inc,Operating Income (Loss),Op_Exp,Operating Expenses,Empl_Comp_and_Benefits,Employee Compensation and Benefits,6210070,Other Bonuses and Awards
,,,,Top,Top Accounts,Trial_Balance,Trial Balance,IS,Income Statement,NI,Net Income (Loss),Inc_before_NonControl_Int,Income Before Allocation to Non-Controlling Interests,Inc_Cont_Ops,Income (Loss) from Continuing Operations,EBT,Income (Loss) Before Income Taxes,EBIT,Income (Loss) before Interest and Taxes,Op_Inc,Operating Income (Loss),Op_Exp,Operating Expenses,Empl_Comp_and_Benefits,Employee Compensation and Benefits,6210080,Salary-Related Taxes - Employer
,,,,Top,Top Accounts,Trial_Balance,Trial Balance,IS,Income Statement,NI,Net Income (Loss),Inc_before_NonControl_Int,Income Before Allocation to Non-Controlling Interests,Inc_Cont_Ops,Income (Loss) from Continuing Operations,EBT,Income (Loss) Before Income Taxes,EBIT,Income (Loss) before Interest and Taxes,Op_Inc,Operating Income (Loss),Op_Exp,Operating Expenses,Empl_Comp_and_Benefits,Employee Compensation and Benefits,6210090,Pension
,,,,Top,Top Accounts,Trial_Balance,Trial Balance,IS,Income Statement,NI,Net Income (Loss),Inc_before_NonControl_Int,Income Before Allocation to Non-Controlling Interests,Inc_Cont_Ops,Income (Loss) from Continuing Operations,EBT,Income (Loss) Before Income Taxes,EBIT,Income (Loss) before Interest and Taxes,Op_Inc,Operating Income (Loss),Op_Exp,Operating Expenses,Empl_Comp_and_Benefits,Employee Compensation and Benefits,6210100,Employer 401K Contributions
,,,,Top,Top Accounts,Trial_Balance,Trial Balance,IS,Income Statement,NI,Net Income (Loss),Inc_before_NonControl_Int,Income Before Allocation to Non-Controlling Interests,Inc_Cont_Ops,Income (Loss) from Continuing Operations,EBT,Income (Loss) Before Income Taxes,EBIT,Income (Loss) before Interest and Taxes,Op_Inc,Operating Income (Loss),Op_Exp,Operating Expenses,Empl_Comp_and_Benefits,Employee Compensation and Benefits,6210110,Employee Compensation Overhead
,,,,Top,Top Accounts,Trial_Balance,Trial Balance,IS,Income Statement,NI,Net Income (Loss),Inc_before_NonControl_Int,Income Before Allocation to Non-Controlling Interests,Inc_Cont_Ops,Income (Loss) from Continuing Operations,EBT,Income (Loss) Before Income Taxes,EBIT,Income (Loss) before Interest and Taxes,Op_Inc,Operating Income (Loss),Op_Exp,Operating Expenses,Empl_Comp_and_Benefits,Employee Compensation and Benefits,6210120,Profit Sharing
,,,,Top,Top Accounts,Trial_Balance,Trial Balance,IS,Income Statement,NI,Net Income (Loss),Inc_before_NonControl_Int,Income Before Allocation to Non-Controlling Interests,Inc_Cont_Ops,Income (Loss) from Continuing Operations,EBT,Income (Loss) Before Income Taxes,EBIT,Income (Loss) before Interest and Taxes,Op_Inc,Operating Income (Loss),Op_Exp,Operating Expenses,Empl_Comp_and_Benefits,Employee Compensation and Benefits,6210130,Medical Benefits & Services
,,,,Top,Top Accounts,Trial_Balance,Trial Balance,IS,Income Statement,NI,Net Income (Loss),Inc_before_NonControl_Int,Income Before Allocation to Non-Controlling Interests,Inc_Cont_Ops,Income (Loss) from Continuing Operations,EBT,Income (Loss) Before Income Taxes,EBIT,Income (Loss) before Interest and Taxes,Op_Inc,Operating Income (Loss),Op_Exp,Operating Expenses,Empl_Comp_and_Benefits,Employee Compensation and Benefits,6210140,Recruiting
,,,,Top,Top Accounts,Trial_Balance,Trial Balance,IS,Income Statement,NI,Net Income (Loss),Inc_before_NonControl_Int,Income Before Allocation to Non-Controlling Interests,Inc_Cont_Ops,Income (Loss) from Continuing Operations,EBT,Income (Loss) Before Income Taxes,EBIT,Income (Loss) before Interest and Taxes,Op_Inc,Operating Income (Loss),Op_Exp,Operating Expenses,Empl_Comp_and_Benefits,Employee Compensation and Benefits,6210150,Education/Training
,,,,Top,Top Accounts,Trial_Balance,Trial Balance,IS,Income Statement,NI,Net Income (Loss),Inc_before_NonControl_Int,Income Before Allocation to Non-Controlling Interests,Inc_Cont_Ops,Income (Loss) from Continuing Operations,EBT,Income (Loss) Before Income Taxes,EBIT,Income (Loss) before Interest and Taxes,Op_Inc,Operating Income (Loss),Op_Exp,Operating Expenses,Empl_Comp_and_Benefits,Employee Compensation and Benefits,6210160,Other Employee Costs
,,,,Top,Top Accounts,Trial_Balance,Trial Balance,IS,Income Statement,NI,Net Income (Loss),Inc_before_NonControl_Int,Income Before Allocation to Non-Controlling Interests,Inc_Cont_Ops,Income (Loss) from Continuing Operations,EBT,Income (Loss) Before Income Taxes,EBIT,Income (Loss) before Interest and Taxes,Op_Inc,Operating Income (Loss),Op_Exp,Operating Expenses,Travel,Business Travel and Vehicle Expense,6220000,Automobile Expense
,,,,Top,Top Accounts,Trial_Balance,Trial Balance,IS,Income Statement,NI,Net Income (Loss),Inc_before_NonControl_Int,Income Before Allocation to Non-Controlling Interests,Inc_Cont_Ops,Income (Loss) from Continuing Operations,EBT,Income (Loss) Before Income Taxes,EBIT,Income (Loss) before Interest and Taxes,Op_Inc,Operating Income (Loss),Op_Exp,Operating Expenses,Travel,Business Travel and Vehicle Expense,6220010,Travel Expense
,,,,Top,Top Accounts,Trial_Balance,Trial Balance,IS,Income Statement,NI,Net Income (Loss),Inc_before_NonControl_Int,Income Before Allocation to Non-Controlling Interests,Inc_Cont_Ops,Income (Loss) from Continuing Operations,EBT,Income (Loss) Before Income Taxes,EBIT,Income (Loss) before Interest and Taxes,Op_Inc,Operating Income (Loss),Op_Exp,Operating Expenses,Travel,Business Travel and Vehicle Expense,6220020,Leased Autos
,,,,Top,Top Accounts,Trial_Balance,Trial Balance,IS,Income Statement,NI,Net Income (Loss),Inc_before_NonControl_Int,Income Before Allocation to Non-Controlling Interests,Inc_Cont_Ops,Income (Loss) from Continuing Operations,EBT,Income (Loss) Before Income Taxes,EBIT,Income (Loss) before Interest and Taxes,Op_Inc,Operating Income (Loss),Op_Exp,Operating Expenses,Travel,Business Travel and Vehicle Expense,6220030,Meals and Entertainment
,,,,Top,Top Accounts,Trial_Balance,Trial Balance,IS,Income Statement,NI,Net Income (Loss),Inc_before_NonControl_Int,Income Before Allocation to Non-Controlling Interests,Inc_Cont_Ops,Income (Loss) from Continuing Operations,EBT,Income (Loss) Before Income Taxes,EBIT,Income (Loss) before Interest and Taxes,Op_Inc,Operating Income (Loss),Op_Exp,Operating Expenses,Travel,Business Travel and Vehicle Expense,6220040,Meetings and Conferences
,,,,Top,Top Accounts,Trial_Balance,Trial Balance,IS,Income Statement,NI,Net Income (Loss),Inc_before_NonControl_Int,Income Before Allocation to Non-Controlling Interests,Inc_Cont_Ops,Income (Loss) from Continuing Operations,EBT,Income (Loss) Before Income Taxes,EBIT,Income (Loss) before Interest and Taxes,Op_Inc,Operating Income (Loss),Op_Exp,Operating Expenses,Outside_Services,Outside Services,6310000,Consulting
,,,,Top,Top Accounts,Trial_Balance,Trial Balance,IS,Income Statement,NI,Net Income (Loss),Inc_before_NonControl_Int,Income Before Allocation to Non-Controlling Interests,Inc_Cont_Ops,Income (Loss) from Continuing Operations,EBT,Income (Loss) Before Income Taxes,EBIT,Income (Loss) before Interest and Taxes,Op_Inc,Operating Income (Loss),Op_Exp,Operating Expenses,Outside_Services,Outside Services,6310010,Contract Labor
,,,,Top,Top Accounts,Trial_Balance,Trial Balance,IS,Income Statement,NI,Net Income (Loss),Inc_before_NonControl_Int,Income Before Allocation to Non-Controlling Interests,Inc_Cont_Ops,Income (Loss) from Continuing Operations,EBT,Income (Loss) Before Income Taxes,EBIT,Income (Loss) before Interest and Taxes,Op_Inc,Operating Income (Loss),Op_Exp,Operating Expenses,Outside_Services,Outside Services,6310020,"Quality Assurance, Laboratory and Testing Services"
,,,,Top,Top Accounts,Trial_Balance,Trial Balance,IS,Income Statement,NI,Net Income (Loss),Inc_before_NonControl_Int,Income Before Allocation to Non-Controlling Interests,Inc_Cont_Ops,Income (Loss) from Continuing Operations,EBT,Income (Loss) Before Income Taxes,EBIT,Income (Loss) before Interest and Taxes,Op_Inc,Operating Income (Loss),Op_Exp,Operating Expenses,Outside_Services,Outside Services,6310030,Telecommunication Services
,,,,Top,Top Accounts,Trial_Balance,Trial Balance,IS,Income Statement,NI,Net Income (Loss),Inc_before_NonControl_Int,Income Before Allocation to Non-Controlling Interests,Inc_Cont_Ops,Income (Loss) from Continuing Operations,EBT,Income (Loss) Before Income Taxes,EBIT,Income (Loss) before Interest and Taxes,Op_Inc,Operating Income (Loss),Op_Exp,Operating Expenses,Outside_Services,Outside Services,6310040,Cleaning Services
,,,,Top,Top Accounts,Trial_Balance,Trial Balance,IS,Income Statement,NI,Net Income (Loss),Inc_before_NonControl_Int,Income Before Allocation to Non-Controlling Interests,Inc_Cont_Ops,Income (Loss) from Continuing Operations,EBT,Income (Loss) Before Income Taxes,EBIT,Income (Loss) before Interest and Taxes,Op_Inc,Operating Income (Loss),Op_Exp,Operating Expenses,Outside_Services,Outside Services,6310050,Financial Services
,,,,Top,Top Accounts,Trial_Balance,Trial Balance,IS,Income Statement,NI,Net Income (Loss),Inc_before_NonControl_Int,Income Before Allocation to Non-Controlling Interests,Inc_Cont_Ops,Income (Loss) from Continuing Operations,EBT,Income (Loss) Before Income Taxes,EBIT,Income (Loss) before Interest and Taxes,Op_Inc,Operating Income (Loss),Op_Exp,Operating Expenses,Outside_Services,Outside Services,6310060,Printing and Graphic Services
,,,,Top,Top Accounts,Trial_Balance,Trial Balance,IS,Income Statement,NI,Net Income (Loss),Inc_before_NonControl_Int,Income Before Allocation to Non-Controlling Interests,Inc_Cont_Ops,Income (Loss) from Continuing Operations,EBT,Income (Loss) Before Income Taxes,EBIT,Income (Loss) before Interest and Taxes,Op_Inc,Operating Income (Loss),Op_Exp,Operating Expenses,Outside_Services,Outside Services,6310070,Service Contracts
,,,,Top,Top Accounts,Trial_Balance,Trial Balance,IS,Income Statement,NI,Net Income (Loss),Inc_before_NonControl_Int,Income Before Allocation to Non-Controlling Interests,Inc_Cont_Ops,Income (Loss) from Continuing Operations,EBT,Income (Loss) Before Income Taxes,EBIT,Income (Loss) before Interest and Taxes,Op_Inc,Operating Income (Loss),Op_Exp,Operating Expenses,Outside_Services,Outside Services,6310080,Audit Fees - External
,,,,Top,Top Accounts,Trial_Balance,Trial Balance,IS,Income Statement,NI,Net Income (Loss),Inc_before_NonControl_Int,Income Before Allocation to Non-Controlling Interests,Inc_Cont_Ops,Income (Loss) from Continuing Operations,EBT,Income (Loss) Before Income Taxes,EBIT,Income (Loss) before Interest and Taxes,Op_Inc,Operating Income (Loss),Op_Exp,Operating Expenses,Outside_Services,Outside Services,6310090,Public Relations
,,,,Top,Top Accounts,Trial_Balance,Trial Balance,IS,Income Statement,NI,Net Income (Loss),Inc_before_NonControl_Int,Income Before Allocation to Non-Controlling Interests,Inc_Cont_Ops,Income (Loss) from Continuing Operations,EBT,Income (Loss) Before Income Taxes,EBIT,Income (Loss) before Interest and Taxes,Op_Inc,Operating Income (Loss),Op_Exp,Operating Expenses,Outside_Services,Outside Services,6310100,Other Outside Services
,,,,Top,Top Accounts,Trial_Balance,Trial Balance,IS,Income Statement,NI,Net Income (Loss),Inc_before_NonControl_Int,Income Before Allocation to Non-Controlling Interests,Inc_Cont_Ops,Income (Loss) from Continuing Operations,EBT,Income (Loss) Before Income Taxes,EBIT,Income (Loss) before Interest and Taxes,Op_Inc,Operating Income (Loss),Op_Exp,Operating Expenses,Rentals_and_Leases,Rentals and Leases,6320000,"Rent - Building, Office and Other Facilities"
,,,,Top,Top Accounts,Trial_Balance,Trial Balance,IS,Income Statement,NI,Net Income (Loss),Inc_before_NonControl_Int,Income Before Allocation to Non-Controlling Interests,Inc_Cont_Ops,Income (Loss) from Continuing Operations,EBT,Income (Loss) Before Income Taxes,EBIT,Income (Loss) before Interest and Taxes,Op_Inc,Operating Income (Loss),Op_Exp,Operating Expenses,Rentals_and_Leases,Rentals and Leases,6320010,Rent - Equipment
,,,,Top,Top Accounts,Trial_Balance,Trial Balance,IS,Income Statement,NI,Net Income (Loss),Inc_before_NonControl_Int,Income Before Allocation to Non-Controlling Interests,Inc_Cont_Ops,Income (Loss) from Continuing Operations,EBT,Income (Loss) Before Income Taxes,EBIT,Income (Loss) before Interest and Taxes,Op_Inc,Operating Income (Loss),Op_Exp,Operating Expenses,Rentals_and_Leases,Rentals and Leases,6320020,ASC 842 Operating Lease Expense - Fixed
,,,,Top,Top Accounts,Trial_Balance,Trial Balance,IS,Income Statement,NI,Net Income (Loss),Inc_before_NonControl_Int,Income Before Allocation to Non-Controlling Interests,Inc_Cont_Ops,Income (Loss) from Continuing Operations,EBT,Income (Loss) Before Income Taxes,EBIT,Income (Loss) before Interest and Taxes,Op_Inc,Operating Income (Loss),Op_Exp,Operating Expenses,Rentals_and_Leases,Rentals and Leases,6320030,ASC 842 Operating Lease Expense - Variable
,,,,Top,Top Accounts,Trial_Balance,Trial Balance,IS,Income Statement,NI,Net Income (Loss),Inc_before_NonControl_Int,Income Before Allocation to Non-Controlling Interests,Inc_Cont_Ops,Income (Loss) from Continuing Operations,EBT,Income (Loss) Before Income Taxes,EBIT,Income (Loss) before Interest and Taxes,Op_Inc,Operating Income (Loss),Op_Exp,Operating Expenses,Rentals_and_Leases,Rentals and Leases,6320040,ASC 842 Short-Term Lease Expense
,,,,Top,Top Accounts,Trial_Balance,Trial Balance,IS,Income Statement,NI,Net Income (Loss),Inc_before_NonControl_Int,Income Before Allocation to Non-Controlling Interests,Inc_Cont_Ops,Income (Loss) from Continuing Operations,EBT,Income (Loss) Before Income Taxes,EBIT,Income (Loss) before Interest and Taxes,Op_Inc,Operating Income (Loss),Op_Exp,Operating Expenses,Repairs_and_Maint,Repair and Maintenance,6330000,IT Maintenance
,,,,Top,Top Accounts,Trial_Balance,Trial Balance,IS,Income Statement,NI,Net Income (Loss),Inc_before_NonControl_Int,Income Before Allocation to Non-Controlling Interests,Inc_Cont_Ops,Income (Loss) from Continuing Operations,EBT,Income (Loss) Before Income Taxes,EBIT,Income (Loss) before Interest and Taxes,Op_Inc,Operating Income (Loss),Op_Exp,Operating Expenses,Repairs_and_Maint,Repair and Maintenance,6330010,General Maintenance and Repairs
,,,,Top,Top Accounts,Trial_Balance,Trial Balance,IS,Income Statement,NI,Net Income (Loss),Inc_before_NonControl_Int,Income Before Allocation to Non-Controlling Interests,Inc_Cont_Ops,Income (Loss) from Continuing Operations,EBT,Income (Loss) Before Income Taxes,EBIT,Income (Loss) before Interest and Taxes,Op_Inc,Operating Income (Loss),Op_Exp,Operating Expenses,Repairs_and_Maint,Repair and Maintenance,6330020,Maintenance Materials
,,,,Top,Top Accounts,Trial_Balance,Trial Balance,IS,Income Statement,NI,Net Income (Loss),Inc_before_NonControl_Int,Income Before Allocation to Non-Controlling Interests,Inc_Cont_Ops,Income (Loss) from Continuing Operations,EBT,Income (Loss) Before Income Taxes,EBIT,Income (Loss) before Interest and Taxes,Op_Inc,Operating Income (Loss),Op_Exp,Operating Expenses,Repairs_and_Maint,Repair and Maintenance,6330030,Building Maintenance
,,,,Top,Top Accounts,Trial_Balance,Trial Balance,IS,Income Statement,NI,Net Income (Loss),Inc_before_NonControl_Int,Income Before Allocation to Non-Controlling Interests,Inc_Cont_Ops,Income (Loss) from Continuing Operations,EBT,Income (Loss) Before Income Taxes,EBIT,Income (Loss) before Interest and Taxes,Op_Inc,Operating Income (Loss),Op_Exp,Operating Expenses,Supplies,Supplies,6410000,Office Supplies
,,,,Top,Top Accounts,Trial_Balance,Trial Balance,IS,Income Statement,NI,Net Income (Loss),Inc_before_NonControl_Int,Income Before Allocation to Non-Controlling Interests,Inc_Cont_Ops,Income (Loss) from Continuing Operations,EBT,Income (Loss) Before Income Taxes,EBIT,Income (Loss) before Interest and Taxes,Op_Inc,Operating Income (Loss),Op_Exp,Operating Expenses,Supplies,Supplies,6410010,Production Supplies
,,,,Top,Top Accounts,Trial_Balance,Trial Balance,IS,Income Statement,NI,Net Income (Loss),Inc_before_NonControl_Int,Income Before Allocation to Non-Controlling Interests,Inc_Cont_Ops,Income (Loss) from Continuing Operations,EBT,Income (Loss) Before Income Taxes,EBIT,Income (Loss) before Interest and Taxes,Op_Inc,Operating Income (Loss),Op_Exp,Operating Expenses,Supplies,Supplies,6410020,Safety Supplies
,,,,Top,Top Accounts,Trial_Balance,Trial Balance,IS,Income Statement,NI,Net Income (Loss),Inc_before_NonControl_Int,Income Before Allocation to Non-Controlling Interests,Inc_Cont_Ops,Income (Loss) from Continuing Operations,EBT,Income (Loss) Before Income Taxes,EBIT,Income (Loss) before Interest and Taxes,Op_Inc,Operating Income (Loss),Op_Exp,Operating Expenses,Supplies,Supplies,6410030,"Materials and Supplies - Lab, Analysis and Experiment"
,,,,Top,Top Accounts,Trial_Balance,Trial Balance,IS,Income Statement,NI,Net Income (Loss),Inc_before_NonControl_Int,Income Before Allocation to Non-Controlling Interests,Inc_Cont_Ops,Income (Loss) from Continuing Operations,EBT,Income (Loss) Before Income Taxes,EBIT,Income (Loss) before Interest and Taxes,Op_Inc,Operating Income (Loss),Op_Exp,Operating Expenses,Supplies,Supplies,6410040,Other Supplies
,,,,Top,Top Accounts,Trial_Balance,Trial Balance,IS,Income Statement,NI,Net Income (Loss),Inc_before_NonControl_Int,Income Before Allocation to Non-Controlling Interests,Inc_Cont_Ops,Income (Loss) from Continuing Operations,EBT,Income (Loss) Before Income Taxes,EBIT,Income (Loss) before Interest and Taxes,Op_Inc,Operating Income (Loss),Op_Exp,Operating Expenses,Supplies,Supplies,6410050,Hand Tools
,,,,Top,Top Accounts,Trial_Balance,Trial Balance,IS,Income Statement,NI,Net Income (Loss),Inc_before_NonControl_Int,Income Before Allocation to Non-Controlling Interests,Inc_Cont_Ops,Income (Loss) from Continuing Operations,EBT,Income (Loss) Before Income Taxes,EBIT,Income (Loss) before Interest and Taxes,Op_Inc,Operating Income (Loss),Op_Exp,Operating Expenses,Taxes_Fines_and_Penalties,"Taxes, Fines and Penalties",6420000,Property Tax
,,,,Top,Top Accounts,Trial_Balance,Trial Balance,IS,Income Statement,NI,Net Income (Loss),Inc_before_NonControl_Int,Income Before Allocation to Non-Controlling Interests,Inc_Cont_Ops,Income (Loss) from Continuing Operations,EBT,Income (Loss) Before Income Taxes,EBIT,Income (Loss) before Interest and Taxes,Op_Inc,Operating Income (Loss),Op_Exp,Operating Expenses,Taxes_Fines_and_Penalties,"Taxes, Fines and Penalties",6420010,Penalties and Fines 
,,,,Top,Top Accounts,Trial_Balance,Trial Balance,IS,Income Statement,NI,Net Income (Loss),Inc_before_NonControl_Int,Income Before Allocation to Non-Controlling Interests,Inc_Cont_Ops,Income (Loss) from Continuing Operations,EBT,Income (Loss) Before Income Taxes,EBIT,Income (Loss) before Interest and Taxes,Op_Inc,Operating Income (Loss),Op_Exp,Operating Expenses,Taxes_Fines_and_Penalties,"Taxes, Fines and Penalties",6420020,"Licenses, Fees, Certificates and Other Taxes"
,,,,Top,Top Accounts,Trial_Balance,Trial Balance,IS,Income Statement,NI,Net Income (Loss),Inc_before_NonControl_Int,Income Before Allocation to Non-Controlling Interests,Inc_Cont_Ops,Income (Loss) from Continuing Operations,EBT,Income (Loss) Before Income Taxes,EBIT,Income (Loss) before Interest and Taxes,Op_Inc,Operating Income (Loss),Op_Exp,Operating Expenses,Legal_Fees_Outside,Outside Legal Fees,6430000,Corporate Governance
,,,,Top,Top Accounts,Trial_Balance,Trial Balance,IS,Income Statement,NI,Net Income (Loss),Inc_before_NonControl_Int,Income Before Allocation to Non-Controlling Interests,Inc_Cont_Ops,Income (Loss) from Continuing Operations,EBT,Income (Loss) Before Income Taxes,EBIT,Income (Loss) before Interest and Taxes,Op_Inc,Operating Income (Loss),Op_Exp,Operating Expenses,Legal_Fees_Outside,Outside Legal Fees,6430010,M&A Corporate Transactions - Legal
,,,,Top,Top Accounts,Trial_Balance,Trial Balance,IS,Income Statement,NI,Net Income (Loss),Inc_before_NonControl_Int,Income Before Allocation to Non-Controlling Interests,Inc_Cont_Ops,Income (Loss) from Continuing Operations,EBT,Income (Loss) Before Income Taxes,EBIT,Income (Loss) before Interest and Taxes,Op_Inc,Operating Income (Loss),Op_Exp,Operating Expenses,Legal_Fees_Outside,Outside Legal Fees,6430020,Litigation
,,,,Top,Top Accounts,Trial_Balance,Trial Balance,IS,Income Statement,NI,Net Income (Loss),Inc_before_NonControl_Int,Income Before Allocation to Non-Controlling Interests,Inc_Cont_Ops,Income (Loss) from Continuing Operations,EBT,Income (Loss) Before Income Taxes,EBIT,Income (Loss) before Interest and Taxes,Op_Inc,Operating Income (Loss),Op_Exp,Operating Expenses,Legal_Fees_Outside,Outside Legal Fees,6430030,Legal - Trademarks and Domains
,,,,Top,Top Accounts,Trial_Balance,Trial Balance,IS,Income Statement,NI,Net Income (Loss),Inc_before_NonControl_Int,Income Before Allocation to Non-Controlling Interests,Inc_Cont_Ops,Income (Loss) from Continuing Operations,EBT,Income (Loss) Before Income Taxes,EBIT,Income (Loss) before Interest and Taxes,Op_Inc,Operating Income (Loss),Op_Exp,Operating Expenses,Legal_Fees_Outside,Outside Legal Fees,6430040,Legal Fees
,,,,Top,Top Accounts,Trial_Balance,Trial Balance,IS,Income Statement,NI,Net Income (Loss),Inc_before_NonControl_Int,Income Before Allocation to Non-Controlling Interests,Inc_Cont_Ops,Income (Loss) from Continuing Operations,EBT,Income (Loss) Before Income Taxes,EBIT,Income (Loss) before Interest and Taxes,Op_Inc,Operating Income (Loss),Op_Exp,Operating Expenses,Legal_Fees_Outside,Outside Legal Fees,6430050,Legal - Other
,,Top,Top Accounts,Trial_Balance,Trial Balance,IS,Income Statement,NI,Net Income (Loss),Inc_before_NonControl_Int,Income Before Allocation to Non-Controlling Interests,Inc_Cont_Ops,Income (Loss) from Continuing Operations,EBT,Income (Loss) Before Income Taxes,EBIT,Income (Loss) before Interest and Taxes,Op_Inc,Operating Income (Loss),Op_Exp,Operating Expenses,Selling_and_Mktg,Selling and Marketing,Working_Mktg,Working Marketing,6510000,FSI Media Insertions
,,Top,Top Accounts,Trial_Balance,Trial Balance,IS,Income Statement,NI,Net Income (Loss),Inc_before_NonControl_Int,Income Before Allocation to Non-Controlling Interests,Inc_Cont_Ops,Income (Loss) from Continuing Operations,EBT,Income (Loss) Before Income Taxes,EBIT,Income (Loss) before Interest and Taxes,Op_Inc,Operating Income (Loss),Op_Exp,Operating Expenses,Selling_and_Mktg,Selling and Marketing,Working_Mktg,Working Marketing,6510010,Coupon Fees / Handling
,,Top,Top Accounts,Trial_Balance,Trial Balance,IS,Income Statement,NI,Net Income (Loss),Inc_before_NonControl_Int,Income Before Allocation to Non-Controlling Interests,Inc_Cont_Ops,Income (Loss) from Continuing Operations,EBT,Income (Loss) Before Income Taxes,EBIT,Income (Loss) before Interest and Taxes,Op_Inc,Operating Income (Loss),Op_Exp,Operating Expenses,Selling_and_Mktg,Selling and Marketing,Working_Mktg,Working Marketing,6510020,Media - Social
,,Top,Top Accounts,Trial_Balance,Trial Balance,IS,Income Statement,NI,Net Income (Loss),Inc_before_NonControl_Int,Income Before Allocation to Non-Controlling Interests,Inc_Cont_Ops,Income (Loss) from Continuing Operations,EBT,Income (Loss) Before Income Taxes,EBIT,Income (Loss) before Interest and Taxes,Op_Inc,Operating Income (Loss),Op_Exp,Operating Expenses,Selling_and_Mktg,Selling and Marketing,Working_Mktg,Working Marketing,6510030,Media - Digital
,,Top,Top Accounts,Trial_Balance,Trial Balance,IS,Income Statement,NI,Net Income (Loss),Inc_before_NonControl_Int,Income Before Allocation to Non-Controlling Interests,Inc_Cont_Ops,Income (Loss) from Continuing Operations,EBT,Income (Loss) Before Income Taxes,EBIT,Income (Loss) before Interest and Taxes,Op_Inc,Operating Income (Loss),Op_Exp,Operating Expenses,Selling_and_Mktg,Selling and Marketing,Working_Mktg,Working Marketing,6510040,Media - Print
,,Top,Top Accounts,Trial_Balance,Trial Balance,IS,Income Statement,NI,Net Income (Loss),Inc_before_NonControl_Int,Income Before Allocation to Non-Controlling Interests,Inc_Cont_Ops,Income (Loss) from Continuing Operations,EBT,Income (Loss) Before Income Taxes,EBIT,Income (Loss) before Interest and Taxes,Op_Inc,Operating Income (Loss),Op_Exp,Operating Expenses,Selling_and_Mktg,Selling and Marketing,Working_Mktg,Working Marketing,6510050,Media - TV
,,Top,Top Accounts,Trial_Balance,Trial Balance,IS,Income Statement,NI,Net Income (Loss),Inc_before_NonControl_Int,Income Before Allocation to Non-Controlling Interests,Inc_Cont_Ops,Income (Loss) from Continuing Operations,EBT,Income (Loss) Before Income Taxes,EBIT,Income (Loss) before Interest and Taxes,Op_Inc,Operating Income (Loss),Op_Exp,Operating Expenses,Selling_and_Mktg,Selling and Marketing,Working_Mktg,Working Marketing,6510060,Media - Other
,,Top,Top Accounts,Trial_Balance,Trial Balance,IS,Income Statement,NI,Net Income (Loss),Inc_before_NonControl_Int,Income Before Allocation to Non-Controlling Interests,Inc_Cont_Ops,Income (Loss) from Continuing Operations,EBT,Income (Loss) Before Income Taxes,EBIT,Income (Loss) before Interest and Taxes,Op_Inc,Operating Income (Loss),Op_Exp,Operating Expenses,Selling_and_Mktg,Selling and Marketing,Working_Mktg,Working Marketing,6510070,E-Commerce Advertising
,,Top,Top Accounts,Trial_Balance,Trial Balance,IS,Income Statement,NI,Net Income (Loss),Inc_before_NonControl_Int,Income Before Allocation to Non-Controlling Interests,Inc_Cont_Ops,Income (Loss) from Continuing Operations,EBT,Income (Loss) Before Income Taxes,EBIT,Income (Loss) before Interest and Taxes,Op_Inc,Operating Income (Loss),Op_Exp,Operating Expenses,Selling_and_Mktg,Selling and Marketing,Working_Mktg,Working Marketing,6510080,E-Commerce Search
,,Top,Top Accounts,Trial_Balance,Trial Balance,IS,Income Statement,NI,Net Income (Loss),Inc_before_NonControl_Int,Income Before Allocation to Non-Controlling Interests,Inc_Cont_Ops,Income (Loss) from Continuing Operations,EBT,Income (Loss) Before Income Taxes,EBIT,Income (Loss) before Interest and Taxes,Op_Inc,Operating Income (Loss),Op_Exp,Operating Expenses,Selling_and_Mktg,Selling and Marketing,Working_Mktg,Working Marketing,6510090,Celebrity Ambassador
,,Top,Top Accounts,Trial_Balance,Trial Balance,IS,Income Statement,NI,Net Income (Loss),Inc_before_NonControl_Int,Income Before Allocation to Non-Controlling Interests,Inc_Cont_Ops,Income (Loss) from Continuing Operations,EBT,Income (Loss) Before Income Taxes,EBIT,Income (Loss) before Interest and Taxes,Op_Inc,Operating Income (Loss),Op_Exp,Operating Expenses,Selling_and_Mktg,Selling and Marketing,Working_Mktg,Working Marketing,6510100,Other Working Marketing
,,Top,Top Accounts,Trial_Balance,Trial Balance,IS,Income Statement,NI,Net Income (Loss),Inc_before_NonControl_Int,Income Before Allocation to Non-Controlling Interests,Inc_Cont_Ops,Income (Loss) from Continuing Operations,EBT,Income (Loss) Before Income Taxes,EBIT,Income (Loss) before Interest and Taxes,Op_Inc,Operating Income (Loss),Op_Exp,Operating Expenses,Selling_and_Mktg,Selling and Marketing,NonWorking_Mktg,Non-Working Marketing,6520000,Agency Fees
,,Top,Top Accounts,Trial_Balance,Trial Balance,IS,Income Statement,NI,Net Income (Loss),Inc_before_NonControl_Int,Income Before Allocation to Non-Controlling Interests,Inc_Cont_Ops,Income (Loss) from Continuing Operations,EBT,Income (Loss) Before Income Taxes,EBIT,Income (Loss) before Interest and Taxes,Op_Inc,Operating Income (Loss),Op_Exp,Operating Expenses,Selling_and_Mktg,Selling and Marketing,NonWorking_Mktg,Non-Working Marketing,6520010,Plates and Molds
,,Top,Top Accounts,Trial_Balance,Trial Balance,IS,Income Statement,NI,Net Income (Loss),Inc_before_NonControl_Int,Income Before Allocation to Non-Controlling Interests,Inc_Cont_Ops,Income (Loss) from Continuing Operations,EBT,Income (Loss) Before Income Taxes,EBIT,Income (Loss) before Interest and Taxes,Op_Inc,Operating Income (Loss),Op_Exp,Operating Expenses,Selling_and_Mktg,Selling and Marketing,NonWorking_Mktg,Non-Working Marketing,6520020,Design and Artwork
,,Top,Top Accounts,Trial_Balance,Trial Balance,IS,Income Statement,NI,Net Income (Loss),Inc_before_NonControl_Int,Income Before Allocation to Non-Controlling Interests,Inc_Cont_Ops,Income (Loss) from Continuing Operations,EBT,Income (Loss) Before Income Taxes,EBIT,Income (Loss) before Interest and Taxes,Op_Inc,Operating Income (Loss),Op_Exp,Operating Expenses,Selling_and_Mktg,Selling and Marketing,NonWorking_Mktg,Non-Working Marketing,6520030,Graphics
,,Top,Top Accounts,Trial_Balance,Trial Balance,IS,Income Statement,NI,Net Income (Loss),Inc_before_NonControl_Int,Income Before Allocation to Non-Controlling Interests,Inc_Cont_Ops,Income (Loss) from Continuing Operations,EBT,Income (Loss) Before Income Taxes,EBIT,Income (Loss) before Interest and Taxes,Op_Inc,Operating Income (Loss),Op_Exp,Operating Expenses,Selling_and_Mktg,Selling and Marketing,NonWorking_Mktg,Non-Working Marketing,6520040,Market Research
,,Top,Top Accounts,Trial_Balance,Trial Balance,IS,Income Statement,NI,Net Income (Loss),Inc_before_NonControl_Int,Income Before Allocation to Non-Controlling Interests,Inc_Cont_Ops,Income (Loss) from Continuing Operations,EBT,Income (Loss) Before Income Taxes,EBIT,Income (Loss) before Interest and Taxes,Op_Inc,Operating Income (Loss),Op_Exp,Operating Expenses,Selling_and_Mktg,Selling and Marketing,NonWorking_Mktg,Non-Working Marketing,6520050,Product Samples
,,Top,Top Accounts,Trial_Balance,Trial Balance,IS,Income Statement,NI,Net Income (Loss),Inc_before_NonControl_Int,Income Before Allocation to Non-Controlling Interests,Inc_Cont_Ops,Income (Loss) from Continuing Operations,EBT,Income (Loss) Before Income Taxes,EBIT,Income (Loss) before Interest and Taxes,Op_Inc,Operating Income (Loss),Op_Exp,Operating Expenses,Selling_and_Mktg,Selling and Marketing,NonWorking_Mktg,Non-Working Marketing,6520060,New Category Market Research
,,Top,Top Accounts,Trial_Balance,Trial Balance,IS,Income Statement,NI,Net Income (Loss),Inc_before_NonControl_Int,Income Before Allocation to Non-Controlling Interests,Inc_Cont_Ops,Income (Loss) from Continuing Operations,EBT,Income (Loss) Before Income Taxes,EBIT,Income (Loss) before Interest and Taxes,Op_Inc,Operating Income (Loss),Op_Exp,Operating Expenses,Selling_and_Mktg,Selling and Marketing,NonWorking_Mktg,Non-Working Marketing,6520070,Trade Shows
,,Top,Top Accounts,Trial_Balance,Trial Balance,IS,Income Statement,NI,Net Income (Loss),Inc_before_NonControl_Int,Income Before Allocation to Non-Controlling Interests,Inc_Cont_Ops,Income (Loss) from Continuing Operations,EBT,Income (Loss) Before Income Taxes,EBIT,Income (Loss) before Interest and Taxes,Op_Inc,Operating Income (Loss),Op_Exp,Operating Expenses,Selling_and_Mktg,Selling and Marketing,NonWorking_Mktg,Non-Working Marketing,6520080,Website/Syndicated Services
,,Top,Top Accounts,Trial_Balance,Trial Balance,IS,Income Statement,NI,Net Income (Loss),Inc_before_NonControl_Int,Income Before Allocation to Non-Controlling Interests,Inc_Cont_Ops,Income (Loss) from Continuing Operations,EBT,Income (Loss) Before Income Taxes,EBIT,Income (Loss) before Interest and Taxes,Op_Inc,Operating Income (Loss),Op_Exp,Operating Expenses,Selling_and_Mktg,Selling and Marketing,NonWorking_Mktg,Non-Working Marketing,6520090,Other Non-Working Marketing
,,Top,Top Accounts,Trial_Balance,Trial Balance,IS,Income Statement,NI,Net Income (Loss),Inc_before_NonControl_Int,Income Before Allocation to Non-Controlling Interests,Inc_Cont_Ops,Income (Loss) from Continuing Operations,EBT,Income (Loss) Before Income Taxes,EBIT,Income (Loss) before Interest and Taxes,Op_Inc,Operating Income (Loss),Op_Exp,Operating Expenses,Selling_and_Mktg,Selling and Marketing,Variable_Selling,Variable Selling,6530000,Variable Selling - Outside Sales
,,,,Top,Top Accounts,Trial_Balance,Trial Balance,IS,Income Statement,NI,Net Income (Loss),Inc_before_NonControl_Int,Income Before Allocation to Non-Controlling Interests,Inc_Cont_Ops,Income (Loss) from Continuing Operations,EBT,Income (Loss) Before Income Taxes,EBIT,Income (Loss) before Interest and Taxes,Op_Inc,Operating Income (Loss),Op_Exp,Operating Expenses,Oth_Exp,Other Expenses,6610000,Registration and Filing Fees
,,,,Top,Top Accounts,Trial_Balance,Trial Balance,IS,Income Statement,NI,Net Income (Loss),Inc_before_NonControl_Int,Income Before Allocation to Non-Controlling Interests,Inc_Cont_Ops,Income (Loss) from Continuing Operations,EBT,Income (Loss) Before Income Taxes,EBIT,Income (Loss) before Interest and Taxes,Op_Inc,Operating Income (Loss),Op_Exp,Operating Expenses,Oth_Exp,Other Expenses,6610010,Charitable Contributions
,,,,Top,Top Accounts,Trial_Balance,Trial Balance,IS,Income Statement,NI,Net Income (Loss),Inc_before_NonControl_Int,Income Before Allocation to Non-Controlling Interests,Inc_Cont_Ops,Income (Loss) from Continuing Operations,EBT,Income (Loss) Before Income Taxes,EBIT,Income (Loss) before Interest and Taxes,Op_Inc,Operating Income (Loss),Op_Exp,Operating Expenses,Oth_Exp,Other Expenses,6610020,Board of Director's Fees
,,,,Top,Top Accounts,Trial_Balance,Trial Balance,IS,Income Statement,NI,Net Income (Loss),Inc_before_NonControl_Int,Income Before Allocation to Non-Controlling Interests,Inc_Cont_Ops,Income (Loss) from Continuing Operations,EBT,Income (Loss) Before Income Taxes,EBIT,Income (Loss) before Interest and Taxes,Op_Inc,Operating Income (Loss),Op_Exp,Operating Expenses,Oth_Exp,Other Expenses,6610030,Memberships and Subscriptions
,,,,Top,Top Accounts,Trial_Balance,Trial Balance,IS,Income Statement,NI,Net Income (Loss),Inc_before_NonControl_Int,Income Before Allocation to Non-Controlling Interests,Inc_Cont_Ops,Income (Loss) from Continuing Operations,EBT,Income (Loss) Before Income Taxes,EBIT,Income (Loss) before Interest and Taxes,Op_Inc,Operating Income (Loss),Op_Exp,Operating Expenses,Oth_Exp,Other Expenses,6610040,Other Non-Deductible Expense
,,,,Top,Top Accounts,Trial_Balance,Trial Balance,IS,Income Statement,NI,Net Income (Loss),Inc_before_NonControl_Int,Income Before Allocation to Non-Controlling Interests,Inc_Cont_Ops,Income (Loss) from Continuing Operations,EBT,Income (Loss) Before Income Taxes,EBIT,Income (Loss) before Interest and Taxes,Op_Inc,Operating Income (Loss),Op_Exp,Operating Expenses,Oth_Exp,Other Expenses,6610050,Postage and Delivery Services
,,,,Top,Top Accounts,Trial_Balance,Trial Balance,IS,Income Statement,NI,Net Income (Loss),Inc_before_NonControl_Int,Income Before Allocation to Non-Controlling Interests,Inc_Cont_Ops,Income (Loss) from Continuing Operations,EBT,Income (Loss) Before Income Taxes,EBIT,Income (Loss) before Interest and Taxes,Op_Inc,Operating Income (Loss),Op_Exp,Operating Expenses,Oth_Exp,Other Expenses,6610060,Provision for Doubtful Accounts
,,,,Top,Top Accounts,Trial_Balance,Trial Balance,IS,Income Statement,NI,Net Income (Loss),Inc_before_NonControl_Int,Income Before Allocation to Non-Controlling Interests,Inc_Cont_Ops,Income (Loss) from Continuing Operations,EBT,Income (Loss) Before Income Taxes,EBIT,Income (Loss) before Interest and Taxes,Op_Inc,Operating Income (Loss),Op_Exp,Operating Expenses,Oth_Exp,Other Expenses,6610070,Miscellaneous Expense
,,,,Top,Top Accounts,Trial_Balance,Trial Balance,IS,Income Statement,NI,Net Income (Loss),Inc_before_NonControl_Int,Income Before Allocation to Non-Controlling Interests,Inc_Cont_Ops,Income (Loss) from Continuing Operations,EBT,Income (Loss) Before Income Taxes,EBIT,Income (Loss) before Interest and Taxes,Op_Inc,Operating Income (Loss),Op_Exp,Operating Expenses,Oth_Exp,Other Expenses,6610080,Corporate Marketing Allocation
,,,,Top,Top Accounts,Trial_Balance,Trial Balance,IS,Income Statement,NI,Net Income (Loss),Inc_before_NonControl_Int,Income Before Allocation to Non-Controlling Interests,Inc_Cont_Ops,Income (Loss) from Continuing Operations,EBT,Income (Loss) Before Income Taxes,EBIT,Income (Loss) before Interest and Taxes,Op_Inc,Operating Income (Loss),Op_Exp,Operating Expenses,Oth_Exp,Other Expenses,6610090,Corporate Services Allocation
,,,,Top,Top Accounts,Trial_Balance,Trial Balance,IS,Income Statement,NI,Net Income (Loss),Inc_before_NonControl_Int,Income Before Allocation to Non-Controlling Interests,Inc_Cont_Ops,Income (Loss) from Continuing Operations,EBT,Income (Loss) Before Income Taxes,EBIT,Income (Loss) before Interest and Taxes,Op_Inc,Operating Income (Loss),Op_Exp,Operating Expenses,Oth_Exp,Other Expenses,6610100,Equipment and Software - Not Capitalized
,,,,Top,Top Accounts,Trial_Balance,Trial Balance,IS,Income Statement,NI,Net Income (Loss),Inc_before_NonControl_Int,Income Before Allocation to Non-Controlling Interests,Inc_Cont_Ops,Income (Loss) from Continuing Operations,EBT,Income (Loss) Before Income Taxes,EBIT,Income (Loss) before Interest and Taxes,Op_Inc,Operating Income (Loss),Op_Exp,Operating Expenses,Oth_Exp,Other Expenses,6610110,Recovered Expense - Miscellaneous Sales
,,,,Top,Top Accounts,Trial_Balance,Trial Balance,IS,Income Statement,NI,Net Income (Loss),Inc_before_NonControl_Int,Income Before Allocation to Non-Controlling Interests,Inc_Cont_Ops,Income (Loss) from Continuing Operations,EBT,Income (Loss) Before Income Taxes,EBIT,Income (Loss) before Interest and Taxes,Op_Inc,Operating Income (Loss),Op_Exp,Operating Expenses,Oth_Exp,Other Expenses,6610120,Administrative Services Fees
,,,,Top,Top Accounts,Trial_Balance,Trial Balance,IS,Income Statement,NI,Net Income (Loss),Inc_before_NonControl_Int,Income Before Allocation to Non-Controlling Interests,Inc_Cont_Ops,Income (Loss) from Continuing Operations,EBT,Income (Loss) Before Income Taxes,EBIT,Income (Loss) before Interest and Taxes,Op_Inc,Operating Income (Loss),Op_Exp,Operating Expenses,Oth_Exp,Other Expenses,6610130,Business Insurance
,,,,Top,Top Accounts,Trial_Balance,Trial Balance,IS,Income Statement,NI,Net Income (Loss),Inc_before_NonControl_Int,Income Before Allocation to Non-Controlling Interests,Inc_Cont_Ops,Income (Loss) from Continuing Operations,EBT,Income (Loss) Before Income Taxes,EBIT,Income (Loss) before Interest and Taxes,Op_Inc,Operating Income (Loss),Op_Exp,Operating Expenses,Oth_Exp,Other Expenses,6610140,Bank Charges
,,,,Top,Top Accounts,Trial_Balance,Trial Balance,IS,Income Statement,NI,Net Income (Loss),Inc_before_NonControl_Int,Income Before Allocation to Non-Controlling Interests,Inc_Cont_Ops,Income (Loss) from Continuing Operations,EBT,Income (Loss) Before Income Taxes,EBIT,Income (Loss) before Interest and Taxes,Op_Inc,Operating Income (Loss),Op_Exp,Operating Expenses,Oth_Exp,Other Expenses,6610150,Cross-Company Charges
,,,,Top,Top Accounts,Trial_Balance,Trial Balance,IS,Income Statement,NI,Net Income (Loss),Inc_before_NonControl_Int,Income Before Allocation to Non-Controlling Interests,Inc_Cont_Ops,Income (Loss) from Continuing Operations,EBT,Income (Loss) Before Income Taxes,EBIT,Income (Loss) before Interest and Taxes,Op_Inc,Operating Income (Loss),Op_Exp,Operating Expenses,Oth_Exp,Other Expenses,6610160,Inter-unit payable/receivable clearing
,,,,Top,Top Accounts,Trial_Balance,Trial Balance,IS,Income Statement,NI,Net Income (Loss),Inc_before_NonControl_Int,Income Before Allocation to Non-Controlling Interests,Inc_Cont_Ops,Income (Loss) from Continuing Operations,EBT,Income (Loss) Before Income Taxes,EBIT,Income (Loss) before Interest and Taxes,Op_Inc,Operating Income (Loss),Op_Exp,Operating Expenses,R_and_D,Research and Development,6620000,Package Testing
,,,,Top,Top Accounts,Trial_Balance,Trial Balance,IS,Income Statement,NI,Net Income (Loss),Inc_before_NonControl_Int,Income Before Allocation to Non-Controlling Interests,Inc_Cont_Ops,Income (Loss) from Continuing Operations,EBT,Income (Loss) Before Income Taxes,EBIT,Income (Loss) before Interest and Taxes,Op_Inc,Operating Income (Loss),Op_Exp,Operating Expenses,R_and_D,Research and Development,6620010,Research Assistance
,,,,Top,Top Accounts,Trial_Balance,Trial Balance,IS,Income Statement,NI,Net Income (Loss),Inc_before_NonControl_Int,Income Before Allocation to Non-Controlling Interests,Inc_Cont_Ops,Income (Loss) from Continuing Operations,EBT,Income (Loss) Before Income Taxes,EBIT,Income (Loss) before Interest and Taxes,Op_Inc,Operating Income (Loss),Op_Exp,Operating Expenses,R_and_D,Research and Development,6620020,Research
,,,,Top,Top Accounts,Trial_Balance,Trial Balance,IS,Income Statement,NI,Net Income (Loss),Inc_before_NonControl_Int,Income Before Allocation to Non-Controlling Interests,Inc_Cont_Ops,Income (Loss) from Continuing Operations,EBT,Income (Loss) Before Income Taxes,EBIT,Income (Loss) before Interest and Taxes,Op_Inc,Operating Income (Loss),Op_Exp,Operating Expenses,R_and_D,Research and Development,6620030,Product Development
,,,,Top,Top Accounts,Trial_Balance,Trial Balance,IS,Income Statement,NI,Net Income (Loss),Inc_before_NonControl_Int,Income Before Allocation to Non-Controlling Interests,Inc_Cont_Ops,Income (Loss) from Continuing Operations,EBT,Income (Loss) Before Income Taxes,EBIT,Income (Loss) before Interest and Taxes,Op_Inc,Operating Income (Loss),Op_Exp,Operating Expenses,Depr_Exp,Depreciation Expense,6710000,Depreciation
,,,,Top,Top Accounts,Trial_Balance,Trial Balance,IS,Income Statement,NI,Net Income (Loss),Inc_before_NonControl_Int,Income Before Allocation to Non-Controlling Interests,Inc_Cont_Ops,Income (Loss) from Continuing Operations,EBT,Income (Loss) Before Income Taxes,EBIT,Income (Loss) before Interest and Taxes,Op_Inc,Operating Income (Loss),Op_Exp,Operating Expenses,Disposal_PPE_Gain_or_Loss,"(Gain)/Loss of Disposal of Property, Plant and Equipment",6720000,Asset Write-Off Net Book Value
,,,,Top,Top Accounts,Trial_Balance,Trial Balance,IS,Income Statement,NI,Net Income (Loss),Inc_before_NonControl_Int,Income Before Allocation to Non-Controlling Interests,Inc_Cont_Ops,Income (Loss) from Continuing Operations,EBT,Income (Loss) Before Income Taxes,EBIT,Income (Loss) before Interest and Taxes,Op_Inc,Operating Income (Loss),Op_Exp,Operating Expenses,Disposal_PPE_Gain_or_Loss,"(Gain)/Loss of Disposal of Property, Plant and Equipment",6720010,Asset Impairment
,,,,Top,Top Accounts,Trial_Balance,Trial Balance,IS,Income Statement,NI,Net Income (Loss),Inc_before_NonControl_Int,Income Before Allocation to Non-Controlling Interests,Inc_Cont_Ops,Income (Loss) from Continuing Operations,EBT,Income (Loss) Before Income Taxes,EBIT,Income (Loss) before Interest and Taxes,Op_Inc,Operating Income (Loss),Op_Exp,Operating Expenses,Legacy_Prime_Cost_Distr,Legacy Prime Cost Distributions,6790000,Production Cost - Against
,,,,Top,Top Accounts,Trial_Balance,Trial Balance,IS,Income Statement,NI,Net Income (Loss),Inc_before_NonControl_Int,Income Before Allocation to Non-Controlling Interests,Inc_Cont_Ops,Income (Loss) from Continuing Operations,EBT,Income (Loss) Before Income Taxes,EBIT,Income (Loss) before Interest and Taxes,Op_Inc,Operating Income (Loss),Op_Exp,Operating Expenses,Legacy_Prime_Cost_Distr,Legacy Prime Cost Distributions,6790010,Internal Order
,,Top,Top Accounts,Trial_Balance,Trial Balance,IS,Income Statement,NI,Net Income (Loss),Inc_before_NonControl_Int,Income Before Allocation to Non-Controlling Interests,Inc_Cont_Ops,Income (Loss) from Continuing Operations,EBT,Income (Loss) Before Income Taxes,EBIT,Income (Loss) before Interest and Taxes,Op_Inc,Operating Income (Loss),Op_Exp,Operating Expenses,Oth_Op_Exp,Other Operating Expense,Intang_Asset_Amort_Exp,Amortization of Intangible Assets,6910100,Trademark Amortization
,,Top,Top Accounts,Trial_Balance,Trial Balance,IS,Income Statement,NI,Net Income (Loss),Inc_before_NonControl_Int,Income Before Allocation to Non-Controlling Interests,Inc_Cont_Ops,Income (Loss) from Continuing Operations,EBT,Income (Loss) Before Income Taxes,EBIT,Income (Loss) before Interest and Taxes,Op_Inc,Operating Income (Loss),Op_Exp,Operating Expenses,Oth_Op_Exp,Other Operating Expense,Intang_Asset_Amort_Exp,Amortization of Intangible Assets,6910110,Customer Relationships Amortization
,,Top,Top Accounts,Trial_Balance,Trial Balance,IS,Income Statement,NI,Net Income (Loss),Inc_before_NonControl_Int,Income Before Allocation to Non-Controlling Interests,Inc_Cont_Ops,Income (Loss) from Continuing Operations,EBT,Income (Loss) Before Income Taxes,EBIT,Income (Loss) before Interest and Taxes,Op_Inc,Operating Income (Loss),Op_Exp,Operating Expenses,Oth_Op_Exp,Other Operating Expense,Intang_Asset_Amort_Exp,Amortization of Intangible Assets,6910120,Other Intangible Amortization
,,Top,Top Accounts,Trial_Balance,Trial Balance,IS,Income Statement,NI,Net Income (Loss),Inc_before_NonControl_Int,Income Before Allocation to Non-Controlling Interests,Inc_Cont_Ops,Income (Loss) from Continuing Operations,EBT,Income (Loss) Before Income Taxes,EBIT,Income (Loss) before Interest and Taxes,Op_Inc,Operating Income (Loss),Op_Exp,Operating Expenses,Oth_Op_Exp,Other Operating Expense,Asset_Impair_Charges,Asset Impairment Charges,6920100,Goodwill Impairment Charge
,,Top,Top Accounts,Trial_Balance,Trial Balance,IS,Income Statement,NI,Net Income (Loss),Inc_before_NonControl_Int,Income Before Allocation to Non-Controlling Interests,Inc_Cont_Ops,Income (Loss) from Continuing Operations,EBT,Income (Loss) Before Income Taxes,EBIT,Income (Loss) before Interest and Taxes,Op_Inc,Operating Income (Loss),Op_Exp,Operating Expenses,Oth_Op_Exp,Other Operating Expense,Asset_Impair_Charges,Asset Impairment Charges,6920110,Other Intangible Asset Impairment Charge
,,Top,Top Accounts,Trial_Balance,Trial Balance,IS,Income Statement,NI,Net Income (Loss),Inc_before_NonControl_Int,Income Before Allocation to Non-Controlling Interests,Inc_Cont_Ops,Income (Loss) from Continuing Operations,EBT,Income (Loss) Before Income Taxes,EBIT,Income (Loss) before Interest and Taxes,Op_Inc,Operating Income (Loss),Op_Exp,Operating Expenses,Oth_Op_Exp,Other Operating Expense,Asset_Impair_Charges,Asset Impairment Charges,6920120,Other Asset Impairment Charge
,,Top,Top Accounts,Trial_Balance,Trial Balance,IS,Income Statement,NI,Net Income (Loss),Inc_before_NonControl_Int,Income Before Allocation to Non-Controlling Interests,Inc_Cont_Ops,Income (Loss) from Continuing Operations,EBT,Income (Loss) Before Income Taxes,EBIT,Income (Loss) before Interest and Taxes,Op_Inc,Operating Income (Loss),Op_Exp,Operating Expenses,Oth_Op_Exp,Other Operating Expense,Restructuring_and_Oth_Charges,Restructuring and Other Charges,6930100,Restructuring and Other Expenses
,,Top,Top Accounts,Trial_Balance,Trial Balance,IS,Income Statement,NI,Net Income (Loss),Inc_before_NonControl_Int,Income Before Allocation to Non-Controlling Interests,Inc_Cont_Ops,Income (Loss) from Continuing Operations,EBT,Income (Loss) Before Income Taxes,EBIT,Income (Loss) before Interest and Taxes,Op_Inc,Operating Income (Loss),Op_Exp,Operating Expenses,Oth_Op_Exp,Other Operating Expense,Related_Party_Management_Fee,Related Party Management Fee,6940000,Related Party Management Fee
,,Top,Top Accounts,Trial_Balance,Trial Balance,IS,Income Statement,NI,Net Income (Loss),Inc_before_NonControl_Int,Income Before Allocation to Non-Controlling Interests,Inc_Cont_Ops,Income (Loss) from Continuing Operations,EBT,Income (Loss) Before Income Taxes,EBIT,Income (Loss) before Interest and Taxes,Op_Inc,Operating Income (Loss),Op_Exp,Operating Expenses,Oth_Op_Exp,Other Operating Expense,IC_Inc_Exp_Plugs,Intercompany (Income)/Expense Plugs,6969998,Other (Income)/Expense Intercompany Plug
,,Top,Top Accounts,Trial_Balance,Trial Balance,IS,Income Statement,NI,Net Income (Loss),Inc_before_NonControl_Int,Income Before Allocation to Non-Controlling Interests,Inc_Cont_Ops,Income (Loss) from Continuing Operations,EBT,Income (Loss) Before Income Taxes,EBIT,Income (Loss) before Interest and Taxes,Op_Inc,Operating Income (Loss),Op_Exp,Operating Expenses,Oth_Op_Exp,Other Operating Expense,IC_Inc_Exp_Plugs,Intercompany (Income)/Expense Plugs,6969999,Other (Income)/Expense Intercompany Plug Adjustments
,,,,,,Top,Top Accounts,Trial_Balance,Trial Balance,IS,Income Statement,NI,Net Income (Loss),Inc_before_NonControl_Int,Income Before Allocation to Non-Controlling Interests,Inc_Cont_Ops,Income (Loss) from Continuing Operations,EBT,Income (Loss) Before Income Taxes,EBIT,Income (Loss) before Interest and Taxes,OIE,Other (Income)/Expense,Currency_Gain_or_Loss,Currency (Gains)/Losses,8110100,Realized Currency (Gains)/Losses
,,,,,,Top,Top Accounts,Trial_Balance,Trial Balance,IS,Income Statement,NI,Net Income (Loss),Inc_before_NonControl_Int,Income Before Allocation to Non-Controlling Interests,Inc_Cont_Ops,Income (Loss) from Continuing Operations,EBT,Income (Loss) Before Income Taxes,EBIT,Income (Loss) before Interest and Taxes,OIE,Other (Income)/Expense,Currency_Gain_or_Loss,Currency (Gains)/Losses,8110200,Unrealized Currency (Gains)/Losses
,,,,,,Top,Top Accounts,Trial_Balance,Trial Balance,IS,Income Statement,NI,Net Income (Loss),Inc_before_NonControl_Int,Income Before Allocation to Non-Controlling Interests,Inc_Cont_Ops,Income (Loss) from Continuing Operations,EBT,Income (Loss) Before Income Taxes,EBIT,Income (Loss) before Interest and Taxes,OIE,Other (Income)/Expense,NonOp_Inc_Exp,Non-Operating Other (Income)/Expense,8120100,Equity Method Investments (Income)/Expense
,,,,,,Top,Top Accounts,Trial_Balance,Trial Balance,IS,Income Statement,NI,Net Income (Loss),Inc_before_NonControl_Int,Income Before Allocation to Non-Controlling Interests,Inc_Cont_Ops,Income (Loss) from Continuing Operations,EBT,Income (Loss) Before Income Taxes,EBIT,Income (Loss) before Interest and Taxes,OIE,Other (Income)/Expense,NonOp_Inc_Exp,Non-Operating Other (Income)/Expense,8130100,Change in Fair Value of Warrants
,,,,,,Top,Top Accounts,Trial_Balance,Trial Balance,IS,Income Statement,NI,Net Income (Loss),Inc_before_NonControl_Int,Income Before Allocation to Non-Controlling Interests,Inc_Cont_Ops,Income (Loss) from Continuing Operations,EBT,Income (Loss) Before Income Taxes,EBIT,Income (Loss) before Interest and Taxes,OIE,Other (Income)/Expense,NonOp_Inc_Exp,Non-Operating Other (Income)/Expense,8140100,Net Periodic Pension Benefit (Income)/Expense
,,,,,,Top,Top Accounts,Trial_Balance,Trial Balance,IS,Income Statement,NI,Net Income (Loss),Inc_before_NonControl_Int,Income Before Allocation to Non-Controlling Interests,Inc_Cont_Ops,Income (Loss) from Continuing Operations,EBT,Income (Loss) Before Income Taxes,EBIT,Income (Loss) before Interest and Taxes,OIE,Other (Income)/Expense,NonOp_Inc_Exp,Non-Operating Other (Income)/Expense,8150100,(Gain)/Loss on Disposal of Assets
,,,,,,Top,Top Accounts,Trial_Balance,Trial Balance,IS,Income Statement,NI,Net Income (Loss),Inc_before_NonControl_Int,Income Before Allocation to Non-Controlling Interests,Inc_Cont_Ops,Income (Loss) from Continuing Operations,EBT,Income (Loss) Before Income Taxes,EBIT,Income (Loss) before Interest and Taxes,OIE,Other (Income)/Expense,NonOp_Inc_Exp,Non-Operating Other (Income)/Expense,8160100,(Gain)/Loss on Modification/Extinguishment of Debt
,,,,,,Top,Top Accounts,Trial_Balance,Trial Balance,IS,Income Statement,NI,Net Income (Loss),Inc_before_NonControl_Int,Income Before Allocation to Non-Controlling Interests,Inc_Cont_Ops,Income (Loss) from Continuing Operations,EBT,Income (Loss) Before Income Taxes,EBIT,Income (Loss) before Interest and Taxes,OIE,Other (Income)/Expense,NonOp_Inc_Exp,Non-Operating Other (Income)/Expense,8160200,Unrealized (Gain)/Loss - Commodity Swap Contract
,,,,,,Top,Top Accounts,Trial_Balance,Trial Balance,IS,Income Statement,NI,Net Income (Loss),Inc_before_NonControl_Int,Income Before Allocation to Non-Controlling Interests,Inc_Cont_Ops,Income (Loss) from Continuing Operations,EBT,Income (Loss) Before Income Taxes,EBIT,Income (Loss) before Interest and Taxes,OIE,Other (Income)/Expense,NonOp_Inc_Exp,Non-Operating Other (Income)/Expense,8160210,Unrealized (Gain)/Loss - Interest Rate Swap
,,,,,,Top,Top Accounts,Trial_Balance,Trial Balance,IS,Income Statement,NI,Net Income (Loss),Inc_before_NonControl_Int,Income Before Allocation to Non-Controlling Interests,Inc_Cont_Ops,Income (Loss) from Continuing Operations,EBT,Income (Loss) Before Income Taxes,EBIT,Income (Loss) before Interest and Taxes,OIE,Other (Income)/Expense,NonOp_Inc_Exp,Non-Operating Other (Income)/Expense,8190100,Other Non-Operating (Income)/Expense
,,,,,,,,Top,Top Accounts,Trial_Balance,Trial Balance,IS,Income Statement,NI,Net Income (Loss),Inc_before_NonControl_Int,Income Before Allocation to Non-Controlling Interests,Inc_Cont_Ops,Income (Loss) from Continuing Operations,EBT,Income (Loss) Before Income Taxes,EBIT,Income (Loss) before Interest and Taxes,IC_Cost_Alloc,Cost Allocations - Intercompany,8210100,Intercompany Cost Allocations
,,,,,,,,Top,Top Accounts,Trial_Balance,Trial Balance,IS,Income Statement,NI,Net Income (Loss),Inc_before_NonControl_Int,Income Before Allocation to Non-Controlling Interests,Inc_Cont_Ops,Income (Loss) from Continuing Operations,EBT,Income (Loss) Before Income Taxes,EBIT,Income (Loss) before Interest and Taxes,IC_Cost_Alloc,Cost Allocations - Intercompany,8210190,Intercompany Cost Allocations Elimination Plug
,,,,,,,,Top,Top Accounts,Trial_Balance,Trial Balance,IS,Income Statement,NI,Net Income (Loss),Inc_before_NonControl_Int,Income Before Allocation to Non-Controlling Interests,Inc_Cont_Ops,Income (Loss) from Continuing Operations,EBT,Income (Loss) Before Income Taxes,EBIT,Income (Loss) before Interest and Taxes,IC_Cost_Alloc,Cost Allocations - Intercompany,8210199,Intercompany Cost Allocations Elimination Plug Adjustment
,,,,,,,,,,Top,Top Accounts,Trial_Balance,Trial Balance,IS,Income Statement,NI,Net Income (Loss),Inc_before_NonControl_Int,Income Before Allocation to Non-Controlling Interests,Inc_Cont_Ops,Income (Loss) from Continuing Operations,EBT,Income (Loss) Before Income Taxes,Int_Inc_Exp_Net,"Interest  (Income)/Expense, Net",8410100,Interest (Income)/Expense - External
,,,,,,,,,,Top,Top Accounts,Trial_Balance,Trial Balance,IS,Income Statement,NI,Net Income (Loss),Inc_before_NonControl_Int,Income Before Allocation to Non-Controlling Interests,Inc_Cont_Ops,Income (Loss) from Continuing Operations,EBT,Income (Loss) Before Income Taxes,Int_Inc_Exp_Net,"Interest  (Income)/Expense, Net",8410110,Interest Expense - Finance Leases
,,,,,,,,,,Top,Top Accounts,Trial_Balance,Trial Balance,IS,Income Statement,NI,Net Income (Loss),Inc_before_NonControl_Int,Income Before Allocation to Non-Controlling Interests,Inc_Cont_Ops,Income (Loss) from Continuing Operations,EBT,Income (Loss) Before Income Taxes,Int_Inc_Exp_Net,"Interest  (Income)/Expense, Net",8410190,Interest (Income)/Expense Intercompany Plug
,,,,,,,,,,Top,Top Accounts,Trial_Balance,Trial Balance,IS,Income Statement,NI,Net Income (Loss),Inc_before_NonControl_Int,Income Before Allocation to Non-Controlling Interests,Inc_Cont_Ops,Income (Loss) from Continuing Operations,EBT,Income (Loss) Before Income Taxes,IC_Int_Inc_Exp_Net,Intercompany Interest (Income)/Expense,8410800,Interest (Income)/Expense - Intercompany
,,,,,,,,,,Top,Top Accounts,Trial_Balance,Trial Balance,IS,Income Statement,NI,Net Income (Loss),Inc_before_NonControl_Int,Income Before Allocation to Non-Controlling Interests,Inc_Cont_Ops,Income (Loss) from Continuing Operations,EBT,Income (Loss) Before Income Taxes,IC_Int_Inc_Exp_Net,Intercompany Interest (Income)/Expense,8410899,Interest Expense – Intercompany Sweet Oak Parent
,,,,,,,,,,Top,Top Accounts,Trial_Balance,Trial Balance,IS,Income Statement,NI,Net Income (Loss),Inc_before_NonControl_Int,Income Before Allocation to Non-Controlling Interests,Inc_Cont_Ops,Income (Loss) from Continuing Operations,EBT,Income (Loss) Before Income Taxes,IC_Int_Inc_Exp_Net,Intercompany Interest (Income)/Expense,8410900,Dividend Income – Intercompany
,,,,,,,,,,,,Top,Top Accounts,Trial_Balance,Trial Balance,IS,Income Statement,NI,Net Income (Loss),Inc_before_NonControl_Int,Income Before Allocation to Non-Controlling Interests,Inc_Cont_Ops,Income (Loss) from Continuing Operations,Inc_Tax_Exp,Income Tax Expense,8610000,Current Tax Expense
,,,,,,,,,,,,Top,Top Accounts,Trial_Balance,Trial Balance,IS,Income Statement,NI,Net Income (Loss),Inc_before_NonControl_Int,Income Before Allocation to Non-Controlling Interests,Inc_Cont_Ops,Income (Loss) from Continuing Operations,Inc_Tax_Exp,Income Tax Expense,8610100,Deferred Tax Expense
,,,,,,,,,,,,Top,Top Accounts,Trial_Balance,Trial Balance,IS,Income Statement,NI,Net Income (Loss),Inc_before_NonControl_Int,Income Before Allocation to Non-Controlling Interests,Inc_Cont_Ops,Income (Loss) from Continuing Operations,Inc_Tax_Exp,Income Tax Expense,8610200,Withholding Tax on Foreign Income
,,,,,,,,,,,,,,Top,Top Accounts,Trial_Balance,Trial Balance,IS,Income Statement,NI,Net Income (Loss),Inc_before_NonControl_Int,Income Before Allocation to Non-Controlling Interests,Inc_Disco_Ops,Income/(Loss) from Discontinued Operations,8810000,(Gain)/Loss on Discontinued Operations Before Tax
,,,,,,,,,,,,,,Top,Top Accounts,Trial_Balance,Trial Balance,IS,Income Statement,NI,Net Income (Loss),Inc_before_NonControl_Int,Income Before Allocation to Non-Controlling Interests,Inc_Disco_Ops,Income/(Loss) from Discontinued Operations,8810010,(Gain)/Loss on Sale of Discontinued Operations
,,,,,,,,,,,,,,Top,Top Accounts,Trial_Balance,Trial Balance,IS,Income Statement,NI,Net Income (Loss),Inc_before_NonControl_Int,Income Before Allocation to Non-Controlling Interests,Inc_Disco_Ops,Income/(Loss) from Discontinued Operations,8810050,Tax on Discontinued Operations
,,,,,,,,,,,,,,,,Top,Top Accounts,Trial_Balance,Trial Balance,IS,Income Statement,NI,Net Income (Loss),NonControlling_Int_Inc_or_Loss,Non-Controlling (Minority) Interest (Income)/Loss,8999000,Non-Controlling Interest (Income)/Loss
,,,,,,,,,,,,,,,,,,Top,Top Accounts,Stat_and_NonGAAP,Statistical and Non-GAAP Accounts,Alloc_and_Assess,Allocations and Assessments,Alloc,Allocations,9650100,Machine Hours - Allocations
,,,,,,,,,,,,,,,,,,Top,Top Accounts,Stat_and_NonGAAP,Statistical and Non-GAAP Accounts,Alloc_and_Assess,Allocations and Assessments,COGS_Assess,Assessments - Cost of Goods Sold,9661000,Toller Depreciation - Assessments
,,,,,,,,,,,,,,,,,,Top,Top Accounts,Stat_and_NonGAAP,Statistical and Non-GAAP Accounts,Alloc_and_Assess,Allocations and Assessments,COGS_Assess,Assessments - Cost of Goods Sold,9661025,Local Intercompany Transfer Price Differences (LRD) - Assessments
,,,,,,,,,,,,,,,,,,Top,Top Accounts,Stat_and_NonGAAP,Statistical and Non-GAAP Accounts,Alloc_and_Assess,Allocations and Assessments,COGS_Assess,Assessments - Cost of Goods Sold,9661050,Environmental - Assessments
,,,,,,,,,,,,,,,,,,Top,Top Accounts,Stat_and_NonGAAP,Statistical and Non-GAAP Accounts,Alloc_and_Assess,Allocations and Assessments,COGS_Assess,Assessments - Cost of Goods Sold,9661075,Variance to Standard Assessments
,,,,,,,,,,,,,,,,,,Top,Top Accounts,Stat_and_NonGAAP,Statistical and Non-GAAP Accounts,Alloc_and_Assess,Allocations and Assessments,COGS_Assess,Assessments - Cost of Goods Sold,9661100,Other Production Variances - Assessments
,,,,,,,,,,,,,,,,,,Top,Top Accounts,Stat_and_NonGAAP,Statistical and Non-GAAP Accounts,Alloc_and_Assess,Allocations and Assessments,COGS_Assess,Assessments - Cost of Goods Sold,9661125,Manufacturing Spend Variance (Production Clearing) - Assessments
,,,,,,,,,,,,,,,,,,Top,Top Accounts,Stat_and_NonGAAP,Statistical and Non-GAAP Accounts,Alloc_and_Assess,Allocations and Assessments,COGS_Assess,Assessments - Cost of Goods Sold,9661150,Production Cost Center - Assessment
,,,,,,,,,,,,,,,,,,Top,Top Accounts,Stat_and_NonGAAP,Statistical and Non-GAAP Accounts,Alloc_and_Assess,Allocations and Assessments,COGS_Assess,Assessments - Cost of Goods Sold,9661175,Plant Analytical Services - Assessments
,,,,,,,,,,,,,,,,,,Top,Top Accounts,Stat_and_NonGAAP,Statistical and Non-GAAP Accounts,Alloc_and_Assess,Allocations and Assessments,COGS_Assess,Assessments - Cost of Goods Sold,9661200,Inventory Revaluation - Assessments
,,,,,,,,,,,,,,,,,,Top,Top Accounts,Stat_and_NonGAAP,Statistical and Non-GAAP Accounts,Alloc_and_Assess,Allocations and Assessments,COGS_Assess,Assessments - Cost of Goods Sold,9661225,Distribution - Assessments
,,,,,,,,,,,,,,,,,,Top,Top Accounts,Stat_and_NonGAAP,Statistical and Non-GAAP Accounts,Alloc_and_Assess,Allocations and Assessments,COGS_Assess,Assessments - Cost of Goods Sold,9661250,Shipping - Assessments
,,,,,,,,,,,,,,,,,,Top,Top Accounts,Stat_and_NonGAAP,Statistical and Non-GAAP Accounts,Alloc_and_Assess,Allocations and Assessments,COGS_Assess,Assessments - Cost of Goods Sold,9661275,Warehousing - Assessments
,,,,,,,,,,,,,,,,,,Top,Top Accounts,Stat_and_NonGAAP,Statistical and Non-GAAP Accounts,Alloc_and_Assess,Allocations and Assessments,COGS_Assess,Assessments - Cost of Goods Sold,9661300,Stock Adjustments - Assessments
,,,,,,,,,,,,,,,,,,Top,Top Accounts,Stat_and_NonGAAP,Statistical and Non-GAAP Accounts,Alloc_and_Assess,Allocations and Assessments,COGS_Assess,Assessments - Cost of Goods Sold,9661325,Obsolescence - Assessments
,,,,,,,,,,,,,,,,,,Top,Top Accounts,Stat_and_NonGAAP,Statistical and Non-GAAP Accounts,Alloc_and_Assess,Allocations and Assessments,COGS_Assess,Assessments - Cost of Goods Sold,9661350,Cost of Goods Sold Administration - Assessments
,,,,,,,,,,,,,,,,,,Top,Top Accounts,Stat_and_NonGAAP,Statistical and Non-GAAP Accounts,Alloc_and_Assess,Allocations and Assessments,COGS_Assess,Assessments - Cost of Goods Sold,9661375,Other Miscellaneous Cost of Goods Sold - Assessments
,,,,,,,,,,,,,,,,,,Top,Top Accounts,Stat_and_NonGAAP,Statistical and Non-GAAP Accounts,Alloc_and_Assess,Allocations and Assessments,COGS_Assess,Assessments - Cost of Goods Sold,9661400,Project Costs - Assessments
,,,,,,,,,,,,,,,,,,Top,Top Accounts,Stat_and_NonGAAP,Statistical and Non-GAAP Accounts,Alloc_and_Assess,Allocations and Assessments,COGS_Assess,Assessments - Cost of Goods Sold,9661425,Cost of Goods Sold Incentives - Assessments
,,,,,,,,,,,,,,,,,,Top,Top Accounts,Stat_and_NonGAAP,Statistical and Non-GAAP Accounts,Alloc_and_Assess,Allocations and Assessments,Selling_and_Mktg_Assess,Assessments - Selling and Marketing,9962000,Variable Selling - Assessments
,,,,,,,,,,,,,,,,,,Top,Top Accounts,Stat_and_NonGAAP,Statistical and Non-GAAP Accounts,Alloc_and_Assess,Allocations and Assessments,Selling_and_Mktg_Assess,Assessments - Selling and Marketing,9962025,Advertising - Assessments
,,,,,,,,,,,,,,,,,,Top,Top Accounts,Stat_and_NonGAAP,Statistical and Non-GAAP Accounts,Alloc_and_Assess,Allocations and Assessments,Selling_and_Mktg_Assess,Assessments - Selling and Marketing,9962050,Relationship Marketing - Assessments
,,,,,,,,,,,,,,,,,,Top,Top Accounts,Stat_and_NonGAAP,Statistical and Non-GAAP Accounts,Alloc_and_Assess,Allocations and Assessments,Selling_and_Mktg_Assess,Assessments - Selling and Marketing,9962075,Promotions - Assessments
,,,,,,,,,,,,,,,,,,Top,Top Accounts,Stat_and_NonGAAP,Statistical and Non-GAAP Accounts,Alloc_and_Assess,Allocations and Assessments,Selling_and_Mktg_Assess,Assessments - Selling and Marketing,9962100,Samples Expense - Assessments
,,,,,,,,,,,,,,,,,,Top,Top Accounts,Stat_and_NonGAAP,Statistical and Non-GAAP Accounts,Alloc_and_Assess,Allocations and Assessments,Selling_and_Mktg_Assess,Assessments - Selling and Marketing,9962125,Market Research - Assessments
,,,,,,,,,,,,,,,,,,Top,Top Accounts,Stat_and_NonGAAP,Statistical and Non-GAAP Accounts,Alloc_and_Assess,Allocations and Assessments,Selling_and_Mktg_Assess,Assessments - Selling and Marketing,9962150,Public Relations - Assessments
,,,,,,,,,,,,,,,,,,Top,Top Accounts,Stat_and_NonGAAP,Statistical and Non-GAAP Accounts,Alloc_and_Assess,Allocations and Assessments,Selling_and_Mktg_Assess,Assessments - Selling and Marketing,9962175,Miscellaneous Marketing Expense - Assessments
,,,,,,,,,,,,,,,,,,Top,Top Accounts,Stat_and_NonGAAP,Statistical and Non-GAAP Accounts,Alloc_and_Assess,Allocations and Assessments,Selling_and_Mktg_Assess,Assessments - Selling and Marketing,9962200,Sales and Marketing Development - Assessments
,,,,,,,,,,,,,,,,,,Top,Top Accounts,Stat_and_NonGAAP,Statistical and Non-GAAP Accounts,Alloc_and_Assess,Allocations and Assessments,Selling_and_Mktg_Assess,Assessments - Selling and Marketing,9962225,Field Operations - Assessments
,,,,,,,,,,,,,,,,,,Top,Top Accounts,Stat_and_NonGAAP,Statistical and Non-GAAP Accounts,Alloc_and_Assess,Allocations and Assessments,Selling_and_Mktg_Assess,Assessments - Selling and Marketing,9962250,Field Operations Incentives - Assessments
,,,,,,,,,,,,,,,,,,Top,Top Accounts,Stat_and_NonGAAP,Statistical and Non-GAAP Accounts,Alloc_and_Assess,Allocations and Assessments,Selling_and_Mktg_Assess,Assessments - Selling and Marketing,9962275,Marketing Administration - Assessments
,,,,,,,,,,,,,,,,,,Top,Top Accounts,Stat_and_NonGAAP,Statistical and Non-GAAP Accounts,Alloc_and_Assess,Allocations and Assessments,Selling_and_Mktg_Assess,Assessments - Selling and Marketing,9962300,Marketing Administration Incentives - Assessments
,,,,,,,,,,,,,,,,,,Top,Top Accounts,Stat_and_NonGAAP,Statistical and Non-GAAP Accounts,Alloc_and_Assess,Allocations and Assessments,Admin_Assess,Assessments - Adminstration,9963000,General Administration - Assessments
,,,,,,,,,,,,,,,,,,Top,Top Accounts,Stat_and_NonGAAP,Statistical and Non-GAAP Accounts,Alloc_and_Assess,Allocations and Assessments,Admin_Assess,Assessments - Adminstration,9963025,General Administration Incentives - Assessments
,,,,,,,,,,,,,,,,,,Top,Top Accounts,Stat_and_NonGAAP,Statistical and Non-GAAP Accounts,Alloc_and_Assess,Allocations and Assessments,Admin_Assess,Assessments - Adminstration,9963050,"Finance, Accounting and Auditing - Assessments"
,,,,,,,,,,,,,,,,,,Top,Top Accounts,Stat_and_NonGAAP,Statistical and Non-GAAP Accounts,Alloc_and_Assess,Allocations and Assessments,Admin_Assess,Assessments - Adminstration,9963075,Treasury - Assessments
,,,,,,,,,,,,,,,,,,Top,Top Accounts,Stat_and_NonGAAP,Statistical and Non-GAAP Accounts,Alloc_and_Assess,Allocations and Assessments,Admin_Assess,Assessments - Adminstration,9963100,Tax - Assessments
,,,,,,,,,,,,,,,,,,Top,Top Accounts,Stat_and_NonGAAP,Statistical and Non-GAAP Accounts,Alloc_and_Assess,Allocations and Assessments,Admin_Assess,Assessments - Adminstration,9963125,Information Technology - Assessments
,,,,,,,,,,,,,,,,,,Top,Top Accounts,Stat_and_NonGAAP,Statistical and Non-GAAP Accounts,Alloc_and_Assess,Allocations and Assessments,Admin_Assess,Assessments - Adminstration,9963150,Human Resources - Assessments
,,,,,,,,,,,,,,,,,,Top,Top Accounts,Stat_and_NonGAAP,Statistical and Non-GAAP Accounts,Alloc_and_Assess,Allocations and Assessments,Admin_Assess,Assessments - Adminstration,9963175,Legal - Assessments
,,,,,,,,,,,,,,,,,,Top,Top Accounts,Stat_and_NonGAAP,Statistical and Non-GAAP Accounts,Alloc_and_Assess,Allocations and Assessments,Admin_Assess,Assessments - Adminstration,9963200,General Office and Facilities - Assessments
,,,,,,,,,,,,,,,,,,Top,Top Accounts,Stat_and_NonGAAP,Statistical and Non-GAAP Accounts,Alloc_and_Assess,Allocations and Assessments,Admin_Assess,Assessments - Adminstration,9963225, Provision For Doubtful Accounts - Assessments
,,,,,,,,,,,,,,,,,,Top,Top Accounts,Stat_and_NonGAAP,Statistical and Non-GAAP Accounts,Alloc_and_Assess,Allocations and Assessments,Admin_Assess,Assessments - Adminstration,9963250,Strategic Planning and Analysis - Assessments
,,,,,,,,,,,,,,,,,,Top,Top Accounts,Stat_and_NonGAAP,Statistical and Non-GAAP Accounts,Alloc_and_Assess,Allocations and Assessments,Admin_Assess,Assessments - Adminstration,9963275,Other Administration Expense - Assessments
,,,,,,,,,,,,,,,,,,Top,Top Accounts,Stat_and_NonGAAP,Statistical and Non-GAAP Accounts,Alloc_and_Assess,Allocations and Assessments,Admin_Assess,Assessments - Adminstration,9963300,Coprorate Communication - Assessments
,,,,,,,,,,,,,,,,,,Top,Top Accounts,Stat_and_NonGAAP,Statistical and Non-GAAP Accounts,Alloc_and_Assess,Allocations and Assessments,Admin_Assess,Assessments - Adminstration,9963500,Restructuring Administration - Assessments
,,,,,,,,,,,,,,,,,,Top,Top Accounts,Stat_and_NonGAAP,Statistical and Non-GAAP Accounts,Alloc_and_Assess,Allocations and Assessments,R_and_D_Assess,Assessments - Research and New Product Development,9964000,Research and New Product Development - Assessments
,,,,,,,,,,,,,,,,,,Top,Top Accounts,Stat_and_NonGAAP,Statistical and Non-GAAP Accounts,Alloc_and_Assess,Allocations and Assessments,R_and_D_Assess,Assessments - Research and New Product Development,9964025,Research and Development Incentives - Assessments
,,,,Top,Top Accounts,Trial_Balance,Trial Balance,IS,Income Statement,NI,Net Income (Loss),Inc_before_NonControl_Int,Income Before Allocation to Non-Controlling Interests,Inc_Cont_Ops,Income (Loss) from Continuing Operations,EBT,Income (Loss) Before Income Taxes,EBIT,Income (Loss) before Interest and Taxes,Op_Inc,Operating Income (Loss),Op_Exp,Operating Expenses,Oth_Op_Exp,Other Operating Expense,Related Party Management Fee,Related Party Management Fee
,,,,,,,,,,,,,,,,,,,,,,Top,Top Accounts,Statistical,Statistical,Suspense,Suspense
