database,group_name,group_description,group_stageDimName,group_financeDimName,group_accessGroup,name,type,description,outputValue,flipSign,ruleExpression
CHILE,UD3_Chempax_Chile,UD3_Chempax_Chile,U3,DetailCostCenter,Everyone,35-20-1010-,TransformOneToOne,Banco Chile - CLP,CC_BalSheet,false,
CHILE,UD3_Chempax_Chile,UD3_Chempax_Chile,U3,DetailCostCenter,Everyone,35-20-1020-,TransformOneToOne,Banco Chile - USD,CC_BalSheet,false,
CHILE,UD3_Chempax_Chile,UD3_Chempax_Chile,U3,DetailCostCenter,Everyone,35-20-1840-,TransformOneToOne,Construction in prog,CC_BalSheet,false,
CHILE,UD3_Chempax_Chile,UD3_Chempax_Chile,U3,DetailCostCenter,Everyone,35-20-2010-,TransformOneToOne,Accounts Payable - T,CC_BalSheet,false,
CHILE,UD3_Chempax_Chile,UD3_Chempax_Chile,U3,DetailCostCenter,Everyone,35-20-2270-0002,TransformOneToOne,IC A/P Non-Trade - M,CC_Balsheet,false,
CHILE,UD3_Chempax_Chile,UD3_Chempax_Chile,U3,DetailCostCenter,Everyone,35-20-6380-5128,TransformOneToOne,Prof Services,MCH73545,false,
CHILE,UD3_Chempax_Chile,UD3_Chempax_Chile,U3,DetailCostCenter,Everyone,35-20-6385-5128,TransformOneToOne,Bank Fees,MCH73545,false,
CHILE,UD3_Chempax_Chile,UD3_Chempax_Chile,U3,DetailCostCenter,Everyone,35-20-6390-5128,TransformOneToOne,Other Exp,MCH73545,false,
CHILE,UD3_Chempax_Chile,UD3_Chempax_Chile,U3,DetailCostCenter,Everyone,35-20-6520-0128,TransformOneToOne,Foreign Exchange,CC_NonOpAccts,false,
CHILE,UD3_Chempax_Chile,UD3_Chempax_Chile,U3,DetailCostCenter,Everyone,Mask1,TransformMask,,(Unassigned),false,*
CHINA,UD3_Chempax_China,UD3_Chempax_China,U3,DetailCostCenter,Everyone,72-70-10101-,TransformOneToOne,CASH ON HAND,CC_BalSheet,false,
CHINA,UD3_Chempax_China,UD3_Chempax_China,U3,DetailCostCenter,Everyone,72-70-10201-,TransformOneToOne,CASH-BANK(USD-CAPIT),CC_BalSheet,false,
CHINA,UD3_Chempax_China,UD3_Chempax_China,U3,DetailCostCenter,Everyone,72-70-10201-0001,TransformOneToOne,CASH IN BANK BC(USD),CC_BalSheet,false,
CHINA,UD3_Chempax_China,UD3_Chempax_China,U3,DetailCostCenter,Everyone,72-70-10202-,TransformOneToOne,CASH IN BANK(RMB),CC_BalSheet,false,
CHINA,UD3_Chempax_China,UD3_Chempax_China,U3,DetailCostCenter,Everyone,72-70-10202-0001,TransformOneToOne,CASH IN BANK BC(RMB),CC_BalSheet,false,
CHINA,UD3_Chempax_China,UD3_Chempax_China,U3,DetailCostCenter,Everyone,72-70-10204-,TransformOneToOne,CASH-BANK (USD REG),CC_BalSheet,false,
CHINA,UD3_Chempax_China,UD3_Chempax_China,U3,DetailCostCenter,Everyone,72-70-11301-,TransformOneToOne,A/R-THIRD PARTY,CC_BalSheet,false,
CHINA,UD3_Chempax_China,UD3_Chempax_China,U3,DetailCostCenter,Everyone,72-70-11301-0001,TransformOneToOne,A/R JV INTERCO,CC_BalSheet,false,
CHINA,UD3_Chempax_China,UD3_Chempax_China,U3,DetailCostCenter,Everyone,72-70-11301-0002,TransformOneToOne,A/R-MAF INTERCO,CC_BalSheet,false,
CHINA,UD3_Chempax_China,UD3_Chempax_China,U3,DetailCostCenter,Everyone,72-70-11301-0004,TransformOneToOne,A/R-EVD,CC_BalSheet,false,
CHINA,UD3_Chempax_China,UD3_Chempax_China,U3,DetailCostCenter,Everyone,72-70-11302-,TransformOneToOne,OTHER RECEIVABLES,CC_BalSheet,false,
CHINA,UD3_Chempax_China,UD3_Chempax_China,U3,DetailCostCenter,Everyone,72-70-11302-12,TransformOneToOne,OTHER REC-EMPLOYEE,CC_BalSheet,false,
CHINA,UD3_Chempax_China,UD3_Chempax_China,U3,DetailCostCenter,Everyone,72-70-11401-,TransformOneToOne,BAD DEBT RESERVE,CC_BalSheet,false,
CHINA,UD3_Chempax_China,UD3_Chempax_China,U3,DetailCostCenter,Everyone,72-70-11805-,TransformOneToOne,ADV. TO WEIFENG HK,CC_BalSheet,false,
CHINA,UD3_Chempax_China,UD3_Chempax_China,U3,DetailCostCenter,Everyone,72-70-11908-,TransformOneToOne,PREPAID EXPENSES,CC_BalSheet,false,
CHINA,UD3_Chempax_China,UD3_Chempax_China,U3,DetailCostCenter,Everyone,72-70-12101-,TransformOneToOne,SPARE PARTS AND TOOL,CC_BalSheet,false,
CHINA,UD3_Chempax_China,UD3_Chempax_China,U3,DetailCostCenter,Everyone,72-70-12102-,TransformOneToOne,PACKAGING MATERIAL,CC_BalSheet,false,
CHINA,UD3_Chempax_China,UD3_Chempax_China,U3,DetailCostCenter,Everyone,72-70-12102-2010,TransformOneToOne,PACKAGE PURCHASE,CC_BalSheet,false,
CHINA,UD3_Chempax_China,UD3_Chempax_China,U3,DetailCostCenter,Everyone,72-70-12102-2011,TransformOneToOne,PACKAGE USAGE,CC_BalSheet,false,
CHINA,UD3_Chempax_China,UD3_Chempax_China,U3,DetailCostCenter,Everyone,72-70-12102-2012,TransformOneToOne,PACKAGE ADJUST,CC_BalSheet,false,
CHINA,UD3_Chempax_China,UD3_Chempax_China,U3,DetailCostCenter,Everyone,72-70-12104-,TransformOneToOne,CHEMICALS,CC_BalSheet,false,
CHINA,UD3_Chempax_China,UD3_Chempax_China,U3,DetailCostCenter,Everyone,72-70-12104-2010,TransformOneToOne,CHEMICALS PURCHASE,CC_BalSheet,false,
CHINA,UD3_Chempax_China,UD3_Chempax_China,U3,DetailCostCenter,Everyone,72-70-12104-2011,TransformOneToOne,CHEMICALS USAGE,CC_BalSheet,false,
CHINA,UD3_Chempax_China,UD3_Chempax_China,U3,DetailCostCenter,Everyone,72-70-12104-2012,TransformOneToOne,CHEMICALS ADJUST,CC_BalSheet,false,
CHINA,UD3_Chempax_China,UD3_Chempax_China,U3,DetailCostCenter,Everyone,72-70-12301-,TransformOneToOne,RAW MATERIALS - EXTR,CC_BalSheet,false,
CHINA,UD3_Chempax_China,UD3_Chempax_China,U3,DetailCostCenter,Everyone,72-70-12301-2010,TransformOneToOne,EXTRACT PURCHASE,CC_BalSheet,false,
CHINA,UD3_Chempax_China,UD3_Chempax_China,U3,DetailCostCenter,Everyone,72-70-12301-2011,TransformOneToOne,EXTRACT USAGE,CC_BalSheet,false,
CHINA,UD3_Chempax_China,UD3_Chempax_China,U3,DetailCostCenter,Everyone,72-70-12301-2012,TransformOneToOne,EXTRACT ADJUST,CC_BalSheet,false,
CHINA,UD3_Chempax_China,UD3_Chempax_China,U3,DetailCostCenter,Everyone,72-70-12301-2013,TransformOneToOne,EXTRACT OUTPUT,CC_BalSheet,false,
CHINA,UD3_Chempax_China,UD3_Chempax_China,U3,DetailCostCenter,Everyone,72-70-12301-2014,TransformOneToOne,EXTRACT SALES,CC_BalSheet,false,
CHINA,UD3_Chempax_China,UD3_Chempax_China,U3,DetailCostCenter,Everyone,72-70-12302-2010,TransformOneToOne,ROOT PURCHASE,CC_BalSheet,false,
CHINA,UD3_Chempax_China,UD3_Chempax_China,U3,DetailCostCenter,Everyone,72-70-12302-2011,TransformOneToOne,ROOT USAGE,CC_BalSheet,false,
CHINA,UD3_Chempax_China,UD3_Chempax_China,U3,DetailCostCenter,Everyone,72-70-12302-2012,TransformOneToOne,ROOT ADJUST,CC_BalSheet,false,
CHINA,UD3_Chempax_China,UD3_Chempax_China,U3,DetailCostCenter,Everyone,72-70-12302-2014,TransformOneToOne,ROOT SALES,CC_BalSheet,false,
CHINA,UD3_Chempax_China,UD3_Chempax_China,U3,DetailCostCenter,Everyone,72-70-12303-,TransformOneToOne,RAW MATERIALS - OTHE,CC_BalSheet,false,
CHINA,UD3_Chempax_China,UD3_Chempax_China,U3,DetailCostCenter,Everyone,72-70-12303-2010,TransformOneToOne,RM-OTHE PURCHASE,CC_BalSheet,false,
CHINA,UD3_Chempax_China,UD3_Chempax_China,U3,DetailCostCenter,Everyone,72-70-12303-2011,TransformOneToOne,RM-OTHE USAGE,CC_BalSheet,false,
CHINA,UD3_Chempax_China,UD3_Chempax_China,U3,DetailCostCenter,Everyone,72-70-12303-2012,TransformOneToOne,RM-OTHE ADJUST,CC_BalSheet,false,
CHINA,UD3_Chempax_China,UD3_Chempax_China,U3,DetailCostCenter,Everyone,72-70-12304-2010,TransformOneToOne,CMAG PURCHASE,CC_BalSheet,false,
CHINA,UD3_Chempax_China,UD3_Chempax_China,U3,DetailCostCenter,Everyone,72-70-12304-2011,TransformOneToOne,CMAG USAGE,CC_BalSheet,false,
CHINA,UD3_Chempax_China,UD3_Chempax_China,U3,DetailCostCenter,Everyone,72-70-12304-2012,TransformOneToOne,CMAG ADJUST,CC_BalSheet,false,
CHINA,UD3_Chempax_China,UD3_Chempax_China,U3,DetailCostCenter,Everyone,72-70-12304-2013,TransformOneToOne,CMAG OUTPUT,CC_BalSheet,false,
CHINA,UD3_Chempax_China,UD3_Chempax_China,U3,DetailCostCenter,Everyone,72-70-12304-2014,TransformOneToOne,CMAG SALES,CC_BalSheet,false,
CHINA,UD3_Chempax_China,UD3_Chempax_China,U3,DetailCostCenter,Everyone,72-70-12305-2010,TransformOneToOne,CWAE PURCHASE,CC_BalSheet,false,
CHINA,UD3_Chempax_China,UD3_Chempax_China,U3,DetailCostCenter,Everyone,72-70-12305-2011,TransformOneToOne,CWAE USAGE,CC_BalSheet,false,
CHINA,UD3_Chempax_China,UD3_Chempax_China,U3,DetailCostCenter,Everyone,72-70-12305-2012,TransformOneToOne,CWAE ADJUST,CC_BalSheet,false,
CHINA,UD3_Chempax_China,UD3_Chempax_China,U3,DetailCostCenter,Everyone,72-70-12305-2013,TransformOneToOne,CWAE OUTPUT,CC_BalSheet,false,
CHINA,UD3_Chempax_China,UD3_Chempax_China,U3,DetailCostCenter,Everyone,72-70-12305-2014,TransformOneToOne,CWAE SALES,CC_BalSheet,false,
CHINA,UD3_Chempax_China,UD3_Chempax_China,U3,DetailCostCenter,Everyone,72-70-12501-,TransformOneToOne,INTERMEDIATE PRODUCT,CC_BalSheet,false,
CHINA,UD3_Chempax_China,UD3_Chempax_China,U3,DetailCostCenter,Everyone,72-70-12501-2010,TransformOneToOne,INTER-PROD PURCHASE,CC_BalSheet,false,
CHINA,UD3_Chempax_China,UD3_Chempax_China,U3,DetailCostCenter,Everyone,72-70-12501-2011,TransformOneToOne,INTER-PROD USAGE,CC_BalSheet,false,
CHINA,UD3_Chempax_China,UD3_Chempax_China,U3,DetailCostCenter,Everyone,72-70-12501-2012,TransformOneToOne,INTER-PROD ADJUST,CC_BalSheet,false,
CHINA,UD3_Chempax_China,UD3_Chempax_China,U3,DetailCostCenter,Everyone,72-70-12501-2013,TransformOneToOne,INTER-PROD OUTPUT,CC_BalSheet,false,
CHINA,UD3_Chempax_China,UD3_Chempax_China,U3,DetailCostCenter,Everyone,72-70-12501-2014,TransformOneToOne,INTER-PROD SALES,CC_BalSheet,false,
CHINA,UD3_Chempax_China,UD3_Chempax_China,U3,DetailCostCenter,Everyone,72-70-12502-,TransformOneToOne,INTERM PROD FG - CGA,CC_BalSheet,false,
CHINA,UD3_Chempax_China,UD3_Chempax_China,U3,DetailCostCenter,Everyone,72-70-12502-2010,TransformOneToOne,INTERM PROD FG PURCH,CC_BalSheet,false,
CHINA,UD3_Chempax_China,UD3_Chempax_China,U3,DetailCostCenter,Everyone,72-70-12502-2011,TransformOneToOne,INTERM PROD FG USAGE,CC_BalSheet,false,
CHINA,UD3_Chempax_China,UD3_Chempax_China,U3,DetailCostCenter,Everyone,72-70-12502-2012,TransformOneToOne,INTERM PROD FG ADJUS,CC_BalSheet,false,
CHINA,UD3_Chempax_China,UD3_Chempax_China,U3,DetailCostCenter,Everyone,72-70-12502-2013,TransformOneToOne,INTERM PROD FG OUTPU,CC_BalSheet,false,
CHINA,UD3_Chempax_China,UD3_Chempax_China,U3,DetailCostCenter,Everyone,72-70-12502-2014,TransformOneToOne,INTERM PROD FG SALES,CC_BalSheet,false,
CHINA,UD3_Chempax_China,UD3_Chempax_China,U3,DetailCostCenter,Everyone,72-70-12701-,TransformOneToOne,FINISHED GOODS - MAG,CC_BalSheet,false,
CHINA,UD3_Chempax_China,UD3_Chempax_China,U3,DetailCostCenter,Everyone,72-70-12701-2010,TransformOneToOne,MAG PURCHASE,CC_BalSheet,false,
CHINA,UD3_Chempax_China,UD3_Chempax_China,U3,DetailCostCenter,Everyone,72-70-12701-2011,TransformOneToOne,MAG USAGE,CC_BalSheet,false,
CHINA,UD3_Chempax_China,UD3_Chempax_China,U3,DetailCostCenter,Everyone,72-70-12701-2012,TransformOneToOne,MAG ADJUST,CC_BalSheet,false,
CHINA,UD3_Chempax_China,UD3_Chempax_China,U3,DetailCostCenter,Everyone,72-70-12701-2013,TransformOneToOne,MAG OUTPUT,CC_BalSheet,false,
CHINA,UD3_Chempax_China,UD3_Chempax_China,U3,DetailCostCenter,Everyone,72-70-12701-2014,TransformOneToOne,MAG SALES,CC_BalSheet,false,
CHINA,UD3_Chempax_China,UD3_Chempax_China,U3,DetailCostCenter,Everyone,72-70-12702-,TransformOneToOne,FINISHED GOODS-LIC E,CC_BalSheet,false,
CHINA,UD3_Chempax_China,UD3_Chempax_China,U3,DetailCostCenter,Everyone,72-70-12702-2010,TransformOneToOne,FG-LIC EXT PURCHASE,CC_BalSheet,false,
CHINA,UD3_Chempax_China,UD3_Chempax_China,U3,DetailCostCenter,Everyone,72-70-12702-2011,TransformOneToOne,FG-LIC EXT USAGE,CC_BalSheet,false,
CHINA,UD3_Chempax_China,UD3_Chempax_China,U3,DetailCostCenter,Everyone,72-70-12702-2012,TransformOneToOne,FG-LIC EXT ADJUST,CC_BalSheet,false,
CHINA,UD3_Chempax_China,UD3_Chempax_China,U3,DetailCostCenter,Everyone,72-70-12702-2013,TransformOneToOne,FG-LIC EXT OUTPUT,CC_BalSheet,false,
CHINA,UD3_Chempax_China,UD3_Chempax_China,U3,DetailCostCenter,Everyone,72-70-12702-2014,TransformOneToOne,FG-LIC EXT SALES,CC_BalSheet,false,
CHINA,UD3_Chempax_China,UD3_Chempax_China,U3,DetailCostCenter,Everyone,72-70-12703-2010,TransformOneToOne,GYE/R21 PURCHASE,CC_BalSheet,false,
CHINA,UD3_Chempax_China,UD3_Chempax_China,U3,DetailCostCenter,Everyone,72-70-12703-2011,TransformOneToOne,GYE/R21 USAGE,CC_BalSheet,false,
CHINA,UD3_Chempax_China,UD3_Chempax_China,U3,DetailCostCenter,Everyone,72-70-12703-2012,TransformOneToOne,GYE/R21 ADJUST,CC_BalSheet,false,
CHINA,UD3_Chempax_China,UD3_Chempax_China,U3,DetailCostCenter,Everyone,72-70-12703-2013,TransformOneToOne,GYE/R21 OUTPUT,CC_BalSheet,false,
CHINA,UD3_Chempax_China,UD3_Chempax_China,U3,DetailCostCenter,Everyone,72-70-12703-2014,TransformOneToOne,GYE/R21 SALES,CC_BalSheet,false,
CHINA,UD3_Chempax_China,UD3_Chempax_China,U3,DetailCostCenter,Everyone,72-70-12706-,TransformOneToOne,RESERVE-CONSIGNED PR,CC_BalSheet,false,
CHINA,UD3_Chempax_China,UD3_Chempax_China,U3,DetailCostCenter,Everyone,72-70-12750-,TransformOneToOne,PHYSICAL INV. RESERV,CC_BalSheet,false,
CHINA,UD3_Chempax_China,UD3_Chempax_China,U3,DetailCostCenter,Everyone,72-70-12803-,TransformOneToOne,IT INVENTORY,CC_BalSheet,false,
CHINA,UD3_Chempax_China,UD3_Chempax_China,U3,DetailCostCenter,Everyone,72-70-12806-,TransformOneToOne,INVENTORY ABSORPTION,CC_BalSheet,false,
CHINA,UD3_Chempax_China,UD3_Chempax_China,U3,DetailCostCenter,Everyone,72-70-12901-,TransformOneToOne,WORK IN PROCESS INVE,CC_BalSheet,false,
CHINA,UD3_Chempax_China,UD3_Chempax_China,U3,DetailCostCenter,Everyone,72-70-12901-0001,TransformOneToOne,WORK IN PROCESS TOLL,CC_BalSheet,false,
CHINA,UD3_Chempax_China,UD3_Chempax_China,U3,DetailCostCenter,Everyone,72-70-13001-1,TransformOneToOne,ADVANCED PMT-EXPENSE,CC_BalSheet,false,
CHINA,UD3_Chempax_China,UD3_Chempax_China,U3,DetailCostCenter,Everyone,72-70-13001-30,TransformOneToOne,PREPAID EXPENSE,CC_BalSheet,false,
CHINA,UD3_Chempax_China,UD3_Chempax_China,U3,DetailCostCenter,Everyone,72-70-15902-,TransformOneToOne,EASY WORN ITEMS,CC_BalSheet,false,
CHINA,UD3_Chempax_China,UD3_Chempax_China,U3,DetailCostCenter,Everyone,72-70-16102-,TransformOneToOne,FIXED ASSETS - BUILD,CC_BalSheet,false,
CHINA,UD3_Chempax_China,UD3_Chempax_China,U3,DetailCostCenter,Everyone,72-70-16108-,TransformOneToOne,FIXED ASSETS-WASTEWA,CC_BalSheet,false,
CHINA,UD3_Chempax_China,UD3_Chempax_China,U3,DetailCostCenter,Everyone,72-70-16300-,TransformOneToOne,FIXED ASSETS CGA PRO,CC_BalSheet,false,
CHINA,UD3_Chempax_China,UD3_Chempax_China,U3,DetailCostCenter,Everyone,72-70-16302-,TransformOneToOne,FIXED ASSETS MAG PRO,CC_BalSheet,false,
CHINA,UD3_Chempax_China,UD3_Chempax_China,U3,DetailCostCenter,Everyone,72-70-16303-,TransformOneToOne,FIXED ASSETS OTHER P,CC_BalSheet,false,
CHINA,UD3_Chempax_China,UD3_Chempax_China,U3,DetailCostCenter,Everyone,72-70-16304-,TransformOneToOne,FIXED ASSETS LAB EQU,CC_BalSheet,false,
CHINA,UD3_Chempax_China,UD3_Chempax_China,U3,DetailCostCenter,Everyone,72-70-16305-,TransformOneToOne,FIXED ASSETS OFFICE,CC_BalSheet,false,
CHINA,UD3_Chempax_China,UD3_Chempax_China,U3,DetailCostCenter,Everyone,72-70-16306-,TransformOneToOne,FIXED ASSETS IDLE AS,CC_BalSheet,false,
CHINA,UD3_Chempax_China,UD3_Chempax_China,U3,DetailCostCenter,Everyone,72-70-16307-,TransformOneToOne,FIXED ASSETS LAND RI,CC_BalSheet,false,
CHINA,UD3_Chempax_China,UD3_Chempax_China,U3,DetailCostCenter,Everyone,72-70-16308-,TransformOneToOne,FIXED ASSETS-CAR,CC_BalSheet,false,
CHINA,UD3_Chempax_China,UD3_Chempax_China,U3,DetailCostCenter,Everyone,72-70-16501-,TransformOneToOne,CUMULATIVE DEPRECIAT,CC_BalSheet,false,
CHINA,UD3_Chempax_China,UD3_Chempax_China,U3,DetailCostCenter,Everyone,72-70-16502-,TransformOneToOne,LAND RIGHT DEPRECIAT,CC_BalSheet,false,
CHINA,UD3_Chempax_China,UD3_Chempax_China,U3,DetailCostCenter,Everyone,72-70-16601-,TransformOneToOne,RESERVE FOR FIXED AS,CC_BalSheet,false,
CHINA,UD3_Chempax_China,UD3_Chempax_China,U3,DetailCostCenter,Everyone,72-70-16901-,TransformOneToOne,CONSTRUCTION IN PROC,CC_BalSheet,false,
CHINA,UD3_Chempax_China,UD3_Chempax_China,U3,DetailCostCenter,Everyone,72-70-17101-,TransformOneToOne,INTANGIBLE ASSETS,CC_BalSheet,false,
CHINA,UD3_Chempax_China,UD3_Chempax_China,U3,DetailCostCenter,Everyone,72-70-17102-,TransformOneToOne,INTANG-LAND RIGHTS,CC_BalSheet,false,
CHINA,UD3_Chempax_China,UD3_Chempax_China,U3,DetailCostCenter,Everyone,72-70-17104-,TransformOneToOne,INTANGIBLE ASST. AMO,CC_BalSheet,false,
CHINA,UD3_Chempax_China,UD3_Chempax_China,U3,DetailCostCenter,Everyone,72-70-20101-,TransformOneToOne,SHORT TERM BORROW,CC_BalSheet,false,
CHINA,UD3_Chempax_China,UD3_Chempax_China,U3,DetailCostCenter,Everyone,72-70-20102-,TransformOneToOne,INTERESTS PAYABLE,CC_BalSheet,false,
CHINA,UD3_Chempax_China,UD3_Chempax_China,U3,DetailCostCenter,Everyone,72-70-20301-,TransformOneToOne,A/P THIRD PARTY,CC_BalSheet,false,
CHINA,UD3_Chempax_China,UD3_Chempax_China,U3,DetailCostCenter,Everyone,72-70-20301-0001,TransformOneToOne,A/P-JV INTERCO,CC_BalSheet,false,
CHINA,UD3_Chempax_China,UD3_Chempax_China,U3,DetailCostCenter,Everyone,72-70-20301-0002,TransformOneToOne,A/P-MAF INTERCO,CC_BalSheet,false,
CHINA,UD3_Chempax_China,UD3_Chempax_China,U3,DetailCostCenter,Everyone,72-70-20301-0004,TransformOneToOne,PAYABLE S/L-TOLL PRO,CC_BalSheet,false,
CHINA,UD3_Chempax_China,UD3_Chempax_China,U3,DetailCostCenter,Everyone,72-70-20301-0006,TransformOneToOne,A/P-EVD,CC_BalSheet,false,
CHINA,UD3_Chempax_China,UD3_Chempax_China,U3,DetailCostCenter,Everyone,72-70-20302-,TransformOneToOne,A/P-OTHER,CC_BalSheet,false,
CHINA,UD3_Chempax_China,UD3_Chempax_China,U3,DetailCostCenter,Everyone,72-70-20304-,TransformOneToOne,OTHER PAYABLES HOUSI,CC_BalSheet,false,
CHINA,UD3_Chempax_China,UD3_Chempax_China,U3,DetailCostCenter,Everyone,72-70-20311-4,TransformOneToOne,OTHER PAYABLES-EMPLO,CC_BalSheet,false,
CHINA,UD3_Chempax_China,UD3_Chempax_China,U3,DetailCostCenter,Everyone,72-70-20401-,TransformOneToOne,ADVANCE FM WEI FENG,CC_BalSheet,false,
CHINA,UD3_Chempax_China,UD3_Chempax_China,U3,DetailCostCenter,Everyone,72-70-20401-1,TransformOneToOne,ADVANCE PMT FM MAFCO,CC_BalSheet,false,
CHINA,UD3_Chempax_China,UD3_Chempax_China,U3,DetailCostCenter,Everyone,72-70-20401-3,TransformOneToOne,ADV PMT FM EVD,CC_BalSheet,false,
CHINA,UD3_Chempax_China,UD3_Chempax_China,U3,DetailCostCenter,Everyone,72-70-20401-4,TransformOneToOne,ADV PMT FM 3RD PARTY,CC_BalSheet,false,
CHINA,UD3_Chempax_China,UD3_Chempax_China,U3,DetailCostCenter,Everyone,72-70-20501-,TransformOneToOne,ACCT PAYABLE ACCURAL,CC_BalSheet,false,
CHINA,UD3_Chempax_China,UD3_Chempax_China,U3,DetailCostCenter,Everyone,72-70-20701-,TransformOneToOne,LTM PAYABLE-SAFETY A,CC_BalSheet,false,
CHINA,UD3_Chempax_China,UD3_Chempax_China,U3,DetailCostCenter,Everyone,72-70-20702-,TransformOneToOne,LTM PAYABLE-SAFETY U,CC_BalSheet,false,
CHINA,UD3_Chempax_China,UD3_Chempax_China,U3,DetailCostCenter,Everyone,72-70-21101-,TransformOneToOne,ACCURED PAYROLL,CC_BalSheet,false,
CHINA,UD3_Chempax_China,UD3_Chempax_China,U3,DetailCostCenter,Everyone,72-70-21102-,TransformOneToOne,ACCURED BONUS,CC_BalSheet,false,
CHINA,UD3_Chempax_China,UD3_Chempax_China,U3,DetailCostCenter,Everyone,72-70-21103-,TransformOneToOne,ACCRUED FREIGHT,CC_BalSheet,false,
CHINA,UD3_Chempax_China,UD3_Chempax_China,U3,DetailCostCenter,Everyone,72-70-21201-,TransformOneToOne,ACCRUED EXPENSE,CC_BalSheet,false,
CHINA,UD3_Chempax_China,UD3_Chempax_China,U3,DetailCostCenter,Everyone,72-70-21202-,TransformOneToOne,ACCRUED VAT -TRUE UP,CC_BalSheet,false,
CHINA,UD3_Chempax_China,UD3_Chempax_China,U3,DetailCostCenter,Everyone,72-70-21401-,TransformOneToOne,ACCURED WELFARE FUND,CC_BalSheet,false,
CHINA,UD3_Chempax_China,UD3_Chempax_China,U3,DetailCostCenter,Everyone,72-70-21403-,TransformOneToOne,ACCURED WELFARE-HOUS,CC_BalSheet,false,
CHINA,UD3_Chempax_China,UD3_Chempax_China,U3,DetailCostCenter,Everyone,72-70-22101-,TransformOneToOne,STAMP TAX PAYABLE,CC_BalSheet,false,
CHINA,UD3_Chempax_China,UD3_Chempax_China,U3,DetailCostCenter,Everyone,72-70-22101-0001,TransformOneToOne,URBAN TAX PAYABLE,CC_BalSheet,false,
CHINA,UD3_Chempax_China,UD3_Chempax_China,U3,DetailCostCenter,Everyone,72-70-22102-,TransformOneToOne,TAX PAYABLE,CC_BalSheet,false,
CHINA,UD3_Chempax_China,UD3_Chempax_China,U3,DetailCostCenter,Everyone,72-70-22102-0001,TransformOneToOne,INPUT VAT TURN OUT,CC_BalSheet,false,
CHINA,UD3_Chempax_China,UD3_Chempax_China,U3,DetailCostCenter,Everyone,72-70-22102-0002,TransformOneToOne,VAT RETURN FOR EXPOR,CC_BalSheet,false,
CHINA,UD3_Chempax_China,UD3_Chempax_China,U3,DetailCostCenter,Everyone,72-70-22102-0003,TransformOneToOne,OUTPUT VAT,CC_BalSheet,false,
CHINA,UD3_Chempax_China,UD3_Chempax_China,U3,DetailCostCenter,Everyone,72-70-22102-0004,TransformOneToOne,PAID VAT,CC_BalSheet,false,
CHINA,UD3_Chempax_China,UD3_Chempax_China,U3,DetailCostCenter,Everyone,72-70-22103-,TransformOneToOne,VAT SALES,CC_BalSheet,false,
CHINA,UD3_Chempax_China,UD3_Chempax_China,U3,DetailCostCenter,Everyone,72-70-22104-,TransformOneToOne,PERSONAL INCOME TAX,CC_BalSheet,false,
CHINA,UD3_Chempax_China,UD3_Chempax_China,U3,DetailCostCenter,Everyone,72-70-22107-,TransformOneToOne,INCOME TAX PAYABLES,CC_BalSheet,false,
CHINA,UD3_Chempax_China,UD3_Chempax_China,U3,DetailCostCenter,Everyone,72-70-24101-,TransformOneToOne,LONG TERM BORROWINGS,CC_BalSheet,false,
CHINA,UD3_Chempax_China,UD3_Chempax_China,U3,DetailCostCenter,Everyone,72-70-30101-,TransformOneToOne,CAPITAL CONTRIBUTION,CC_BalSheet,false,
CHINA,UD3_Chempax_China,UD3_Chempax_China,U3,DetailCostCenter,Everyone,72-70-31101-,TransformOneToOne,CAPITAL CUMULATION F,CC_BalSheet,false,
CHINA,UD3_Chempax_China,UD3_Chempax_China,U3,DetailCostCenter,Everyone,72-70-31301-,TransformOneToOne,Retained Earnings,CC_BalSheet,false,
CHINA,UD3_Chempax_China,UD3_Chempax_China,U3,DetailCostCenter,Everyone,72-70-31501-,TransformOneToOne,Statutory Surplus Re,CC_BalSheet,false,
CHINA,UD3_Chempax_China,UD3_Chempax_China,U3,DetailCostCenter,Everyone,72-70-32201-,TransformOneToOne,UNDISTRIBUTE PROFIT,CC_BalSheet,false,
CHINA,UD3_Chempax_China,UD3_Chempax_China,U3,DetailCostCenter,Everyone,72-70-40301-,TransformOneToOne,FREIGHT OUT,MZC61170,false,
CHINA,UD3_Chempax_China,UD3_Chempax_China,U3,DetailCostCenter,Everyone,72-70-40302-,TransformOneToOne,MISC - INV. REVENUE,MZC61170,false,
CHINA,UD3_Chempax_China,UD3_Chempax_China,U3,DetailCostCenter,Everyone,72-70-40303-,TransformOneToOne,FREIGHT IN,MZC61170,false,
CHINA,UD3_Chempax_China,UD3_Chempax_China,U3,DetailCostCenter,Everyone,72-70-40304-,TransformOneToOne,Product Samples,MZC72400,false,
CHINA,UD3_Chempax_China,UD3_Chempax_China,U3,DetailCostCenter,Everyone,72-70-40304-5130,TransformOneToOne,SELLING EXP. - SAMPL,MZC72400,false,
CHINA,UD3_Chempax_China,UD3_Chempax_China,U3,DetailCostCenter,Everyone,72-70-40305-5130,TransformOneToOne,SELLING EXP. - TRADE,MZC72400,false,
CHINA,UD3_Chempax_China,UD3_Chempax_China,U3,DetailCostCenter,Everyone,72-70-40306-,TransformOneToOne,FREIGHT,MZC61170,false,
CHINA,UD3_Chempax_China,UD3_Chempax_China,U3,DetailCostCenter,Everyone,72-70-40307-5130,TransformOneToOne,SELLING EXP. - SALAR,MZC73710,false,
CHINA,UD3_Chempax_China,UD3_Chempax_China,U3,DetailCostCenter,Everyone,72-70-40308-5130,TransformOneToOne,SELLING EXP. - WELFA,MZC73710,false,
CHINA,UD3_Chempax_China,UD3_Chempax_China,U3,DetailCostCenter,Everyone,72-70-40309-5130,TransformOneToOne,SELLING EXP. - TRAVE,MZC73545,false,
CHINA,UD3_Chempax_China,UD3_Chempax_China,U3,DetailCostCenter,Everyone,72-70-40310-5130,TransformOneToOne,SELLING EXP. - ENTER,MZC73545,false,
CHINA,UD3_Chempax_China,UD3_Chempax_China,U3,DetailCostCenter,Everyone,72-70-40311-5130,TransformOneToOne,SELLING EXP. -QUOTA,MZC72500,false,
CHINA,UD3_Chempax_China,UD3_Chempax_China,U3,DetailCostCenter,Everyone,72-70-40312-5130,TransformOneToOne,SELLING EXP. - PACKA,MZC72400,false,
CHINA,UD3_Chempax_China,UD3_Chempax_China,U3,DetailCostCenter,Everyone,72-70-50104-0001,TransformOneToOne,Cost of Sales - Duty,MZC60160,false,
CHINA,UD3_Chempax_China,UD3_Chempax_China,U3,DetailCostCenter,Everyone,72-70-50108-,TransformOneToOne,COGS-TAX&ASSO.CHARGE,MZC60160,false,
CHINA,UD3_Chempax_China,UD3_Chempax_China,U3,DetailCostCenter,Everyone,72-70-50108-0001,TransformOneToOne,TAX,MZC63601,false,
CHINA,UD3_Chempax_China,UD3_Chempax_China,U3,DetailCostCenter,Everyone,72-70-50200-2300,TransformOneToOne,WATER-MAG-CGA,MZC66121,false,
CHINA,UD3_Chempax_China,UD3_Chempax_China,U3,DetailCostCenter,Everyone,72-70-50200-2301,TransformOneToOne,WATER-CGA-CWAE,MZC66121,false,
CHINA,UD3_Chempax_China,UD3_Chempax_China,U3,DetailCostCenter,Everyone,72-70-50200-2307,TransformOneToOne,WATER USED-MAG,MZC66121,false,
CHINA,UD3_Chempax_China,UD3_Chempax_China,U3,DetailCostCenter,Everyone,72-70-50200-2308,TransformOneToOne,WATER USED-FD,MZC66121,false,
CHINA,UD3_Chempax_China,UD3_Chempax_China,U3,DetailCostCenter,Everyone,72-70-50200-2309,TransformOneToOne,WATER USED-Blend,MZC66121,false,
CHINA,UD3_Chempax_China,UD3_Chempax_China,U3,DetailCostCenter,Everyone,72-70-50200-2310,TransformOneToOne,WATER-GEN O/H,MZC66121,false,
CHINA,UD3_Chempax_China,UD3_Chempax_China,U3,DetailCostCenter,Everyone,72-70-50200-2311,TransformOneToOne,WATER-CGA-CA,MZC66121,false,
CHINA,UD3_Chempax_China,UD3_Chempax_China,U3,DetailCostCenter,Everyone,72-70-50200-2312,TransformOneToOne,WATER-CGA-EXT,MZC66121,false,
CHINA,UD3_Chempax_China,UD3_Chempax_China,U3,DetailCostCenter,Everyone,72-70-50200-2313,TransformOneToOne,WATER-AG-CWAE,MZC66121,false,
CHINA,UD3_Chempax_China,UD3_Chempax_China,U3,DetailCostCenter,Everyone,72-70-50200-2314,TransformOneToOne,WATER-AG-EXT,MZC66121,false,
CHINA,UD3_Chempax_China,UD3_Chempax_China,U3,DetailCostCenter,Everyone,72-70-50200-2315,TransformOneToOne,WATER-CMAG-CGA,MZC66121,false,
CHINA,UD3_Chempax_China,UD3_Chempax_China,U3,DetailCostCenter,Everyone,72-70-50200-2316,TransformOneToOne,WATER-MAG-CMAG,MZC66121,false,
CHINA,UD3_Chempax_China,UD3_Chempax_China,U3,DetailCostCenter,Everyone,72-70-50200-2317,TransformOneToOne,WATER-DTDG-CGA,MZC66121,false,
CHINA,UD3_Chempax_China,UD3_Chempax_China,U3,DetailCostCenter,Everyone,72-70-50200-2318,TransformOneToOne,WATER-DTDG-CMAG,MZC66121,false,
CHINA,UD3_Chempax_China,UD3_Chempax_China,U3,DetailCostCenter,Everyone,72-70-50200-2319,TransformOneToOne,WATER-GACA-CGA,MZC66121,false,
CHINA,UD3_Chempax_China,UD3_Chempax_China,U3,DetailCostCenter,Everyone,72-70-50200-2320,TransformOneToOne,WATER-FD-DTDG,MZC66121,false,
CHINA,UD3_Chempax_China,UD3_Chempax_China,U3,DetailCostCenter,Everyone,72-70-50200-2321,TransformOneToOne,WATER-FD-GACA,MZC66121,false,
CHINA,UD3_Chempax_China,UD3_Chempax_China,U3,DetailCostCenter,Everyone,72-70-50200-2322,TransformOneToOne,WATER-MSW-MDTDG,MZC66121,false,
CHINA,UD3_Chempax_China,UD3_Chempax_China,U3,DetailCostCenter,Everyone,72-70-50200-2323,TransformOneToOne,WATER-DGLE,MZC66121,false,
CHINA,UD3_Chempax_China,UD3_Chempax_China,U3,DetailCostCenter,Everyone,72-70-50200-2324,TransformOneToOne,WATER-WETBLEND,MZC66121,false,
CHINA,UD3_Chempax_China,UD3_Chempax_China,U3,DetailCostCenter,Everyone,72-70-50200-2325,TransformOneToOne,WATER-DRYBLEND,MZC66121,false,
CHINA,UD3_Chempax_China,UD3_Chempax_China,U3,DetailCostCenter,Everyone,72-70-50200-2326,TransformOneToOne,WATER-GYE/R21LIQ,MZC66121,false,
CHINA,UD3_Chempax_China,UD3_Chempax_China,U3,DetailCostCenter,Everyone,72-70-50200-2327,TransformOneToOne,WATER-GYE/R21SD,MZC66121,false,
CHINA,UD3_Chempax_China,UD3_Chempax_China,U3,DetailCostCenter,Everyone,72-70-50200-2328,TransformOneToOne,WATER-CGA BLD,MZC66121,false,
CHINA,UD3_Chempax_China,UD3_Chempax_China,U3,DetailCostCenter,Everyone,72-70-50200-2329,TransformOneToOne,WATER-MDTDG BLD,MZC66121,false,
CHINA,UD3_Chempax_China,UD3_Chempax_China,U3,DetailCostCenter,Everyone,72-70-50200-2330,TransformOneToOne,WATER-TOLL DTDG,MZC66121,false,
CHINA,UD3_Chempax_China,UD3_Chempax_China,U3,DetailCostCenter,Everyone,72-70-50200-2331,TransformOneToOne,WATER-TOLL OTHERDTDG,MZC66121,false,
CHINA,UD3_Chempax_China,UD3_Chempax_China,U3,DetailCostCenter,Everyone,72-70-50202-2300,TransformOneToOne,STEAM-MAG-CGA,MZC66121,false,
CHINA,UD3_Chempax_China,UD3_Chempax_China,U3,DetailCostCenter,Everyone,72-70-50202-2301,TransformOneToOne,STEAM-CGA-CWAE,MZC66121,false,
CHINA,UD3_Chempax_China,UD3_Chempax_China,U3,DetailCostCenter,Everyone,72-70-50202-2307,TransformOneToOne,STEAM USED-MAG,MZC66121,false,
CHINA,UD3_Chempax_China,UD3_Chempax_China,U3,DetailCostCenter,Everyone,72-70-50202-2309,TransformOneToOne,STEAM USED-BLEND,MZC66121,false,
CHINA,UD3_Chempax_China,UD3_Chempax_China,U3,DetailCostCenter,Everyone,72-70-50202-2310,TransformOneToOne,STEAM-GEN O/H,MZC66121,false,
CHINA,UD3_Chempax_China,UD3_Chempax_China,U3,DetailCostCenter,Everyone,72-70-50202-2311,TransformOneToOne,STEAM-CGA-CA,MZC66121,false,
CHINA,UD3_Chempax_China,UD3_Chempax_China,U3,DetailCostCenter,Everyone,72-70-50202-2312,TransformOneToOne,STEAM-CGA-EXT,MZC66121,false,
CHINA,UD3_Chempax_China,UD3_Chempax_China,U3,DetailCostCenter,Everyone,72-70-50202-2313,TransformOneToOne,STEAM-AG-CWAE,MZC66121,false,
CHINA,UD3_Chempax_China,UD3_Chempax_China,U3,DetailCostCenter,Everyone,72-70-50202-2314,TransformOneToOne,STEAM-AG-EXT,MZC66121,false,
CHINA,UD3_Chempax_China,UD3_Chempax_China,U3,DetailCostCenter,Everyone,72-70-50202-2315,TransformOneToOne,STEAM-CMAG-CGA,MZC66121,false,
CHINA,UD3_Chempax_China,UD3_Chempax_China,U3,DetailCostCenter,Everyone,72-70-50202-2316,TransformOneToOne,STEAM-MAG-CMAG,MZC66121,false,
CHINA,UD3_Chempax_China,UD3_Chempax_China,U3,DetailCostCenter,Everyone,72-70-50202-2317,TransformOneToOne,STEAM-DTDG-CGA,MZC66121,false,
CHINA,UD3_Chempax_China,UD3_Chempax_China,U3,DetailCostCenter,Everyone,72-70-50202-2318,TransformOneToOne,STEAM-DTDG-CMAG,MZC66121,false,
CHINA,UD3_Chempax_China,UD3_Chempax_China,U3,DetailCostCenter,Everyone,72-70-50202-2319,TransformOneToOne,STEAM-GACA-CGA,MZC66121,false,
CHINA,UD3_Chempax_China,UD3_Chempax_China,U3,DetailCostCenter,Everyone,72-70-50202-2320,TransformOneToOne,STEAM-FD-DTDG,MZC66121,false,
CHINA,UD3_Chempax_China,UD3_Chempax_China,U3,DetailCostCenter,Everyone,72-70-50202-2321,TransformOneToOne,STEAM-FD-GACA,MZC66121,false,
CHINA,UD3_Chempax_China,UD3_Chempax_China,U3,DetailCostCenter,Everyone,72-70-50202-2322,TransformOneToOne,STEAM-MSW-MDTDG,MZC66121,false,
CHINA,UD3_Chempax_China,UD3_Chempax_China,U3,DetailCostCenter,Everyone,72-70-50202-2323,TransformOneToOne,STEAM-DGLE,MZC66121,false,
CHINA,UD3_Chempax_China,UD3_Chempax_China,U3,DetailCostCenter,Everyone,72-70-50202-2324,TransformOneToOne,STEAM-WETBLEND,MZC66121,false,
CHINA,UD3_Chempax_China,UD3_Chempax_China,U3,DetailCostCenter,Everyone,72-70-50202-2325,TransformOneToOne,STEAM-DRYBLEND,MZC66121,false,
CHINA,UD3_Chempax_China,UD3_Chempax_China,U3,DetailCostCenter,Everyone,72-70-50202-2326,TransformOneToOne,STEAM-GYE/R21LIQ,MZC66121,false,
CHINA,UD3_Chempax_China,UD3_Chempax_China,U3,DetailCostCenter,Everyone,72-70-50202-2327,TransformOneToOne,STEAM-GYE/R21SD,MZC66121,false,
CHINA,UD3_Chempax_China,UD3_Chempax_China,U3,DetailCostCenter,Everyone,72-70-50202-2328,TransformOneToOne,STEAM-CGA BLD,MZC66121,false,
CHINA,UD3_Chempax_China,UD3_Chempax_China,U3,DetailCostCenter,Everyone,72-70-50202-2329,TransformOneToOne,STEAM-MDTDG BLD,MZC66121,false,
CHINA,UD3_Chempax_China,UD3_Chempax_China,U3,DetailCostCenter,Everyone,72-70-50202-2330,TransformOneToOne,STEAM-TOLL DTDG,MZC66121,false,
CHINA,UD3_Chempax_China,UD3_Chempax_China,U3,DetailCostCenter,Everyone,72-70-50202-2331,TransformOneToOne,STEAM-TOLL OTHERDTDG,MZC66121,false,
CHINA,UD3_Chempax_China,UD3_Chempax_China,U3,DetailCostCenter,Everyone,72-70-50203-2300,TransformOneToOne,ELECTRIC-MAG-CGA,MZC66121,false,
CHINA,UD3_Chempax_China,UD3_Chempax_China,U3,DetailCostCenter,Everyone,72-70-50203-2301,TransformOneToOne,ELECTRIC-CGA-CWAE,MZC66121,false,
CHINA,UD3_Chempax_China,UD3_Chempax_China,U3,DetailCostCenter,Everyone,72-70-50203-2307,TransformOneToOne,ELECTRICITY-MAG,MZC66121,false,
CHINA,UD3_Chempax_China,UD3_Chempax_China,U3,DetailCostCenter,Everyone,72-70-50203-2308,TransformOneToOne,ELECTRICITY-FD,MZC66121,false,
CHINA,UD3_Chempax_China,UD3_Chempax_China,U3,DetailCostCenter,Everyone,72-70-50203-2309,TransformOneToOne,ELECTRICITYF-BLEND,MZC66121,false,
CHINA,UD3_Chempax_China,UD3_Chempax_China,U3,DetailCostCenter,Everyone,72-70-50203-2310,TransformOneToOne,ELECTRIC-GEN O/H,MZC66121,false,
CHINA,UD3_Chempax_China,UD3_Chempax_China,U3,DetailCostCenter,Everyone,72-70-50203-2311,TransformOneToOne,ELECTRIC-CGA-CA,MZC66121,false,
CHINA,UD3_Chempax_China,UD3_Chempax_China,U3,DetailCostCenter,Everyone,72-70-50203-2312,TransformOneToOne,ELECTRIC-CGA-EXT,MZC66121,false,
CHINA,UD3_Chempax_China,UD3_Chempax_China,U3,DetailCostCenter,Everyone,72-70-50203-2313,TransformOneToOne,ELECTRIC-AG-CWAE,MZC66121,false,
CHINA,UD3_Chempax_China,UD3_Chempax_China,U3,DetailCostCenter,Everyone,72-70-50203-2314,TransformOneToOne,ELECTRIC-AG-EXT,MZC66121,false,
CHINA,UD3_Chempax_China,UD3_Chempax_China,U3,DetailCostCenter,Everyone,72-70-50203-2315,TransformOneToOne,ELECTRIC-CMAG-CGA,MZC66121,false,
CHINA,UD3_Chempax_China,UD3_Chempax_China,U3,DetailCostCenter,Everyone,72-70-50203-2316,TransformOneToOne,ELECTRIC-MAG-CMAG,MZC66121,false,
CHINA,UD3_Chempax_China,UD3_Chempax_China,U3,DetailCostCenter,Everyone,72-70-50203-2317,TransformOneToOne,ELECTRIC-DTDG-CGA,MZC66121,false,
CHINA,UD3_Chempax_China,UD3_Chempax_China,U3,DetailCostCenter,Everyone,72-70-50203-2318,TransformOneToOne,ELECTRIC-DTDG-CMAG,MZC66121,false,
CHINA,UD3_Chempax_China,UD3_Chempax_China,U3,DetailCostCenter,Everyone,72-70-50203-2319,TransformOneToOne,ELECTRIC-GACA-CGA,MZC66121,false,
CHINA,UD3_Chempax_China,UD3_Chempax_China,U3,DetailCostCenter,Everyone,72-70-50203-2320,TransformOneToOne,ELECTRIC-FD-DTDG,MZC66121,false,
CHINA,UD3_Chempax_China,UD3_Chempax_China,U3,DetailCostCenter,Everyone,72-70-50203-2321,TransformOneToOne,ELECTRIC-FD-GACA,MZC66121,false,
CHINA,UD3_Chempax_China,UD3_Chempax_China,U3,DetailCostCenter,Everyone,72-70-50203-2322,TransformOneToOne,ELECTRIC-MSW-MDTDG,MZC66121,false,
CHINA,UD3_Chempax_China,UD3_Chempax_China,U3,DetailCostCenter,Everyone,72-70-50203-2323,TransformOneToOne,ELECTRIC-DGLE,MZC66121,false,
CHINA,UD3_Chempax_China,UD3_Chempax_China,U3,DetailCostCenter,Everyone,72-70-50203-2324,TransformOneToOne,ELECTRIC-WETBLEND,MZC66121,false,
CHINA,UD3_Chempax_China,UD3_Chempax_China,U3,DetailCostCenter,Everyone,72-70-50203-2325,TransformOneToOne,ELECTRIC-DRYBLEND,MZC66121,false,
CHINA,UD3_Chempax_China,UD3_Chempax_China,U3,DetailCostCenter,Everyone,72-70-50203-2326,TransformOneToOne,ELECTRIC-GYE/R21LIQ,MZC66121,false,
CHINA,UD3_Chempax_China,UD3_Chempax_China,U3,DetailCostCenter,Everyone,72-70-50203-2327,TransformOneToOne,ELECTRIC-GYE/R21SD,MZC66121,false,
CHINA,UD3_Chempax_China,UD3_Chempax_China,U3,DetailCostCenter,Everyone,72-70-50203-2328,TransformOneToOne,ELECTRIC-CGA BLD,MZC66121,false,
CHINA,UD3_Chempax_China,UD3_Chempax_China,U3,DetailCostCenter,Everyone,72-70-50203-2329,TransformOneToOne,ELECTRIC-MDTDG BLD,MZC66121,false,
CHINA,UD3_Chempax_China,UD3_Chempax_China,U3,DetailCostCenter,Everyone,72-70-50203-2330,TransformOneToOne,ELECTRIC-TOLL-DTDG,MZC66121,false,
CHINA,UD3_Chempax_China,UD3_Chempax_China,U3,DetailCostCenter,Everyone,72-70-50203-2331,TransformOneToOne,ELECTRIC-TOLL OTHERD,MZC66121,false,
CHINA,UD3_Chempax_China,UD3_Chempax_China,U3,DetailCostCenter,Everyone,72-70-50204-2095,TransformOneToOne,Repairs and Maintenance,MZC66113,false,
CHINA,UD3_Chempax_China,UD3_Chempax_China,U3,DetailCostCenter,Everyone,72-70-50204-2300,TransformOneToOne,REPA&MAIN-MAG-CGA,MZC66121,false,
CHINA,UD3_Chempax_China,UD3_Chempax_China,U3,DetailCostCenter,Everyone,72-70-50204-2301,TransformOneToOne,REPA&MAIN-CGA-CWAE,MZC66121,false,
CHINA,UD3_Chempax_China,UD3_Chempax_China,U3,DetailCostCenter,Everyone,72-70-50204-2307,TransformOneToOne,REPA&MAIN-MAG FAC,MZC66121,false,
CHINA,UD3_Chempax_China,UD3_Chempax_China,U3,DetailCostCenter,Everyone,72-70-50204-2308,TransformOneToOne,REPA&MAIN-CGA FAC,MZC66121,false,
CHINA,UD3_Chempax_China,UD3_Chempax_China,U3,DetailCostCenter,Everyone,72-70-50204-2309,TransformOneToOne,REPA&MAIN-BLD FAC,MZC66121,false,
CHINA,UD3_Chempax_China,UD3_Chempax_China,U3,DetailCostCenter,Everyone,72-70-50204-2310,TransformOneToOne,REPA&MAIN-GEN O/H,MZC66121,false,
CHINA,UD3_Chempax_China,UD3_Chempax_China,U3,DetailCostCenter,Everyone,72-70-50204-2311,TransformOneToOne,REPA&MAIN-CGA-CA,MZC66121,false,
CHINA,UD3_Chempax_China,UD3_Chempax_China,U3,DetailCostCenter,Everyone,72-70-50204-2312,TransformOneToOne,REPA&MAIN-CGA-EXT,MZC66121,false,
CHINA,UD3_Chempax_China,UD3_Chempax_China,U3,DetailCostCenter,Everyone,72-70-50204-2313,TransformOneToOne,REPA&MAIN-AG-CWAE,MZC66121,false,
CHINA,UD3_Chempax_China,UD3_Chempax_China,U3,DetailCostCenter,Everyone,72-70-50204-2314,TransformOneToOne,REPA&MAIN-AG-EXT,MZC66121,false,
CHINA,UD3_Chempax_China,UD3_Chempax_China,U3,DetailCostCenter,Everyone,72-70-50204-2315,TransformOneToOne,REPA&MAIN-CMAG-CGA,MZC66121,false,
CHINA,UD3_Chempax_China,UD3_Chempax_China,U3,DetailCostCenter,Everyone,72-70-50204-2316,TransformOneToOne,REPA&MAIN-MAG-CMAG,MZC66121,false,
CHINA,UD3_Chempax_China,UD3_Chempax_China,U3,DetailCostCenter,Everyone,72-70-50204-2317,TransformOneToOne,REPA&MAIN-DTDG-CGA,MZC66121,false,
CHINA,UD3_Chempax_China,UD3_Chempax_China,U3,DetailCostCenter,Everyone,72-70-50204-2318,TransformOneToOne,REPA&MAIN-DTDG-CMAG,MZC66121,false,
CHINA,UD3_Chempax_China,UD3_Chempax_China,U3,DetailCostCenter,Everyone,72-70-50204-2319,TransformOneToOne,REPA&MAIN-GACA-CGA,MZC66121,false,
CHINA,UD3_Chempax_China,UD3_Chempax_China,U3,DetailCostCenter,Everyone,72-70-50204-2320,TransformOneToOne,REPA&MAIN-FD-DTDG,MZC66121,false,
CHINA,UD3_Chempax_China,UD3_Chempax_China,U3,DetailCostCenter,Everyone,72-70-50204-2321,TransformOneToOne,REPA&MAIN-FD-GACA,MZC66121,false,
CHINA,UD3_Chempax_China,UD3_Chempax_China,U3,DetailCostCenter,Everyone,72-70-50204-2322,TransformOneToOne,REPA&MAIN-MSW-MDTDG,MZC66121,false,
CHINA,UD3_Chempax_China,UD3_Chempax_China,U3,DetailCostCenter,Everyone,72-70-50204-2323,TransformOneToOne,REPA&MAIN-DGLE,MZC66121,false,
CHINA,UD3_Chempax_China,UD3_Chempax_China,U3,DetailCostCenter,Everyone,72-70-50204-2324,TransformOneToOne,REPA&MAIN-WETBLEND,MZC66121,false,
CHINA,UD3_Chempax_China,UD3_Chempax_China,U3,DetailCostCenter,Everyone,72-70-50204-2325,TransformOneToOne,REPA&MAIN-DRYBLEND,MZC66121,false,
CHINA,UD3_Chempax_China,UD3_Chempax_China,U3,DetailCostCenter,Everyone,72-70-50204-2326,TransformOneToOne,REPA&MAIN-GYE/R21LIQ,MZC66121,false,
CHINA,UD3_Chempax_China,UD3_Chempax_China,U3,DetailCostCenter,Everyone,72-70-50204-2327,TransformOneToOne,REPA&MAIN-GYE/R21SD,MZC66121,false,
CHINA,UD3_Chempax_China,UD3_Chempax_China,U3,DetailCostCenter,Everyone,72-70-50204-2328,TransformOneToOne,REPA&MAIN-CGA BLD,MZC66121,false,
CHINA,UD3_Chempax_China,UD3_Chempax_China,U3,DetailCostCenter,Everyone,72-70-50204-2329,TransformOneToOne,REPA&MAIN-MDTDG BLD,MZC66121,false,
CHINA,UD3_Chempax_China,UD3_Chempax_China,U3,DetailCostCenter,Everyone,72-70-50204-2330,TransformOneToOne,REPA&MAIN-TOLL DTDG,MZC66121,false,
CHINA,UD3_Chempax_China,UD3_Chempax_China,U3,DetailCostCenter,Everyone,72-70-50204-2331,TransformOneToOne,REPA&MAIN-TOLL OTHER,MZC66121,false,
CHINA,UD3_Chempax_China,UD3_Chempax_China,U3,DetailCostCenter,Everyone,72-70-50205-2095,TransformOneToOne,ZFTZ Direct Labor salary,MZC66113,false,
CHINA,UD3_Chempax_China,UD3_Chempax_China,U3,DetailCostCenter,Everyone,72-70-50205-2300,TransformOneToOne,FAC-LABOR-MAG-CGA,MZC66121,false,
CHINA,UD3_Chempax_China,UD3_Chempax_China,U3,DetailCostCenter,Everyone,72-70-50205-2301,TransformOneToOne,FAC-LABOR-CGA-CWAE,MZC66121,false,
CHINA,UD3_Chempax_China,UD3_Chempax_China,U3,DetailCostCenter,Everyone,72-70-50205-2307,TransformOneToOne,FAC-LABOR-MAG FAC,MZC66121,false,
CHINA,UD3_Chempax_China,UD3_Chempax_China,U3,DetailCostCenter,Everyone,72-70-50205-2308,TransformOneToOne,FAC-LABOR-CGA FAC,MZC66121,false,
CHINA,UD3_Chempax_China,UD3_Chempax_China,U3,DetailCostCenter,Everyone,72-70-50205-2309,TransformOneToOne,FAC-LABOR-BLD FAC,MZC66121,false,
CHINA,UD3_Chempax_China,UD3_Chempax_China,U3,DetailCostCenter,Everyone,72-70-50205-2310,TransformOneToOne,FAC-LABOR-GEN O/H,MZC66121,false,
CHINA,UD3_Chempax_China,UD3_Chempax_China,U3,DetailCostCenter,Everyone,72-70-50205-2311,TransformOneToOne,FAC-LABOR-CGA-CA,MZC66121,false,
CHINA,UD3_Chempax_China,UD3_Chempax_China,U3,DetailCostCenter,Everyone,72-70-50205-2312,TransformOneToOne,FAC-LABOR-CGA-EXT,MZC66121,false,
CHINA,UD3_Chempax_China,UD3_Chempax_China,U3,DetailCostCenter,Everyone,72-70-50205-2313,TransformOneToOne,FAC-LABOR-AG-CWAE,MZC66121,false,
CHINA,UD3_Chempax_China,UD3_Chempax_China,U3,DetailCostCenter,Everyone,72-70-50205-2314,TransformOneToOne,FAC-LABOR-AG-EXT,MZC63601,false,
CHINA,UD3_Chempax_China,UD3_Chempax_China,U3,DetailCostCenter,Everyone,72-70-50205-2315,TransformOneToOne,FAC-LABOR-CMAG-CGA,MZC63601,false,
CHINA,UD3_Chempax_China,UD3_Chempax_China,U3,DetailCostCenter,Everyone,72-70-50205-2316,TransformOneToOne,FAC-LABOR-MAG-CMAG,MZC66121,false,
CHINA,UD3_Chempax_China,UD3_Chempax_China,U3,DetailCostCenter,Everyone,72-70-50205-2317,TransformOneToOne,FAC-LABOR-DTDG-CGA,MZC66121,false,
CHINA,UD3_Chempax_China,UD3_Chempax_China,U3,DetailCostCenter,Everyone,72-70-50205-2318,TransformOneToOne,FAC-LABOR-DTDG-CMAG,MZC63601,false,
CHINA,UD3_Chempax_China,UD3_Chempax_China,U3,DetailCostCenter,Everyone,72-70-50205-2319,TransformOneToOne,FAC-LABOR-GACA-CGA,MZC66121,false,
CHINA,UD3_Chempax_China,UD3_Chempax_China,U3,DetailCostCenter,Everyone,72-70-50205-2320,TransformOneToOne,FAC-LABOR-FD-DTDG,MZC63601,false,
CHINA,UD3_Chempax_China,UD3_Chempax_China,U3,DetailCostCenter,Everyone,72-70-50205-2321,TransformOneToOne,FAC-LABOR-FD-GACA,MZC63601,false,
CHINA,UD3_Chempax_China,UD3_Chempax_China,U3,DetailCostCenter,Everyone,72-70-50205-2322,TransformOneToOne,FAC-LABOR-MSW-MDTDG,MZC66121,false,
CHINA,UD3_Chempax_China,UD3_Chempax_China,U3,DetailCostCenter,Everyone,72-70-50205-2323,TransformOneToOne,FAC-LABOR-DGLE,MZC66121,false,
CHINA,UD3_Chempax_China,UD3_Chempax_China,U3,DetailCostCenter,Everyone,72-70-50205-2324,TransformOneToOne,FAC-LABOR-WETBLEND,MZC63601,false,
CHINA,UD3_Chempax_China,UD3_Chempax_China,U3,DetailCostCenter,Everyone,72-70-50205-2325,TransformOneToOne,FAC-LABOR-DRYBLEND,MZC63601,false,
CHINA,UD3_Chempax_China,UD3_Chempax_China,U3,DetailCostCenter,Everyone,72-70-50205-2326,TransformOneToOne,FAC-LABOR-GYE/R21LIQ,MZC66121,false,
CHINA,UD3_Chempax_China,UD3_Chempax_China,U3,DetailCostCenter,Everyone,72-70-50205-2327,TransformOneToOne,FAC-LABOR-GYE/R21SD,MZC66121,false,
CHINA,UD3_Chempax_China,UD3_Chempax_China,U3,DetailCostCenter,Everyone,72-70-50205-2328,TransformOneToOne,FAC-LABOR-CGA BLD,MZC63601,false,
CHINA,UD3_Chempax_China,UD3_Chempax_China,U3,DetailCostCenter,Everyone,72-70-50205-2329,TransformOneToOne,FAC-LABOR-MDTDG BLD,MZC63601,false,
CHINA,UD3_Chempax_China,UD3_Chempax_China,U3,DetailCostCenter,Everyone,72-70-50205-2330,TransformOneToOne,FAC-LABOR-TOLL DTDG,MZC63601,false,
CHINA,UD3_Chempax_China,UD3_Chempax_China,U3,DetailCostCenter,Everyone,72-70-50205-2331,TransformOneToOne,FAC-LABOR-TOLL OTHER,MZC63601,false,
CHINA,UD3_Chempax_China,UD3_Chempax_China,U3,DetailCostCenter,Everyone,72-70-50206-2095,TransformOneToOne,ZFTZ Direct Labor welfare,MZC66113,false,
CHINA,UD3_Chempax_China,UD3_Chempax_China,U3,DetailCostCenter,Everyone,72-70-50206-2300,TransformOneToOne,FAC-WELF-MAG-CGA,MZC66121,false,
CHINA,UD3_Chempax_China,UD3_Chempax_China,U3,DetailCostCenter,Everyone,72-70-50206-2301,TransformOneToOne,FAC-WELF-CGA-CWAE,MZC66121,false,
CHINA,UD3_Chempax_China,UD3_Chempax_China,U3,DetailCostCenter,Everyone,72-70-50206-2307,TransformOneToOne,FAC-WELF-MAG FAC,MZC66121,false,
CHINA,UD3_Chempax_China,UD3_Chempax_China,U3,DetailCostCenter,Everyone,72-70-50206-2308,TransformOneToOne,FAC-WELF-CGA FAC,MZC66121,false,
CHINA,UD3_Chempax_China,UD3_Chempax_China,U3,DetailCostCenter,Everyone,72-70-50206-2309,TransformOneToOne,FAC-WELF-BLD FAC,MZC66121,false,
CHINA,UD3_Chempax_China,UD3_Chempax_China,U3,DetailCostCenter,Everyone,72-70-50206-2310,TransformOneToOne,FAC-WELF-GEN O/H,MZC66121,false,
CHINA,UD3_Chempax_China,UD3_Chempax_China,U3,DetailCostCenter,Everyone,72-70-50206-2311,TransformOneToOne,FAC-WELF-CGA-CA,MZC66121,false,
CHINA,UD3_Chempax_China,UD3_Chempax_China,U3,DetailCostCenter,Everyone,72-70-50206-2312,TransformOneToOne,FAC-WELF-CGA-EXT,MZC66121,false,
CHINA,UD3_Chempax_China,UD3_Chempax_China,U3,DetailCostCenter,Everyone,72-70-50206-2313,TransformOneToOne,FAC-WELF-AG-CWAE,MZC66121,false,
CHINA,UD3_Chempax_China,UD3_Chempax_China,U3,DetailCostCenter,Everyone,72-70-50206-2314,TransformOneToOne,FAC-WELF-AG-EXT,MZC63601,false,
CHINA,UD3_Chempax_China,UD3_Chempax_China,U3,DetailCostCenter,Everyone,72-70-50206-2315,TransformOneToOne,FAC-WELF-CMAG-CGA,MZC63601,false,
CHINA,UD3_Chempax_China,UD3_Chempax_China,U3,DetailCostCenter,Everyone,72-70-50206-2316,TransformOneToOne,FAC-WELF-MAG-CMAG,MZC66121,false,
CHINA,UD3_Chempax_China,UD3_Chempax_China,U3,DetailCostCenter,Everyone,72-70-50206-2317,TransformOneToOne,FAC-WELF-DTDG-CGA,MZC66121,false,
CHINA,UD3_Chempax_China,UD3_Chempax_China,U3,DetailCostCenter,Everyone,72-70-50206-2318,TransformOneToOne,FAC-WELF-DTDG-CMAG,MZC63601,false,
CHINA,UD3_Chempax_China,UD3_Chempax_China,U3,DetailCostCenter,Everyone,72-70-50206-2319,TransformOneToOne,FAC-WELF-GACA-CGA,MZC66121,false,
CHINA,UD3_Chempax_China,UD3_Chempax_China,U3,DetailCostCenter,Everyone,72-70-50206-2320,TransformOneToOne,FAC-WELF-FD-DTDG,MZC63601,false,
CHINA,UD3_Chempax_China,UD3_Chempax_China,U3,DetailCostCenter,Everyone,72-70-50206-2321,TransformOneToOne,FAC-WELF-FD-GACA,MZC63601,false,
CHINA,UD3_Chempax_China,UD3_Chempax_China,U3,DetailCostCenter,Everyone,72-70-50206-2322,TransformOneToOne,FAC-WELF-MSW-MDTDG,MZC66121,false,
CHINA,UD3_Chempax_China,UD3_Chempax_China,U3,DetailCostCenter,Everyone,72-70-50206-2323,TransformOneToOne,FAC-WELF-DGLE,MZC66121,false,
CHINA,UD3_Chempax_China,UD3_Chempax_China,U3,DetailCostCenter,Everyone,72-70-50206-2324,TransformOneToOne,FAC-WELF-WETBLEND,MZC63601,false,
CHINA,UD3_Chempax_China,UD3_Chempax_China,U3,DetailCostCenter,Everyone,72-70-50206-2325,TransformOneToOne,FAC-WELF-DRYBLEND,MZC63601,false,
CHINA,UD3_Chempax_China,UD3_Chempax_China,U3,DetailCostCenter,Everyone,72-70-50206-2326,TransformOneToOne,FAC-WELF-GYE/R21LIQ,MZC66121,false,
CHINA,UD3_Chempax_China,UD3_Chempax_China,U3,DetailCostCenter,Everyone,72-70-50206-2327,TransformOneToOne,FAC-WELF-GYE/R21SD,MZC66121,false,
CHINA,UD3_Chempax_China,UD3_Chempax_China,U3,DetailCostCenter,Everyone,72-70-50206-2328,TransformOneToOne,FAC-WELF-CGA BLD,MZC63601,false,
CHINA,UD3_Chempax_China,UD3_Chempax_China,U3,DetailCostCenter,Everyone,72-70-50206-2329,TransformOneToOne,FAC-WELF-MDTDG BLD,MZC63601,false,
CHINA,UD3_Chempax_China,UD3_Chempax_China,U3,DetailCostCenter,Everyone,72-70-50206-2330,TransformOneToOne,FAC-WELF-TOLL DTDG,MZC63601,false,
CHINA,UD3_Chempax_China,UD3_Chempax_China,U3,DetailCostCenter,Everyone,72-70-50206-2331,TransformOneToOne,FAC-WELF-TOLL OTHERD,MZC63601,false,
CHINA,UD3_Chempax_China,UD3_Chempax_China,U3,DetailCostCenter,Everyone,72-70-50207-2300,TransformOneToOne,DEPRECIA-MAG-CGA,MZC64000,false,
CHINA,UD3_Chempax_China,UD3_Chempax_China,U3,DetailCostCenter,Everyone,72-70-50207-2301,TransformOneToOne,DEPRECIA-CGA-CWAE,MZC64000,false,
CHINA,UD3_Chempax_China,UD3_Chempax_China,U3,DetailCostCenter,Everyone,72-70-50207-2307,TransformOneToOne,DEPRECIA-MAG FAC,MZC64000,false,
CHINA,UD3_Chempax_China,UD3_Chempax_China,U3,DetailCostCenter,Everyone,72-70-50207-2308,TransformOneToOne,DEPRECIA-CGA FAC,MZC64000,false,
CHINA,UD3_Chempax_China,UD3_Chempax_China,U3,DetailCostCenter,Everyone,72-70-50207-2309,TransformOneToOne,DEPRECIA-BLD FAC,MZC64000,false,
CHINA,UD3_Chempax_China,UD3_Chempax_China,U3,DetailCostCenter,Everyone,72-70-50207-2310,TransformOneToOne,DEPRECIA-GEN O/H,MZC64000,false,
CHINA,UD3_Chempax_China,UD3_Chempax_China,U3,DetailCostCenter,Everyone,72-70-50207-2311,TransformOneToOne,DEPRECIA-CGA-CA,MZC64000,false,
CHINA,UD3_Chempax_China,UD3_Chempax_China,U3,DetailCostCenter,Everyone,72-70-50207-2312,TransformOneToOne,DEPRECIA-CGA-EXT,MZC64000,false,
CHINA,UD3_Chempax_China,UD3_Chempax_China,U3,DetailCostCenter,Everyone,72-70-50207-2313,TransformOneToOne,DEPRECIA-AG-CWAE,MZC64000,false,
CHINA,UD3_Chempax_China,UD3_Chempax_China,U3,DetailCostCenter,Everyone,72-70-50207-2314,TransformOneToOne,DEPRECIA-AG-EXT,MZC64000,false,
CHINA,UD3_Chempax_China,UD3_Chempax_China,U3,DetailCostCenter,Everyone,72-70-50207-2315,TransformOneToOne,DEPRECIA-CMAG-CGA,MZC64000,false,
CHINA,UD3_Chempax_China,UD3_Chempax_China,U3,DetailCostCenter,Everyone,72-70-50207-2316,TransformOneToOne,DEPRECIA-MAG-CMAG,MZC64000,false,
CHINA,UD3_Chempax_China,UD3_Chempax_China,U3,DetailCostCenter,Everyone,72-70-50207-2317,TransformOneToOne,DEPRECIA-DTDG-CGA,MZC64000,false,
CHINA,UD3_Chempax_China,UD3_Chempax_China,U3,DetailCostCenter,Everyone,72-70-50207-2318,TransformOneToOne,DEPRECIA-DTDG-CMAG,MZC64000,false,
CHINA,UD3_Chempax_China,UD3_Chempax_China,U3,DetailCostCenter,Everyone,72-70-50207-2319,TransformOneToOne,DEPRECIA-GACA-CGA,MZC64000,false,
CHINA,UD3_Chempax_China,UD3_Chempax_China,U3,DetailCostCenter,Everyone,72-70-50207-2320,TransformOneToOne,DEPRECIA-FD-DTDG,MZC64000,false,
CHINA,UD3_Chempax_China,UD3_Chempax_China,U3,DetailCostCenter,Everyone,72-70-50207-2321,TransformOneToOne,DEPRECIA-FD-GACA,MZC64000,false,
CHINA,UD3_Chempax_China,UD3_Chempax_China,U3,DetailCostCenter,Everyone,72-70-50207-2322,TransformOneToOne,DEPRECIA-MSW-MDTDG,MZC64000,false,
CHINA,UD3_Chempax_China,UD3_Chempax_China,U3,DetailCostCenter,Everyone,72-70-50207-2323,TransformOneToOne,DEPRECIA-DGLE,MZC64000,false,
CHINA,UD3_Chempax_China,UD3_Chempax_China,U3,DetailCostCenter,Everyone,72-70-50207-2324,TransformOneToOne,DEPRECIA-WETBLEND,MZC64000,false,
CHINA,UD3_Chempax_China,UD3_Chempax_China,U3,DetailCostCenter,Everyone,72-70-50207-2325,TransformOneToOne,DEPRECIA-DRYBLEND,MZC64000,false,
CHINA,UD3_Chempax_China,UD3_Chempax_China,U3,DetailCostCenter,Everyone,72-70-50207-2326,TransformOneToOne,DEPRECIA-GYE/R21LIQ,MZC64000,false,
CHINA,UD3_Chempax_China,UD3_Chempax_China,U3,DetailCostCenter,Everyone,72-70-50207-2327,TransformOneToOne,DEPRECIA-GYE/R21SD,MZC64000,false,
CHINA,UD3_Chempax_China,UD3_Chempax_China,U3,DetailCostCenter,Everyone,72-70-50207-2328,TransformOneToOne,DEPRECIA-CGA BLD,MZC64000,false,
CHINA,UD3_Chempax_China,UD3_Chempax_China,U3,DetailCostCenter,Everyone,72-70-50207-2329,TransformOneToOne,DEPRECIA-MDTDG BLD,MZC64000,false,
CHINA,UD3_Chempax_China,UD3_Chempax_China,U3,DetailCostCenter,Everyone,72-70-50207-2330,TransformOneToOne,DEPRECIA-TOLL DTDG,MZC64000,false,
CHINA,UD3_Chempax_China,UD3_Chempax_China,U3,DetailCostCenter,Everyone,72-70-50207-2331,TransformOneToOne,DEPRECIA-TOLL OTHERD,MZC64000,false,
CHINA,UD3_Chempax_China,UD3_Chempax_China,U3,DetailCostCenter,Everyone,72-70-50208-2307,TransformOneToOne,RENT-WH-MAG,MZC66121,false,
CHINA,UD3_Chempax_China,UD3_Chempax_China,U3,DetailCostCenter,Everyone,72-70-50208-2308,TransformOneToOne,RENT-WH-FD,MZC66121,false,
CHINA,UD3_Chempax_China,UD3_Chempax_China,U3,DetailCostCenter,Everyone,72-70-50208-2309,TransformOneToOne,RENT-WH-Blend,MZC66121,false,
CHINA,UD3_Chempax_China,UD3_Chempax_China,U3,DetailCostCenter,Everyone,72-70-50208-2314,TransformOneToOne,RENT-AG Cake,MSC66121,false,
CHINA,UD3_Chempax_China,UD3_Chempax_China,U3,DetailCostCenter,Everyone,72-70-50208-2315,TransformOneToOne,RENT-CGA to CMAG,MZC66121,false,
CHINA,UD3_Chempax_China,UD3_Chempax_China,U3,DetailCostCenter,Everyone,72-70-50208-2316,TransformOneToOne,RENT-CMAG to MAG,MZC66121,false,
CHINA,UD3_Chempax_China,UD3_Chempax_China,U3,DetailCostCenter,Everyone,72-70-50208-2318,TransformOneToOne,RENT-CMAG to DPG/MAG,MZC66121,false,
CHINA,UD3_Chempax_China,UD3_Chempax_China,U3,DetailCostCenter,Everyone,72-70-50208-2320,TransformOneToOne,RENT-FD-DTDG,MZC66121,false,
CHINA,UD3_Chempax_China,UD3_Chempax_China,U3,DetailCostCenter,Everyone,72-70-50208-2321,TransformOneToOne,RENT-WH-FD-GACA,MZC66121,false,
CHINA,UD3_Chempax_China,UD3_Chempax_China,U3,DetailCostCenter,Everyone,72-70-50208-2322,TransformOneToOne,RENT-Magnasweet,MZC66121,false,
CHINA,UD3_Chempax_China,UD3_Chempax_China,U3,DetailCostCenter,Everyone,72-70-50208-2324,TransformOneToOne,RENT-Casing/Wet BLD/,MZC66121,false,
CHINA,UD3_Chempax_China,UD3_Chempax_China,U3,DetailCostCenter,Everyone,72-70-50208-2325,TransformOneToOne,RENT-Dry Blend,MZC66121,false,
CHINA,UD3_Chempax_China,UD3_Chempax_China,U3,DetailCostCenter,Everyone,72-70-50208-2329,TransformOneToOne,RENT-DTDG/MAG BLD,MZC66121,false,
CHINA,UD3_Chempax_China,UD3_Chempax_China,U3,DetailCostCenter,Everyone,72-70-50210-2095,TransformOneToOne,PROFESSIONAL SERVICE,MZC66113,false,
CHINA,UD3_Chempax_China,UD3_Chempax_China,U3,DetailCostCenter,Everyone,72-70-50210-2300,TransformOneToOne,PROF-SERV-MAG-CGA,MZC66121,false,
CHINA,UD3_Chempax_China,UD3_Chempax_China,U3,DetailCostCenter,Everyone,72-70-50210-2301,TransformOneToOne,PROF-SERV-CGA-CWAE,MZC66121,false,
CHINA,UD3_Chempax_China,UD3_Chempax_China,U3,DetailCostCenter,Everyone,72-70-50210-2307,TransformOneToOne,PROF-HSW-MAG,MZC66121,false,
CHINA,UD3_Chempax_China,UD3_Chempax_China,U3,DetailCostCenter,Everyone,72-70-50210-2310,TransformOneToOne,PROF-SERV-GEN O/H,MZC66121,false,
CHINA,UD3_Chempax_China,UD3_Chempax_China,U3,DetailCostCenter,Everyone,72-70-50210-2311,TransformOneToOne,PROF-SERV-CGA-CA,MZC66121,false,
CHINA,UD3_Chempax_China,UD3_Chempax_China,U3,DetailCostCenter,Everyone,72-70-50210-2312,TransformOneToOne,PROF-SERV-CGA-EXT,MZC66121,false,
CHINA,UD3_Chempax_China,UD3_Chempax_China,U3,DetailCostCenter,Everyone,72-70-50210-2313,TransformOneToOne,PROF-SERV-AG-CWAE,MZC66121,false,
CHINA,UD3_Chempax_China,UD3_Chempax_China,U3,DetailCostCenter,Everyone,72-70-50210-2314,TransformOneToOne,PROF-SERV-AG-EXT,MZC66121,false,
CHINA,UD3_Chempax_China,UD3_Chempax_China,U3,DetailCostCenter,Everyone,72-70-50210-2315,TransformOneToOne,PROF-SERV-CMAG-CGA,MZC66121,false,
CHINA,UD3_Chempax_China,UD3_Chempax_China,U3,DetailCostCenter,Everyone,72-70-50210-2316,TransformOneToOne,PROF-SERV-MAG-CMAG,MZC66121,false,
CHINA,UD3_Chempax_China,UD3_Chempax_China,U3,DetailCostCenter,Everyone,72-70-50210-2317,TransformOneToOne,PROF-SERV-DTDG-CGA,MZC66121,false,
CHINA,UD3_Chempax_China,UD3_Chempax_China,U3,DetailCostCenter,Everyone,72-70-50210-2318,TransformOneToOne,PROF-SERV-DTDG-CMAG,MZC66121,false,
CHINA,UD3_Chempax_China,UD3_Chempax_China,U3,DetailCostCenter,Everyone,72-70-50210-2319,TransformOneToOne,PROF-SERV-GACA-CGA,MZC66121,false,
CHINA,UD3_Chempax_China,UD3_Chempax_China,U3,DetailCostCenter,Everyone,72-70-50210-2320,TransformOneToOne,PROF-SERV-FD-DTDG,MZC66121,false,
CHINA,UD3_Chempax_China,UD3_Chempax_China,U3,DetailCostCenter,Everyone,72-70-50210-2321,TransformOneToOne,PROF-SERV-FD-GACA,MZC66121,false,
CHINA,UD3_Chempax_China,UD3_Chempax_China,U3,DetailCostCenter,Everyone,72-70-50210-2322,TransformOneToOne,PROF-SERV-MSW-MDTDG,MZC66121,false,
CHINA,UD3_Chempax_China,UD3_Chempax_China,U3,DetailCostCenter,Everyone,72-70-50210-2323,TransformOneToOne,PROF-SERV-DGLE,MZC66121,false,
CHINA,UD3_Chempax_China,UD3_Chempax_China,U3,DetailCostCenter,Everyone,72-70-50210-2324,TransformOneToOne,PROF-SERV-WETBLEND,MZC66121,false,
CHINA,UD3_Chempax_China,UD3_Chempax_China,U3,DetailCostCenter,Everyone,72-70-50210-2325,TransformOneToOne,PROF-SERV-DRYBLEND,MZC66121,false,
CHINA,UD3_Chempax_China,UD3_Chempax_China,U3,DetailCostCenter,Everyone,72-70-50210-2326,TransformOneToOne,PROF-SERV-GYE/R21LIQ,MZC66121,false,
CHINA,UD3_Chempax_China,UD3_Chempax_China,U3,DetailCostCenter,Everyone,72-70-50210-2327,TransformOneToOne,PROF-SERV-GYE/R21SD,MZC66121,false,
CHINA,UD3_Chempax_China,UD3_Chempax_China,U3,DetailCostCenter,Everyone,72-70-50210-2328,TransformOneToOne,PROF-SERV-CGA BLD,MZC66121,false,
CHINA,UD3_Chempax_China,UD3_Chempax_China,U3,DetailCostCenter,Everyone,72-70-50210-2329,TransformOneToOne,PROF-SERV-MDTDG BLD,MZC66121,false,
CHINA,UD3_Chempax_China,UD3_Chempax_China,U3,DetailCostCenter,Everyone,72-70-50210-2330,TransformOneToOne,PROF-SERV-TOLL DTDG,MZC66121,false,
CHINA,UD3_Chempax_China,UD3_Chempax_China,U3,DetailCostCenter,Everyone,72-70-50210-2331,TransformOneToOne,PROF-SERV-TOLL OTHER,MZC66121,false,
CHINA,UD3_Chempax_China,UD3_Chempax_China,U3,DetailCostCenter,Everyone,72-70-50211-2304,TransformOneToOne,OTHER-PROD-GEN O/H,MZC66121,false,
CHINA,UD3_Chempax_China,UD3_Chempax_China,U3,DetailCostCenter,Everyone,72-70-50211-2307,TransformOneToOne,PROF-Testing-MAG,MZC66121,false,
CHINA,UD3_Chempax_China,UD3_Chempax_China,U3,DetailCostCenter,Everyone,72-70-50211-2308,TransformOneToOne,PROF-Testing-FD,MZC66121,false,
CHINA,UD3_Chempax_China,UD3_Chempax_China,U3,DetailCostCenter,Everyone,72-70-50211-2309,TransformOneToOne,PROF-Testing-Blend,MZC66121,false,
CHINA,UD3_Chempax_China,UD3_Chempax_China,U3,DetailCostCenter,Everyone,72-70-50211-2314,TransformOneToOne,PROF-AG Cake,MSC66121,false,
CHINA,UD3_Chempax_China,UD3_Chempax_China,U3,DetailCostCenter,Everyone,72-70-50211-2315,TransformOneToOne,PROF-CGA to CMAG,MZC66121,false,
CHINA,UD3_Chempax_China,UD3_Chempax_China,U3,DetailCostCenter,Everyone,72-70-50211-2316,TransformOneToOne,PROF-CMAG to MAG,MZC66121,false,
CHINA,UD3_Chempax_China,UD3_Chempax_China,U3,DetailCostCenter,Everyone,72-70-50211-2318,TransformOneToOne,PROF-CMAG to DPG/MAG,MZC66121,false,
CHINA,UD3_Chempax_China,UD3_Chempax_China,U3,DetailCostCenter,Everyone,72-70-50211-2320,TransformOneToOne,PROF-FD-DTDG,MZC66121,false,
CHINA,UD3_Chempax_China,UD3_Chempax_China,U3,DetailCostCenter,Everyone,72-70-50211-2321,TransformOneToOne,PROF-FD-GACA,MZC66121,false,
CHINA,UD3_Chempax_China,UD3_Chempax_China,U3,DetailCostCenter,Everyone,72-70-50211-2322,TransformOneToOne,PROF-Magnasweet,MZC66121,false,
CHINA,UD3_Chempax_China,UD3_Chempax_China,U3,DetailCostCenter,Everyone,72-70-50211-2324,TransformOneToOne,PROF-Casing/Wet BLD/,MZC66121,false,
CHINA,UD3_Chempax_China,UD3_Chempax_China,U3,DetailCostCenter,Everyone,72-70-50211-2325,TransformOneToOne,PROF-Dry Blend,MZC66121,false,
CHINA,UD3_Chempax_China,UD3_Chempax_China,U3,DetailCostCenter,Everyone,72-70-50211-2329,TransformOneToOne,PROF-DTDG/MAG BLD,MZC66121,false,
CHINA,UD3_Chempax_China,UD3_Chempax_China,U3,DetailCostCenter,Everyone,72-70-50214-2095,TransformOneToOne,ZFTZ Indirect Labor salary,MZC66113,false,
CHINA,UD3_Chempax_China,UD3_Chempax_China,U3,DetailCostCenter,Everyone,72-70-50214-2300,TransformOneToOne,SUP-SALAR-MAG-CGA,MZC66121,false,
CHINA,UD3_Chempax_China,UD3_Chempax_China,U3,DetailCostCenter,Everyone,72-70-50214-2301,TransformOneToOne,SUP-SALAR-CGA-CWAE,MZC66121,false,
CHINA,UD3_Chempax_China,UD3_Chempax_China,U3,DetailCostCenter,Everyone,72-70-50214-2307,TransformOneToOne,SUP-SALAR-MAG,MZC66121,false,
CHINA,UD3_Chempax_China,UD3_Chempax_China,U3,DetailCostCenter,Everyone,72-70-50214-2308,TransformOneToOne,SUP-SALAR-FD,MZC66121,false,
CHINA,UD3_Chempax_China,UD3_Chempax_China,U3,DetailCostCenter,Everyone,72-70-50214-2309,TransformOneToOne,SUP-SALAR-GEN O/H,MZC66121,false,
CHINA,UD3_Chempax_China,UD3_Chempax_China,U3,DetailCostCenter,Everyone,72-70-50214-2310,TransformOneToOne,SUP-SALAR-GEN O/H,MZC66121,false,
CHINA,UD3_Chempax_China,UD3_Chempax_China,U3,DetailCostCenter,Everyone,72-70-50214-2311,TransformOneToOne,SUP-SALAR-CGA-CA,MZC66121,false,
CHINA,UD3_Chempax_China,UD3_Chempax_China,U3,DetailCostCenter,Everyone,72-70-50214-2312,TransformOneToOne,SUP-SALAR-CGA-EXT,MZC66121,false,
CHINA,UD3_Chempax_China,UD3_Chempax_China,U3,DetailCostCenter,Everyone,72-70-50214-2313,TransformOneToOne,SUP-SALAR-AG-CWAE,MZC66121,false,
CHINA,UD3_Chempax_China,UD3_Chempax_China,U3,DetailCostCenter,Everyone,72-70-50214-2314,TransformOneToOne,SUP-SALAR-AG-EXT,MZC63601,false,
CHINA,UD3_Chempax_China,UD3_Chempax_China,U3,DetailCostCenter,Everyone,72-70-50214-2315,TransformOneToOne,SUP-SALAR-CMAG-CGA,MZC63601,false,
CHINA,UD3_Chempax_China,UD3_Chempax_China,U3,DetailCostCenter,Everyone,72-70-50214-2316,TransformOneToOne,SUP-SALAR-MAG-CMAG,MZC66121,false,
CHINA,UD3_Chempax_China,UD3_Chempax_China,U3,DetailCostCenter,Everyone,72-70-50214-2317,TransformOneToOne,SUP-SALAR-DTDG-CGA,MZC66121,false,
CHINA,UD3_Chempax_China,UD3_Chempax_China,U3,DetailCostCenter,Everyone,72-70-50214-2318,TransformOneToOne,SUP-SALAR-DTDG-CMAG,MZC63601,false,
CHINA,UD3_Chempax_China,UD3_Chempax_China,U3,DetailCostCenter,Everyone,72-70-50214-2319,TransformOneToOne,SUP-SALAR-GACA-CGA,MZC66121,false,
CHINA,UD3_Chempax_China,UD3_Chempax_China,U3,DetailCostCenter,Everyone,72-70-50214-2320,TransformOneToOne,SUP-SALAR-FD-DTDG,MZC63601,false,
CHINA,UD3_Chempax_China,UD3_Chempax_China,U3,DetailCostCenter,Everyone,72-70-50214-2321,TransformOneToOne,SUP-SALAR-FD-GACA,MZC63601,false,
CHINA,UD3_Chempax_China,UD3_Chempax_China,U3,DetailCostCenter,Everyone,72-70-50214-2322,TransformOneToOne,SUP-SALAR-MSW-MDTDG,MZC66121,false,
CHINA,UD3_Chempax_China,UD3_Chempax_China,U3,DetailCostCenter,Everyone,72-70-50214-2323,TransformOneToOne,SUP-SALAR-DGLE,MZC66121,false,
CHINA,UD3_Chempax_China,UD3_Chempax_China,U3,DetailCostCenter,Everyone,72-70-50214-2324,TransformOneToOne,SUP-SALAR-WETBLEND,MZC63601,false,
CHINA,UD3_Chempax_China,UD3_Chempax_China,U3,DetailCostCenter,Everyone,72-70-50214-2325,TransformOneToOne,SUP-SALAR-DRYBLEND,MZC63601,false,
CHINA,UD3_Chempax_China,UD3_Chempax_China,U3,DetailCostCenter,Everyone,72-70-50214-2326,TransformOneToOne,SUP-SALAR-GYE/R21LIQ,MZC66121,false,
CHINA,UD3_Chempax_China,UD3_Chempax_China,U3,DetailCostCenter,Everyone,72-70-50214-2327,TransformOneToOne,SUP-SALAR-GYE/R21SD,MZC66121,false,
CHINA,UD3_Chempax_China,UD3_Chempax_China,U3,DetailCostCenter,Everyone,72-70-50214-2328,TransformOneToOne,SUP-SALAR-CGA BLD,MZC63601,false,
CHINA,UD3_Chempax_China,UD3_Chempax_China,U3,DetailCostCenter,Everyone,72-70-50214-2329,TransformOneToOne,SUP-SALAR-MDTDG BLD,MZC63601,false,
CHINA,UD3_Chempax_China,UD3_Chempax_China,U3,DetailCostCenter,Everyone,72-70-50214-2330,TransformOneToOne,SUP-SALAR-TOLL DTDG,MZC63601,false,
CHINA,UD3_Chempax_China,UD3_Chempax_China,U3,DetailCostCenter,Everyone,72-70-50214-2331,TransformOneToOne,SUP-SALAR-TOLL OYHER,MZC63601,false,
CHINA,UD3_Chempax_China,UD3_Chempax_China,U3,DetailCostCenter,Everyone,72-70-50215-2095,TransformOneToOne,ZFTZ Indirect Labor welfare,MZC66113,false,
CHINA,UD3_Chempax_China,UD3_Chempax_China,U3,DetailCostCenter,Everyone,72-70-50215-2300,TransformOneToOne,SUP-WELF-MAG-CGA,MZC66121,false,
CHINA,UD3_Chempax_China,UD3_Chempax_China,U3,DetailCostCenter,Everyone,72-70-50215-2301,TransformOneToOne,SUP-WELF-CGA-CWAE,MZC66121,false,
CHINA,UD3_Chempax_China,UD3_Chempax_China,U3,DetailCostCenter,Everyone,72-70-50215-2307,TransformOneToOne,SUP-WELF-MAG,MZC66121,false,
CHINA,UD3_Chempax_China,UD3_Chempax_China,U3,DetailCostCenter,Everyone,72-70-50215-2308,TransformOneToOne,SUP-WELF-FD,MZC66121,false,
CHINA,UD3_Chempax_China,UD3_Chempax_China,U3,DetailCostCenter,Everyone,72-70-50215-2309,TransformOneToOne,SUP-WELF-Blend,MZC66121,false,
CHINA,UD3_Chempax_China,UD3_Chempax_China,U3,DetailCostCenter,Everyone,72-70-50215-2310,TransformOneToOne,SUP-WELF-GEN O/H,MZC66121,false,
CHINA,UD3_Chempax_China,UD3_Chempax_China,U3,DetailCostCenter,Everyone,72-70-50215-2311,TransformOneToOne,SUP-WELF-CGA-CA,MZC66121,false,
CHINA,UD3_Chempax_China,UD3_Chempax_China,U3,DetailCostCenter,Everyone,72-70-50215-2312,TransformOneToOne,SUP-WELF-CGA-EXT,MZC66121,false,
CHINA,UD3_Chempax_China,UD3_Chempax_China,U3,DetailCostCenter,Everyone,72-70-50215-2313,TransformOneToOne,SUP-WELF-AG-CWAE,MZC66121,false,
CHINA,UD3_Chempax_China,UD3_Chempax_China,U3,DetailCostCenter,Everyone,72-70-50215-2314,TransformOneToOne,SUP-WELF-AG-EXT,MZC63601,false,
CHINA,UD3_Chempax_China,UD3_Chempax_China,U3,DetailCostCenter,Everyone,72-70-50215-2315,TransformOneToOne,SUP-WELF-CMAG-CGA,MZC63601,false,
CHINA,UD3_Chempax_China,UD3_Chempax_China,U3,DetailCostCenter,Everyone,72-70-50215-2316,TransformOneToOne,SUP-WELF-MAG-CMAG,MZC66121,false,
CHINA,UD3_Chempax_China,UD3_Chempax_China,U3,DetailCostCenter,Everyone,72-70-50215-2317,TransformOneToOne,SUP-WELF-DTDG-CGA,MZC66121,false,
CHINA,UD3_Chempax_China,UD3_Chempax_China,U3,DetailCostCenter,Everyone,72-70-50215-2318,TransformOneToOne,SUP-WELF-DTDG-CMAG,MZC63601,false,
CHINA,UD3_Chempax_China,UD3_Chempax_China,U3,DetailCostCenter,Everyone,72-70-50215-2319,TransformOneToOne,SUP-WELF-GACA-CGA,MZC66121,false,
CHINA,UD3_Chempax_China,UD3_Chempax_China,U3,DetailCostCenter,Everyone,72-70-50215-2320,TransformOneToOne,SUP-WELF-FD-DTDG,MZC63601,false,
CHINA,UD3_Chempax_China,UD3_Chempax_China,U3,DetailCostCenter,Everyone,72-70-50215-2321,TransformOneToOne,SUP-WELF-FD-GACA,MZC63601,false,
CHINA,UD3_Chempax_China,UD3_Chempax_China,U3,DetailCostCenter,Everyone,72-70-50215-2322,TransformOneToOne,SUP-WELF-MSW-MDTDG,MZC66121,false,
CHINA,UD3_Chempax_China,UD3_Chempax_China,U3,DetailCostCenter,Everyone,72-70-50215-2323,TransformOneToOne,SUP-WELF-DGLE,MZC66121,false,
CHINA,UD3_Chempax_China,UD3_Chempax_China,U3,DetailCostCenter,Everyone,72-70-50215-2324,TransformOneToOne,SUP-WELF-WETBLEND,MZC63601,false,
CHINA,UD3_Chempax_China,UD3_Chempax_China,U3,DetailCostCenter,Everyone,72-70-50215-2325,TransformOneToOne,SUP-WELF-DRYBLEND,MZC63601,false,
CHINA,UD3_Chempax_China,UD3_Chempax_China,U3,DetailCostCenter,Everyone,72-70-50215-2326,TransformOneToOne,SUP-WELF-GYE/R21LIQ,MZC66121,false,
CHINA,UD3_Chempax_China,UD3_Chempax_China,U3,DetailCostCenter,Everyone,72-70-50215-2327,TransformOneToOne,SUP-WELF-GYE/R21SD,MZC66121,false,
CHINA,UD3_Chempax_China,UD3_Chempax_China,U3,DetailCostCenter,Everyone,72-70-50215-2328,TransformOneToOne,SUP-WELF-CGA BLD,MZC63601,false,
CHINA,UD3_Chempax_China,UD3_Chempax_China,U3,DetailCostCenter,Everyone,72-70-50215-2329,TransformOneToOne,SUP-WELF-MDTDG BLD,MZC63601,false,
CHINA,UD3_Chempax_China,UD3_Chempax_China,U3,DetailCostCenter,Everyone,72-70-50215-2330,TransformOneToOne,SUP-WELF-TOLL DTDG,MZC63601,false,
CHINA,UD3_Chempax_China,UD3_Chempax_China,U3,DetailCostCenter,Everyone,72-70-50215-2331,TransformOneToOne,SUP-WELF-TOLL OYHERD,MZC63601,false,
CHINA,UD3_Chempax_China,UD3_Chempax_China,U3,DetailCostCenter,Everyone,72-70-50217-2300,TransformOneToOne,PACKAGE-MAG-CGA,MZC66121,false,
CHINA,UD3_Chempax_China,UD3_Chempax_China,U3,DetailCostCenter,Everyone,72-70-50217-2301,TransformOneToOne,PACKAGE-CGA-CWAE,MZC66121,false,
CHINA,UD3_Chempax_China,UD3_Chempax_China,U3,DetailCostCenter,Everyone,72-70-50217-2307,TransformOneToOne,PACKAGE-MAG FAC,MZC66121,false,
CHINA,UD3_Chempax_China,UD3_Chempax_China,U3,DetailCostCenter,Everyone,72-70-50217-2308,TransformOneToOne,PACKAGE-CGA FAC,MZC66121,false,
CHINA,UD3_Chempax_China,UD3_Chempax_China,U3,DetailCostCenter,Everyone,72-70-50217-2309,TransformOneToOne,PACKAGE-BLD FAC,MZC66121,false,
CHINA,UD3_Chempax_China,UD3_Chempax_China,U3,DetailCostCenter,Everyone,72-70-50217-2310,TransformOneToOne,PACKAGE-GEN O/H,MZC66121,false,
CHINA,UD3_Chempax_China,UD3_Chempax_China,U3,DetailCostCenter,Everyone,72-70-50217-2311,TransformOneToOne,PACKAGE-CGA-CA,MZC66121,false,
CHINA,UD3_Chempax_China,UD3_Chempax_China,U3,DetailCostCenter,Everyone,72-70-50217-2312,TransformOneToOne,PACKAGE-CGA-EXT,MZC66121,false,
CHINA,UD3_Chempax_China,UD3_Chempax_China,U3,DetailCostCenter,Everyone,72-70-50217-2313,TransformOneToOne,PACKAGE-AG-CWAE,MZC66121,false,
CHINA,UD3_Chempax_China,UD3_Chempax_China,U3,DetailCostCenter,Everyone,72-70-50217-2314,TransformOneToOne,PACKAGE-AG-EXT,MZC66121,false,
CHINA,UD3_Chempax_China,UD3_Chempax_China,U3,DetailCostCenter,Everyone,72-70-50217-2315,TransformOneToOne,PACKAGE-CMAG-CGA,MZC66121,false,
CHINA,UD3_Chempax_China,UD3_Chempax_China,U3,DetailCostCenter,Everyone,72-70-50217-2316,TransformOneToOne,PACKAGE-MAG-CMAG,MZC66121,false,
CHINA,UD3_Chempax_China,UD3_Chempax_China,U3,DetailCostCenter,Everyone,72-70-50217-2317,TransformOneToOne,PACKAGE-DTDG-CGA,MZC66121,false,
CHINA,UD3_Chempax_China,UD3_Chempax_China,U3,DetailCostCenter,Everyone,72-70-50217-2318,TransformOneToOne,PACKAGE-DTDG-CMAG,MZC66121,false,
CHINA,UD3_Chempax_China,UD3_Chempax_China,U3,DetailCostCenter,Everyone,72-70-50217-2319,TransformOneToOne,PACKAGE-GACA-CGA,MZC66121,false,
CHINA,UD3_Chempax_China,UD3_Chempax_China,U3,DetailCostCenter,Everyone,72-70-50217-2320,TransformOneToOne,PACKAGE-FD-DTDG,MZC66121,false,
CHINA,UD3_Chempax_China,UD3_Chempax_China,U3,DetailCostCenter,Everyone,72-70-50217-2321,TransformOneToOne,PACKAGE-FD-GACA,MZC66121,false,
CHINA,UD3_Chempax_China,UD3_Chempax_China,U3,DetailCostCenter,Everyone,72-70-50217-2322,TransformOneToOne,PACKAGE-MSW-MDTDG,MZC66121,false,
CHINA,UD3_Chempax_China,UD3_Chempax_China,U3,DetailCostCenter,Everyone,72-70-50217-2323,TransformOneToOne,PACKAGE-DGLE,MZC66121,false,
CHINA,UD3_Chempax_China,UD3_Chempax_China,U3,DetailCostCenter,Everyone,72-70-50217-2324,TransformOneToOne,PACKAGE-WETBLEND,MZC66121,false,
CHINA,UD3_Chempax_China,UD3_Chempax_China,U3,DetailCostCenter,Everyone,72-70-50217-2325,TransformOneToOne,PACKAGE-DRYBLEND,MZC66121,false,
CHINA,UD3_Chempax_China,UD3_Chempax_China,U3,DetailCostCenter,Everyone,72-70-50217-2326,TransformOneToOne,PACKAGE-GYE/R21LIQ,MZC66121,false,
CHINA,UD3_Chempax_China,UD3_Chempax_China,U3,DetailCostCenter,Everyone,72-70-50217-2327,TransformOneToOne,PACKAGE-GYE/R21SD,MZC66121,false,
CHINA,UD3_Chempax_China,UD3_Chempax_China,U3,DetailCostCenter,Everyone,72-70-50217-2328,TransformOneToOne,PACKAGE-CGA BLD,MZC66121,false,
CHINA,UD3_Chempax_China,UD3_Chempax_China,U3,DetailCostCenter,Everyone,72-70-50217-2329,TransformOneToOne,PACKAGE-MDTDG BLD,MZC66121,false,
CHINA,UD3_Chempax_China,UD3_Chempax_China,U3,DetailCostCenter,Everyone,72-70-50217-2330,TransformOneToOne,PACKAGE-TOLL DTDG,MZC66121,false,
CHINA,UD3_Chempax_China,UD3_Chempax_China,U3,DetailCostCenter,Everyone,72-70-50217-2331,TransformOneToOne,PACKAGE-TOLL OTHERDT,MZC66121,false,
CHINA,UD3_Chempax_China,UD3_Chempax_China,U3,DetailCostCenter,Everyone,72-70-50221-2095,TransformOneToOne,Safety Expenses,MZC66113,false,
CHINA,UD3_Chempax_China,UD3_Chempax_China,U3,DetailCostCenter,Everyone,72-70-50221-2307,TransformOneToOne,SAFETY EXPENSES-MAG,MZC66121,false,
CHINA,UD3_Chempax_China,UD3_Chempax_China,U3,DetailCostCenter,Everyone,72-70-50221-2308,TransformOneToOne,SAFETY EXPENSES-FD,MZC66121,false,
CHINA,UD3_Chempax_China,UD3_Chempax_China,U3,DetailCostCenter,Everyone,72-70-50221-2309,TransformOneToOne,SAFETY EXPENSES-Blen,MZC66121,false,
CHINA,UD3_Chempax_China,UD3_Chempax_China,U3,DetailCostCenter,Everyone,72-70-50221-2310,TransformOneToOne,Safety Expenses,MZC66121,false,
CHINA,UD3_Chempax_China,UD3_Chempax_China,U3,DetailCostCenter,Everyone,72-70-50221-2314,TransformOneToOne,SAFETY-AG Cake,MSC66121,false,
CHINA,UD3_Chempax_China,UD3_Chempax_China,U3,DetailCostCenter,Everyone,72-70-50221-2315,TransformOneToOne,SAFETY-CGA to CMAG,MZC66121,false,
CHINA,UD3_Chempax_China,UD3_Chempax_China,U3,DetailCostCenter,Everyone,72-70-50221-2316,TransformOneToOne,SAFETY-CMAG to MAG,MZC66121,false,
CHINA,UD3_Chempax_China,UD3_Chempax_China,U3,DetailCostCenter,Everyone,72-70-50221-2318,TransformOneToOne,SAFETY-CMAG to DPG/M,MZC66121,false,
CHINA,UD3_Chempax_China,UD3_Chempax_China,U3,DetailCostCenter,Everyone,72-70-50221-2320,TransformOneToOne,SAFETY-FD-DTDG,MZC66121,false,
CHINA,UD3_Chempax_China,UD3_Chempax_China,U3,DetailCostCenter,Everyone,72-70-50221-2321,TransformOneToOne,SAFETY-FD-GACA,MZC66121,false,
CHINA,UD3_Chempax_China,UD3_Chempax_China,U3,DetailCostCenter,Everyone,72-70-50221-2322,TransformOneToOne,SAFETY-Magnasweet,MZC66121,false,
CHINA,UD3_Chempax_China,UD3_Chempax_China,U3,DetailCostCenter,Everyone,72-70-50221-2324,TransformOneToOne,SAFETY-Casing/Wet BL,MZC66121,false,
CHINA,UD3_Chempax_China,UD3_Chempax_China,U3,DetailCostCenter,Everyone,72-70-50221-2325,TransformOneToOne,SAFETY-Dry Blend,MZC66121,false,
CHINA,UD3_Chempax_China,UD3_Chempax_China,U3,DetailCostCenter,Everyone,72-70-50221-2329,TransformOneToOne,SAFETY-DTDG/MAG BLD,MZC66121,false,
CHINA,UD3_Chempax_China,UD3_Chempax_China,U3,DetailCostCenter,Everyone,72-70-50222-2300,TransformOneToOne,PRD-OFFIC-MAG-CGA,MZC66121,false,
CHINA,UD3_Chempax_China,UD3_Chempax_China,U3,DetailCostCenter,Everyone,72-70-50222-2301,TransformOneToOne,PRD-OFFIC-CGA-CWAE,MZC66121,false,
CHINA,UD3_Chempax_China,UD3_Chempax_China,U3,DetailCostCenter,Everyone,72-70-50222-2307,TransformOneToOne,PRD-OFFIC-MAG FAC,MZC66121,false,
CHINA,UD3_Chempax_China,UD3_Chempax_China,U3,DetailCostCenter,Everyone,72-70-50222-2308,TransformOneToOne,PRD-OFFIC-CGA FAC,MZC66121,false,
CHINA,UD3_Chempax_China,UD3_Chempax_China,U3,DetailCostCenter,Everyone,72-70-50222-2309,TransformOneToOne,PRD-OFFIC-BLD FAC,MZC66121,false,
CHINA,UD3_Chempax_China,UD3_Chempax_China,U3,DetailCostCenter,Everyone,72-70-50222-2310,TransformOneToOne,PRD-OFFIC-GEN O/H,MZC66121,false,
CHINA,UD3_Chempax_China,UD3_Chempax_China,U3,DetailCostCenter,Everyone,72-70-50222-2311,TransformOneToOne,PRD-OFFIC-CGA-CA,MZC66121,false,
CHINA,UD3_Chempax_China,UD3_Chempax_China,U3,DetailCostCenter,Everyone,72-70-50222-2312,TransformOneToOne,PRD-OFFIC-CGA-EXT,MZC66121,false,
CHINA,UD3_Chempax_China,UD3_Chempax_China,U3,DetailCostCenter,Everyone,72-70-50222-2313,TransformOneToOne,PRD-OFFIC-AG-CWAE,MZC66121,false,
CHINA,UD3_Chempax_China,UD3_Chempax_China,U3,DetailCostCenter,Everyone,72-70-50222-2314,TransformOneToOne,PRD-OFFIC-AG-EXT,MZC66121,false,
CHINA,UD3_Chempax_China,UD3_Chempax_China,U3,DetailCostCenter,Everyone,72-70-50222-2315,TransformOneToOne,PRD-OFFIC-CMAG-CGA,MZC66121,false,
CHINA,UD3_Chempax_China,UD3_Chempax_China,U3,DetailCostCenter,Everyone,72-70-50222-2316,TransformOneToOne,PRD-OFFIC-MAG-CMAG,MZC66121,false,
CHINA,UD3_Chempax_China,UD3_Chempax_China,U3,DetailCostCenter,Everyone,72-70-50222-2317,TransformOneToOne,PRD-OFFIC-DTDG-CGA,MZC66121,false,
CHINA,UD3_Chempax_China,UD3_Chempax_China,U3,DetailCostCenter,Everyone,72-70-50222-2318,TransformOneToOne,PRD-OFFIC-DTDG-CMAG,MZC66121,false,
CHINA,UD3_Chempax_China,UD3_Chempax_China,U3,DetailCostCenter,Everyone,72-70-50222-2319,TransformOneToOne,PRD-OFFIC-GACA-CGA,MZC66121,false,
CHINA,UD3_Chempax_China,UD3_Chempax_China,U3,DetailCostCenter,Everyone,72-70-50222-2320,TransformOneToOne,PRD-OFFIC-FD-DTDG,MZC66121,false,
CHINA,UD3_Chempax_China,UD3_Chempax_China,U3,DetailCostCenter,Everyone,72-70-50222-2321,TransformOneToOne,PRD-OFFIC-FD-GACA,MZC66121,false,
CHINA,UD3_Chempax_China,UD3_Chempax_China,U3,DetailCostCenter,Everyone,72-70-50222-2322,TransformOneToOne,PRD-OFFIC-MSW-MDTDG,MZC66121,false,
CHINA,UD3_Chempax_China,UD3_Chempax_China,U3,DetailCostCenter,Everyone,72-70-50222-2323,TransformOneToOne,PRD-OFFIC-DGLE,MZC66121,false,
CHINA,UD3_Chempax_China,UD3_Chempax_China,U3,DetailCostCenter,Everyone,72-70-50222-2324,TransformOneToOne,PRD-OFFIC-WETBLEND,MZC66121,false,
CHINA,UD3_Chempax_China,UD3_Chempax_China,U3,DetailCostCenter,Everyone,72-70-50222-2325,TransformOneToOne,PRD-OFFIC-DRYBLEND,MZC66121,false,
CHINA,UD3_Chempax_China,UD3_Chempax_China,U3,DetailCostCenter,Everyone,72-70-50222-2326,TransformOneToOne,PRD-OFFIC-GYE/R21LIQ,MZC66121,false,
CHINA,UD3_Chempax_China,UD3_Chempax_China,U3,DetailCostCenter,Everyone,72-70-50222-2327,TransformOneToOne,PRD-OFFIC-GYE/R21SD,MZC66121,false,
CHINA,UD3_Chempax_China,UD3_Chempax_China,U3,DetailCostCenter,Everyone,72-70-50222-2328,TransformOneToOne,PRD-OFFIC-CGA BLD,MZC66121,false,
CHINA,UD3_Chempax_China,UD3_Chempax_China,U3,DetailCostCenter,Everyone,72-70-50222-2329,TransformOneToOne,PRD-OFFIC-MDTDG BLD,MZC66121,false,
CHINA,UD3_Chempax_China,UD3_Chempax_China,U3,DetailCostCenter,Everyone,72-70-50222-2330,TransformOneToOne,PRD-OFFIC-TOLL DTDG,MZC66121,false,
CHINA,UD3_Chempax_China,UD3_Chempax_China,U3,DetailCostCenter,Everyone,72-70-50222-2331,TransformOneToOne,PRD-OFFIC-TOLL OTHER,MZC66121,false,
CHINA,UD3_Chempax_China,UD3_Chempax_China,U3,DetailCostCenter,Everyone,72-70-50223-2300,TransformOneToOne,WST-WATER-MAG-CGA,MZC66121,false,
CHINA,UD3_Chempax_China,UD3_Chempax_China,U3,DetailCostCenter,Everyone,72-70-50223-2301,TransformOneToOne,WST-WATER-CGA-CWAE,MZC66121,false,
CHINA,UD3_Chempax_China,UD3_Chempax_China,U3,DetailCostCenter,Everyone,72-70-50223-2307,TransformOneToOne,WST-WATER-MAG FAC,MZC66121,false,
CHINA,UD3_Chempax_China,UD3_Chempax_China,U3,DetailCostCenter,Everyone,72-70-50223-2308,TransformOneToOne,WST-WATER-CGA FAC,MZC66121,false,
CHINA,UD3_Chempax_China,UD3_Chempax_China,U3,DetailCostCenter,Everyone,72-70-50223-2309,TransformOneToOne,WST-WATER-BLD FAC,MZC66121,false,
CHINA,UD3_Chempax_China,UD3_Chempax_China,U3,DetailCostCenter,Everyone,72-70-50223-2310,TransformOneToOne,WST-WATER-GEN O/H,MZC66121,false,
CHINA,UD3_Chempax_China,UD3_Chempax_China,U3,DetailCostCenter,Everyone,72-70-50223-2311,TransformOneToOne,WST-WATER-CGA-CA,MZC66121,false,
CHINA,UD3_Chempax_China,UD3_Chempax_China,U3,DetailCostCenter,Everyone,72-70-50223-2312,TransformOneToOne,WST-WATER-CGA-EXT,MZC66121,false,
CHINA,UD3_Chempax_China,UD3_Chempax_China,U3,DetailCostCenter,Everyone,72-70-50223-2313,TransformOneToOne,WST-WATER-AG-CWAE,MZC66121,false,
CHINA,UD3_Chempax_China,UD3_Chempax_China,U3,DetailCostCenter,Everyone,72-70-50223-2314,TransformOneToOne,WST-WATER-AG-EXT,MZC66121,false,
CHINA,UD3_Chempax_China,UD3_Chempax_China,U3,DetailCostCenter,Everyone,72-70-50223-2315,TransformOneToOne,WST-WATER-CMAG-CGA,MZC66121,false,
CHINA,UD3_Chempax_China,UD3_Chempax_China,U3,DetailCostCenter,Everyone,72-70-50223-2316,TransformOneToOne,WST-WATER-MAG-CMAG,MZC66121,false,
CHINA,UD3_Chempax_China,UD3_Chempax_China,U3,DetailCostCenter,Everyone,72-70-50223-2317,TransformOneToOne,WST-WATER-DTDG-CGA,MZC66121,false,
CHINA,UD3_Chempax_China,UD3_Chempax_China,U3,DetailCostCenter,Everyone,72-70-50223-2318,TransformOneToOne,WST-WATER-DTDG-CMAG,MZC66121,false,
CHINA,UD3_Chempax_China,UD3_Chempax_China,U3,DetailCostCenter,Everyone,72-70-50223-2319,TransformOneToOne,WST-WATER-GACA-CGA,MZC66121,false,
CHINA,UD3_Chempax_China,UD3_Chempax_China,U3,DetailCostCenter,Everyone,72-70-50223-2320,TransformOneToOne,WST-WATER-FD-DTDG,MZC66121,false,
CHINA,UD3_Chempax_China,UD3_Chempax_China,U3,DetailCostCenter,Everyone,72-70-50223-2321,TransformOneToOne,WST-WATER-FD-GACA,MZC66121,false,
CHINA,UD3_Chempax_China,UD3_Chempax_China,U3,DetailCostCenter,Everyone,72-70-50223-2322,TransformOneToOne,WST-WATER-MSW-MDTDG,MZC66121,false,
CHINA,UD3_Chempax_China,UD3_Chempax_China,U3,DetailCostCenter,Everyone,72-70-50223-2323,TransformOneToOne,WST-WATER-DGLE,MZC66121,false,
CHINA,UD3_Chempax_China,UD3_Chempax_China,U3,DetailCostCenter,Everyone,72-70-50223-2324,TransformOneToOne,WST-WATER-WETBLEND,MZC66121,false,
CHINA,UD3_Chempax_China,UD3_Chempax_China,U3,DetailCostCenter,Everyone,72-70-50223-2325,TransformOneToOne,WST-WATER-DRYBLEND,MZC66121,false,
CHINA,UD3_Chempax_China,UD3_Chempax_China,U3,DetailCostCenter,Everyone,72-70-50223-2326,TransformOneToOne,WST-WATER-GYE/R21LIQ,MZC66121,false,
CHINA,UD3_Chempax_China,UD3_Chempax_China,U3,DetailCostCenter,Everyone,72-70-50223-2327,TransformOneToOne,WST-WATER-GYE/R21SD,MZC66121,false,
CHINA,UD3_Chempax_China,UD3_Chempax_China,U3,DetailCostCenter,Everyone,72-70-50223-2328,TransformOneToOne,WST-WATER-CGA BLD,MZC66121,false,
CHINA,UD3_Chempax_China,UD3_Chempax_China,U3,DetailCostCenter,Everyone,72-70-50223-2329,TransformOneToOne,WST-WATER-MDTDG BLD,MZC66121,false,
CHINA,UD3_Chempax_China,UD3_Chempax_China,U3,DetailCostCenter,Everyone,72-70-50223-2330,TransformOneToOne,WST-WATER-TOLL DTDG,MZC66121,false,
CHINA,UD3_Chempax_China,UD3_Chempax_China,U3,DetailCostCenter,Everyone,72-70-50223-2331,TransformOneToOne,WST-WATER-TOLL OTHER,MZC66121,false,
CHINA,UD3_Chempax_China,UD3_Chempax_China,U3,DetailCostCenter,Everyone,72-70-50224-2300,TransformOneToOne,LAB-EXP.-MAG-CGA,MZC66121,false,
CHINA,UD3_Chempax_China,UD3_Chempax_China,U3,DetailCostCenter,Everyone,72-70-50224-2301,TransformOneToOne,LAB-EXP.-CGA-CWAE,MZC66121,false,
CHINA,UD3_Chempax_China,UD3_Chempax_China,U3,DetailCostCenter,Everyone,72-70-50224-2307,TransformOneToOne,LAB-EXP.-MAG,MZC66121,false,
CHINA,UD3_Chempax_China,UD3_Chempax_China,U3,DetailCostCenter,Everyone,72-70-50224-2308,TransformOneToOne,LAB-EXP.-FD,MZC66121,false,
CHINA,UD3_Chempax_China,UD3_Chempax_China,U3,DetailCostCenter,Everyone,72-70-50224-2309,TransformOneToOne,LAB-EXP.-Blend,MZC66121,false,
CHINA,UD3_Chempax_China,UD3_Chempax_China,U3,DetailCostCenter,Everyone,72-70-50224-2310,TransformOneToOne,LAB-EXP.-GEN O/H,MZC66121,false,
CHINA,UD3_Chempax_China,UD3_Chempax_China,U3,DetailCostCenter,Everyone,72-70-50224-2311,TransformOneToOne,LAB-EXP.-CGA-CA,MZC66121,false,
CHINA,UD3_Chempax_China,UD3_Chempax_China,U3,DetailCostCenter,Everyone,72-70-50224-2312,TransformOneToOne,LAB-EXP.-CGA-EXT,MZC66121,false,
CHINA,UD3_Chempax_China,UD3_Chempax_China,U3,DetailCostCenter,Everyone,72-70-50224-2313,TransformOneToOne,LAB-EXP.-AG-CWAE,MZC66121,false,
CHINA,UD3_Chempax_China,UD3_Chempax_China,U3,DetailCostCenter,Everyone,72-70-50224-2314,TransformOneToOne,LAB-EXP.-AG-EXT,MZC66121,false,
CHINA,UD3_Chempax_China,UD3_Chempax_China,U3,DetailCostCenter,Everyone,72-70-50224-2315,TransformOneToOne,LAB-EXP.-CMAG-CGA,MZC66121,false,
CHINA,UD3_Chempax_China,UD3_Chempax_China,U3,DetailCostCenter,Everyone,72-70-50224-2316,TransformOneToOne,LAB-EXP.-MAG-CMAG,MZC66121,false,
CHINA,UD3_Chempax_China,UD3_Chempax_China,U3,DetailCostCenter,Everyone,72-70-50224-2317,TransformOneToOne,LAB-EXP.-DTDG-CGA,MZC66121,false,
CHINA,UD3_Chempax_China,UD3_Chempax_China,U3,DetailCostCenter,Everyone,72-70-50224-2318,TransformOneToOne,LAB-EXP.-DTDG-CMAG,MZC66121,false,
CHINA,UD3_Chempax_China,UD3_Chempax_China,U3,DetailCostCenter,Everyone,72-70-50224-2319,TransformOneToOne,LAB-EXP.-GACA-CGA,MZC66121,false,
CHINA,UD3_Chempax_China,UD3_Chempax_China,U3,DetailCostCenter,Everyone,72-70-50224-2320,TransformOneToOne,LAB-EXP.-FD-DTDG,MZC66121,false,
CHINA,UD3_Chempax_China,UD3_Chempax_China,U3,DetailCostCenter,Everyone,72-70-50224-2321,TransformOneToOne,LAB-EXP.-FD-GACA,MZC66121,false,
CHINA,UD3_Chempax_China,UD3_Chempax_China,U3,DetailCostCenter,Everyone,72-70-50224-2322,TransformOneToOne,LAB-EXP.-MSW-MDTDG,MZC66121,false,
CHINA,UD3_Chempax_China,UD3_Chempax_China,U3,DetailCostCenter,Everyone,72-70-50224-2323,TransformOneToOne,LAB-EXP.-DGLE,MZC66121,false,
CHINA,UD3_Chempax_China,UD3_Chempax_China,U3,DetailCostCenter,Everyone,72-70-50224-2324,TransformOneToOne,LAB-EXP.-WETBLEND,MZC66121,false,
CHINA,UD3_Chempax_China,UD3_Chempax_China,U3,DetailCostCenter,Everyone,72-70-50224-2325,TransformOneToOne,LAB-EXP.-DRYBLEND,MZC66121,false,
CHINA,UD3_Chempax_China,UD3_Chempax_China,U3,DetailCostCenter,Everyone,72-70-50224-2326,TransformOneToOne,LAB-EXP.-GYE/R21LIQ,MZC66121,false,
CHINA,UD3_Chempax_China,UD3_Chempax_China,U3,DetailCostCenter,Everyone,72-70-50224-2327,TransformOneToOne,LAB-EXP.-GYE/R21SD,MZC66121,false,
CHINA,UD3_Chempax_China,UD3_Chempax_China,U3,DetailCostCenter,Everyone,72-70-50224-2328,TransformOneToOne,LAB-EXP.-CGA BLD,MZC66121,false,
CHINA,UD3_Chempax_China,UD3_Chempax_China,U3,DetailCostCenter,Everyone,72-70-50224-2329,TransformOneToOne,LAB-EXP.-MDTDG BLD,MZC66121,false,
CHINA,UD3_Chempax_China,UD3_Chempax_China,U3,DetailCostCenter,Everyone,72-70-50224-2330,TransformOneToOne,LAB-EXP.-TOLL DTDG,MZC66121,false,
CHINA,UD3_Chempax_China,UD3_Chempax_China,U3,DetailCostCenter,Everyone,72-70-50224-2331,TransformOneToOne,LAB-EXP.-TOLL OTHERD,MZC66121,false,
CHINA,UD3_Chempax_China,UD3_Chempax_China,U3,DetailCostCenter,Everyone,72-70-50225-2095,TransformOneToOne,Overhead on Idle Time,MZC66113,false,
CHINA,UD3_Chempax_China,UD3_Chempax_China,U3,DetailCostCenter,Everyone,72-70-50304-2300,TransformOneToOne,PPV-MAG-CGA,MZC67900,false,
CHINA,UD3_Chempax_China,UD3_Chempax_China,U3,DetailCostCenter,Everyone,72-70-50304-2301,TransformOneToOne,PPV-CGA-CWAE,MZC67900,false,
CHINA,UD3_Chempax_China,UD3_Chempax_China,U3,DetailCostCenter,Everyone,72-70-50304-2310,TransformOneToOne,PPV-GEN O/H,MZC67900,false,
CHINA,UD3_Chempax_China,UD3_Chempax_China,U3,DetailCostCenter,Everyone,72-70-50304-2311,TransformOneToOne,PPV-CGA-CA,MZC67900,false,
CHINA,UD3_Chempax_China,UD3_Chempax_China,U3,DetailCostCenter,Everyone,72-70-50304-2312,TransformOneToOne,PPV-CGA-EXT,MZC67900,false,
CHINA,UD3_Chempax_China,UD3_Chempax_China,U3,DetailCostCenter,Everyone,72-70-50304-2313,TransformOneToOne,PPV-AG-CWAE,MZC67900,false,
CHINA,UD3_Chempax_China,UD3_Chempax_China,U3,DetailCostCenter,Everyone,72-70-50304-2314,TransformOneToOne,PPV-AG-EXT,MZC67900,false,
CHINA,UD3_Chempax_China,UD3_Chempax_China,U3,DetailCostCenter,Everyone,72-70-50304-2315,TransformOneToOne,PPV-CMAG-CGA,MZC67900,false,
CHINA,UD3_Chempax_China,UD3_Chempax_China,U3,DetailCostCenter,Everyone,72-70-50304-2316,TransformOneToOne,PPV-MAG-CMAG,MZC67900,false,
CHINA,UD3_Chempax_China,UD3_Chempax_China,U3,DetailCostCenter,Everyone,72-70-50304-2317,TransformOneToOne,PPV-DTDG-CGA,MZC67900,false,
CHINA,UD3_Chempax_China,UD3_Chempax_China,U3,DetailCostCenter,Everyone,72-70-50304-2318,TransformOneToOne,PPV-DTDG-CMAG,MZC67900,false,
CHINA,UD3_Chempax_China,UD3_Chempax_China,U3,DetailCostCenter,Everyone,72-70-50304-2319,TransformOneToOne,PPV-GACA-CGA,MZC67900,false,
CHINA,UD3_Chempax_China,UD3_Chempax_China,U3,DetailCostCenter,Everyone,72-70-50304-2320,TransformOneToOne,PPV-FD-DTDG,MZC67900,false,
CHINA,UD3_Chempax_China,UD3_Chempax_China,U3,DetailCostCenter,Everyone,72-70-50304-2321,TransformOneToOne,PPV-FD-GACA,MZC67900,false,
CHINA,UD3_Chempax_China,UD3_Chempax_China,U3,DetailCostCenter,Everyone,72-70-50304-2322,TransformOneToOne,PPV-MSW-MDTDG,MZC67900,false,
CHINA,UD3_Chempax_China,UD3_Chempax_China,U3,DetailCostCenter,Everyone,72-70-50304-2323,TransformOneToOne,PPV-DGLE,MZC67900,false,
CHINA,UD3_Chempax_China,UD3_Chempax_China,U3,DetailCostCenter,Everyone,72-70-50304-2324,TransformOneToOne,PPV-WETBLEND,MZC67900,false,
CHINA,UD3_Chempax_China,UD3_Chempax_China,U3,DetailCostCenter,Everyone,72-70-50304-2325,TransformOneToOne,PPV-DRYBLEND,MZC67900,false,
CHINA,UD3_Chempax_China,UD3_Chempax_China,U3,DetailCostCenter,Everyone,72-70-50304-2326,TransformOneToOne,PPV-GYE/R21LIQ,MZC67900,false,
CHINA,UD3_Chempax_China,UD3_Chempax_China,U3,DetailCostCenter,Everyone,72-70-50304-2327,TransformOneToOne,PPV-GYE/R21SD,MZC67900,false,
CHINA,UD3_Chempax_China,UD3_Chempax_China,U3,DetailCostCenter,Everyone,72-70-50304-2328,TransformOneToOne,PPV-EXP.-CGA BLD,MZC67900,false,
CHINA,UD3_Chempax_China,UD3_Chempax_China,U3,DetailCostCenter,Everyone,72-70-50304-2329,TransformOneToOne,PPV-EXP.-MDTDG BLD,MZC67900,false,
CHINA,UD3_Chempax_China,UD3_Chempax_China,U3,DetailCostCenter,Everyone,72-70-50304-2330,TransformOneToOne,PPV-TOLL DTDG,MZC67900,false,
CHINA,UD3_Chempax_China,UD3_Chempax_China,U3,DetailCostCenter,Everyone,72-70-50304-2331,TransformOneToOne,PPV-TOLL OTHERDTDG,MZC67900,false,
CHINA,UD3_Chempax_China,UD3_Chempax_China,U3,DetailCostCenter,Everyone,72-70-50318-2300,TransformOneToOne,INV-ADJ-MAG-CGA,MZC67900,false,
CHINA,UD3_Chempax_China,UD3_Chempax_China,U3,DetailCostCenter,Everyone,72-70-50318-2301,TransformOneToOne,INV-ADJ-CGA-CWAE,MZC67900,false,
CHINA,UD3_Chempax_China,UD3_Chempax_China,U3,DetailCostCenter,Everyone,72-70-50318-2310,TransformOneToOne,INV-ADJ-GEN O/H,MZC67900,false,
CHINA,UD3_Chempax_China,UD3_Chempax_China,U3,DetailCostCenter,Everyone,72-70-50318-2311,TransformOneToOne,INV-ADJ-CGA-CA,MZC67900,false,
CHINA,UD3_Chempax_China,UD3_Chempax_China,U3,DetailCostCenter,Everyone,72-70-50318-2312,TransformOneToOne,INV-ADJ-CGA-EXT,MZC67900,false,
CHINA,UD3_Chempax_China,UD3_Chempax_China,U3,DetailCostCenter,Everyone,72-70-50318-2313,TransformOneToOne,INV-ADJ-AG-CWAE,MZC67900,false,
CHINA,UD3_Chempax_China,UD3_Chempax_China,U3,DetailCostCenter,Everyone,72-70-50318-2314,TransformOneToOne,INV-ADJ-AG-EXT,MZC67900,false,
CHINA,UD3_Chempax_China,UD3_Chempax_China,U3,DetailCostCenter,Everyone,72-70-50318-2315,TransformOneToOne,INV-ADJ-CMAG-CGA,MZC67900,false,
CHINA,UD3_Chempax_China,UD3_Chempax_China,U3,DetailCostCenter,Everyone,72-70-50318-2316,TransformOneToOne,INV-ADJ-MAG-CMAG,MZC67900,false,
CHINA,UD3_Chempax_China,UD3_Chempax_China,U3,DetailCostCenter,Everyone,72-70-50318-2317,TransformOneToOne,INV-ADJ-DTDG-CGA,MZC67900,false,
CHINA,UD3_Chempax_China,UD3_Chempax_China,U3,DetailCostCenter,Everyone,72-70-50318-2318,TransformOneToOne,INV-ADJ-DTDG-CMAG,MZC67900,false,
CHINA,UD3_Chempax_China,UD3_Chempax_China,U3,DetailCostCenter,Everyone,72-70-50318-2319,TransformOneToOne,INV-ADJ-GACA-CGA,MZC67900,false,
CHINA,UD3_Chempax_China,UD3_Chempax_China,U3,DetailCostCenter,Everyone,72-70-50318-2320,TransformOneToOne,INV-ADJ-FD-DTDG,MZC67900,false,
CHINA,UD3_Chempax_China,UD3_Chempax_China,U3,DetailCostCenter,Everyone,72-70-50318-2321,TransformOneToOne,INV-ADJ-FD-GACA,MZC67900,false,
CHINA,UD3_Chempax_China,UD3_Chempax_China,U3,DetailCostCenter,Everyone,72-70-50318-2322,TransformOneToOne,INV-ADJ-MSW-MDTDG,MZC67900,false,
CHINA,UD3_Chempax_China,UD3_Chempax_China,U3,DetailCostCenter,Everyone,72-70-50318-2323,TransformOneToOne,INV-ADJ-DGLE,MZC67900,false,
CHINA,UD3_Chempax_China,UD3_Chempax_China,U3,DetailCostCenter,Everyone,72-70-50318-2324,TransformOneToOne,INV-ADJ-WETBLEND,MZC67900,false,
CHINA,UD3_Chempax_China,UD3_Chempax_China,U3,DetailCostCenter,Everyone,72-70-50318-2325,TransformOneToOne,INV-ADJ-DRYBLEND,MZC67900,false,
CHINA,UD3_Chempax_China,UD3_Chempax_China,U3,DetailCostCenter,Everyone,72-70-50318-2326,TransformOneToOne,INV-ADJ-GYE/R21LIQ,MZC67900,false,
CHINA,UD3_Chempax_China,UD3_Chempax_China,U3,DetailCostCenter,Everyone,72-70-50318-2327,TransformOneToOne,INV-ADJ-GYE/R21SD,MZC67900,false,
CHINA,UD3_Chempax_China,UD3_Chempax_China,U3,DetailCostCenter,Everyone,72-70-50318-2328,TransformOneToOne,INV-ADJ-CGA BLD,MZC67900,false,
CHINA,UD3_Chempax_China,UD3_Chempax_China,U3,DetailCostCenter,Everyone,72-70-50318-2329,TransformOneToOne,INV-ADJ-MDTDG BLD,MZC67900,false,
CHINA,UD3_Chempax_China,UD3_Chempax_China,U3,DetailCostCenter,Everyone,72-70-50318-2330,TransformOneToOne,INV-ADJ-TOLL DTDG,MZC67900,false,
CHINA,UD3_Chempax_China,UD3_Chempax_China,U3,DetailCostCenter,Everyone,72-70-50318-2331,TransformOneToOne,INV-ADJ-TOLL OTHERDT,MZC67900,false,
CHINA,UD3_Chempax_China,UD3_Chempax_China,U3,DetailCostCenter,Everyone,72-70-50321-2300,TransformOneToOne,MG-OH-MAG-CGA,MZC67900,false,
CHINA,UD3_Chempax_China,UD3_Chempax_China,U3,DetailCostCenter,Everyone,72-70-50321-2301,TransformOneToOne,MG-OH-CGA-CWAE,MZC67900,false,
CHINA,UD3_Chempax_China,UD3_Chempax_China,U3,DetailCostCenter,Everyone,72-70-50321-2311,TransformOneToOne,MG-OH-CGA-CA,MZC67900,false,
CHINA,UD3_Chempax_China,UD3_Chempax_China,U3,DetailCostCenter,Everyone,72-70-50321-2312,TransformOneToOne,MG-OH-CGA-EXT,MZC67900,false,
CHINA,UD3_Chempax_China,UD3_Chempax_China,U3,DetailCostCenter,Everyone,72-70-50321-2313,TransformOneToOne,MG-OH-AG-CWAE,MZC67900,false,
CHINA,UD3_Chempax_China,UD3_Chempax_China,U3,DetailCostCenter,Everyone,72-70-50321-2314,TransformOneToOne,MG-OH-AG-EXT,MZC67900,false,
CHINA,UD3_Chempax_China,UD3_Chempax_China,U3,DetailCostCenter,Everyone,72-70-50321-2315,TransformOneToOne,MG-OH-CMAG-CGA,MZC67900,false,
CHINA,UD3_Chempax_China,UD3_Chempax_China,U3,DetailCostCenter,Everyone,72-70-50321-2316,TransformOneToOne,MG-OH-MAG-CMAG,MZC67900,false,
CHINA,UD3_Chempax_China,UD3_Chempax_China,U3,DetailCostCenter,Everyone,72-70-50321-2317,TransformOneToOne,MG-OH-DTDG-CGA,MZC67900,false,
CHINA,UD3_Chempax_China,UD3_Chempax_China,U3,DetailCostCenter,Everyone,72-70-50321-2318,TransformOneToOne,MG-OH-DTDG-CMAG,MZC67900,false,
CHINA,UD3_Chempax_China,UD3_Chempax_China,U3,DetailCostCenter,Everyone,72-70-50321-2319,TransformOneToOne,MG-OH-GACA-CGA,MZC67900,false,
CHINA,UD3_Chempax_China,UD3_Chempax_China,U3,DetailCostCenter,Everyone,72-70-50321-2320,TransformOneToOne,MG-OH-FD-DTDG,MZC67900,false,
CHINA,UD3_Chempax_China,UD3_Chempax_China,U3,DetailCostCenter,Everyone,72-70-50321-2321,TransformOneToOne,MG-OH-FD-GACA,MZC67900,false,
CHINA,UD3_Chempax_China,UD3_Chempax_China,U3,DetailCostCenter,Everyone,72-70-50321-2322,TransformOneToOne,MG-OH-MSW-MDTDG,MZC67900,false,
CHINA,UD3_Chempax_China,UD3_Chempax_China,U3,DetailCostCenter,Everyone,72-70-50321-2323,TransformOneToOne,MG-OH-DGLE,MZC67900,false,
CHINA,UD3_Chempax_China,UD3_Chempax_China,U3,DetailCostCenter,Everyone,72-70-50321-2324,TransformOneToOne,MG-OH-WETBLEND,MZC67900,false,
CHINA,UD3_Chempax_China,UD3_Chempax_China,U3,DetailCostCenter,Everyone,72-70-50321-2325,TransformOneToOne,MG-OH-DRYBLEND,MZC67900,false,
CHINA,UD3_Chempax_China,UD3_Chempax_China,U3,DetailCostCenter,Everyone,72-70-50321-2326,TransformOneToOne,MG-OH-GYE/R21LIQ,MZC67900,false,
CHINA,UD3_Chempax_China,UD3_Chempax_China,U3,DetailCostCenter,Everyone,72-70-50321-2327,TransformOneToOne,MG-OH-GYE/R21SD,MZC67900,false,
CHINA,UD3_Chempax_China,UD3_Chempax_China,U3,DetailCostCenter,Everyone,72-70-50321-2328,TransformOneToOne,MG-OH-CGA BLD,MZC67900,false,
CHINA,UD3_Chempax_China,UD3_Chempax_China,U3,DetailCostCenter,Everyone,72-70-50321-2329,TransformOneToOne,MG-OH-MDTDG BLD,MZC67900,false,
CHINA,UD3_Chempax_China,UD3_Chempax_China,U3,DetailCostCenter,Everyone,72-70-50321-2330,TransformOneToOne,MG-OH-TOLL DTDG,MZC67900,false,
CHINA,UD3_Chempax_China,UD3_Chempax_China,U3,DetailCostCenter,Everyone,72-70-50321-2331,TransformOneToOne,MG-OH-TOLL OTHER,MZC67900,false,
CHINA,UD3_Chempax_China,UD3_Chempax_China,U3,DetailCostCenter,Everyone,72-70-50321-2332,TransformOneToOne,PPV,MZC67900,false,
CHINA,UD3_Chempax_China,UD3_Chempax_China,U3,DetailCostCenter,Everyone,72-70-50334-,TransformOneToOne,O/H ABSORBTION ADJUS,MZC67900,false,
CHINA,UD3_Chempax_China,UD3_Chempax_China,U3,DetailCostCenter,Everyone,72-70-50334-2340,TransformOneToOne,Cap Var Expense- Derivatives,MZC63601,false,
CHINA,UD3_Chempax_China,UD3_Chempax_China,U3,DetailCostCenter,Everyone,72-70-50334-2341,TransformOneToOne,Cap Var Expense - AG cake,MZC63601,false,
CHINA,UD3_Chempax_China,UD3_Chempax_China,U3,DetailCostCenter,Everyone,72-70-50334-2342,TransformOneToOne,Cap Var Expense - Dry/Wet Blend,MZC63601,false,
CHINA,UD3_Chempax_China,UD3_Chempax_China,U3,DetailCostCenter,Everyone,72-70-51101-,TransformOneToOne,SALARIES,MZC73710,false,
CHINA,UD3_Chempax_China,UD3_Chempax_China,U3,DetailCostCenter,Everyone,72-70-51101-5001,TransformOneToOne,SALARIES-FINANCE,MZC73545,false,
CHINA,UD3_Chempax_China,UD3_Chempax_China,U3,DetailCostCenter,Everyone,72-70-51101-5091,TransformOneToOne,SALARIES-ADMIN,MZC73545,false,
CHINA,UD3_Chempax_China,UD3_Chempax_China,U3,DetailCostCenter,Everyone,72-70-51104-5091,TransformOneToOne,RENTAL EXPENSE,MZC73545,false,
CHINA,UD3_Chempax_China,UD3_Chempax_China,U3,DetailCostCenter,Everyone,72-70-51105-5091,TransformOneToOne,INSURANCE - ADMIN,MZC73545,false,
CHINA,UD3_Chempax_China,UD3_Chempax_China,U3,DetailCostCenter,Everyone,72-70-51106-2126,TransformOneToOne,OFFICE EXP.-PURCHASE,MZC73545,false,
CHINA,UD3_Chempax_China,UD3_Chempax_China,U3,DetailCostCenter,Everyone,72-70-51106-5001,TransformOneToOne,OFFICE EXP.-FINANCE,MZC73545,false,
CHINA,UD3_Chempax_China,UD3_Chempax_China,U3,DetailCostCenter,Everyone,72-70-51106-5002,TransformOneToOne,OFFICE EXP.-HR,MZC73545,false,
CHINA,UD3_Chempax_China,UD3_Chempax_China,U3,DetailCostCenter,Everyone,72-70-51106-5005,TransformOneToOne,OFFICE EXP.-LEGAL,MZC73545,false,
CHINA,UD3_Chempax_China,UD3_Chempax_China,U3,DetailCostCenter,Everyone,72-70-51106-5006,TransformOneToOne,OFFICE EXP.-IT,MZC73545,false,
CHINA,UD3_Chempax_China,UD3_Chempax_China,U3,DetailCostCenter,Everyone,72-70-51106-5091,TransformOneToOne,OFFICE EXP.-ADMIN,MZC73545,false,
CHINA,UD3_Chempax_China,UD3_Chempax_China,U3,DetailCostCenter,Everyone,72-70-51106-5095,TransformOneToOne,Office Exp. - Restructuring,MZC74502,false,
CHINA,UD3_Chempax_China,UD3_Chempax_China,U3,DetailCostCenter,Everyone,72-70-51106-5130,TransformOneToOne,OFFICE EXP.-SALES,MZC73545,false,
CHINA,UD3_Chempax_China,UD3_Chempax_China,U3,DetailCostCenter,Everyone,72-70-51107-2126,TransformOneToOne,PRO. SRVS.-PURCHASE,MZC73545,false,
CHINA,UD3_Chempax_China,UD3_Chempax_China,U3,DetailCostCenter,Everyone,72-70-51107-5001,TransformOneToOne,PRO. SRVS.-FINANCE,MZC73545,false,
CHINA,UD3_Chempax_China,UD3_Chempax_China,U3,DetailCostCenter,Everyone,72-70-51107-5002,TransformOneToOne,PRO. SRVS.-HR,MZC73545,false,
CHINA,UD3_Chempax_China,UD3_Chempax_China,U3,DetailCostCenter,Everyone,72-70-51107-5005,TransformOneToOne,PRO. SRVS.-LEGAL,MZC73545,false,
CHINA,UD3_Chempax_China,UD3_Chempax_China,U3,DetailCostCenter,Everyone,72-70-51107-5006,TransformOneToOne,PRO. SRVS.-IT,MZC73545,false,
CHINA,UD3_Chempax_China,UD3_Chempax_China,U3,DetailCostCenter,Everyone,72-70-51107-5091,TransformOneToOne,PRO. SRVS.-ADMIN,MZC73545,false,
CHINA,UD3_Chempax_China,UD3_Chempax_China,U3,DetailCostCenter,Everyone,72-70-51107-5130,TransformOneToOne,PRO. SRVS.-SALES,MZC73545,false,
CHINA,UD3_Chempax_China,UD3_Chempax_China,U3,DetailCostCenter,Everyone,72-70-51108-2126,TransformOneToOne,TRAVEL-PURCHASE,MZC73545,false,
CHINA,UD3_Chempax_China,UD3_Chempax_China,U3,DetailCostCenter,Everyone,72-70-51108-5001,TransformOneToOne,TRAVEL-FINANCE,MZC73545,false,
CHINA,UD3_Chempax_China,UD3_Chempax_China,U3,DetailCostCenter,Everyone,72-70-51108-5002,TransformOneToOne,TRAVEL-HR,MZC73545,false,
CHINA,UD3_Chempax_China,UD3_Chempax_China,U3,DetailCostCenter,Everyone,72-70-51108-5005,TransformOneToOne,TRAVEL-LEGAL,MZC73545,false,
CHINA,UD3_Chempax_China,UD3_Chempax_China,U3,DetailCostCenter,Everyone,72-70-51108-5006,TransformOneToOne,TRAVEL-IT,MZC73545,false,
CHINA,UD3_Chempax_China,UD3_Chempax_China,U3,DetailCostCenter,Everyone,72-70-51108-5091,TransformOneToOne,TRAVEL-ADMIN,MZC73545,false,
CHINA,UD3_Chempax_China,UD3_Chempax_China,U3,DetailCostCenter,Everyone,72-70-51108-5095,TransformOneToOne,TRAVEL-Restructure,MZC74502,false,
CHINA,UD3_Chempax_China,UD3_Chempax_China,U3,DetailCostCenter,Everyone,72-70-51109-5091,TransformOneToOne,DEPRECIATION-ADMIN,MZC73545,false,
CHINA,UD3_Chempax_China,UD3_Chempax_China,U3,DetailCostCenter,Everyone,72-70-51110-5091,TransformOneToOne,COMMUNICATION-ADMIN,MZC73545,false,
CHINA,UD3_Chempax_China,UD3_Chempax_China,U3,DetailCostCenter,Everyone,72-70-51112-5130,TransformOneToOne,COMMISSION-SALES,MZC72700,false,
CHINA,UD3_Chempax_China,UD3_Chempax_China,U3,DetailCostCenter,Everyone,72-70-51113-,TransformOneToOne,Miscellaneous Expense,MZC73545,false,
CHINA,UD3_Chempax_China,UD3_Chempax_China,U3,DetailCostCenter,Everyone,72-70-51113-5091,TransformOneToOne,MISC.-ADMIN,MZC73545,false,
CHINA,UD3_Chempax_China,UD3_Chempax_China,U3,DetailCostCenter,Everyone,72-70-51119-,TransformOneToOne,WELFARES,MZC73710,false,
CHINA,UD3_Chempax_China,UD3_Chempax_China,U3,DetailCostCenter,Everyone,72-70-51119-5001,TransformOneToOne,WELFARES-FINANCE,MZC73545,false,
CHINA,UD3_Chempax_China,UD3_Chempax_China,U3,DetailCostCenter,Everyone,72-70-51119-5091,TransformOneToOne,WELFARES-ADMIN,MZC73545,false,
CHINA,UD3_Chempax_China,UD3_Chempax_China,U3,DetailCostCenter,Everyone,72-70-51119-5095,TransformOneToOne,SOCIAL SECURITY,MZC74502,false,
CHINA,UD3_Chempax_China,UD3_Chempax_China,U3,DetailCostCenter,Everyone,72-70-51120-5091,TransformOneToOne,UNLOADING FEE-ADMIN,MZC73545,false,
CHINA,UD3_Chempax_China,UD3_Chempax_China,U3,DetailCostCenter,Everyone,72-70-51120-5095,TransformOneToOne,UNLOADING CHARGES,MZC74502,false,
CHINA,UD3_Chempax_China,UD3_Chempax_China,U3,DetailCostCenter,Everyone,72-70-51122-5091,TransformOneToOne,MAIL-ADMIN,MZC73545,false,
CHINA,UD3_Chempax_China,UD3_Chempax_China,U3,DetailCostCenter,Everyone,72-70-51125-2095,TransformOneToOne,STORAGE CHARGES,MZC66113,false,
CHINA,UD3_Chempax_China,UD3_Chempax_China,U3,DetailCostCenter,Everyone,72-70-51125-2310,TransformOneToOne,Storage,MZC66121,false,
CHINA,UD3_Chempax_China,UD3_Chempax_China,U3,DetailCostCenter,Everyone,72-70-51125-5091,TransformOneToOne,STORAGE-ADMIN,MZC73545,false,
CHINA,UD3_Chempax_China,UD3_Chempax_China,U3,DetailCostCenter,Everyone,72-70-51127-2126,TransformOneToOne,ENTERTAIN-PURCHASE,MZC73545,false,
CHINA,UD3_Chempax_China,UD3_Chempax_China,U3,DetailCostCenter,Everyone,72-70-51127-5001,TransformOneToOne,ENTERTAIN-FINANCE,MZC73545,false,
CHINA,UD3_Chempax_China,UD3_Chempax_China,U3,DetailCostCenter,Everyone,72-70-51127-5002,TransformOneToOne,ENTERTAIN-HR,MZC73545,false,
CHINA,UD3_Chempax_China,UD3_Chempax_China,U3,DetailCostCenter,Everyone,72-70-51127-5005,TransformOneToOne,ENTERTAIN-LEGAL,MZC73545,false,
CHINA,UD3_Chempax_China,UD3_Chempax_China,U3,DetailCostCenter,Everyone,72-70-51127-5006,TransformOneToOne,ENTERTAIN-IT,MZC73545,false,
CHINA,UD3_Chempax_China,UD3_Chempax_China,U3,DetailCostCenter,Everyone,72-70-51127-5091,TransformOneToOne,ENTERTAIN-ADMIN,MZC73545,false,
CHINA,UD3_Chempax_China,UD3_Chempax_China,U3,DetailCostCenter,Everyone,72-70-51134-5091,TransformOneToOne,SAFETY EXPENSE-ADMIN,MZC73545,false,
CHINA,UD3_Chempax_China,UD3_Chempax_China,U3,DetailCostCenter,Everyone,72-70-51135-5091,TransformOneToOne,LANDRIGHT DEP.-ADMIN,MZC73545,false,
CHINA,UD3_Chempax_China,UD3_Chempax_China,U3,DetailCostCenter,Everyone,72-70-51136-,TransformOneToOne,R&D EXPENSE,MZC76011,false,
CHINA,UD3_Chempax_China,UD3_Chempax_China,U3,DetailCostCenter,Everyone,72-70-51136-5088,TransformOneToOne,R&D EXPENSE,MZC76011,false,
CHINA,UD3_Chempax_China,UD3_Chempax_China,U3,DetailCostCenter,Everyone,72-70-51137-,TransformOneToOne,TRADE UNION,MZC73545,false,
CHINA,UD3_Chempax_China,UD3_Chempax_China,U3,DetailCostCenter,Everyone,72-70-51139-5091,TransformOneToOne,CAR-ADMIN,MZC73545,false,
CHINA,UD3_Chempax_China,UD3_Chempax_China,U3,DetailCostCenter,Everyone,72-70-51140-5091,TransformOneToOne,Severance Pay,MZC73545,false,
CHINA,UD3_Chempax_China,UD3_Chempax_China,U3,DetailCostCenter,Everyone,72-70-51141-5091,TransformOneToOne,ALLOWANCE-ADMIN,MZC73545,false,
CHINA,UD3_Chempax_China,UD3_Chempax_China,U3,DetailCostCenter,Everyone,72-70-51142-,TransformOneToOne,IC BENEFICIAL SERVIC,MZC73545,false,
CHINA,UD3_Chempax_China,UD3_Chempax_China,U3,DetailCostCenter,Everyone,72-70-51143-,TransformOneToOne,MF BENEFICIAL SERVIC,MZC73545,false,
CHINA,UD3_Chempax_China,UD3_Chempax_China,U3,DetailCostCenter,Everyone,72-70-51148-5091,TransformOneToOne,INTANGIBLE AMO-ADMIN,MZC73545,false,
CHINA,UD3_Chempax_China,UD3_Chempax_China,U3,DetailCostCenter,Everyone,72-70-51149-5095,TransformOneToOne,Overhead on Idle Time,MZC74502,false,
CHINA,UD3_Chempax_China,UD3_Chempax_China,U3,DetailCostCenter,Everyone,72-70-51200-0022,TransformOneToOne,IC Beneficial Servic - SMB,MZC73545,false,
CHINA,UD3_Chempax_China,UD3_Chempax_China,U3,DetailCostCenter,Everyone,72-70-51200-5091,TransformOneToOne,IC Beneficial Servic,MZC73545,false,
CHINA,UD3_Chempax_China,UD3_Chempax_China,U3,DetailCostCenter,Everyone,72-70-51201-0002,TransformOneToOne,IC Beneficial Servic - US,MZC73545,false,
CHINA,UD3_Chempax_China,UD3_Chempax_China,U3,DetailCostCenter,Everyone,72-70-51201-5091,TransformOneToOne,IC Beneficial Servic,MZC73545,false,
CHINA,UD3_Chempax_China,UD3_Chempax_China,U3,DetailCostCenter,Everyone,72-70-52202-,TransformOneToOne,BANK CHARGES,MZC73900,false,
CHINA,UD3_Chempax_China,UD3_Chempax_China,U3,DetailCostCenter,Everyone,72-70-53000-5091,TransformOneToOne,FIXED ASSET WRITE-OFF to Entity,MSC73900,false,
CHINA,UD3_Chempax_China,UD3_Chempax_China,U3,DetailCostCenter,Everyone,72-70-53000-5095,TransformOneToOne,FIXED ASSET WRITE-OF,MZC74502,false,
CHINA,UD3_Chempax_China,UD3_Chempax_China,U3,DetailCostCenter,Everyone,72-76-16102-,TransformOneToOne,FIXED ASSETS - BUILD,CC_BalSheet,false,
CHINA,UD3_Chempax_China,UD3_Chempax_China,U3,DetailCostCenter,Everyone,72-76-16108-,TransformOneToOne,FIXED ASSETS-WASTEWA,CC_BalSheet,false,
CHINA,UD3_Chempax_China,UD3_Chempax_China,U3,DetailCostCenter,Everyone,72-76-16300-,TransformOneToOne,FIXED ASSETS CGA PRO,CC_BalSheet,false,
CHINA,UD3_Chempax_China,UD3_Chempax_China,U3,DetailCostCenter,Everyone,72-76-16302-,TransformOneToOne,FIXED ASSETS MAG PRO,CC_BalSheet,false,
CHINA,UD3_Chempax_China,UD3_Chempax_China,U3,DetailCostCenter,Everyone,72-76-16303-,TransformOneToOne,FIXED ASSETS OTHER P,CC_BalSheet,false,
CHINA,UD3_Chempax_China,UD3_Chempax_China,U3,DetailCostCenter,Everyone,72-76-16304-,TransformOneToOne,FIXED ASSETS LAB EQU,CC_BalSheet,false,
CHINA,UD3_Chempax_China,UD3_Chempax_China,U3,DetailCostCenter,Everyone,72-76-16305-,TransformOneToOne,FIXED ASSETS OFFICE,CC_BalSheet,false,
CHINA,UD3_Chempax_China,UD3_Chempax_China,U3,DetailCostCenter,Everyone,72-76-16307-,TransformOneToOne,FIXED ASSETS LAND RI,CC_BalSheet,false,
CHINA,UD3_Chempax_China,UD3_Chempax_China,U3,DetailCostCenter,Everyone,72-76-16308-,TransformOneToOne,FIXED ASSETS-CAR,CC_BalSheet,false,
CHINA,UD3_Chempax_China,UD3_Chempax_China,U3,DetailCostCenter,Everyone,72-76-16501-,TransformOneToOne,CUMULATIVE DEPRECIAT,CC_BalSheet,false,
CHINA,UD3_Chempax_China,UD3_Chempax_China,U3,DetailCostCenter,Everyone,72-76-16501-0001,TransformOneToOne,CUMULATIVE DEP-REV,CC_BalSheet,false,
CHINA,UD3_Chempax_China,UD3_Chempax_China,U3,DetailCostCenter,Everyone,72-76-16502-,TransformOneToOne,LAND RIGHT DEPRECIAT,CC_BalSheet,false,
CHINA,UD3_Chempax_China,UD3_Chempax_China,U3,DetailCostCenter,Everyone,72-76-16502-0001,TransformOneToOne,LAND RIGHT DEP-REV,CC_BalSheet,false,
CHINA,UD3_Chempax_China,UD3_Chempax_China,U3,DetailCostCenter,Everyone,72-76-16503-,TransformOneToOne,ACCUM.DEP.-BUILDING,CC_BalSheet,false,
CHINA,UD3_Chempax_China,UD3_Chempax_China,U3,DetailCostCenter,Everyone,72-76-16504-,TransformOneToOne,ACCUM.DEP.-EQUIPMENT,CC_BalSheet,false,
CHINA,UD3_Chempax_China,UD3_Chempax_China,U3,DetailCostCenter,Everyone,72-76-16505-,TransformOneToOne,ACCUM.DEP.-LAB,CC_BalSheet,false,
CHINA,UD3_Chempax_China,UD3_Chempax_China,U3,DetailCostCenter,Everyone,72-76-16506-,TransformOneToOne,ACCUM.DEP.-FURNITURE,CC_BalSheet,false,
CHINA,UD3_Chempax_China,UD3_Chempax_China,U3,DetailCostCenter,Everyone,72-76-16507-,TransformOneToOne,ACCUM.DEP.-CAR,CC_BalSheet,false,
CHINA,UD3_Chempax_China,UD3_Chempax_China,U3,DetailCostCenter,Everyone,72-76-16901-,TransformOneToOne,CONSTRUCTION IN PROC,CC_BalSheet,false,
CHINA,UD3_Chempax_China,UD3_Chempax_China,U3,DetailCostCenter,Everyone,72-76-17001-,TransformOneToOne,OPT LEASE ROU ASSETS,CC_BalSheet,false,
CHINA,UD3_Chempax_China,UD3_Chempax_China,U3,DetailCostCenter,Everyone,72-76-17301-,TransformOneToOne,INTAN.ASSET CUS-RELA,CC_BalSheet,false,
CHINA,UD3_Chempax_China,UD3_Chempax_China,U3,DetailCostCenter,Everyone,72-76-17301-0001,TransformOneToOne,ACCUM.AMORT. CUS-REL,CC_BalSheet,false,
CHINA,UD3_Chempax_China,UD3_Chempax_China,U3,DetailCostCenter,Everyone,72-76-17302-,TransformOneToOne,INTAN.ASSET CUS-BACK,CC_BalSheet,false,
CHINA,UD3_Chempax_China,UD3_Chempax_China,U3,DetailCostCenter,Everyone,72-76-17302-0001,TransformOneToOne,ACCUM.AMORT. CUS-BAC,CC_BalSheet,false,
CHINA,UD3_Chempax_China,UD3_Chempax_China,U3,DetailCostCenter,Everyone,72-76-17303-,TransformOneToOne,INTAN.ASSET TRADEMAR,CC_BalSheet,false,
CHINA,UD3_Chempax_China,UD3_Chempax_China,U3,DetailCostCenter,Everyone,72-76-17303-0001,TransformOneToOne,ACCUM.AMORT. TRADEMA,CC_BalSheet,false,
CHINA,UD3_Chempax_China,UD3_Chempax_China,U3,DetailCostCenter,Everyone,72-76-17304-,TransformOneToOne,GOODWILL - PPA,CC_BalSheet,false,
CHINA,UD3_Chempax_China,UD3_Chempax_China,U3,DetailCostCenter,Everyone,72-76-19900-,TransformOneToOne,DEFERRED TAX ASSET,CC_BalSheet,false,
CHINA,UD3_Chempax_China,UD3_Chempax_China,U3,DetailCostCenter,Everyone,72-76-22107-,TransformOneToOne,INCOME TAX PAYABLES,CC_BalSheet,false,
CHINA,UD3_Chempax_China,UD3_Chempax_China,U3,DetailCostCenter,Everyone,72-76-23101-,TransformOneToOne,OPT LEASE LIAB. CURR,CC_BalSheet,false,
CHINA,UD3_Chempax_China,UD3_Chempax_China,U3,DetailCostCenter,Everyone,72-76-25101-,TransformOneToOne,OPT LEASE LIAB. N-CU,CC_BalSheet,false,
CHINA,UD3_Chempax_China,UD3_Chempax_China,U3,DetailCostCenter,Everyone,72-76-32201-,TransformOneToOne,RETAINED EARNINGS,CC_BalSheet,false,
CHINA,UD3_Chempax_China,UD3_Chempax_China,U3,DetailCostCenter,Everyone,72-76-50207-,TransformOneToOne,DEPRECIATION - OH,MZC64000,false,
CHINA,UD3_Chempax_China,UD3_Chempax_China,U3,DetailCostCenter,Everyone,72-76-50207-0001,TransformOneToOne,DEPRECIATION-OH-REV,MZC64000,false,
CHINA,UD3_Chempax_China,UD3_Chempax_China,U3,DetailCostCenter,Everyone,72-76-50211-2304,TransformOneToOne,OTHER-PRODUCTION,MZC66121,false,
CHINA,UD3_Chempax_China,UD3_Chempax_China,U3,DetailCostCenter,Everyone,72-76-50321-,TransformOneToOne,MG-OVERHEAD,MZC63601,false,
CHINA,UD3_Chempax_China,UD3_Chempax_China,U3,DetailCostCenter,Everyone,72-76-51109-,TransformOneToOne,DEPRECIATION - SGA,MZC64000,false,
CHINA,UD3_Chempax_China,UD3_Chempax_China,U3,DetailCostCenter,Everyone,72-76-51109-0001,TransformOneToOne,DEPRECIATION-SGA-REV,MZC73545,false,
CHINA,UD3_Chempax_China,UD3_Chempax_China,U3,DetailCostCenter,Everyone,72-76-51111-,TransformOneToOne,BAD DEBT EXPENSE,MZC73900,false,
CHINA,UD3_Chempax_China,UD3_Chempax_China,U3,DetailCostCenter,Everyone,72-76-51125-0001,TransformOneToOne,OPT LEASE EXP. FIXED,MZC73545,false,
CHINA,UD3_Chempax_China,UD3_Chempax_China,U3,DetailCostCenter,Everyone,72-76-51125-0002,TransformOneToOne,OPT LEASE EXP. VARI,MZC73545,false,
CHINA,UD3_Chempax_China,UD3_Chempax_China,U3,DetailCostCenter,Everyone,72-76-51125-2310,TransformOneToOne,ASC 842 Operating Lease Expense ��� Fixed,MZC66121,false,
CHINA,UD3_Chempax_China,UD3_Chempax_China,U3,DetailCostCenter,Everyone,72-76-51125-2311,TransformOneToOne,OPT LEASE EXP. FIXED,MZC66121,false,
CHINA,UD3_Chempax_China,UD3_Chempax_China,U3,DetailCostCenter,Everyone,72-76-51126-5091,TransformOneToOne,TAX&ASSO.CHARGE,MZC73545,false,
CHINA,UD3_Chempax_China,UD3_Chempax_China,U3,DetailCostCenter,Everyone,72-76-53000-5091,TransformOneToOne,Fixed Asset Write-off,MZC73900,false,
CHINA,UD3_Chempax_China,UD3_Chempax_China,U3,DetailCostCenter,Everyone,78-70-10101-,TransformOneToOne,CASH ON HAND,CC_BalSheet,false,
CHINA,UD3_Chempax_China,UD3_Chempax_China,U3,DetailCostCenter,Everyone,78-70-10201-,TransformOneToOne,CASH-BANK(USD-CAPIT),CC_BalSheet,false,
CHINA,UD3_Chempax_China,UD3_Chempax_China,U3,DetailCostCenter,Everyone,78-70-10201-0001,TransformOneToOne,CASH-BANK(RMB-MB),CC_BalSheet,false,
CHINA,UD3_Chempax_China,UD3_Chempax_China,U3,DetailCostCenter,Everyone,78-70-10201-0002,TransformOneToOne,CASH-BANK(RMB-BC),CC_BalSheet,false,
CHINA,UD3_Chempax_China,UD3_Chempax_China,U3,DetailCostCenter,Everyone,78-70-10201-0004,TransformOneToOne,CASH-BANK(RMB-CB),CC_BalSheet,false,
CHINA,UD3_Chempax_China,UD3_Chempax_China,U3,DetailCostCenter,Everyone,78-70-10201-0005,TransformOneToOne,CASH-BANK (RMB-BC),CC_BalSheet,false,
CHINA,UD3_Chempax_China,UD3_Chempax_China,U3,DetailCostCenter,Everyone,78-70-10202-0001,TransformOneToOne,CASH-BANK(USD-MB),CC_BalSheet,false,
CHINA,UD3_Chempax_China,UD3_Chempax_China,U3,DetailCostCenter,Everyone,78-70-10202-0002,TransformOneToOne,CASH-BANK(JPY-MB),CC_BalSheet,false,
CHINA,UD3_Chempax_China,UD3_Chempax_China,U3,DetailCostCenter,Everyone,78-70-10202-0003,TransformOneToOne,CAHK-BANK (USD-BC),CC_BalSheet,false,
CHINA,UD3_Chempax_China,UD3_Chempax_China,U3,DetailCostCenter,Everyone,78-70-10202-0004,TransformOneToOne,CASH IN BANK(LOAN),CC_BalSheet,false,
CHINA,UD3_Chempax_China,UD3_Chempax_China,U3,DetailCostCenter,Everyone,78-70-11301-,TransformOneToOne,A/R-THIRD PARTY,CC_BalSheet,false,
CHINA,UD3_Chempax_China,UD3_Chempax_China,U3,DetailCostCenter,Everyone,78-70-11301-0001,TransformOneToOne,A/R AFFILIATE,CC_BalSheet,false,
CHINA,UD3_Chempax_China,UD3_Chempax_China,U3,DetailCostCenter,Everyone,78-70-11301-0002,TransformOneToOne,A/R-MAF INTERCO,CC_BalSheet,false,
CHINA,UD3_Chempax_China,UD3_Chempax_China,U3,DetailCostCenter,Everyone,78-70-11301-0004,TransformOneToOne,A/R-EVD,CC_BalSheet,false,
CHINA,UD3_Chempax_China,UD3_Chempax_China,U3,DetailCostCenter,Everyone,78-70-11302-,TransformOneToOne,OTHER RECEIVABLES,CC_BalSheet,false,
CHINA,UD3_Chempax_China,UD3_Chempax_China,U3,DetailCostCenter,Everyone,78-70-11401-,TransformOneToOne,BAD DEBT RESERVE,CC_BalSheet,false,
CHINA,UD3_Chempax_China,UD3_Chempax_China,U3,DetailCostCenter,Everyone,78-70-11805-,TransformOneToOne,ADV. TO WEIFENG HK,CC_BalSheet,false,
CHINA,UD3_Chempax_China,UD3_Chempax_China,U3,DetailCostCenter,Everyone,78-70-11901-,TransformOneToOne,PREPAID EXPENSES,CC_BalSheet,false,
CHINA,UD3_Chempax_China,UD3_Chempax_China,U3,DetailCostCenter,Everyone,78-70-11908-,TransformOneToOne,AMORTIZATION EXPENSE,CC_BalSheet,false,
CHINA,UD3_Chempax_China,UD3_Chempax_China,U3,DetailCostCenter,Everyone,78-70-12101-,TransformOneToOne,SPARE PARTS AND TOOL,CC_BalSheet,false,
CHINA,UD3_Chempax_China,UD3_Chempax_China,U3,DetailCostCenter,Everyone,78-70-12102-,TransformOneToOne,PACKAGING MATERIAL,CC_BalSheet,false,
CHINA,UD3_Chempax_China,UD3_Chempax_China,U3,DetailCostCenter,Everyone,78-70-12102-2010,TransformOneToOne,PACKAGE PURCHASE,CC_BalSheet,false,
CHINA,UD3_Chempax_China,UD3_Chempax_China,U3,DetailCostCenter,Everyone,78-70-12102-2011,TransformOneToOne,PACKAGE USAGE,CC_BalSheet,false,
CHINA,UD3_Chempax_China,UD3_Chempax_China,U3,DetailCostCenter,Everyone,78-70-12102-2012,TransformOneToOne,PACKAGE ADJUST,CC_BalSheet,false,
CHINA,UD3_Chempax_China,UD3_Chempax_China,U3,DetailCostCenter,Everyone,78-70-12104-,TransformOneToOne,CHEMICALS,CC_BalSheet,false,
CHINA,UD3_Chempax_China,UD3_Chempax_China,U3,DetailCostCenter,Everyone,78-70-12104-2010,TransformOneToOne,CHEMICAL PURCHASE,CC_BalSheet,false,
CHINA,UD3_Chempax_China,UD3_Chempax_China,U3,DetailCostCenter,Everyone,78-70-12104-2011,TransformOneToOne,CHEMICAL USAGE,CC_BalSheet,false,
CHINA,UD3_Chempax_China,UD3_Chempax_China,U3,DetailCostCenter,Everyone,78-70-12104-2012,TransformOneToOne,CHEMICAL ADJUST,CC_BalSheet,false,
CHINA,UD3_Chempax_China,UD3_Chempax_China,U3,DetailCostCenter,Everyone,78-70-12104-2014,TransformOneToOne,CHEMICALS SALES,CC_BalSheet,false,
CHINA,UD3_Chempax_China,UD3_Chempax_China,U3,DetailCostCenter,Everyone,78-70-12301-,TransformOneToOne,REMELTS/lic Fin,CC_BalSheet,false,
CHINA,UD3_Chempax_China,UD3_Chempax_China,U3,DetailCostCenter,Everyone,78-70-12301-2010,TransformOneToOne,REMELT PURCHASE,CC_BalSheet,false,
CHINA,UD3_Chempax_China,UD3_Chempax_China,U3,DetailCostCenter,Everyone,78-70-12301-2011,TransformOneToOne,REMELT USAGE,CC_BalSheet,false,
CHINA,UD3_Chempax_China,UD3_Chempax_China,U3,DetailCostCenter,Everyone,78-70-12301-2012,TransformOneToOne,REMELT ADJUST,CC_BalSheet,false,
CHINA,UD3_Chempax_China,UD3_Chempax_China,U3,DetailCostCenter,Everyone,78-70-12301-2013,TransformOneToOne,REMELT OUTPUT,CC_BalSheet,false,
CHINA,UD3_Chempax_China,UD3_Chempax_China,U3,DetailCostCenter,Everyone,78-70-12301-2014,TransformOneToOne,REMELT SALES,CC_BalSheet,false,
CHINA,UD3_Chempax_China,UD3_Chempax_China,U3,DetailCostCenter,Everyone,78-70-12304-2010,TransformOneToOne,CMAG PURCHASE,CC_BalSheet,false,
CHINA,UD3_Chempax_China,UD3_Chempax_China,U3,DetailCostCenter,Everyone,78-70-12304-2011,TransformOneToOne,CMAG USAGE,CC_BalSheet,false,
CHINA,UD3_Chempax_China,UD3_Chempax_China,U3,DetailCostCenter,Everyone,78-70-12304-2012,TransformOneToOne,CMAG ADJUST,CC_BalSheet,false,
CHINA,UD3_Chempax_China,UD3_Chempax_China,U3,DetailCostCenter,Everyone,78-70-12304-2013,TransformOneToOne,CMAG OUTPUT,CC_BalSheet,false,
CHINA,UD3_Chempax_China,UD3_Chempax_China,U3,DetailCostCenter,Everyone,78-70-12304-2014,TransformOneToOne,CMAG SALES,CC_BalSheet,false,
CHINA,UD3_Chempax_China,UD3_Chempax_China,U3,DetailCostCenter,Everyone,78-70-12501-,TransformOneToOne,CGA,CC_BalSheet,false,
CHINA,UD3_Chempax_China,UD3_Chempax_China,U3,DetailCostCenter,Everyone,78-70-12501-2010,TransformOneToOne,CGA PURCHASE,CC_BalSheet,false,
CHINA,UD3_Chempax_China,UD3_Chempax_China,U3,DetailCostCenter,Everyone,78-70-12501-2011,TransformOneToOne,CGA USAGE,CC_BalSheet,false,
CHINA,UD3_Chempax_China,UD3_Chempax_China,U3,DetailCostCenter,Everyone,78-70-12501-2012,TransformOneToOne,CGA ADJUST,CC_BalSheet,false,
CHINA,UD3_Chempax_China,UD3_Chempax_China,U3,DetailCostCenter,Everyone,78-70-12501-2013,TransformOneToOne,CGA OUTPUT,CC_BalSheet,false,
CHINA,UD3_Chempax_China,UD3_Chempax_China,U3,DetailCostCenter,Everyone,78-70-12501-2014,TransformOneToOne,CGA SALES,CC_BalSheet,false,
CHINA,UD3_Chempax_China,UD3_Chempax_China,U3,DetailCostCenter,Everyone,78-70-12502-,TransformOneToOne,INTERM PROD FG - CGA,CC_BalSheet,false,
CHINA,UD3_Chempax_China,UD3_Chempax_China,U3,DetailCostCenter,Everyone,78-70-12502-2010,TransformOneToOne,INTERM PROD FG PURCH,CC_BalSheet,false,
CHINA,UD3_Chempax_China,UD3_Chempax_China,U3,DetailCostCenter,Everyone,78-70-12502-2011,TransformOneToOne,INTERM PROD FG USAGE,CC_BalSheet,false,
CHINA,UD3_Chempax_China,UD3_Chempax_China,U3,DetailCostCenter,Everyone,78-70-12502-2012,TransformOneToOne,INTERM PROD FG ADJUS,CC_BalSheet,false,
CHINA,UD3_Chempax_China,UD3_Chempax_China,U3,DetailCostCenter,Everyone,78-70-12502-2013,TransformOneToOne,INTERM PROD FG OUTPU,CC_BalSheet,false,
CHINA,UD3_Chempax_China,UD3_Chempax_China,U3,DetailCostCenter,Everyone,78-70-12502-2014,TransformOneToOne,INTERM PROD FG SALES,CC_BalSheet,false,
CHINA,UD3_Chempax_China,UD3_Chempax_China,U3,DetailCostCenter,Everyone,78-70-12701-,TransformOneToOne,FINISHED GOODS - MAG,CC_BalSheet,false,
CHINA,UD3_Chempax_China,UD3_Chempax_China,U3,DetailCostCenter,Everyone,78-70-12701-2010,TransformOneToOne,MAG PURCHASE,CC_BalSheet,false,
CHINA,UD3_Chempax_China,UD3_Chempax_China,U3,DetailCostCenter,Everyone,78-70-12701-2011,TransformOneToOne,MAG USAGE,CC_BalSheet,false,
CHINA,UD3_Chempax_China,UD3_Chempax_China,U3,DetailCostCenter,Everyone,78-70-12701-2012,TransformOneToOne,MAG ADJUST,CC_BalSheet,false,
CHINA,UD3_Chempax_China,UD3_Chempax_China,U3,DetailCostCenter,Everyone,78-70-12701-2013,TransformOneToOne,MAG OUTPUT,CC_BalSheet,false,
CHINA,UD3_Chempax_China,UD3_Chempax_China,U3,DetailCostCenter,Everyone,78-70-12701-2014,TransformOneToOne,MAG SALES,CC_BalSheet,false,
CHINA,UD3_Chempax_China,UD3_Chempax_China,U3,DetailCostCenter,Everyone,78-70-12702-2010,TransformOneToOne,FG-LIC EXT PURCHASE,CC_BalSheet,false,
CHINA,UD3_Chempax_China,UD3_Chempax_China,U3,DetailCostCenter,Everyone,78-70-12702-2011,TransformOneToOne,FG-LIC EXT USAGE,CC_BalSheet,false,
CHINA,UD3_Chempax_China,UD3_Chempax_China,U3,DetailCostCenter,Everyone,78-70-12702-2012,TransformOneToOne,FG-LIC EXT ADJUST,CC_BalSheet,false,
CHINA,UD3_Chempax_China,UD3_Chempax_China,U3,DetailCostCenter,Everyone,78-70-12702-2013,TransformOneToOne,FG-LIC EXT OUTPUT,CC_BalSheet,false,
CHINA,UD3_Chempax_China,UD3_Chempax_China,U3,DetailCostCenter,Everyone,78-70-12702-2014,TransformOneToOne,FG-LIC EXT SALES,CC_BalSheet,false,
CHINA,UD3_Chempax_China,UD3_Chempax_China,U3,DetailCostCenter,Everyone,78-70-12703-2010,TransformOneToOne,GYE/R21 PURCHASE,CC_BalSheet,false,
CHINA,UD3_Chempax_China,UD3_Chempax_China,U3,DetailCostCenter,Everyone,78-70-12703-2011,TransformOneToOne,GYE/R21 USAGE,CC_BalSheet,false,
CHINA,UD3_Chempax_China,UD3_Chempax_China,U3,DetailCostCenter,Everyone,78-70-12703-2012,TransformOneToOne,GYE/R21 ADJUST,CC_BalSheet,false,
CHINA,UD3_Chempax_China,UD3_Chempax_China,U3,DetailCostCenter,Everyone,78-70-12703-2013,TransformOneToOne,GYE/R21 OUTPUT,CC_BalSheet,false,
CHINA,UD3_Chempax_China,UD3_Chempax_China,U3,DetailCostCenter,Everyone,78-70-12703-2014,TransformOneToOne,GYE/R21 SALES,CC_BalSheet,false,
CHINA,UD3_Chempax_China,UD3_Chempax_China,U3,DetailCostCenter,Everyone,78-70-12803-,TransformOneToOne,IT INVENTORY,CC_BalSheet,false,
CHINA,UD3_Chempax_China,UD3_Chempax_China,U3,DetailCostCenter,Everyone,78-70-12806-,TransformOneToOne,INVENTORY ABSORPTION,CC_BalSheet,false,
CHINA,UD3_Chempax_China,UD3_Chempax_China,U3,DetailCostCenter,Everyone,78-70-13001-0001,TransformOneToOne,ADV.PMT GANSU FANZHI,CC_BalSheet,false,
CHINA,UD3_Chempax_China,UD3_Chempax_China,U3,DetailCostCenter,Everyone,78-70-13001-1,TransformOneToOne,ADVANCED PMT-EXPENSE,CC_BalSheet,false,
CHINA,UD3_Chempax_China,UD3_Chempax_China,U3,DetailCostCenter,Everyone,78-70-15902-,TransformOneToOne,EASY WORN ITEM,CC_BalSheet,false,
CHINA,UD3_Chempax_China,UD3_Chempax_China,U3,DetailCostCenter,Everyone,78-70-16102-,TransformOneToOne,FIXED ASSETS - BUILD,CC_BalSheet,false,
CHINA,UD3_Chempax_China,UD3_Chempax_China,U3,DetailCostCenter,Everyone,78-70-16300-,TransformOneToOne,FIXED ASSETS EQUIPME,CC_BalSheet,false,
CHINA,UD3_Chempax_China,UD3_Chempax_China,U3,DetailCostCenter,Everyone,78-70-16305-,TransformOneToOne,FIXED ASSETS OTHER,CC_BalSheet,false,
CHINA,UD3_Chempax_China,UD3_Chempax_China,U3,DetailCostCenter,Everyone,78-70-16308-,TransformOneToOne,FIXED ASSETS CAR,CC_BalSheet,false,
CHINA,UD3_Chempax_China,UD3_Chempax_China,U3,DetailCostCenter,Everyone,78-70-16501-,TransformOneToOne,CUMULATIVE DEPRECIAT,CC_BalSheet,false,
CHINA,UD3_Chempax_China,UD3_Chempax_China,U3,DetailCostCenter,Everyone,78-70-16901-,TransformOneToOne,CONSTRUCTION IN PROC,CC_BalSheet,false,
CHINA,UD3_Chempax_China,UD3_Chempax_China,U3,DetailCostCenter,Everyone,78-70-20101-,TransformOneToOne,SHORT TERM BORROW,CC_BalSheet,false,
CHINA,UD3_Chempax_China,UD3_Chempax_China,U3,DetailCostCenter,Everyone,78-70-20102-,TransformOneToOne,INTERESTS PAYABLE,CC_BalSheet,false,
CHINA,UD3_Chempax_China,UD3_Chempax_China,U3,DetailCostCenter,Everyone,78-70-20301-,TransformOneToOne,A/P THIRD PARTY,CC_BalSheet,false,
CHINA,UD3_Chempax_China,UD3_Chempax_China,U3,DetailCostCenter,Everyone,78-70-20301-0001,TransformOneToOne,A/P-AFFILIATE,CC_BalSheet,false,
CHINA,UD3_Chempax_China,UD3_Chempax_China,U3,DetailCostCenter,Everyone,78-70-20301-0002,TransformOneToOne,A/P-MAF INTERCO,CC_BalSheet,false,
CHINA,UD3_Chempax_China,UD3_Chempax_China,U3,DetailCostCenter,Everyone,78-70-20301-0004,TransformOneToOne,ACCU.P/T G.S.FANZHI,CC_BalSheet,false,
CHINA,UD3_Chempax_China,UD3_Chempax_China,U3,DetailCostCenter,Everyone,78-70-20301-0005,TransformOneToOne,ACCU.P/T ZFTZ,CC_BalSheet,false,
CHINA,UD3_Chempax_China,UD3_Chempax_China,U3,DetailCostCenter,Everyone,78-70-20301-0006,TransformOneToOne,A/P-EVD,CC_BalSheet,false,
CHINA,UD3_Chempax_China,UD3_Chempax_China,U3,DetailCostCenter,Everyone,78-70-20311-,TransformOneToOne,OTHER PAYABLES,CC_BalSheet,false,
CHINA,UD3_Chempax_China,UD3_Chempax_China,U3,DetailCostCenter,Everyone,78-70-20315-,TransformOneToOne,BEN.SERV.PAYABLE,CC_BalSheet,false,
CHINA,UD3_Chempax_China,UD3_Chempax_China,U3,DetailCostCenter,Everyone,78-70-20316-,TransformOneToOne,BEN.SERV.PAYABLE-RAY,CC_BalSheet,false,
CHINA,UD3_Chempax_China,UD3_Chempax_China,U3,DetailCostCenter,Everyone,78-70-20317-,TransformOneToOne,BEN.SERV. IIT - RAY,CC_BalSheet,false,
CHINA,UD3_Chempax_China,UD3_Chempax_China,U3,DetailCostCenter,Everyone,78-70-20401-,TransformOneToOne,ADV PMT FROM JV,CC_BalSheet,false,
CHINA,UD3_Chempax_China,UD3_Chempax_China,U3,DetailCostCenter,Everyone,78-70-20401-1,TransformOneToOne,ADVANCE PMT FM MAFCO,CC_BalSheet,false,
CHINA,UD3_Chempax_China,UD3_Chempax_China,U3,DetailCostCenter,Everyone,78-70-20401-4,TransformOneToOne,ADV PMT FM 3RD PARTY,CC_BalSheet,false,
CHINA,UD3_Chempax_China,UD3_Chempax_China,U3,DetailCostCenter,Everyone,78-70-20501-,TransformOneToOne,ACCT PAYABLE ACCURAL,CC_BalSheet,false,
CHINA,UD3_Chempax_China,UD3_Chempax_China,U3,DetailCostCenter,Everyone,78-70-21101-,TransformOneToOne,ACCURED PAYROLL,CC_BalSheet,false,
CHINA,UD3_Chempax_China,UD3_Chempax_China,U3,DetailCostCenter,Everyone,78-70-21102-,TransformOneToOne,ACCURED BONUS,CC_BalSheet,false,
CHINA,UD3_Chempax_China,UD3_Chempax_China,U3,DetailCostCenter,Everyone,78-70-21103-,TransformOneToOne,ACCRUED FREIGHT,CC_BalSheet,false,
CHINA,UD3_Chempax_China,UD3_Chempax_China,U3,DetailCostCenter,Everyone,78-70-21201-,TransformOneToOne,ACCRUED EXPENSE,CC_BalSheet,false,
CHINA,UD3_Chempax_China,UD3_Chempax_China,U3,DetailCostCenter,Everyone,78-70-21401-,TransformOneToOne,ACCURED WELFARE,CC_BalSheet,false,
CHINA,UD3_Chempax_China,UD3_Chempax_China,U3,DetailCostCenter,Everyone,78-70-22101-,TransformOneToOne,OTHER TAXES PAYABLES,CC_BalSheet,false,
CHINA,UD3_Chempax_China,UD3_Chempax_China,U3,DetailCostCenter,Everyone,78-70-22101-0001,TransformOneToOne,URBAN TAX PAYBALE,CC_BalSheet,false,
CHINA,UD3_Chempax_China,UD3_Chempax_China,U3,DetailCostCenter,Everyone,78-70-22102-,TransformOneToOne,TAX PAYABLE,CC_BalSheet,false,
CHINA,UD3_Chempax_China,UD3_Chempax_China,U3,DetailCostCenter,Everyone,78-70-22102-0001,TransformOneToOne,INPUT VAT TURN OUT,CC_BalSheet,false,
CHINA,UD3_Chempax_China,UD3_Chempax_China,U3,DetailCostCenter,Everyone,78-70-22102-0002,TransformOneToOne,VAT RETURN FOR EXPOR,CC_BalSheet,false,
CHINA,UD3_Chempax_China,UD3_Chempax_China,U3,DetailCostCenter,Everyone,78-70-22102-0003,TransformOneToOne,OUTPUT VAT,CC_BalSheet,false,
CHINA,UD3_Chempax_China,UD3_Chempax_China,U3,DetailCostCenter,Everyone,78-70-22102-0004,TransformOneToOne,PAID VAT,CC_BalSheet,false,
CHINA,UD3_Chempax_China,UD3_Chempax_China,U3,DetailCostCenter,Everyone,78-70-22104-,TransformOneToOne,PERSONAL INCOME TAX,CC_BalSheet,false,
CHINA,UD3_Chempax_China,UD3_Chempax_China,U3,DetailCostCenter,Everyone,78-70-22107-,TransformOneToOne,INCOME TAX PAYABLES,CC_BalSheet,false,
CHINA,UD3_Chempax_China,UD3_Chempax_China,U3,DetailCostCenter,Everyone,78-70-30101-,TransformOneToOne,CAPITAL CONTRIBUTION,CC_BalSheet,false,
CHINA,UD3_Chempax_China,UD3_Chempax_China,U3,DetailCostCenter,Everyone,78-70-31101-,TransformOneToOne,CAPITAL CUMULATION F,CC_BalSheet,false,
CHINA,UD3_Chempax_China,UD3_Chempax_China,U3,DetailCostCenter,Everyone,78-70-32201-,TransformOneToOne,UNDISTRIBUTE PROFIT,CC_BalSheet,false,
CHINA,UD3_Chempax_China,UD3_Chempax_China,U3,DetailCostCenter,Everyone,78-70-40301-,TransformOneToOne,FREIGHT OUT,MSC61170,false,
CHINA,UD3_Chempax_China,UD3_Chempax_China,U3,DetailCostCenter,Everyone,78-70-40302-,TransformOneToOne,MISC - INVOICE REVEN,MSC61170,false,
CHINA,UD3_Chempax_China,UD3_Chempax_China,U3,DetailCostCenter,Everyone,78-70-40303-,TransformOneToOne,FREIGHT IN,MSC61170,false,
CHINA,UD3_Chempax_China,UD3_Chempax_China,U3,DetailCostCenter,Everyone,78-70-40304-5130,TransformOneToOne,SELLING EXP. - SAMPL,MSC72300,false,
CHINA,UD3_Chempax_China,UD3_Chempax_China,U3,DetailCostCenter,Everyone,78-70-40305-5130,TransformOneToOne,SELLING EXP. - TRADE,MSC72400,false,
CHINA,UD3_Chempax_China,UD3_Chempax_China,U3,DetailCostCenter,Everyone,78-70-40306-,TransformOneToOne,FREIGHT,MSC61170,false,
CHINA,UD3_Chempax_China,UD3_Chempax_China,U3,DetailCostCenter,Everyone,78-70-40307-5130,TransformOneToOne,SELLING EXP. - SALAR,MSC73710,false,
CHINA,UD3_Chempax_China,UD3_Chempax_China,U3,DetailCostCenter,Everyone,78-70-40308-5130,TransformOneToOne,SELLING EXP. - WELFA,MSC73710,false,
CHINA,UD3_Chempax_China,UD3_Chempax_China,U3,DetailCostCenter,Everyone,78-70-40309-5130,TransformOneToOne,SELLING EXP. - TRAVE,MSC73545,false,
CHINA,UD3_Chempax_China,UD3_Chempax_China,U3,DetailCostCenter,Everyone,78-70-40310-5130,TransformOneToOne,SELLING EXP. - ENTER,MSC73545,false,
CHINA,UD3_Chempax_China,UD3_Chempax_China,U3,DetailCostCenter,Everyone,78-70-40311-5130,TransformOneToOne,SELLING EXP. - QUOTA,MSC72055,false,
CHINA,UD3_Chempax_China,UD3_Chempax_China,U3,DetailCostCenter,Everyone,78-70-50108-,TransformOneToOne,COGS-TAX&ASSO.CHARGE,MSC60160,false,
CHINA,UD3_Chempax_China,UD3_Chempax_China,U3,DetailCostCenter,Everyone,78-70-50108-0001,TransformOneToOne,TAX,MSC66121,false,
CHINA,UD3_Chempax_China,UD3_Chempax_China,U3,DetailCostCenter,Everyone,78-70-50110-,TransformOneToOne,COST of SALES-Packaging,MSC63601,false,
CHINA,UD3_Chempax_China,UD3_Chempax_China,U3,DetailCostCenter,Everyone,78-70-50200-2300,TransformOneToOne,WATER USED,MSC66121,false,
CHINA,UD3_Chempax_China,UD3_Chempax_China,U3,DetailCostCenter,Everyone,78-70-50202-2300,TransformOneToOne,GAS USED,MSC66121,false,
CHINA,UD3_Chempax_China,UD3_Chempax_China,U3,DetailCostCenter,Everyone,78-70-50203-2300,TransformOneToOne,ELECTRICITY,MSC66121,false,
CHINA,UD3_Chempax_China,UD3_Chempax_China,U3,DetailCostCenter,Everyone,78-70-50204-2300,TransformOneToOne,REPAIRS AND MAINTENA,MSC66121,false,
CHINA,UD3_Chempax_China,UD3_Chempax_China,U3,DetailCostCenter,Everyone,78-70-50205-2095,TransformOneToOne,SMB Direct Labor salary,MSC66113,false,
CHINA,UD3_Chempax_China,UD3_Chempax_China,U3,DetailCostCenter,Everyone,78-70-50205-2300,TransformOneToOne,FACTORY LABOR,MSC66121,false,
CHINA,UD3_Chempax_China,UD3_Chempax_China,U3,DetailCostCenter,Everyone,78-70-50206-2095,TransformOneToOne,SMB Direct Labor welfare,MSC66113,false,
CHINA,UD3_Chempax_China,UD3_Chempax_China,U3,DetailCostCenter,Everyone,78-70-50206-2300,TransformOneToOne,WELFARES-FACTORY,MSC66121,false,
CHINA,UD3_Chempax_China,UD3_Chempax_China,U3,DetailCostCenter,Everyone,78-70-50207-2300,TransformOneToOne,DEPRECIATION,MSC64000,false,
CHINA,UD3_Chempax_China,UD3_Chempax_China,U3,DetailCostCenter,Everyone,78-70-50210-2095,TransformOneToOne,PROFESSIONAL SERVICE,MSC66113,false,
CHINA,UD3_Chempax_China,UD3_Chempax_China,U3,DetailCostCenter,Everyone,78-70-50210-2300,TransformOneToOne,PROFESSIONAL SERVICE,MSC66121,false,
CHINA,UD3_Chempax_China,UD3_Chempax_China,U3,DetailCostCenter,Everyone,78-70-50211-2300,TransformOneToOne,OTHER-PRODUCTION,MSC66121,false,
CHINA,UD3_Chempax_China,UD3_Chempax_China,U3,DetailCostCenter,Everyone,78-70-50214-2095,TransformOneToOne,SMB Indirect Labor salary,MSC66113,false,
CHINA,UD3_Chempax_China,UD3_Chempax_China,U3,DetailCostCenter,Everyone,78-70-50214-2300,TransformOneToOne,SUPERVISOR SALARIES,MSC66121,false,
CHINA,UD3_Chempax_China,UD3_Chempax_China,U3,DetailCostCenter,Everyone,78-70-50215-2095,TransformOneToOne,SMB Indirect Labor welfare,MSC66113,false,
CHINA,UD3_Chempax_China,UD3_Chempax_China,U3,DetailCostCenter,Everyone,78-70-50215-2300,TransformOneToOne,SUPERVISOR WELFARE,MSC66121,false,
CHINA,UD3_Chempax_China,UD3_Chempax_China,U3,DetailCostCenter,Everyone,78-70-50216-2300,TransformOneToOne,FREIGHT CHARGE,MSC61170,false,
CHINA,UD3_Chempax_China,UD3_Chempax_China,U3,DetailCostCenter,Everyone,78-70-50217-2300,TransformOneToOne,PACKAGING USAGE MAG,MSC67900,false,
CHINA,UD3_Chempax_China,UD3_Chempax_China,U3,DetailCostCenter,Everyone,78-70-50219-2300,TransformOneToOne,UNIFORM & SAFETY MAG,MSC66121,false,
CHINA,UD3_Chempax_China,UD3_Chempax_China,U3,DetailCostCenter,Everyone,78-70-50221-2095,TransformOneToOne,Safety Expenses,MSC66113,false,
CHINA,UD3_Chempax_China,UD3_Chempax_China,U3,DetailCostCenter,Everyone,78-70-50221-2300,TransformOneToOne,SAFETY EXPENSES,MSC66121,false,
CHINA,UD3_Chempax_China,UD3_Chempax_China,U3,DetailCostCenter,Everyone,78-70-50224-2300,TransformOneToOne,LAB-EXPENSE,MSC66121,false,
CHINA,UD3_Chempax_China,UD3_Chempax_China,U3,DetailCostCenter,Everyone,78-70-50225-2095,TransformOneToOne,Overhead on Idle Time,MSC66113,false,
CHINA,UD3_Chempax_China,UD3_Chempax_China,U3,DetailCostCenter,Everyone,78-70-50302-,TransformOneToOne,PURCHASE VARIANCE-EX,MSC67900,false,
CHINA,UD3_Chempax_China,UD3_Chempax_China,U3,DetailCostCenter,Everyone,78-70-50303-,TransformOneToOne,PURCHASE VARIANCE-OT,MSC67900,false,
CHINA,UD3_Chempax_China,UD3_Chempax_China,U3,DetailCostCenter,Everyone,78-70-50311-,TransformOneToOne,INVENTORY ADJ-RAW MA,MSC67900,false,
CHINA,UD3_Chempax_China,UD3_Chempax_China,U3,DetailCostCenter,Everyone,78-70-50313-,TransformOneToOne,INVENTORY ADJ-FINISH,MSC67900,false,
CHINA,UD3_Chempax_China,UD3_Chempax_China,U3,DetailCostCenter,Everyone,78-70-50315-,TransformOneToOne,Stock Adjustment,MSC67900,false,
CHINA,UD3_Chempax_China,UD3_Chempax_China,U3,DetailCostCenter,Everyone,78-70-50316-,TransformOneToOne,INVENTORY ADJ-CHEMIC,MSC63601,false,
CHINA,UD3_Chempax_China,UD3_Chempax_China,U3,DetailCostCenter,Everyone,78-70-50317-,TransformOneToOne,Stock Adjustment - Raw Materials,MSC63601,false,
CHINA,UD3_Chempax_China,UD3_Chempax_China,U3,DetailCostCenter,Everyone,78-70-50321-2300,TransformOneToOne,OVERHEAD ABSORBED MF,MSC67900,false,
CHINA,UD3_Chempax_China,UD3_Chempax_China,U3,DetailCostCenter,Everyone,78-70-50334-,TransformOneToOne,Variances - Other,MSC63601,false,
CHINA,UD3_Chempax_China,UD3_Chempax_China,U3,DetailCostCenter,Everyone,78-70-51101-,TransformOneToOne,SALARIES,MSC73710,false,
CHINA,UD3_Chempax_China,UD3_Chempax_China,U3,DetailCostCenter,Everyone,78-70-51101-5130,TransformOneToOne,SALARIES-SALES,MSC73710,false,
CHINA,UD3_Chempax_China,UD3_Chempax_China,U3,DetailCostCenter,Everyone,78-70-51102-,TransformOneToOne,WELFARES,MSC73710,false,
CHINA,UD3_Chempax_China,UD3_Chempax_China,U3,DetailCostCenter,Everyone,78-70-51102-5130,TransformOneToOne,WELFARES-SALES,MSC73710,false,
CHINA,UD3_Chempax_China,UD3_Chempax_China,U3,DetailCostCenter,Everyone,78-70-51104-5130,TransformOneToOne,RENTAL EXP.-SALES,MSC73545,false,
CHINA,UD3_Chempax_China,UD3_Chempax_China,U3,DetailCostCenter,Everyone,78-70-51105-5091,TransformOneToOne,INSURANCE-ADMIN,MSC73545,false,
CHINA,UD3_Chempax_China,UD3_Chempax_China,U3,DetailCostCenter,Everyone,78-70-51105-5130,TransformOneToOne,INSURANCE-SALES,MSC73545,false,
CHINA,UD3_Chempax_China,UD3_Chempax_China,U3,DetailCostCenter,Everyone,78-70-51106-2126,TransformOneToOne,OFFICE EXP.-PURCHASE,MSC73545,false,
CHINA,UD3_Chempax_China,UD3_Chempax_China,U3,DetailCostCenter,Everyone,78-70-51106-5001,TransformOneToOne,OFFICE EXP.-FINANCE,MSC73545,false,
CHINA,UD3_Chempax_China,UD3_Chempax_China,U3,DetailCostCenter,Everyone,78-70-51106-5002,TransformOneToOne,OFFICE EXP.-HR,MSC73545,false,
CHINA,UD3_Chempax_China,UD3_Chempax_China,U3,DetailCostCenter,Everyone,78-70-51106-5005,TransformOneToOne,OFFICE EXP.-LEGAL,MSC73545,false,
CHINA,UD3_Chempax_China,UD3_Chempax_China,U3,DetailCostCenter,Everyone,78-70-51106-5006,TransformOneToOne,OFFICE EXP.-IT,MSC73545,false,
CHINA,UD3_Chempax_China,UD3_Chempax_China,U3,DetailCostCenter,Everyone,78-70-51106-5091,TransformOneToOne,OFFICE EXP.-ADMIN,MSC73545,false,
CHINA,UD3_Chempax_China,UD3_Chempax_China,U3,DetailCostCenter,Everyone,78-70-51106-5130,TransformOneToOne,OFFICE EXP.-SALES,MSC73545,false,
CHINA,UD3_Chempax_China,UD3_Chempax_China,U3,DetailCostCenter,Everyone,78-70-51107-2126,TransformOneToOne,PRO. SRVS.-PURCHASE,MSC73545,false,
CHINA,UD3_Chempax_China,UD3_Chempax_China,U3,DetailCostCenter,Everyone,78-70-51107-5001,TransformOneToOne,PRO. SRVS.-FINANCE,MSC73545,false,
CHINA,UD3_Chempax_China,UD3_Chempax_China,U3,DetailCostCenter,Everyone,78-70-51107-5002,TransformOneToOne,PRO. SRVS.-HR,MSC73545,false,
CHINA,UD3_Chempax_China,UD3_Chempax_China,U3,DetailCostCenter,Everyone,78-70-51107-5005,TransformOneToOne,PRO. SRVS.-LEGAL,MSC73545,false,
CHINA,UD3_Chempax_China,UD3_Chempax_China,U3,DetailCostCenter,Everyone,78-70-51107-5006,TransformOneToOne,PRO. SRVS.-IT,MSC73545,false,
CHINA,UD3_Chempax_China,UD3_Chempax_China,U3,DetailCostCenter,Everyone,78-70-51107-5091,TransformOneToOne,PRO. SRVS.-ADMIN,MSC73545,false,
CHINA,UD3_Chempax_China,UD3_Chempax_China,U3,DetailCostCenter,Everyone,78-70-51107-5130,TransformOneToOne,PRO. SRVS.-SALES,MSC73545,false,
CHINA,UD3_Chempax_China,UD3_Chempax_China,U3,DetailCostCenter,Everyone,78-70-51108-2126,TransformOneToOne,TRAVEL-PURCHASE,MSC73545,false,
CHINA,UD3_Chempax_China,UD3_Chempax_China,U3,DetailCostCenter,Everyone,78-70-51108-5001,TransformOneToOne,TRAVEL-FINANCE,MSC73545,false,
CHINA,UD3_Chempax_China,UD3_Chempax_China,U3,DetailCostCenter,Everyone,78-70-51108-5002,TransformOneToOne,TRAVEL-HR,MSC73545,false,
CHINA,UD3_Chempax_China,UD3_Chempax_China,U3,DetailCostCenter,Everyone,78-70-51108-5005,TransformOneToOne,TRAVEL-LEGAL,MSC73545,false,
CHINA,UD3_Chempax_China,UD3_Chempax_China,U3,DetailCostCenter,Everyone,78-70-51108-5006,TransformOneToOne,TRAVEL-IT,MSC73545,false,
CHINA,UD3_Chempax_China,UD3_Chempax_China,U3,DetailCostCenter,Everyone,78-70-51108-5091,TransformOneToOne,TRAVEL-ADMIN,MSC73545,false,
CHINA,UD3_Chempax_China,UD3_Chempax_China,U3,DetailCostCenter,Everyone,78-70-51108-5130,TransformOneToOne,TRAVEL-SALES,MSC73545,false,
CHINA,UD3_Chempax_China,UD3_Chempax_China,U3,DetailCostCenter,Everyone,78-70-51109-5091,TransformOneToOne,DEPRECIATION-ADMIN,MSC73545,false,
CHINA,UD3_Chempax_China,UD3_Chempax_China,U3,DetailCostCenter,Everyone,78-70-51110-5091,TransformOneToOne,COMMUNICATION-ADMIN,MSC73545,false,
CHINA,UD3_Chempax_China,UD3_Chempax_China,U3,DetailCostCenter,Everyone,78-70-51110-5130,TransformOneToOne,COMMUNICATIONS-SALES,MSC73545,false,
CHINA,UD3_Chempax_China,UD3_Chempax_China,U3,DetailCostCenter,Everyone,78-70-51113-5091,TransformOneToOne,MISC.-ADMIN,MSC73545,false,
CHINA,UD3_Chempax_China,UD3_Chempax_China,U3,DetailCostCenter,Everyone,78-70-51119-,TransformOneToOne,SOCIAL SECURITY,MSC73545,false,
CHINA,UD3_Chempax_China,UD3_Chempax_China,U3,DetailCostCenter,Everyone,78-70-51119-5130,TransformOneToOne,SOCIAL SEC.-SALES,MSC73545,false,
CHINA,UD3_Chempax_China,UD3_Chempax_China,U3,DetailCostCenter,Everyone,78-70-51120-5091,TransformOneToOne,UNLOADING FEE-ADMIN,MSC73545,false,
CHINA,UD3_Chempax_China,UD3_Chempax_China,U3,DetailCostCenter,Everyone,78-70-51122-5091,TransformOneToOne,MAIL-ADMIN,MSC73545,false,
CHINA,UD3_Chempax_China,UD3_Chempax_China,U3,DetailCostCenter,Everyone,78-70-51122-5130,TransformOneToOne,MAIL-SALES,MSC73545,false,
CHINA,UD3_Chempax_China,UD3_Chempax_China,U3,DetailCostCenter,Everyone,78-70-51124-,TransformOneToOne,HOUSING FUND,MSC73545,false,
CHINA,UD3_Chempax_China,UD3_Chempax_China,U3,DetailCostCenter,Everyone,78-70-51124-5130,TransformOneToOne,HOUSING FUND-SALES,MSC73545,false,
CHINA,UD3_Chempax_China,UD3_Chempax_China,U3,DetailCostCenter,Everyone,78-70-51125-,TransformOneToOne,STORAGE CHARGE,MSC73545,false,
CHINA,UD3_Chempax_China,UD3_Chempax_China,U3,DetailCostCenter,Everyone,78-70-51127-2126,TransformOneToOne,ENTERTAIN-PURCHASE,MSC73545,false,
CHINA,UD3_Chempax_China,UD3_Chempax_China,U3,DetailCostCenter,Everyone,78-70-51127-5001,TransformOneToOne,ENTERTAIN-FINANCE,MSC73545,false,
CHINA,UD3_Chempax_China,UD3_Chempax_China,U3,DetailCostCenter,Everyone,78-70-51127-5002,TransformOneToOne,ENTERTAIN-HR,MSC73545,false,
CHINA,UD3_Chempax_China,UD3_Chempax_China,U3,DetailCostCenter,Everyone,78-70-51127-5005,TransformOneToOne,ENTERTAIN-LEGAL,MSC73545,false,
CHINA,UD3_Chempax_China,UD3_Chempax_China,U3,DetailCostCenter,Everyone,78-70-51127-5006,TransformOneToOne,ENTERTAIN-IT,MSC73545,false,
CHINA,UD3_Chempax_China,UD3_Chempax_China,U3,DetailCostCenter,Everyone,78-70-51127-5091,TransformOneToOne,ENTERTAIN-ADMIN,MSC73545,false,
CHINA,UD3_Chempax_China,UD3_Chempax_China,U3,DetailCostCenter,Everyone,78-70-51127-5130,TransformOneToOne,ENTERTAIN-SALES,MSC73545,false,
CHINA,UD3_Chempax_China,UD3_Chempax_China,U3,DetailCostCenter,Everyone,78-70-51137-,TransformOneToOne,TRADE UNION,MSC73545,false,
CHINA,UD3_Chempax_China,UD3_Chempax_China,U3,DetailCostCenter,Everyone,78-70-51139-5091,TransformOneToOne,CAR-ADMIN,MSC73545,false,
CHINA,UD3_Chempax_China,UD3_Chempax_China,U3,DetailCostCenter,Everyone,78-70-51139-5130,TransformOneToOne,CAR-SALES,MSC73545,false,
CHINA,UD3_Chempax_China,UD3_Chempax_China,U3,DetailCostCenter,Everyone,78-70-51140-,TransformOneToOne,REORGANIZATION EXP.,MSC73545,false,
CHINA,UD3_Chempax_China,UD3_Chempax_China,U3,DetailCostCenter,Everyone,78-70-51142-,TransformOneToOne,IC BENEFICIAL SERVIC,MSC73545,false,
CHINA,UD3_Chempax_China,UD3_Chempax_China,U3,DetailCostCenter,Everyone,78-70-51143-,TransformOneToOne,MF BENEFICIAL SERVIC,MSC73545,false,
CHINA,UD3_Chempax_China,UD3_Chempax_China,U3,DetailCostCenter,Everyone,78-70-51144-,TransformOneToOne,BEN. SERVICES INCOME,MSC73545,false,
CHINA,UD3_Chempax_China,UD3_Chempax_China,U3,DetailCostCenter,Everyone,78-70-51145-,TransformOneToOne,FH BENEFICIAL SERVIC,MSC73545,false,
CHINA,UD3_Chempax_China,UD3_Chempax_China,U3,DetailCostCenter,Everyone,78-70-51146-,TransformOneToOne,FH BEN. SERV. INCOME,MSC73545,false,
CHINA,UD3_Chempax_China,UD3_Chempax_China,U3,DetailCostCenter,Everyone,78-70-51147-,TransformOneToOne,IC BEN.SER.-OTHER OP,MSC73545,false,
CHINA,UD3_Chempax_China,UD3_Chempax_China,U3,DetailCostCenter,Everyone,78-70-51149-5095,TransformOneToOne,Overhead on Idle Time,MSC74502,false,
CHINA,UD3_Chempax_China,UD3_Chempax_China,U3,DetailCostCenter,Everyone,78-70-51200-0024,TransformOneToOne,IC Beneficial Servic - ZFTZ,MSC73545,false,
CHINA,UD3_Chempax_China,UD3_Chempax_China,U3,DetailCostCenter,Everyone,78-70-51200-5091,TransformOneToOne,IC Beneficial Servic,MSC73545,false,
CHINA,UD3_Chempax_China,UD3_Chempax_China,U3,DetailCostCenter,Everyone,78-70-51201-5091,TransformOneToOne,IC Beneficial Servic,MSC73545,false,
CHINA,UD3_Chempax_China,UD3_Chempax_China,U3,DetailCostCenter,Everyone,78-70-51202-5091,TransformOneToOne,IC Beneficial Servic,MSC73545,false,
CHINA,UD3_Chempax_China,UD3_Chempax_China,U3,DetailCostCenter,Everyone,78-70-52202-,TransformOneToOne,Bank Charges,MSC73900,false,
CHINA,UD3_Chempax_China,UD3_Chempax_China,U3,DetailCostCenter,Everyone,78-70-53000-5091,TransformOneToOne,Fixed Asset Write-off,MSC73900,false,
CHINA,UD3_Chempax_China,UD3_Chempax_China,U3,DetailCostCenter,Everyone,78-76-16102-,TransformOneToOne,FIXED ASSETS - BUILD,CC_BalSheet,false,
CHINA,UD3_Chempax_China,UD3_Chempax_China,U3,DetailCostCenter,Everyone,78-76-16300-,TransformOneToOne,FIXED ASSETS EQUIPME,CC_BalSheet,false,
CHINA,UD3_Chempax_China,UD3_Chempax_China,U3,DetailCostCenter,Everyone,78-76-16305-,TransformOneToOne,FIXED ASSETS OTHER,CC_BalSheet,false,
CHINA,UD3_Chempax_China,UD3_Chempax_China,U3,DetailCostCenter,Everyone,78-76-16308-,TransformOneToOne,FIXED ASSETS-CAR,CC_BalSheet,false,
CHINA,UD3_Chempax_China,UD3_Chempax_China,U3,DetailCostCenter,Everyone,78-76-16501-,TransformOneToOne,CUMULATIVE DEPRECIAT,CC_BalSheet,false,
CHINA,UD3_Chempax_China,UD3_Chempax_China,U3,DetailCostCenter,Everyone,78-76-16501-0001,TransformOneToOne,CUMULATIVE DEP-REV,CC_BalSheet,false,
CHINA,UD3_Chempax_China,UD3_Chempax_China,U3,DetailCostCenter,Everyone,78-76-16503-,TransformOneToOne,ACCUM.DEP.-BUILDING,CC_BalSheet,false,
CHINA,UD3_Chempax_China,UD3_Chempax_China,U3,DetailCostCenter,Everyone,78-76-16504-,TransformOneToOne,ACCUM.DEP.-EQUIPMENT,CC_BalSheet,false,
CHINA,UD3_Chempax_China,UD3_Chempax_China,U3,DetailCostCenter,Everyone,78-76-16505-,TransformOneToOne,ACCUM.DEP.-LAB,CC_BalSheet,false,
CHINA,UD3_Chempax_China,UD3_Chempax_China,U3,DetailCostCenter,Everyone,78-76-16506-,TransformOneToOne,ACCUM.DEP.-FURNITURE,CC_BalSheet,false,
CHINA,UD3_Chempax_China,UD3_Chempax_China,U3,DetailCostCenter,Everyone,78-76-16507-,TransformOneToOne,ACCUM.DEP.-CAR,CC_BalSheet,false,
CHINA,UD3_Chempax_China,UD3_Chempax_China,U3,DetailCostCenter,Everyone,78-76-16901-,TransformOneToOne,CONSTRUCTION IN PROC,CC_BalSheet,false,
CHINA,UD3_Chempax_China,UD3_Chempax_China,U3,DetailCostCenter,Everyone,78-76-17001-,TransformOneToOne,OPT LEASE ROU ASSETS,CC_BalSheet,false,
CHINA,UD3_Chempax_China,UD3_Chempax_China,U3,DetailCostCenter,Everyone,78-76-17304-,TransformOneToOne,GOODWILL - PPA,CC_BalSheet,false,
CHINA,UD3_Chempax_China,UD3_Chempax_China,U3,DetailCostCenter,Everyone,78-76-19900-,TransformOneToOne,DEFERRED TAX ASSET,CC_BalSheet,false,
CHINA,UD3_Chempax_China,UD3_Chempax_China,U3,DetailCostCenter,Everyone,78-76-22107-,TransformOneToOne,INCOME TAX PAYABLES,CC_BalSheet,false,
CHINA,UD3_Chempax_China,UD3_Chempax_China,U3,DetailCostCenter,Everyone,78-76-23101-,TransformOneToOne,OPT LEASE LIAB. CURR,CC_BalSheet,false,
CHINA,UD3_Chempax_China,UD3_Chempax_China,U3,DetailCostCenter,Everyone,78-76-25101-,TransformOneToOne,OPT LEASE LIAB. N-CU,CC_BalSheet,false,
CHINA,UD3_Chempax_China,UD3_Chempax_China,U3,DetailCostCenter,Everyone,78-76-32201-,TransformOneToOne,RETAINED EARNINGS,CC_BalSheet,false,
CHINA,UD3_Chempax_China,UD3_Chempax_China,U3,DetailCostCenter,Everyone,78-76-50207-,TransformOneToOne,DEPRECIATION - OH,MSC64000,false,
CHINA,UD3_Chempax_China,UD3_Chempax_China,U3,DetailCostCenter,Everyone,78-76-50207-0001,TransformOneToOne,DEPRECIATION-OH-REV,MSC64000,false,
CHINA,UD3_Chempax_China,UD3_Chempax_China,U3,DetailCostCenter,Everyone,78-76-50211-2300,TransformOneToOne,OTHER-PRODUCTION,MZC66121,false,
CHINA,UD3_Chempax_China,UD3_Chempax_China,U3,DetailCostCenter,Everyone,78-76-51109-,TransformOneToOne,DEPRECIATION - SGA,MSC64000,false,
CHINA,UD3_Chempax_China,UD3_Chempax_China,U3,DetailCostCenter,Everyone,78-76-51109-0001,TransformOneToOne,DEPRECIATION-SGA-REV,MSC64000,false,
CHINA,UD3_Chempax_China,UD3_Chempax_China,U3,DetailCostCenter,Everyone,78-76-51125-0001,TransformOneToOne,OPT LEASE EXP. FIXED,MSC73545,false,
CHINA,UD3_Chempax_China,UD3_Chempax_China,U3,DetailCostCenter,Everyone,78-76-51125-0002,TransformOneToOne,OPT LEASE EXP. VARI,MSC73545,false,
CHINA,UD3_Chempax_China,UD3_Chempax_China,U3,DetailCostCenter,Everyone,78-76-51126-5091,TransformOneToOne,TAX&ASSO.CHARGE,MSC73545,false,
CHINA,UD3_Chempax_China,UD3_Chempax_China,U3,DetailCostCenter,Everyone,78-76-52204-,TransformOneToOne,FOREIGN EXCHANGE GAIN/LOSS,CC_NonOpAccts,false,
CHINA,UD3_Chempax_China,UD3_Chempax_China,U3,DetailCostCenter,Everyone,78-76-53000-5091,TransformOneToOne,Fixed Asset Write-off,MSC73900,false,
CHINA,UD3_Chempax_China,UD3_Chempax_China,U3,DetailCostCenter,Everyone,Mask,TransformMask,NA,(Unassigned),false,*
EVD,UD3_Chempax_EVD,UD3_Chempax_EVD,U3,DetailCostCenter,Everyone,55-00-40980000-,TransformOneToOne,RRR A OBTENIR (Energy Refund),CC_BalSheet,false,
EVD,UD3_Chempax_EVD,UD3_Chempax_EVD,U3,DetailCostCenter,Everyone,55-00-41980000-,TransformOneToOne,CLIENT AVOIR A ETABL (AR Accurals),CC_BalSheet,false,
EVD,UD3_Chempax_EVD,UD3_Chempax_EVD,U3,DetailCostCenter,Everyone,55-00-44586000-,TransformOneToOne,TAXE SUR LE CA FNP,CC_BalSheet,false,
EVD,UD3_Chempax_EVD,UD3_Chempax_EVD,U3,DetailCostCenter,Everyone,55-00-60211010-2070,TransformOneToOne,AUTRES MATIERES INCO,MEF63604,false,
EVD,UD3_Chempax_EVD,UD3_Chempax_EVD,U3,DetailCostCenter,Everyone,55-00-60211010-2095,TransformOneToOne,Other Materials,MEF66113,false,
EVD,UD3_Chempax_EVD,UD3_Chempax_EVD,U3,DetailCostCenter,Everyone,55-00-60211090-,TransformOneToOne,AMIDON DE MAIS,MEF63604,false,
EVD,UD3_Chempax_EVD,UD3_Chempax_EVD,U3,DetailCostCenter,Everyone,55-00-60211094-,TransformOneToOne,ENVERTAZE BIOINVERT,MEF63604,false,
EVD,UD3_Chempax_EVD,UD3_Chempax_EVD,U3,DetailCostCenter,Everyone,55-00-60212010-,TransformOneToOne,SOUDE,MEF63604,false,
EVD,UD3_Chempax_EVD,UD3_Chempax_EVD,U3,DetailCostCenter,Everyone,55-00-60212090-,TransformOneToOne,ACIDE SULFURIQUE,MEF63604,false,
EVD,UD3_Chempax_EVD,UD3_Chempax_EVD,U3,DetailCostCenter,Everyone,55-00-60212091-,TransformOneToOne,ALCALI,MEF63604,false,
EVD,UD3_Chempax_EVD,UD3_Chempax_EVD,U3,DetailCostCenter,Everyone,55-00-60212092-,TransformOneToOne,AIR PLAST,MEF63604,false,
EVD,UD3_Chempax_EVD,UD3_Chempax_EVD,U3,DetailCostCenter,Everyone,55-00-60212094-,TransformOneToOne,BS 12,MEF63604,false,
EVD,UD3_Chempax_EVD,UD3_Chempax_EVD,U3,DetailCostCenter,Everyone,55-00-60212095-,TransformOneToOne,CARBONATE DE SOUDE,MEF63604,false,
EVD,UD3_Chempax_EVD,UD3_Chempax_EVD,U3,DetailCostCenter,Everyone,55-00-60212098-,TransformOneToOne,RS 270,MEF63604,false,
EVD,UD3_Chempax_EVD,UD3_Chempax_EVD,U3,DetailCostCenter,Everyone,55-00-60212099-,TransformOneToOne,SEL,MEF63604,false,
EVD,UD3_Chempax_EVD,UD3_Chempax_EVD,U3,DetailCostCenter,Everyone,55-00-60212100-,TransformOneToOne,TRESOLIN ST,MEF63604,false,
EVD,UD3_Chempax_EVD,UD3_Chempax_EVD,U3,DetailCostCenter,Everyone,55-00-60212101-,TransformOneToOne,AS 220 REACTIF,MEF63604,false,
EVD,UD3_Chempax_EVD,UD3_Chempax_EVD,U3,DetailCostCenter,Everyone,55-00-60212102-,TransformOneToOne,BIO DETER RS800,MEF63604,false,
EVD,UD3_Chempax_EVD,UD3_Chempax_EVD,U3,DetailCostCenter,Everyone,55-00-60212103-,TransformOneToOne,PRODUITS TRT EAUX,MEF63604,false,
EVD,UD3_Chempax_EVD,UD3_Chempax_EVD,U3,DetailCostCenter,Everyone,55-00-60212114-,TransformOneToOne,REACTIF WR 600,MEF63604,false,
EVD,UD3_Chempax_EVD,UD3_Chempax_EVD,U3,DetailCostCenter,Everyone,55-00-60221000-,TransformOneToOne,FUEL LOURD,MEF63604,false,
EVD,UD3_Chempax_EVD,UD3_Chempax_EVD,U3,DetailCostCenter,Everyone,55-00-60221010-,TransformOneToOne,FUEL OIL DOMESTIC,MEF63604,false,
EVD,UD3_Chempax_EVD,UD3_Chempax_EVD,U3,DetailCostCenter,Everyone,55-00-60221050-,TransformOneToOne,GAZ,MEF63604,false,
EVD,UD3_Chempax_EVD,UD3_Chempax_EVD,U3,DetailCostCenter,Everyone,55-00-60221060-,TransformOneToOne,GAZ CHARIOTS,MEF63604,false,
EVD,UD3_Chempax_EVD,UD3_Chempax_EVD,U3,DetailCostCenter,Everyone,55-00-60260000-,TransformOneToOne,ACHATS EMBALLAGES,MEF63604,false,
EVD,UD3_Chempax_EVD,UD3_Chempax_EVD,U3,DetailCostCenter,Everyone,55-00-60260000-2070,TransformOneToOne,ACHATS EMBALLAGES,MEF63604,false,
EVD,UD3_Chempax_EVD,UD3_Chempax_EVD,U3,DetailCostCenter,Everyone,55-00-60260000-2095,TransformOneToOne,ACHATS EMBALLAGES,MEF66113,false,
EVD,UD3_Chempax_EVD,UD3_Chempax_EVD,U3,DetailCostCenter,Everyone,55-00-60300000-2050,TransformOneToOne,VARIANCE SUR PRIX,MEF67900,false,
EVD,UD3_Chempax_EVD,UD3_Chempax_EVD,U3,DetailCostCenter,Everyone,55-00-60301000-2050,TransformOneToOne,VAR to be mapped,MEF63604,false,
EVD,UD3_Chempax_EVD,UD3_Chempax_EVD,U3,DetailCostCenter,Everyone,55-00-60311000-2060,TransformOneToOne,VAR RACINES PPV,MEF63604,false,
EVD,UD3_Chempax_EVD,UD3_Chempax_EVD,U3,DetailCostCenter,Everyone,55-00-60311001-2060,TransformOneToOne,VAR RACINES AJUSTM,MEF66500,false,
EVD,UD3_Chempax_EVD,UD3_Chempax_EVD,U3,DetailCostCenter,Everyone,55-00-60311003-2060,TransformOneToOne,VAR STCK RACINE FIFO,MEF63604,false,
EVD,UD3_Chempax_EVD,UD3_Chempax_EVD,U3,DetailCostCenter,Everyone,55-00-60312000-2060,TransformOneToOne,VAR STCK SUC IMP PPV,MEF63604,false,
EVD,UD3_Chempax_EVD,UD3_Chempax_EVD,U3,DetailCostCenter,Everyone,55-00-60312001-2060,TransformOneToOne,VAR ST SUC IMP AJUST,MEF63604,false,
EVD,UD3_Chempax_EVD,UD3_Chempax_EVD,U3,DetailCostCenter,Everyone,55-00-60312003-2060,TransformOneToOne,VAR STK SUC IMP FIFO,MEF63604,false,
EVD,UD3_Chempax_EVD,UD3_Chempax_EVD,U3,DetailCostCenter,Everyone,55-00-60313000-2060,TransformOneToOne,VAR STOCK GMA PPV,MEF63604,false,
EVD,UD3_Chempax_EVD,UD3_Chempax_EVD,U3,DetailCostCenter,Everyone,55-00-60313001-2060,TransformOneToOne,VAR STOCK GMA AJUST,MEF66500,false,
EVD,UD3_Chempax_EVD,UD3_Chempax_EVD,U3,DetailCostCenter,Everyone,55-00-60313003-2060,TransformOneToOne,VAR STOCK GMA FIFO,MEF63604,false,
EVD,UD3_Chempax_EVD,UD3_Chempax_EVD,U3,DetailCostCenter,Everyone,55-00-60317000-2060,TransformOneToOne,VAR STCK AUT MAT PPV,MEF63604,false,
EVD,UD3_Chempax_EVD,UD3_Chempax_EVD,U3,DetailCostCenter,Everyone,55-00-60322100-2060,TransformOneToOne,VAR STOCK FUEL PPV,MEF63604,false,
EVD,UD3_Chempax_EVD,UD3_Chempax_EVD,U3,DetailCostCenter,Everyone,55-00-60322102-2060,TransformOneToOne,VAR STOCK FUEL AJUST,MEF66500,false,
EVD,UD3_Chempax_EVD,UD3_Chempax_EVD,U3,DetailCostCenter,Everyone,55-00-60322103-2060,TransformOneToOne,VAR STOCK PF AJUST,MEF63604,false,
EVD,UD3_Chempax_EVD,UD3_Chempax_EVD,U3,DetailCostCenter,Everyone,55-00-60322104-2060,TransformOneToOne,VAR STK MAGNAS AJUST,MEF63604,false,
EVD,UD3_Chempax_EVD,UD3_Chempax_EVD,U3,DetailCostCenter,Everyone,55-00-60322105-2060,TransformOneToOne,VAR STK ENCOUR AJUST,MEF63604,false,
EVD,UD3_Chempax_EVD,UD3_Chempax_EVD,U3,DetailCostCenter,Everyone,55-00-60322106-2060,TransformOneToOne,VAR STK AUT MAT AJUS,MEF63604,false,
EVD,UD3_Chempax_EVD,UD3_Chempax_EVD,U3,DetailCostCenter,Everyone,55-00-60322200-2060,TransformOneToOne,VAR STOCK P.R. PPV,MEF67900,false,
EVD,UD3_Chempax_EVD,UD3_Chempax_EVD,U3,DetailCostCenter,Everyone,55-00-60322302-2060,TransformOneToOne,VAR STOCK P.R.AJUST,MEF66500,false,
EVD,UD3_Chempax_EVD,UD3_Chempax_EVD,U3,DetailCostCenter,Everyone,55-00-60326000-2060,TransformOneToOne,VAR STOCK EMB PPV,MEF63604,false,
EVD,UD3_Chempax_EVD,UD3_Chempax_EVD,U3,DetailCostCenter,Everyone,55-00-60326002-2060,TransformOneToOne,VAR STOCK EMB AJUST,MEF66500,false,
EVD,UD3_Chempax_EVD,UD3_Chempax_EVD,U3,DetailCostCenter,Everyone,55-00-60611000-,TransformOneToOne,EAU,MEF63604,false,
EVD,UD3_Chempax_EVD,UD3_Chempax_EVD,U3,DetailCostCenter,Everyone,55-00-60611010-,TransformOneToOne,POLLUTION/ASSAIN,MEF63604,false,
EVD,UD3_Chempax_EVD,UD3_Chempax_EVD,U3,DetailCostCenter,Everyone,55-00-60612010-,TransformOneToOne,ELECTRICITE,MEF63604,false,
EVD,UD3_Chempax_EVD,UD3_Chempax_EVD,U3,DetailCostCenter,Everyone,55-00-60612010-2070,TransformOneToOne,ELECTRICITE,MEF63604,false,
EVD,UD3_Chempax_EVD,UD3_Chempax_EVD,U3,DetailCostCenter,Everyone,55-00-60630000-,TransformOneToOne,PET FOURN ATELIER,MEF63604,false,
EVD,UD3_Chempax_EVD,UD3_Chempax_EVD,U3,DetailCostCenter,Everyone,55-00-60630000-2070,TransformOneToOne,PET FOURN ATELIER,MEF63604,false,
EVD,UD3_Chempax_EVD,UD3_Chempax_EVD,U3,DetailCostCenter,Everyone,55-00-60630010-,TransformOneToOne,PET FOURN USINE,MEF63604,false,
EVD,UD3_Chempax_EVD,UD3_Chempax_EVD,U3,DetailCostCenter,Everyone,55-00-60630010-2095,TransformOneToOne,PT FOURN USINE MAGNA,MEF66113,false,
EVD,UD3_Chempax_EVD,UD3_Chempax_EVD,U3,DetailCostCenter,Everyone,55-00-60630020-,TransformOneToOne,fourniture COVID 19,MEF63604,false,
EVD,UD3_Chempax_EVD,UD3_Chempax_EVD,U3,DetailCostCenter,Everyone,55-00-60630030-,TransformOneToOne,PTE FOURN DIVERS,MEF63604,false,
EVD,UD3_Chempax_EVD,UD3_Chempax_EVD,U3,DetailCostCenter,Everyone,55-00-60640000-,TransformOneToOne,FOURN ADMINISTR,MEF73545,false,
EVD,UD3_Chempax_EVD,UD3_Chempax_EVD,U3,DetailCostCenter,Everyone,55-00-60640010-,TransformOneToOne,FOURN INFORMATIQUE,MEF73545,false,
EVD,UD3_Chempax_EVD,UD3_Chempax_EVD,U3,DetailCostCenter,Everyone,55-00-60650000-,TransformOneToOne,PROD ENTRETIEN,MEF63604,false,
EVD,UD3_Chempax_EVD,UD3_Chempax_EVD,U3,DetailCostCenter,Everyone,55-00-60660000-,TransformOneToOne,ESSENCE,MEF63604,false,
EVD,UD3_Chempax_EVD,UD3_Chempax_EVD,U3,DetailCostCenter,Everyone,55-00-60680000-,TransformOneToOne,LABO FOURN,MEF63604,false,
EVD,UD3_Chempax_EVD,UD3_Chempax_EVD,U3,DetailCostCenter,Everyone,55-00-60680000-2070,TransformOneToOne,Lab Supplies,MEF63604,false,
EVD,UD3_Chempax_EVD,UD3_Chempax_EVD,U3,DetailCostCenter,Everyone,55-00-61110000-,TransformOneToOne,SOUS TRAITANCE,MEF63604,false,
EVD,UD3_Chempax_EVD,UD3_Chempax_EVD,U3,DetailCostCenter,Everyone,55-00-61325000-2025,TransformOneToOne,MAGASINAGES,MEF62000,false,
EVD,UD3_Chempax_EVD,UD3_Chempax_EVD,U3,DetailCostCenter,Everyone,55-00-61325010-2025,TransformOneToOne,EIKON LOGISTICS,MEF63601,false,
EVD,UD3_Chempax_EVD,UD3_Chempax_EVD,U3,DetailCostCenter,Everyone,55-00-61325020-2025,TransformOneToOne,ROGNAC STOCKAGE DIST,MEF63601,false,
EVD,UD3_Chempax_EVD,UD3_Chempax_EVD,U3,DetailCostCenter,Everyone,55-00-61325030-2025,TransformOneToOne,STP 13,MEF63601,false,
EVD,UD3_Chempax_EVD,UD3_Chempax_EVD,U3,DetailCostCenter,Everyone,55-00-61325040-,TransformOneToOne,OCOS - EVD,MEF63604,false,
EVD,UD3_Chempax_EVD,UD3_Chempax_EVD,U3,DetailCostCenter,Everyone,55-00-61325040-2025,TransformOneToOne,OCOS - EVD,MEF63604,false,
EVD,UD3_Chempax_EVD,UD3_Chempax_EVD,U3,DetailCostCenter,Everyone,55-00-61325050-2025,TransformOneToOne,MAGASINAGE DUCORNAU,MEF63604,false,
EVD,UD3_Chempax_EVD,UD3_Chempax_EVD,U3,DetailCostCenter,Everyone,55-00-61325500-,TransformOneToOne,MAGASINAGES UK,MEF62000,false,
EVD,UD3_Chempax_EVD,UD3_Chempax_EVD,U3,DetailCostCenter,Everyone,55-00-61354000-,TransformOneToOne,LOCATIONS DIVERSES,MEF63604,false,
EVD,UD3_Chempax_EVD,UD3_Chempax_EVD,U3,DetailCostCenter,Everyone,55-00-61354020-,TransformOneToOne,LEASE LOCABRI NI1469,MEF63603,false,
EVD,UD3_Chempax_EVD,UD3_Chempax_EVD,U3,DetailCostCenter,Everyone,55-00-61354030-,TransformOneToOne,LEASE LOCABRI NI1382,MEF63603,false,
EVD,UD3_Chempax_EVD,UD3_Chempax_EVD,U3,DetailCostCenter,Everyone,55-00-61354040-,TransformOneToOne,LEASE COLOC CHARIOT,MEF63603,false,
EVD,UD3_Chempax_EVD,UD3_Chempax_EVD,U3,DetailCostCenter,Everyone,55-00-61354050-,TransformOneToOne,LEASE COLOC CHARIOT,MEF63603,false,
EVD,UD3_Chempax_EVD,UD3_Chempax_EVD,U3,DetailCostCenter,Everyone,55-00-61354060-,TransformOneToOne,LEASE COLOC CHARIOT,MEF63603,false,
EVD,UD3_Chempax_EVD,UD3_Chempax_EVD,U3,DetailCostCenter,Everyone,55-00-61354070-,TransformOneToOne,LEASE COLOC CHARIOT,MEF63603,false,
EVD,UD3_Chempax_EVD,UD3_Chempax_EVD,U3,DetailCostCenter,Everyone,55-00-61354080-,TransformOneToOne,LEASE LOCABRI NI1702,MEF63603,false,
EVD,UD3_Chempax_EVD,UD3_Chempax_EVD,U3,DetailCostCenter,Everyone,55-00-61354090-,TransformOneToOne,BARTHELEMY CHARIOT,MEF63603,false,
EVD,UD3_Chempax_EVD,UD3_Chempax_EVD,U3,DetailCostCenter,Everyone,55-00-61354091-,TransformOneToOne,Barthemy LOC Suppl,MEF63603,false,
EVD,UD3_Chempax_EVD,UD3_Chempax_EVD,U3,DetailCostCenter,Everyone,55-00-61354100-,TransformOneToOne,Locabri Lease,MEF63604,false,
EVD,UD3_Chempax_EVD,UD3_Chempax_EVD,U3,DetailCostCenter,Everyone,55-00-61358300-,TransformOneToOne,LOCATION MATERIEL BU,MEF73545,false,
EVD,UD3_Chempax_EVD,UD3_Chempax_EVD,U3,DetailCostCenter,Everyone,55-00-61358310-,TransformOneToOne,LOCATION PITNEY BOWE,MEF63603,false,
EVD,UD3_Chempax_EVD,UD3_Chempax_EVD,U3,DetailCostCenter,Everyone,55-00-61358320-,TransformOneToOne,LOCATION KONICA BURE,MEF63603,false,
EVD,UD3_Chempax_EVD,UD3_Chempax_EVD,U3,DetailCostCenter,Everyone,55-00-61358400-,TransformOneToOne,LOCATION EMBALLAGES,MEF63604,false,
EVD,UD3_Chempax_EVD,UD3_Chempax_EVD,U3,DetailCostCenter,Everyone,55-00-61358500-,TransformOneToOne,LOCATION VEHICULES,MEF73545,false,
EVD,UD3_Chempax_EVD,UD3_Chempax_EVD,U3,DetailCostCenter,Everyone,55-00-61358510-,TransformOneToOne,LOCATION VEHICULE AR,MEF73545,false,
EVD,UD3_Chempax_EVD,UD3_Chempax_EVD,U3,DetailCostCenter,Everyone,55-00-61358520-,TransformOneToOne,LEASING CAR ASC 842,MEF73545,false,
EVD,UD3_Chempax_EVD,UD3_Chempax_EVD,U3,DetailCostCenter,Everyone,55-00-61520000-,TransformOneToOne,ENTRETIEN IMMEUBLE,MEF63604,false,
EVD,UD3_Chempax_EVD,UD3_Chempax_EVD,U3,DetailCostCenter,Everyone,55-00-61520500-,TransformOneToOne,NETTOYAGE EXCEPTIONN,MEF63604,false,
EVD,UD3_Chempax_EVD,UD3_Chempax_EVD,U3,DetailCostCenter,Everyone,55-00-61521000-,TransformOneToOne,ENTRETIEN JARDINS,MEF73545,false,
EVD,UD3_Chempax_EVD,UD3_Chempax_EVD,U3,DetailCostCenter,Everyone,55-00-61554000-,TransformOneToOne,ENTRETIEN MATERIEL,MEF63604,false,
EVD,UD3_Chempax_EVD,UD3_Chempax_EVD,U3,DetailCostCenter,Everyone,55-00-61558200-,TransformOneToOne,ENTRETIEN VEHICULE,MEF63604,false,
EVD,UD3_Chempax_EVD,UD3_Chempax_EVD,U3,DetailCostCenter,Everyone,55-00-61558300-,TransformOneToOne,ENTRETIEN MAT BUREAU,MEF63604,false,
EVD,UD3_Chempax_EVD,UD3_Chempax_EVD,U3,DetailCostCenter,Everyone,55-00-61600000-,TransformOneToOne,ASSURANCES,MEF63604,false,
EVD,UD3_Chempax_EVD,UD3_Chempax_EVD,U3,DetailCostCenter,Everyone,55-00-61600090-,TransformOneToOne,assurance chariot,MEF63603,false,
EVD,UD3_Chempax_EVD,UD3_Chempax_EVD,U3,DetailCostCenter,Everyone,55-00-61700000-,TransformOneToOne,ETUDES RECHERCHES,MEF73545,false,
EVD,UD3_Chempax_EVD,UD3_Chempax_EVD,U3,DetailCostCenter,Everyone,55-00-61810000-,TransformOneToOne,REVUES ABNTS,MEF73545,false,
EVD,UD3_Chempax_EVD,UD3_Chempax_EVD,U3,DetailCostCenter,Everyone,55-00-61830000-,TransformOneToOne,DOCUMENTATION TECHNI,MEF63603,false,
EVD,UD3_Chempax_EVD,UD3_Chempax_EVD,U3,DetailCostCenter,Everyone,55-00-61850000-,TransformOneToOne,SEMINAIRES CONFERENC,MEF73545,false,
EVD,UD3_Chempax_EVD,UD3_Chempax_EVD,U3,DetailCostCenter,Everyone,55-00-62110000-,TransformOneToOne,PERSONNEL INTERIMAIR,MEF63604,false,
EVD,UD3_Chempax_EVD,UD3_Chempax_EVD,U3,DetailCostCenter,Everyone,55-00-62120000-,TransformOneToOne,CONTROLES TECHNIQUES,MEF63604,false,
EVD,UD3_Chempax_EVD,UD3_Chempax_EVD,U3,DetailCostCenter,Everyone,55-00-62210000-,TransformOneToOne,MANAGEMENT FEES,MEF73545,false,
EVD,UD3_Chempax_EVD,UD3_Chempax_EVD,U3,DetailCostCenter,Everyone,55-00-62220000-,TransformOneToOne,COMMISSIONS VENTES,MEF72055,false,
EVD,UD3_Chempax_EVD,UD3_Chempax_EVD,U3,DetailCostCenter,Everyone,55-00-62230000-,TransformOneToOne,COMM S/VENTES I/CO,MEF72055,false,
EVD,UD3_Chempax_EVD,UD3_Chempax_EVD,U3,DetailCostCenter,Everyone,55-00-62260000-,TransformOneToOne,HONORAIRES,MEF73545,false,
EVD,UD3_Chempax_EVD,UD3_Chempax_EVD,U3,DetailCostCenter,Everyone,55-00-62260100-,TransformOneToOne,HONORAIRE AVOCAT,MEF73545,false,
EVD,UD3_Chempax_EVD,UD3_Chempax_EVD,U3,DetailCostCenter,Everyone,55-00-62260200-,TransformOneToOne,HONORAIRE CAC & EC,MEF73545,false,
EVD,UD3_Chempax_EVD,UD3_Chempax_EVD,U3,DetailCostCenter,Everyone,55-00-62260300-,TransformOneToOne,HONORAIRE QUALITE,MEF63604,false,
EVD,UD3_Chempax_EVD,UD3_Chempax_EVD,U3,DetailCostCenter,Everyone,55-00-62260400-,TransformOneToOne,HONORAIRE RECRUTEMEN,MEF73545,false,
EVD,UD3_Chempax_EVD,UD3_Chempax_EVD,U3,DetailCostCenter,Everyone,55-00-62260500-,TransformOneToOne,HONORAIRES COMMERCIA,MEF72055,false,
EVD,UD3_Chempax_EVD,UD3_Chempax_EVD,U3,DetailCostCenter,Everyone,55-00-62270000-,TransformOneToOne,FRAIS ACTES,MEF73545,false,
EVD,UD3_Chempax_EVD,UD3_Chempax_EVD,U3,DetailCostCenter,Everyone,55-00-62280000-,TransformOneToOne,GARDIENNAGE SURVEILL,MEF63604,false,
EVD,UD3_Chempax_EVD,UD3_Chempax_EVD,U3,DetailCostCenter,Everyone,55-00-62281000-,TransformOneToOne,FORMATIONS,MEF73545,false,
EVD,UD3_Chempax_EVD,UD3_Chempax_EVD,U3,DetailCostCenter,Everyone,55-00-62290000-,TransformOneToOne,NETTOYAGE ENTRETIEN,MEF73545,false,
EVD,UD3_Chempax_EVD,UD3_Chempax_EVD,U3,DetailCostCenter,Everyone,55-00-62330000-,TransformOneToOne,FOIRES EXPOSITIONS,MEF72055,false,
EVD,UD3_Chempax_EVD,UD3_Chempax_EVD,U3,DetailCostCenter,Everyone,55-00-62340000-,TransformOneToOne,CADEAUX CLIENTS,MEF73545,false,
EVD,UD3_Chempax_EVD,UD3_Chempax_EVD,U3,DetailCostCenter,Everyone,55-00-62380000-,TransformOneToOne,PORBOIRES DONS,MEF73545,false,
EVD,UD3_Chempax_EVD,UD3_Chempax_EVD,U3,DetailCostCenter,Everyone,55-00-62410000-,TransformOneToOne,PORTS ACHATS,MEF61170,false,
EVD,UD3_Chempax_EVD,UD3_Chempax_EVD,U3,DetailCostCenter,Everyone,55-00-62410000-2070,TransformOneToOne,PORTS ACHATS,MEF63604,false,
EVD,UD3_Chempax_EVD,UD3_Chempax_EVD,U3,DetailCostCenter,Everyone,55-00-62410000-2095,TransformOneToOne,PORTS ACHATS,MEF66113,false,
EVD,UD3_Chempax_EVD,UD3_Chempax_EVD,U3,DetailCostCenter,Everyone,55-00-62440000-,TransformOneToOne,TRANSPORT / VENTE,MEF61170,false,
EVD,UD3_Chempax_EVD,UD3_Chempax_EVD,U3,DetailCostCenter,Everyone,55-00-62481000-,TransformOneToOne,PORTS RECYCLAGE DECH,MEF63604,false,
EVD,UD3_Chempax_EVD,UD3_Chempax_EVD,U3,DetailCostCenter,Everyone,55-00-62510000-,TransformOneToOne,DEPLACEMENTS PERSONN,MEF73545,false,
EVD,UD3_Chempax_EVD,UD3_Chempax_EVD,U3,DetailCostCenter,Everyone,55-00-62515000-,TransformOneToOne,DEPLACEMENTS CADRES,MEF73545,false,
EVD,UD3_Chempax_EVD,UD3_Chempax_EVD,U3,DetailCostCenter,Everyone,55-00-62515100-,TransformOneToOne,VOYAGES COMMERCIAUX,MEF72055,false,
EVD,UD3_Chempax_EVD,UD3_Chempax_EVD,U3,DetailCostCenter,Everyone,55-00-62516000-,TransformOneToOne,DEPLACEMENTS DIRECTI,MEF73545,false,
EVD,UD3_Chempax_EVD,UD3_Chempax_EVD,U3,DetailCostCenter,Everyone,55-00-62570000-,TransformOneToOne,RECEPTIONS,MEF73545,false,
EVD,UD3_Chempax_EVD,UD3_Chempax_EVD,U3,DetailCostCenter,Everyone,55-00-62610000-,TransformOneToOne,AFFRANCHISSEMENTS,MEF73545,false,
EVD,UD3_Chempax_EVD,UD3_Chempax_EVD,U3,DetailCostCenter,Everyone,55-00-62620000-,TransformOneToOne,TELEPHONE,MEF73545,false,
EVD,UD3_Chempax_EVD,UD3_Chempax_EVD,U3,DetailCostCenter,Everyone,55-00-62700000-,TransformOneToOne,FRAIS BANCAIRES,MEF73545,false,
EVD,UD3_Chempax_EVD,UD3_Chempax_EVD,U3,DetailCostCenter,Everyone,55-00-62810000-,TransformOneToOne,CHARGES D CERTIFICAT,MEF73545,false,
EVD,UD3_Chempax_EVD,UD3_Chempax_EVD,U3,DetailCostCenter,Everyone,55-00-62900000-,TransformOneToOne,COTISATIONS,MEF73545,false,
EVD,UD3_Chempax_EVD,UD3_Chempax_EVD,U3,DetailCostCenter,Everyone,55-00-63120000-,TransformOneToOne,TAXE APPRENTISSAGE,MEF63604,false,
EVD,UD3_Chempax_EVD,UD3_Chempax_EVD,U3,DetailCostCenter,Everyone,55-00-63130000-,TransformOneToOne,TAXE FORMATION,MEF63604,false,
EVD,UD3_Chempax_EVD,UD3_Chempax_EVD,U3,DetailCostCenter,Everyone,55-00-63340000-,TransformOneToOne,INVESTISSEMENT LOGEM,MEF63604,false,
EVD,UD3_Chempax_EVD,UD3_Chempax_EVD,U3,DetailCostCenter,Everyone,55-00-63380000-,TransformOneToOne,"Impots, atxes et ver",MEF63604,false,
EVD,UD3_Chempax_EVD,UD3_Chempax_EVD,U3,DetailCostCenter,Everyone,55-00-63510000-,TransformOneToOne,TAXE PROFESSIONNELLE,MEF63604,false,
EVD,UD3_Chempax_EVD,UD3_Chempax_EVD,U3,DetailCostCenter,Everyone,55-00-63510001-,TransformOneToOne,CVAE  COT VALEUR AJO,MEF63604,false,
EVD,UD3_Chempax_EVD,UD3_Chempax_EVD,U3,DetailCostCenter,Everyone,55-00-63510002-,TransformOneToOne,COTISATION FONC ENTR,MEF63604,false,
EVD,UD3_Chempax_EVD,UD3_Chempax_EVD,U3,DetailCostCenter,Everyone,55-00-63522000-,TransformOneToOne,TAXE FONCIERE,MEF63604,false,
EVD,UD3_Chempax_EVD,UD3_Chempax_EVD,U3,DetailCostCenter,Everyone,55-00-63523000-,TransformOneToOne,AUTRES TAXES,MEF63604,false,
EVD,UD3_Chempax_EVD,UD3_Chempax_EVD,U3,DetailCostCenter,Everyone,55-00-63710000-,TransformOneToOne,CIONS SOC SOLIDARITE,MEF63604,false,
EVD,UD3_Chempax_EVD,UD3_Chempax_EVD,U3,DetailCostCenter,Everyone,55-00-63711000-,TransformOneToOne,CONTR HANDICAPE,MEF63604,false,
EVD,UD3_Chempax_EVD,UD3_Chempax_EVD,U3,DetailCostCenter,Everyone,55-00-64111000-,TransformOneToOne,SALAIRES,MEF63604,false,
EVD,UD3_Chempax_EVD,UD3_Chempax_EVD,U3,DetailCostCenter,Everyone,55-00-64111000-2070,TransformOneToOne,SALAIRES Magna,MEF63604,false,
EVD,UD3_Chempax_EVD,UD3_Chempax_EVD,U3,DetailCostCenter,Everyone,55-00-64112000-,TransformOneToOne,APPNTS ENCADREMENT,MEF63604,false,
EVD,UD3_Chempax_EVD,UD3_Chempax_EVD,U3,DetailCostCenter,Everyone,55-00-64112000-2070,TransformOneToOne,APPNTS ENCADREMENT,MEF63604,false,
EVD,UD3_Chempax_EVD,UD3_Chempax_EVD,U3,DetailCostCenter,Everyone,55-00-64113000-,TransformOneToOne,APPNTS ADMINISTRATIF,MEF73545,false,
EVD,UD3_Chempax_EVD,UD3_Chempax_EVD,U3,DetailCostCenter,Everyone,55-00-64114000-,TransformOneToOne,APPNTS COMMERCIAL,MEF72055,false,
EVD,UD3_Chempax_EVD,UD3_Chempax_EVD,U3,DetailCostCenter,Everyone,55-00-64120100-,TransformOneToOne,CP SALAIRES,MEF63604,false,
EVD,UD3_Chempax_EVD,UD3_Chempax_EVD,U3,DetailCostCenter,Everyone,55-00-64120200-,TransformOneToOne,CP ENCADREMENT,MEF63604,false,
EVD,UD3_Chempax_EVD,UD3_Chempax_EVD,U3,DetailCostCenter,Everyone,55-00-64120300-,TransformOneToOne,CP ADMINISTRATIF,MEF73545,false,
EVD,UD3_Chempax_EVD,UD3_Chempax_EVD,U3,DetailCostCenter,Everyone,55-00-64120400-,TransformOneToOne,CP COMMERCIAL,MEF72055,false,
EVD,UD3_Chempax_EVD,UD3_Chempax_EVD,U3,DetailCostCenter,Everyone,55-00-64130100-,TransformOneToOne,PFA USINE,MEF63604,false,
EVD,UD3_Chempax_EVD,UD3_Chempax_EVD,U3,DetailCostCenter,Everyone,55-00-64130200-,TransformOneToOne,PFA ENCADREMENT,MEF63604,false,
EVD,UD3_Chempax_EVD,UD3_Chempax_EVD,U3,DetailCostCenter,Everyone,55-00-64130300-,TransformOneToOne,PFA ADMINISTRATIF,MEF73545,false,
EVD,UD3_Chempax_EVD,UD3_Chempax_EVD,U3,DetailCostCenter,Everyone,55-00-64130400-,TransformOneToOne,PFA COMMERCIAL,MEF72055,false,
EVD,UD3_Chempax_EVD,UD3_Chempax_EVD,U3,DetailCostCenter,Everyone,55-00-64131100-,TransformOneToOne,PV SALAIRES,MEF63604,false,
EVD,UD3_Chempax_EVD,UD3_Chempax_EVD,U3,DetailCostCenter,Everyone,55-00-64131200-,TransformOneToOne,PV ENCADREMENT,MEF63604,false,
EVD,UD3_Chempax_EVD,UD3_Chempax_EVD,U3,DetailCostCenter,Everyone,55-00-64131300-,TransformOneToOne,PV ADMINISTRATIF,MEF73545,false,
EVD,UD3_Chempax_EVD,UD3_Chempax_EVD,U3,DetailCostCenter,Everyone,55-00-64131400-,TransformOneToOne,PV COMMERCIAL,MEF72055,false,
EVD,UD3_Chempax_EVD,UD3_Chempax_EVD,U3,DetailCostCenter,Everyone,55-00-64132100-,TransformOneToOne,PRIMES SALAIRES,MEF63604,false,
EVD,UD3_Chempax_EVD,UD3_Chempax_EVD,U3,DetailCostCenter,Everyone,55-00-64132200-,TransformOneToOne,PRIMES ENCADREMENT,MEF63604,false,
EVD,UD3_Chempax_EVD,UD3_Chempax_EVD,U3,DetailCostCenter,Everyone,55-00-64132300-,TransformOneToOne,PRIMES ADMINISTRATIF,MEF73545,false,
EVD,UD3_Chempax_EVD,UD3_Chempax_EVD,U3,DetailCostCenter,Everyone,55-00-64132400-,TransformOneToOne,PRIMES COMMERCIAL,MEF72055,false,
EVD,UD3_Chempax_EVD,UD3_Chempax_EVD,U3,DetailCostCenter,Everyone,55-00-64132410-,TransformOneToOne,PRIMES EXC USINE,MEF73545,false,
EVD,UD3_Chempax_EVD,UD3_Chempax_EVD,U3,DetailCostCenter,Everyone,55-00-64132420-,TransformOneToOne,PRIMES EXC ENCADREME,MEF63604,false,
EVD,UD3_Chempax_EVD,UD3_Chempax_EVD,U3,DetailCostCenter,Everyone,55-00-64132420-2095,TransformOneToOne,Restructuring Bonuses,MEF66113,false,
EVD,UD3_Chempax_EVD,UD3_Chempax_EVD,U3,DetailCostCenter,Everyone,55-00-64132430-,TransformOneToOne,PRIMES EXC ADMINISTR,MEF73545,false,
EVD,UD3_Chempax_EVD,UD3_Chempax_EVD,U3,DetailCostCenter,Everyone,55-00-64132440-,TransformOneToOne,PRIMES EXC COMMERCIA,MEF72055,false,
EVD,UD3_Chempax_EVD,UD3_Chempax_EVD,U3,DetailCostCenter,Everyone,55-00-64132520-,TransformOneToOne,RSU ENCADREMENT,MEF73545,false,
EVD,UD3_Chempax_EVD,UD3_Chempax_EVD,U3,DetailCostCenter,Everyone,55-00-64132530-,TransformOneToOne,RSU ADMINISTRATIF,MEF73545,false,
EVD,UD3_Chempax_EVD,UD3_Chempax_EVD,U3,DetailCostCenter,Everyone,55-00-64140000-,TransformOneToOne,CHGS PERS COMPL PREV,MEF63604,false,
EVD,UD3_Chempax_EVD,UD3_Chempax_EVD,U3,DetailCostCenter,Everyone,55-00-64140100-,TransformOneToOne,INDEMNITE LICEN RETR,MEF63603,false,
EVD,UD3_Chempax_EVD,UD3_Chempax_EVD,U3,DetailCostCenter,Everyone,55-00-64148000-,TransformOneToOne,VETEMENTS TRAVAIL,MEF63604,false,
EVD,UD3_Chempax_EVD,UD3_Chempax_EVD,U3,DetailCostCenter,Everyone,55-00-64148100-,TransformOneToOne,NETTOYAGES BLOUSES,MEF63604,false,
EVD,UD3_Chempax_EVD,UD3_Chempax_EVD,U3,DetailCostCenter,Everyone,55-00-64183000-,TransformOneToOne,Avantage en nature C,MEF73545,false,
EVD,UD3_Chempax_EVD,UD3_Chempax_EVD,U3,DetailCostCenter,Everyone,55-00-64511000-,TransformOneToOne,CHARGES SALAIRES,MEF63604,false,
EVD,UD3_Chempax_EVD,UD3_Chempax_EVD,U3,DetailCostCenter,Everyone,55-00-64511000-2070,TransformOneToOne,CHARGES SALAIRES,MEF63604,false,
EVD,UD3_Chempax_EVD,UD3_Chempax_EVD,U3,DetailCostCenter,Everyone,55-00-64511800-,TransformOneToOne,CHGS PROV SALAIRES,MEF63604,false,
EVD,UD3_Chempax_EVD,UD3_Chempax_EVD,U3,DetailCostCenter,Everyone,55-00-64512000-,TransformOneToOne,CHGS ENCADREMENT,MEF63604,false,
EVD,UD3_Chempax_EVD,UD3_Chempax_EVD,U3,DetailCostCenter,Everyone,55-00-64512000-2070,TransformOneToOne,CHGS ENCADREMENT,MEF63604,false,
EVD,UD3_Chempax_EVD,UD3_Chempax_EVD,U3,DetailCostCenter,Everyone,55-00-64512800-,TransformOneToOne,CHGS PROV ENCADREMEN,MEF63604,false,
EVD,UD3_Chempax_EVD,UD3_Chempax_EVD,U3,DetailCostCenter,Everyone,55-00-64513000-,TransformOneToOne,CHGS ADMINISTRATIF,MEF73545,false,
EVD,UD3_Chempax_EVD,UD3_Chempax_EVD,U3,DetailCostCenter,Everyone,55-00-64513800-,TransformOneToOne,CHGS PROV ADMINISTRA,MEF73545,false,
EVD,UD3_Chempax_EVD,UD3_Chempax_EVD,U3,DetailCostCenter,Everyone,55-00-64514000-,TransformOneToOne,CHGS COMMERCIAL,MEF72055,false,
EVD,UD3_Chempax_EVD,UD3_Chempax_EVD,U3,DetailCostCenter,Everyone,55-00-64514800-,TransformOneToOne,CHGS PROV COMMERCIAL,MEF72055,false,
EVD,UD3_Chempax_EVD,UD3_Chempax_EVD,U3,DetailCostCenter,Everyone,55-00-64720000-,TransformOneToOne,CE et Tickets restau,MEF63604,false,
EVD,UD3_Chempax_EVD,UD3_Chempax_EVD,U3,DetailCostCenter,Everyone,55-00-64730000-,TransformOneToOne,ALLOCATION FORMATION,MEF63604,false,
EVD,UD3_Chempax_EVD,UD3_Chempax_EVD,U3,DetailCostCenter,Everyone,55-00-64740000-,TransformOneToOne,SECURITE,MEF63604,false,
EVD,UD3_Chempax_EVD,UD3_Chempax_EVD,U3,DetailCostCenter,Everyone,55-00-64750000-,TransformOneToOne,MEDECINE PHARMACIE S,MEF63604,false,
EVD,UD3_Chempax_EVD,UD3_Chempax_EVD,U3,DetailCostCenter,Everyone,55-00-65110000-,TransformOneToOne,REDEVANCE DE MARQUE,MEF73545,false,
EVD,UD3_Chempax_EVD,UD3_Chempax_EVD,U3,DetailCostCenter,Everyone,55-00-65400000-,TransformOneToOne,CREANCES IRRECOUVRAB,MEF73545,false,
EVD,UD3_Chempax_EVD,UD3_Chempax_EVD,U3,DetailCostCenter,Everyone,55-00-67110000-,TransformOneToOne,DIFFRENCE DE FAIBLE,MEF73545,false,
EVD,UD3_Chempax_EVD,UD3_Chempax_EVD,U3,DetailCostCenter,Everyone,55-00-67200000-,TransformOneToOne,CHARGES EXERCICES AN,MEF63604,false,
EVD,UD3_Chempax_EVD,UD3_Chempax_EVD,U3,DetailCostCenter,Everyone,55-00-67500000-,TransformOneToOne,VNC CESSION IMMOS,MEF73900,false,
EVD,UD3_Chempax_EVD,UD3_Chempax_EVD,U3,DetailCostCenter,Everyone,55-00-67500000-0000,TransformOneToOne,VNC CESSION IMMOS,MEF73900,false,
EVD,UD3_Chempax_EVD,UD3_Chempax_EVD,U3,DetailCostCenter,Everyone,55-00-67500000-0000-,TransformOneToOne,FINANCE,MEF73900,false,
EVD,UD3_Chempax_EVD,UD3_Chempax_EVD,U3,DetailCostCenter,Everyone,55-00-68110000-,TransformOneToOne,DOT AMTS IMMOS,MEF63604,false,
EVD,UD3_Chempax_EVD,UD3_Chempax_EVD,U3,DetailCostCenter,Everyone,55-00-68110000-2070,TransformOneToOne,DOT AMTS IMMOS,MEF63604,false,
EVD,UD3_Chempax_EVD,UD3_Chempax_EVD,U3,DetailCostCenter,Everyone,55-00-68150000-,TransformOneToOne,,MEF63603,false,
EVD,UD3_Chempax_EVD,UD3_Chempax_EVD,U3,DetailCostCenter,Everyone,55-00-68173000-,TransformOneToOne,PROV DEPR STOCKS,MEF65500,false,
EVD,UD3_Chempax_EVD,UD3_Chempax_EVD,U3,DetailCostCenter,Everyone,55-00-68173100-,TransformOneToOne,PROVISION LOWER COST,MEF65500,false,
EVD,UD3_Chempax_EVD,UD3_Chempax_EVD,U3,DetailCostCenter,Everyone,55-00-68174000-,TransformOneToOne,PROVISIONS POUR CDL,MEF73545,false,
EVD,UD3_Chempax_EVD,UD3_Chempax_EVD,U3,DetailCostCenter,Everyone,55-00-69500000-,TransformOneToOne,PARTICIPATION,MEF63604,false,
EVD,UD3_Chempax_EVD,UD3_Chempax_EVD,U3,DetailCostCenter,Everyone,55-00-71350000-2010,TransformOneToOne,VAR-BROYAGE,MEF63604,false,
EVD,UD3_Chempax_EVD,UD3_Chempax_EVD,U3,DetailCostCenter,Everyone,55-00-71350000-2015,TransformOneToOne,VAR-EXTRACTION,MEF63604,false,
EVD,UD3_Chempax_EVD,UD3_Chempax_EVD,U3,DetailCostCenter,Everyone,55-00-71350000-2020,TransformOneToOne,VAR-EVAPORATION,MEF63604,false,
EVD,UD3_Chempax_EVD,UD3_Chempax_EVD,U3,DetailCostCenter,Everyone,55-00-71350000-2025,TransformOneToOne,VAR-ATOMISEUR,MEF63604,false,
EVD,UD3_Chempax_EVD,UD3_Chempax_EVD,U3,DetailCostCenter,Everyone,55-00-71350000-2026,TransformOneToOne,VAR-GROSSE GRANULOM,MEF63604,false,
EVD,UD3_Chempax_EVD,UD3_Chempax_EVD,U3,DetailCostCenter,Everyone,55-00-71350000-2030,TransformOneToOne,VAR-BLOCS CUSSON,MEF63604,false,
EVD,UD3_Chempax_EVD,UD3_Chempax_EVD,U3,DetailCostCenter,Everyone,55-00-71350000-2031,TransformOneToOne,VAR-BLOCKS EMBALLAG,MEF63604,false,
EVD,UD3_Chempax_EVD,UD3_Chempax_EVD,U3,DetailCostCenter,Everyone,55-00-71350000-2035,TransformOneToOne,VAR-REFONTE,MEF63604,false,
EVD,UD3_Chempax_EVD,UD3_Chempax_EVD,U3,DetailCostCenter,Everyone,55-00-71350000-2040,TransformOneToOne,VAR-MELANGE POUDRES,MEF63604,false,
EVD,UD3_Chempax_EVD,UD3_Chempax_EVD,U3,DetailCostCenter,Everyone,55-00-71350000-2045,TransformOneToOne,VAR-DOGAGE,MEF63604,false,
EVD,UD3_Chempax_EVD,UD3_Chempax_EVD,U3,DetailCostCenter,Everyone,55-00-71350000-2048,TransformOneToOne,VAR-LIQUIDES EMBALLA,MEF63604,false,
EVD,UD3_Chempax_EVD,UD3_Chempax_EVD,U3,DetailCostCenter,Everyone,55-00-71350000-2049,TransformOneToOne,VAR-CENTRIFUGATION,MEF63604,false,
EVD,UD3_Chempax_EVD,UD3_Chempax_EVD,U3,DetailCostCenter,Everyone,55-00-71350000-2050,TransformOneToOne,VAR-FRAIS GN USE(OH),MEF63604,false,
EVD,UD3_Chempax_EVD,UD3_Chempax_EVD,U3,DetailCostCenter,Everyone,55-00-71351010-,TransformOneToOne,VAR PROD FIN-MFG VAR,MEF63604,false,
EVD,UD3_Chempax_EVD,UD3_Chempax_EVD,U3,DetailCostCenter,Everyone,55-00-71351011-,TransformOneToOne,VAR PROD FIN-STD STD,MEF63604,false,
EVD,UD3_Chempax_EVD,UD3_Chempax_EVD,U3,DetailCostCenter,Everyone,55-00-71352000-2070,TransformOneToOne,Magnasweet Absorption,MEF63604,false,
EVD,UD3_Chempax_EVD,UD3_Chempax_EVD,U3,DetailCostCenter,Everyone,55-00-71352010-,TransformOneToOne,VAR MAGNAST-MFG VAR,MEF63604,false,
EVD,UD3_Chempax_EVD,UD3_Chempax_EVD,U3,DetailCostCenter,Everyone,55-00-71355301-,TransformOneToOne,VAR ST ENCOR-MFG VAR,MEF63604,false,
EVD,UD3_Chempax_EVD,UD3_Chempax_EVD,U3,DetailCostCenter,Everyone,55-00-77500000-,TransformOneToOne,PRODUITS DE CESSSION,MEF73900,false,
EVD,UD3_Chempax_EVD,UD3_Chempax_EVD,U3,DetailCostCenter,Everyone,55-00-77881000-,TransformOneToOne,CHANGEMENT EVAL STOC,MEF66500,false,
EVD,UD3_Chempax_EVD,UD3_Chempax_EVD,U3,DetailCostCenter,Everyone,55-00-78151000-,TransformOneToOne,REPR PROV CH CP,MEF63604,false,
EVD,UD3_Chempax_EVD,UD3_Chempax_EVD,U3,DetailCostCenter,Everyone,55-00-78173000-,TransformOneToOne,REPRISE PROV STOCKS,MEF65500,false,
EVD,UD3_Chempax_EVD,UD3_Chempax_EVD,U3,DetailCostCenter,Everyone,55-00-78174000-,TransformOneToOne,REPRISE PROVISIONS C,MEF73545,false,
EVD,UD3_Chempax_EVD,UD3_Chempax_EVD,U3,DetailCostCenter,Everyone,55-00-7910000-,TransformOneToOne,Transfert de charge,MEF73545,false,
EVD,UD3_Chempax_EVD,UD3_Chempax_EVD,U3,DetailCostCenter,Everyone,55-00-79100000-,TransformOneToOne,TRANSFERTS DE CHARGE,MEF73545,false,
EVD,UD3_Chempax_EVD,UD3_Chempax_EVD,U3,DetailCostCenter,Everyone,55-00-79100110-,TransformOneToOne,Transfert de charge,MEF73545,false,
EVD,UD3_Chempax_EVD,UD3_Chempax_EVD,U3,DetailCostCenter,Everyone,55-00-79100130-,TransformOneToOne,Education/Training,MEF73545,false,
EVD,UD3_Chempax_EVD,UD3_Chempax_EVD,U3,DetailCostCenter,Everyone,55-00-79100140-,TransformOneToOne,Transfert de charge,MEF73545,false,
EVD,UD3_Chempax_EVD,UD3_Chempax_EVD,U3,DetailCostCenter,Everyone,57-00-62260000-,TransformOneToOne,HONORAIRES,MEF73545,false,
EVD,UD3_Chempax_EVD,UD3_Chempax_EVD,U3,DetailCostCenter,Everyone,57-00-62270000-,TransformOneToOne,FRAIS ACTES,MEF73545,false,
EVD,UD3_Chempax_EVD,UD3_Chempax_EVD,U3,DetailCostCenter,Everyone,57-00-62700000-,TransformOneToOne,FRAIS BANCAIRES,MEF73545,false,
EVD,UD3_Chempax_EVD,UD3_Chempax_EVD,U3,DetailCostCenter,Everyone,57-00-63511000-,TransformOneToOne,TAXE PROFESSIONNELLE,MEF73545,false,
EVD,UD3_Chempax_EVD,UD3_Chempax_EVD,U3,DetailCostCenter,Everyone,57-00-63512000-,TransformOneToOne,CONTRIBUTION TX FONC,MEF73545,false,
EVD,UD3_Chempax_EVD,UD3_Chempax_EVD,U3,DetailCostCenter,Everyone,60-00-23100000-,TransformOneToOne,"IFRS EVD , IMMO EN COURS/ASSET IN PROGRESS",CC_BalSheet,false,
EVD,UD3_Chempax_EVD,UD3_Chempax_EVD,U3,DetailCostCenter,Everyone,60-00-60313001-2060,TransformOneToOne,VAR STOCK GMA (CHANG,MEF66500,false,
EVD,UD3_Chempax_EVD,UD3_Chempax_EVD,U3,DetailCostCenter,Everyone,60-00-60322103-2060,TransformOneToOne,VAR STOCK PF (AJUS),MEF63604,false,
EVD,UD3_Chempax_EVD,UD3_Chempax_EVD,U3,DetailCostCenter,Everyone,60-00-60322104-2060,TransformOneToOne,VAR STOCK MAGNASWEET,MEF63604,false,
EVD,UD3_Chempax_EVD,UD3_Chempax_EVD,U3,DetailCostCenter,Everyone,60-00-60322105-2060,TransformOneToOne,VAR STOCK ENCOURS (A,MEF63604,false,
EVD,UD3_Chempax_EVD,UD3_Chempax_EVD,U3,DetailCostCenter,Everyone,60-00-60322106-2060,TransformOneToOne,VAR STOCK AUTRES MAT,MEF63604,false,
EVD,UD3_Chempax_EVD,UD3_Chempax_EVD,U3,DetailCostCenter,Everyone,60-00-60326002-2060,TransformOneToOne,VAR STOCK EMB (AJUST,MEF66500,false,
EVD,UD3_Chempax_EVD,UD3_Chempax_EVD,U3,DetailCostCenter,Everyone,60-00-61354080-,TransformOneToOne,LEASE LOCABRI NI1702,MEF63604,false,
EVD,UD3_Chempax_EVD,UD3_Chempax_EVD,U3,DetailCostCenter,Everyone,60-00-61354090-,TransformOneToOne,BARTHELEMY CHARIOT,MEF63603,false,
EVD,UD3_Chempax_EVD,UD3_Chempax_EVD,U3,DetailCostCenter,Everyone,60-00-61354100-,TransformOneToOne,LEASE LOCABRI NI 187,MEF63604,false,
EVD,UD3_Chempax_EVD,UD3_Chempax_EVD,U3,DetailCostCenter,Everyone,60-00-61358400-,TransformOneToOne,LOCATION EMBALLAGES,MEF63604,false,
EVD,UD3_Chempax_EVD,UD3_Chempax_EVD,U3,DetailCostCenter,Everyone,60-00-61600000-,TransformOneToOne,ASSURANCES,MEF63604,false,
EVD,UD3_Chempax_EVD,UD3_Chempax_EVD,U3,DetailCostCenter,Everyone,60-00-64132520-,TransformOneToOne,RSU ENCADREMENT,MEF63604,false,
EVD,UD3_Chempax_EVD,UD3_Chempax_EVD,U3,DetailCostCenter,Everyone,60-00-64132530-,TransformOneToOne,RSU ADMINISTRATIF,MEF73545,false,
EVD,UD3_Chempax_EVD,UD3_Chempax_EVD,U3,DetailCostCenter,Everyone,60-00-64132540-,TransformOneToOne,RSU COMMERCIALE,MEF72055,false,
EVD,UD3_Chempax_EVD,UD3_Chempax_EVD,U3,DetailCostCenter,Everyone,60-00-67100000-,TransformOneToOne,CHARGES DIVERSES,CC_NonOpAccts,false,
EVD,UD3_Chempax_EVD,UD3_Chempax_EVD,U3,DetailCostCenter,Everyone,60-00-67110000-,TransformOneToOne,DIFFRENCE DE FAIBLE,MEF73545,false,
EVD,UD3_Chempax_EVD,UD3_Chempax_EVD,U3,DetailCostCenter,Everyone,60-00-67500000-,TransformOneToOne,VNC CESSION IMMOS,MEF73900,false,
EVD,UD3_Chempax_EVD,UD3_Chempax_EVD,U3,DetailCostCenter,Everyone,60-00-68110000-,TransformOneToOne,DOT AMTS IMMOS,MEF63604,false,
EVD,UD3_Chempax_EVD,UD3_Chempax_EVD,U3,DetailCostCenter,Everyone,60-00-68110001-,TransformOneToOne,Amortization lease e,MEF63604,false,
EVD,UD3_Chempax_EVD,UD3_Chempax_EVD,U3,DetailCostCenter,Everyone,60-00-68110010-,TransformOneToOne,DEP GOODWILL,MEF73545,false,
EVD,UD3_Chempax_EVD,UD3_Chempax_EVD,U3,DetailCostCenter,Everyone,60-00-68110050-,TransformOneToOne,Depreciation USGAAP,MEF63604,false,
EVD,UD3_Chempax_EVD,UD3_Chempax_EVD,U3,DetailCostCenter,Everyone,60-00-68110050-0001,TransformOneToOne,Depreciation USGAAP,MEF63604,false,
EVD,UD3_Chempax_EVD,UD3_Chempax_EVD,U3,DetailCostCenter,Everyone,60-00-68110050-2070,TransformOneToOne,Depreciation USGAAP,MEF63604,false,
EVD,UD3_Chempax_EVD,UD3_Chempax_EVD,U3,DetailCostCenter,Everyone,60-00-77200000-,TransformOneToOne,PRODUITS EXERCICES,CC_NonOpAccts,false,
EVD,UD3_Chempax_EVD,UD3_Chempax_EVD,U3,DetailCostCenter,Everyone,Mask,TransformMask,,(Unassigned),false,*
US,UD3_Chempax_MAFCO,UD3_Chempax,U3,DetailCostCenter,Everyone,30-10-1261-0022,TransformOneToOne,InterCo A/R-SMB,CC_BalSheet,false,
US,UD3_Chempax_MAFCO,UD3_Chempax,U3,DetailCostCenter,Everyone,30-10-1261-0023,TransformOneToOne,InterCo A/R-WF,CC_BalSheet,false,
US,UD3_Chempax_MAFCO,UD3_Chempax,U3,DetailCostCenter,Everyone,30-10-1261-0024,TransformOneToOne,InterCo A/R-ZFTZ,CC_BalSheet,false,
US,UD3_Chempax_MAFCO,UD3_Chempax,U3,DetailCostCenter,Everyone,30-10-1261-0034,TransformOneToOne,InterCo A/R-EVD,CC_BalSheet,false,
US,UD3_Chempax_MAFCO,UD3_Chempax,U3,DetailCostCenter,Everyone,30-10-1645-,TransformOneToOne,Deposits-Long term,CC_BalSheet,false,
US,UD3_Chempax_MAFCO,UD3_Chempax,U3,DetailCostCenter,Everyone,30-10-1646-,TransformOneToOne,Deposits-Long Term,CC_BalSheet,false,
US,UD3_Chempax_MAFCO,UD3_Chempax,U3,DetailCostCenter,Everyone,30-10-1700-0035,TransformOneToOne,Inv in Sub - Chile,CC_BalSheet,false,
US,UD3_Chempax_MAFCO,UD3_Chempax,U3,DetailCostCenter,Everyone,30-10-2317-,TransformOneToOne,CC_BalSheet,CC_BalSheet,false,
US,UD3_Chempax_MAFCO,UD3_Chempax,U3,DetailCostCenter,Everyone,30-10-2659-,TransformOneToOne,LTIP Accrual,CC_BalSheet,false,
US,UD3_Chempax_MAFCO,UD3_Chempax,U3,DetailCostCenter,Everyone,30-10-3040-,TransformOneToOne,Freight Out,MWU63601,false,
US,UD3_Chempax_MAFCO,UD3_Chempax,U3,DetailCostCenter,Everyone,30-10-5010-2100,TransformOneToOne,Root Used,MWU63601,false,
US,UD3_Chempax_MAFCO,UD3_Chempax,U3,DetailCostCenter,Everyone,30-10-5020-2100,TransformOneToOne,Lic Oth RawMatl Used,MWU63601,false,
US,UD3_Chempax_MAFCO,UD3_Chempax,U3,DetailCostCenter,Everyone,30-10-5030-2100,TransformOneToOne,Proc Matl Used-Lic,MWU63601,false,
US,UD3_Chempax_MAFCO,UD3_Chempax,U3,DetailCostCenter,Everyone,30-10-5040-2107,TransformOneToOne,Wrap Mtl-UF,MWU63601,false,
US,UD3_Chempax_MAFCO,UD3_Chempax,U3,DetailCostCenter,Everyone,30-10-5040-2128,TransformOneToOne,Wrap Mtl-Lic,MWU63601,false,
US,UD3_Chempax_MAFCO,UD3_Chempax,U3,DetailCostCenter,Everyone,30-10-5045-2128,TransformOneToOne,Wrap Matls-Pallets,MWU63601,false,
US,UD3_Chempax_MAFCO,UD3_Chempax,U3,DetailCostCenter,Everyone,30-10-5090-2100,TransformOneToOne,Remelt Usage,MWU63601,false,
US,UD3_Chempax_MAFCO,UD3_Chempax,U3,DetailCostCenter,Everyone,30-10-5100-2100,TransformOneToOne,Chinese Remelt Usage,MWU63601,false,
US,UD3_Chempax_MAFCO,UD3_Chempax,U3,DetailCostCenter,Everyone,30-10-5500-2061,TransformOneToOne,Drayage,MWU63601,false,
US,UD3_Chempax_MAFCO,UD3_Chempax,U3,DetailCostCenter,Everyone,30-10-5510-2626,TransformOneToOne,Demurage,MWU63601,false,
US,UD3_Chempax_MAFCO,UD3_Chempax,U3,DetailCostCenter,Everyone,30-10-5900-2100,TransformOneToOne,Inv Adj-Lic FG/Resal,MWU63601,false,
US,UD3_Chempax_MAFCO,UD3_Chempax,U3,DetailCostCenter,Everyone,30-10-5901-2095,TransformOneToOne,Inv Adjust MAG COGS restructuring,MWU66113,false,
US,UD3_Chempax_MAFCO,UD3_Chempax,U3,DetailCostCenter,Everyone,30-10-5902-2100,TransformOneToOne,Inv Adjust-Lic WIP,MWU63601,false,
US,UD3_Chempax_MAFCO,UD3_Chempax,U3,DetailCostCenter,Everyone,30-10-5903-2100,TransformOneToOne,Inv Adjust-Remelts,MWU63601,false,
US,UD3_Chempax_MAFCO,UD3_Chempax,U3,DetailCostCenter,Everyone,30-10-5904-2100,TransformOneToOne,Inv Adjust-Root,MWU63601,false,
US,UD3_Chempax_MAFCO,UD3_Chempax,U3,DetailCostCenter,Everyone,30-10-5905-2100,TransformOneToOne,Inv Adjust-Other RM,MWU63601,false,
US,UD3_Chempax_MAFCO,UD3_Chempax,U3,DetailCostCenter,Everyone,30-10-5910-2100,TransformOneToOne,Mfg vs Std-Licorice,MWU66995,false,
US,UD3_Chempax_MAFCO,UD3_Chempax,U3,DetailCostCenter,Everyone,30-10-5910-2102,TransformOneToOne,Mfg var-Grinding,MWU66995,false,
US,UD3_Chempax_MAFCO,UD3_Chempax,U3,DetailCostCenter,Everyone,30-10-5910-2103,TransformOneToOne,Mfg var - extraction,MWU66995,false,
US,UD3_Chempax_MAFCO,UD3_Chempax,U3,DetailCostCenter,Everyone,30-10-5910-2106,TransformOneToOne,Mfg var - evaporatio,MWU66995,false,
US,UD3_Chempax_MAFCO,UD3_Chempax,U3,DetailCostCenter,Everyone,30-10-5910-2115,TransformOneToOne,Mfg var-Spray Dryer,MWU66995,false,
US,UD3_Chempax_MAFCO,UD3_Chempax,U3,DetailCostCenter,Everyone,30-10-5910-2117,TransformOneToOne,Mfg var- batch blend,MWU66995,false,
US,UD3_Chempax_MAFCO,UD3_Chempax,U3,DetailCostCenter,Everyone,30-10-5910-2118,TransformOneToOne,Mfg var-dry blending,MWU66995,false,
US,UD3_Chempax_MAFCO,UD3_Chempax,U3,DetailCostCenter,Everyone,30-10-5910-2121,TransformOneToOne,Mfg var-paste finish,MWU66995,false,
US,UD3_Chempax_MAFCO,UD3_Chempax,U3,DetailCostCenter,Everyone,30-10-5910-2122,TransformOneToOne,Mfg var-Paste Wrap,MWU66995,false,
US,UD3_Chempax_MAFCO,UD3_Chempax,U3,DetailCostCenter,Everyone,30-10-5910-2128,TransformOneToOne,Mfg var-Lic Overhead,MWU66995,false,
US,UD3_Chempax_MAFCO,UD3_Chempax,U3,DetailCostCenter,Everyone,30-10-5911-2128,TransformOneToOne,Inventory Adj-Std Co,MWU67103,false,
US,UD3_Chempax_MAFCO,UD3_Chempax,U3,DetailCostCenter,Everyone,30-10-5912-2128,TransformOneToOne,Mfg. FOOTPRINT INEFF,MWU66995,false,
US,UD3_Chempax_MAFCO,UD3_Chempax,U3,DetailCostCenter,Everyone,30-10-5935-2100,TransformOneToOne,Licorice,MWU63601,false,
US,UD3_Chempax_MAFCO,UD3_Chempax,U3,DetailCostCenter,Everyone,30-10-5940-2100,TransformOneToOne,Purchase Var-Lic Gen,MWU67900,false,
US,UD3_Chempax_MAFCO,UD3_Chempax,U3,DetailCostCenter,Everyone,30-10-5940-2109,TransformOneToOne,Purchase Var MAG,MWU67900,false,
US,UD3_Chempax_MAFCO,UD3_Chempax,U3,DetailCostCenter,Everyone,30-10-5941-0090,TransformOneToOne,Purchase Acc FG,MWU67900,false,
US,UD3_Chempax_MAFCO,UD3_Chempax,U3,DetailCostCenter,Everyone,30-10-5941-0133,TransformOneToOne,Purchase Acc Derivat,MWU67900,false,
US,UD3_Chempax_MAFCO,UD3_Chempax,U3,DetailCostCenter,Everyone,30-10-5941-0135,TransformOneToOne,Purchase Acc Remelts,MWU67900,false,
US,UD3_Chempax_MAFCO,UD3_Chempax,U3,DetailCostCenter,Everyone,30-10-5945-2100,TransformOneToOne,Purchase Var-Root,MWU67900,false,
US,UD3_Chempax_MAFCO,UD3_Chempax,U3,DetailCostCenter,Everyone,30-10-5946-2100,TransformOneToOne,Purchase Var-Remelts,MWU67900,false,
US,UD3_Chempax_MAFCO,UD3_Chempax,U3,DetailCostCenter,Everyone,30-10-6020-2128,TransformOneToOne,ETO Treatment,MWU63601,false,
US,UD3_Chempax_MAFCO,UD3_Chempax,U3,DetailCostCenter,Everyone,30-10-6070-2040,TransformOneToOne,Freight in,MWU60160,false,
US,UD3_Chempax_MAFCO,UD3_Chempax,U3,DetailCostCenter,Everyone,30-10-6070-2050,TransformOneToOne,Freight in,MWU60160,false,
US,UD3_Chempax_MAFCO,UD3_Chempax,U3,DetailCostCenter,Everyone,30-10-6070-2055,TransformOneToOne,Freight in,MWU60160,false,
US,UD3_Chempax_MAFCO,UD3_Chempax,U3,DetailCostCenter,Everyone,30-10-6070-2058,TransformOneToOne,Freight in,MWU60160,false,
US,UD3_Chempax_MAFCO,UD3_Chempax,U3,DetailCostCenter,Everyone,30-10-6070-2059,TransformOneToOne,Freight in,MWU60160,false,
US,UD3_Chempax_MAFCO,UD3_Chempax,U3,DetailCostCenter,Everyone,30-10-6070-2060,TransformOneToOne,Freight in,MWU60160,false,
US,UD3_Chempax_MAFCO,UD3_Chempax,U3,DetailCostCenter,Everyone,30-10-6070-2061,TransformOneToOne,Freight in,MWU60160,false,
US,UD3_Chempax_MAFCO,UD3_Chempax,U3,DetailCostCenter,Everyone,30-10-6070-2062,TransformOneToOne,Freight in,MWU60160,false,
US,UD3_Chempax_MAFCO,UD3_Chempax,U3,DetailCostCenter,Everyone,30-10-6070-2063,TransformOneToOne,Freight in,MWU60160,false,
US,UD3_Chempax_MAFCO,UD3_Chempax,U3,DetailCostCenter,Everyone,30-10-6070-2088,TransformOneToOne,Freight in,MWU63601,false,
US,UD3_Chempax_MAFCO,UD3_Chempax,U3,DetailCostCenter,Everyone,30-10-6070-2101,TransformOneToOne,Freight in,MWU60160,false,
US,UD3_Chempax_MAFCO,UD3_Chempax,U3,DetailCostCenter,Everyone,30-10-6070-2102,TransformOneToOne,Freight in,MWU60160,false,
US,UD3_Chempax_MAFCO,UD3_Chempax,U3,DetailCostCenter,Everyone,30-10-6070-2103,TransformOneToOne,Freight in,MWU60160,false,
US,UD3_Chempax_MAFCO,UD3_Chempax,U3,DetailCostCenter,Everyone,30-10-6070-2104,TransformOneToOne,Freight in,MWU60160,false,
US,UD3_Chempax_MAFCO,UD3_Chempax,U3,DetailCostCenter,Everyone,30-10-6070-2105,TransformOneToOne,Freight in,MWU60160,false,
US,UD3_Chempax_MAFCO,UD3_Chempax,U3,DetailCostCenter,Everyone,30-10-6070-2106,TransformOneToOne,Freight in,MWU60160,false,
US,UD3_Chempax_MAFCO,UD3_Chempax,U3,DetailCostCenter,Everyone,30-10-6070-2115,TransformOneToOne,Freight in,MWU60160,false,
US,UD3_Chempax_MAFCO,UD3_Chempax,U3,DetailCostCenter,Everyone,30-10-6070-2117,TransformOneToOne,Freight in,MWU60160,false,
US,UD3_Chempax_MAFCO,UD3_Chempax,U3,DetailCostCenter,Everyone,30-10-6070-2118,TransformOneToOne,Freight in,MWU60160,false,
US,UD3_Chempax_MAFCO,UD3_Chempax,U3,DetailCostCenter,Everyone,30-10-6070-2121,TransformOneToOne,Freight in,MWU60160,false,
US,UD3_Chempax_MAFCO,UD3_Chempax,U3,DetailCostCenter,Everyone,30-10-6070-2122,TransformOneToOne,Freight in,MWU60160,false,
US,UD3_Chempax_MAFCO,UD3_Chempax,U3,DetailCostCenter,Everyone,30-10-6070-2124,TransformOneToOne,Freight in,MWU60160,false,
US,UD3_Chempax_MAFCO,UD3_Chempax,U3,DetailCostCenter,Everyone,30-10-6070-2127,TransformOneToOne,Freight in,MWU60160,false,
US,UD3_Chempax_MAFCO,UD3_Chempax,U3,DetailCostCenter,Everyone,30-10-6070-2128,TransformOneToOne,Freight in,MWU60160,false,
US,UD3_Chempax_MAFCO,UD3_Chempax,U3,DetailCostCenter,Everyone,30-10-6070-2200,TransformOneToOne,Freight in,MWU60160,false,
US,UD3_Chempax_MAFCO,UD3_Chempax,U3,DetailCostCenter,Everyone,30-10-6070-2201,TransformOneToOne,Freight in,MWU60160,false,
US,UD3_Chempax_MAFCO,UD3_Chempax,U3,DetailCostCenter,Everyone,30-10-6070-5090,TransformOneToOne,Freight in,MWU73545,false,
US,UD3_Chempax_MAFCO,UD3_Chempax,U3,DetailCostCenter,Everyone,30-10-6070-5091,TransformOneToOne,Freight in,MWU73545,false,
US,UD3_Chempax_MAFCO,UD3_Chempax,U3,DetailCostCenter,Everyone,30-10-6070-5094,TransformOneToOne,Freight in,MWU73550,false,
US,UD3_Chempax_MAFCO,UD3_Chempax,U3,DetailCostCenter,Everyone,30-10-6070-5130,TransformOneToOne,Freight in,MWU72055,false,
US,UD3_Chempax_MAFCO,UD3_Chempax,U3,DetailCostCenter,Everyone,30-10-6080-2040,TransformOneToOne,Operating Supplies,MWU66995,false,
US,UD3_Chempax_MAFCO,UD3_Chempax,U3,DetailCostCenter,Everyone,30-10-6080-2050,TransformOneToOne,Operating Supplies,MWU66995,false,
US,UD3_Chempax_MAFCO,UD3_Chempax,U3,DetailCostCenter,Everyone,30-10-6080-2055,TransformOneToOne,Operating Supplies,MWU66995,false,
US,UD3_Chempax_MAFCO,UD3_Chempax,U3,DetailCostCenter,Everyone,30-10-6080-2058,TransformOneToOne,Operating Supplies,MWU66995,false,
US,UD3_Chempax_MAFCO,UD3_Chempax,U3,DetailCostCenter,Everyone,30-10-6080-2059,TransformOneToOne,Operating Supplies,MWU66995,false,
US,UD3_Chempax_MAFCO,UD3_Chempax,U3,DetailCostCenter,Everyone,30-10-6080-2060,TransformOneToOne,Operating Supplies,MWU66995,false,
US,UD3_Chempax_MAFCO,UD3_Chempax,U3,DetailCostCenter,Everyone,30-10-6080-2061,TransformOneToOne,Operating Supplies,MWU66995,false,
US,UD3_Chempax_MAFCO,UD3_Chempax,U3,DetailCostCenter,Everyone,30-10-6080-2062,TransformOneToOne,Operating Supplies,MWU66995,false,
US,UD3_Chempax_MAFCO,UD3_Chempax,U3,DetailCostCenter,Everyone,30-10-6080-2063,TransformOneToOne,Operating Supplies,MWU66995,false,
US,UD3_Chempax_MAFCO,UD3_Chempax,U3,DetailCostCenter,Everyone,30-10-6080-2088,TransformOneToOne,Operating Supplies,MWU63601,false,
US,UD3_Chempax_MAFCO,UD3_Chempax,U3,DetailCostCenter,Everyone,30-10-6080-2101,TransformOneToOne,Operating Supplies,MWU66995,false,
US,UD3_Chempax_MAFCO,UD3_Chempax,U3,DetailCostCenter,Everyone,30-10-6080-2102,TransformOneToOne,Operating Supplies,MWU66995,false,
US,UD3_Chempax_MAFCO,UD3_Chempax,U3,DetailCostCenter,Everyone,30-10-6080-2103,TransformOneToOne,Operating Supplies,MWU66995,false,
US,UD3_Chempax_MAFCO,UD3_Chempax,U3,DetailCostCenter,Everyone,30-10-6080-2104,TransformOneToOne,Operating Supplies,MWU66995,false,
US,UD3_Chempax_MAFCO,UD3_Chempax,U3,DetailCostCenter,Everyone,30-10-6080-2105,TransformOneToOne,Operating Supplies,MWU66995,false,
US,UD3_Chempax_MAFCO,UD3_Chempax,U3,DetailCostCenter,Everyone,30-10-6080-2106,TransformOneToOne,Operating Supplies,MWU66995,false,
US,UD3_Chempax_MAFCO,UD3_Chempax,U3,DetailCostCenter,Everyone,30-10-6080-2107,TransformOneToOne,Operating Supplies,MWU66995,false,
US,UD3_Chempax_MAFCO,UD3_Chempax,U3,DetailCostCenter,Everyone,30-10-6080-2115,TransformOneToOne,Operating Supplies,MWU66995,false,
US,UD3_Chempax_MAFCO,UD3_Chempax,U3,DetailCostCenter,Everyone,30-10-6080-2117,TransformOneToOne,Operating Supplies,MWU66995,false,
US,UD3_Chempax_MAFCO,UD3_Chempax,U3,DetailCostCenter,Everyone,30-10-6080-2118,TransformOneToOne,Operating Supplies,MWU66995,false,
US,UD3_Chempax_MAFCO,UD3_Chempax,U3,DetailCostCenter,Everyone,30-10-6080-2121,TransformOneToOne,Operating Supplies,MWU66995,false,
US,UD3_Chempax_MAFCO,UD3_Chempax,U3,DetailCostCenter,Everyone,30-10-6080-2122,TransformOneToOne,Operating Supplies,MWU66995,false,
US,UD3_Chempax_MAFCO,UD3_Chempax,U3,DetailCostCenter,Everyone,30-10-6080-2124,TransformOneToOne,Operating Supplies,MWU66995,false,
US,UD3_Chempax_MAFCO,UD3_Chempax,U3,DetailCostCenter,Everyone,30-10-6080-2127,TransformOneToOne,Operating Supplies,MWU66995,false,
US,UD3_Chempax_MAFCO,UD3_Chempax,U3,DetailCostCenter,Everyone,30-10-6080-2128,TransformOneToOne,Operating Supplies,MWU66995,false,
US,UD3_Chempax_MAFCO,UD3_Chempax,U3,DetailCostCenter,Everyone,30-10-6080-2200,TransformOneToOne,Operating Supplies,MWU66995,false,
US,UD3_Chempax_MAFCO,UD3_Chempax,U3,DetailCostCenter,Everyone,30-10-6080-2201,TransformOneToOne,Operating Supplies,MWU66995,false,
US,UD3_Chempax_MAFCO,UD3_Chempax,U3,DetailCostCenter,Everyone,30-10-6080-5002,TransformOneToOne,Operating Supplies,MWU73710,false,
US,UD3_Chempax_MAFCO,UD3_Chempax,U3,DetailCostCenter,Everyone,30-10-6080-5090,TransformOneToOne,Operating Supplies,MWU66995,false,
US,UD3_Chempax_MAFCO,UD3_Chempax,U3,DetailCostCenter,Everyone,30-10-6080-5091,TransformOneToOne,Operating Supplies,MWU73545,false,
US,UD3_Chempax_MAFCO,UD3_Chempax,U3,DetailCostCenter,Everyone,30-10-6080-5094,TransformOneToOne,Operating Supplies,MWU72900,false,
US,UD3_Chempax_MAFCO,UD3_Chempax,U3,DetailCostCenter,Everyone,30-10-6080-5109,TransformOneToOne,Operating Supplies,MWU74102,false,
US,UD3_Chempax_MAFCO,UD3_Chempax,U3,DetailCostCenter,Everyone,30-10-6080-5130,TransformOneToOne,Operating Supplies,MWU72055,false,
US,UD3_Chempax_MAFCO,UD3_Chempax,U3,DetailCostCenter,Everyone,30-10-6090-2040,TransformOneToOne,Water & Sewer,MWU66500,false,
US,UD3_Chempax_MAFCO,UD3_Chempax,U3,DetailCostCenter,Everyone,30-10-6090-2050,TransformOneToOne,Water & Sewer,MWU66500,false,
US,UD3_Chempax_MAFCO,UD3_Chempax,U3,DetailCostCenter,Everyone,30-10-6090-2055,TransformOneToOne,Water & Sewer,MWU66500,false,
US,UD3_Chempax_MAFCO,UD3_Chempax,U3,DetailCostCenter,Everyone,30-10-6090-2058,TransformOneToOne,Water & Sewer,MWU66500,false,
US,UD3_Chempax_MAFCO,UD3_Chempax,U3,DetailCostCenter,Everyone,30-10-6090-2059,TransformOneToOne,Water & Sewer,MWU66500,false,
US,UD3_Chempax_MAFCO,UD3_Chempax,U3,DetailCostCenter,Everyone,30-10-6090-2060,TransformOneToOne,Water & Sewer,MWU66500,false,
US,UD3_Chempax_MAFCO,UD3_Chempax,U3,DetailCostCenter,Everyone,30-10-6090-2061,TransformOneToOne,Water & Sewer,MWU66500,false,
US,UD3_Chempax_MAFCO,UD3_Chempax,U3,DetailCostCenter,Everyone,30-10-6090-2062,TransformOneToOne,Water & Sewer,MWU66500,false,
US,UD3_Chempax_MAFCO,UD3_Chempax,U3,DetailCostCenter,Everyone,30-10-6090-2063,TransformOneToOne,Water & Sewer,MWU66500,false,
US,UD3_Chempax_MAFCO,UD3_Chempax,U3,DetailCostCenter,Everyone,30-10-6090-2088,TransformOneToOne,Water & Sewer,MWU63601,false,
US,UD3_Chempax_MAFCO,UD3_Chempax,U3,DetailCostCenter,Everyone,30-10-6090-2101,TransformOneToOne,Water & Sewer,MWU66500,false,
US,UD3_Chempax_MAFCO,UD3_Chempax,U3,DetailCostCenter,Everyone,30-10-6090-2102,TransformOneToOne,Water & Sewer,MWU66500,false,
US,UD3_Chempax_MAFCO,UD3_Chempax,U3,DetailCostCenter,Everyone,30-10-6090-2103,TransformOneToOne,Water & Sewer,MWU66500,false,
US,UD3_Chempax_MAFCO,UD3_Chempax,U3,DetailCostCenter,Everyone,30-10-6090-2104,TransformOneToOne,Water & Sewer,MWU66500,false,
US,UD3_Chempax_MAFCO,UD3_Chempax,U3,DetailCostCenter,Everyone,30-10-6090-2105,TransformOneToOne,Water & Sewer,MWU66500,false,
US,UD3_Chempax_MAFCO,UD3_Chempax,U3,DetailCostCenter,Everyone,30-10-6090-2106,TransformOneToOne,Water & Sewer,MWU66500,false,
US,UD3_Chempax_MAFCO,UD3_Chempax,U3,DetailCostCenter,Everyone,30-10-6090-2115,TransformOneToOne,Water & Sewer,MWU66500,false,
US,UD3_Chempax_MAFCO,UD3_Chempax,U3,DetailCostCenter,Everyone,30-10-6090-2117,TransformOneToOne,Water & Sewer,MWU66500,false,
US,UD3_Chempax_MAFCO,UD3_Chempax,U3,DetailCostCenter,Everyone,30-10-6090-2118,TransformOneToOne,Water & Sewer,MWU66500,false,
US,UD3_Chempax_MAFCO,UD3_Chempax,U3,DetailCostCenter,Everyone,30-10-6090-2121,TransformOneToOne,Water & Sewer,MWU66500,false,
US,UD3_Chempax_MAFCO,UD3_Chempax,U3,DetailCostCenter,Everyone,30-10-6090-2122,TransformOneToOne,Water & Sewer,MWU66500,false,
US,UD3_Chempax_MAFCO,UD3_Chempax,U3,DetailCostCenter,Everyone,30-10-6090-2124,TransformOneToOne,Water & Sewer,MWU66500,false,
US,UD3_Chempax_MAFCO,UD3_Chempax,U3,DetailCostCenter,Everyone,30-10-6090-2127,TransformOneToOne,Water & Sewer,MWU66500,false,
US,UD3_Chempax_MAFCO,UD3_Chempax,U3,DetailCostCenter,Everyone,30-10-6090-2128,TransformOneToOne,Water & Sewer,MWU66500,false,
US,UD3_Chempax_MAFCO,UD3_Chempax,U3,DetailCostCenter,Everyone,30-10-6090-2200,TransformOneToOne,Water & Sewer,MWU66500,false,
US,UD3_Chempax_MAFCO,UD3_Chempax,U3,DetailCostCenter,Everyone,30-10-6090-2201,TransformOneToOne,Water & Sewer,MWU66500,false,
US,UD3_Chempax_MAFCO,UD3_Chempax,U3,DetailCostCenter,Everyone,30-10-6090-5091,TransformOneToOne,Water & Sewer,MWU73545,false,
US,UD3_Chempax_MAFCO,UD3_Chempax,U3,DetailCostCenter,Everyone,30-10-6090-5094,TransformOneToOne,Water & Sewer,MWU73550,false,
US,UD3_Chempax_MAFCO,UD3_Chempax,U3,DetailCostCenter,Everyone,30-10-6090-5130,TransformOneToOne,Water & Sewer,MWU72055,false,
US,UD3_Chempax_MAFCO,UD3_Chempax,U3,DetailCostCenter,Everyone,30-10-6100-2040,TransformOneToOne,Steam Cost,MWU66500,false,
US,UD3_Chempax_MAFCO,UD3_Chempax,U3,DetailCostCenter,Everyone,30-10-6100-2050,TransformOneToOne,Steam Cost,MWU66500,false,
US,UD3_Chempax_MAFCO,UD3_Chempax,U3,DetailCostCenter,Everyone,30-10-6100-2055,TransformOneToOne,Steam Cost,MWU66500,false,
US,UD3_Chempax_MAFCO,UD3_Chempax,U3,DetailCostCenter,Everyone,30-10-6100-2058,TransformOneToOne,Steam Cost,MWU66500,false,
US,UD3_Chempax_MAFCO,UD3_Chempax,U3,DetailCostCenter,Everyone,30-10-6100-2059,TransformOneToOne,Steam Cost,MWU66500,false,
US,UD3_Chempax_MAFCO,UD3_Chempax,U3,DetailCostCenter,Everyone,30-10-6100-2060,TransformOneToOne,Steam Cost,MWU66500,false,
US,UD3_Chempax_MAFCO,UD3_Chempax,U3,DetailCostCenter,Everyone,30-10-6100-2061,TransformOneToOne,Steam Cost,MWU66500,false,
US,UD3_Chempax_MAFCO,UD3_Chempax,U3,DetailCostCenter,Everyone,30-10-6100-2062,TransformOneToOne,Steam Cost,MWU66500,false,
US,UD3_Chempax_MAFCO,UD3_Chempax,U3,DetailCostCenter,Everyone,30-10-6100-2063,TransformOneToOne,Steam Cost,MWU66500,false,
US,UD3_Chempax_MAFCO,UD3_Chempax,U3,DetailCostCenter,Everyone,30-10-6100-2088,TransformOneToOne,Steam Cost,MWU63601,false,
US,UD3_Chempax_MAFCO,UD3_Chempax,U3,DetailCostCenter,Everyone,30-10-6100-2101,TransformOneToOne,Steam Cost,MWU66500,false,
US,UD3_Chempax_MAFCO,UD3_Chempax,U3,DetailCostCenter,Everyone,30-10-6100-2102,TransformOneToOne,Steam Cost,MWU66500,false,
US,UD3_Chempax_MAFCO,UD3_Chempax,U3,DetailCostCenter,Everyone,30-10-6100-2103,TransformOneToOne,Steam Cost,MWU66500,false,
US,UD3_Chempax_MAFCO,UD3_Chempax,U3,DetailCostCenter,Everyone,30-10-6100-2104,TransformOneToOne,Steam Cost,MWU66500,false,
US,UD3_Chempax_MAFCO,UD3_Chempax,U3,DetailCostCenter,Everyone,30-10-6100-2105,TransformOneToOne,Steam Cost,MWU66500,false,
US,UD3_Chempax_MAFCO,UD3_Chempax,U3,DetailCostCenter,Everyone,30-10-6100-2106,TransformOneToOne,Steam Cost,MWU66500,false,
US,UD3_Chempax_MAFCO,UD3_Chempax,U3,DetailCostCenter,Everyone,30-10-6100-2115,TransformOneToOne,Steam Cost,MWU66500,false,
US,UD3_Chempax_MAFCO,UD3_Chempax,U3,DetailCostCenter,Everyone,30-10-6100-2117,TransformOneToOne,Steam Cost,MWU66500,false,
US,UD3_Chempax_MAFCO,UD3_Chempax,U3,DetailCostCenter,Everyone,30-10-6100-2118,TransformOneToOne,Steam Cost,MWU66500,false,
US,UD3_Chempax_MAFCO,UD3_Chempax,U3,DetailCostCenter,Everyone,30-10-6100-2121,TransformOneToOne,Steam Cost,MWU66500,false,
US,UD3_Chempax_MAFCO,UD3_Chempax,U3,DetailCostCenter,Everyone,30-10-6100-2122,TransformOneToOne,Steam Cost,MWU66500,false,
US,UD3_Chempax_MAFCO,UD3_Chempax,U3,DetailCostCenter,Everyone,30-10-6100-2124,TransformOneToOne,Steam Cost,MWU66500,false,
US,UD3_Chempax_MAFCO,UD3_Chempax,U3,DetailCostCenter,Everyone,30-10-6100-2127,TransformOneToOne,Steam Cost,MWU66500,false,
US,UD3_Chempax_MAFCO,UD3_Chempax,U3,DetailCostCenter,Everyone,30-10-6100-2128,TransformOneToOne,Steam Cost,MWU66500,false,
US,UD3_Chempax_MAFCO,UD3_Chempax,U3,DetailCostCenter,Everyone,30-10-6100-2200,TransformOneToOne,Steam Cost,MWU66500,false,
US,UD3_Chempax_MAFCO,UD3_Chempax,U3,DetailCostCenter,Everyone,30-10-6100-2201,TransformOneToOne,Steam Cost,MWU66500,false,
US,UD3_Chempax_MAFCO,UD3_Chempax,U3,DetailCostCenter,Everyone,30-10-6100-5091,TransformOneToOne,Steam Cost,MWU73545,false,
US,UD3_Chempax_MAFCO,UD3_Chempax,U3,DetailCostCenter,Everyone,30-10-6100-5094,TransformOneToOne,Steam Cost,MWU73550,false,
US,UD3_Chempax_MAFCO,UD3_Chempax,U3,DetailCostCenter,Everyone,30-10-6100-5130,TransformOneToOne,Steam Cost,MWU72055,false,
US,UD3_Chempax_MAFCO,UD3_Chempax,U3,DetailCostCenter,Everyone,30-10-6110-2040,TransformOneToOne,Electricity,MWU66500,false,
US,UD3_Chempax_MAFCO,UD3_Chempax,U3,DetailCostCenter,Everyone,30-10-6110-2050,TransformOneToOne,Electricity,MWU66500,false,
US,UD3_Chempax_MAFCO,UD3_Chempax,U3,DetailCostCenter,Everyone,30-10-6110-2055,TransformOneToOne,Electricity,MWU66500,false,
US,UD3_Chempax_MAFCO,UD3_Chempax,U3,DetailCostCenter,Everyone,30-10-6110-2058,TransformOneToOne,Electricity,MWU66500,false,
US,UD3_Chempax_MAFCO,UD3_Chempax,U3,DetailCostCenter,Everyone,30-10-6110-2059,TransformOneToOne,Electricity,MWU66500,false,
US,UD3_Chempax_MAFCO,UD3_Chempax,U3,DetailCostCenter,Everyone,30-10-6110-2060,TransformOneToOne,Electricity,MWU66500,false,
US,UD3_Chempax_MAFCO,UD3_Chempax,U3,DetailCostCenter,Everyone,30-10-6110-2061,TransformOneToOne,Electricity,MWU66500,false,
US,UD3_Chempax_MAFCO,UD3_Chempax,U3,DetailCostCenter,Everyone,30-10-6110-2062,TransformOneToOne,Electricity,MWU66500,false,
US,UD3_Chempax_MAFCO,UD3_Chempax,U3,DetailCostCenter,Everyone,30-10-6110-2063,TransformOneToOne,Electricity,MWU66500,false,
US,UD3_Chempax_MAFCO,UD3_Chempax,U3,DetailCostCenter,Everyone,30-10-6110-2088,TransformOneToOne,Electricity,MWU63601,false,
US,UD3_Chempax_MAFCO,UD3_Chempax,U3,DetailCostCenter,Everyone,30-10-6110-2101,TransformOneToOne,Electricity,MWU66500,false,
US,UD3_Chempax_MAFCO,UD3_Chempax,U3,DetailCostCenter,Everyone,30-10-6110-2102,TransformOneToOne,Electricity,MWU66500,false,
US,UD3_Chempax_MAFCO,UD3_Chempax,U3,DetailCostCenter,Everyone,30-10-6110-2103,TransformOneToOne,Electricity,MWU66500,false,
US,UD3_Chempax_MAFCO,UD3_Chempax,U3,DetailCostCenter,Everyone,30-10-6110-2104,TransformOneToOne,Electricity,MWU66500,false,
US,UD3_Chempax_MAFCO,UD3_Chempax,U3,DetailCostCenter,Everyone,30-10-6110-2105,TransformOneToOne,Electricity,MWU66500,false,
US,UD3_Chempax_MAFCO,UD3_Chempax,U3,DetailCostCenter,Everyone,30-10-6110-2106,TransformOneToOne,Electricity,MWU66500,false,
US,UD3_Chempax_MAFCO,UD3_Chempax,U3,DetailCostCenter,Everyone,30-10-6110-2115,TransformOneToOne,Electricity,MWU66500,false,
US,UD3_Chempax_MAFCO,UD3_Chempax,U3,DetailCostCenter,Everyone,30-10-6110-2117,TransformOneToOne,Electricity,MWU66500,false,
US,UD3_Chempax_MAFCO,UD3_Chempax,U3,DetailCostCenter,Everyone,30-10-6110-2118,TransformOneToOne,Electricity,MWU66500,false,
US,UD3_Chempax_MAFCO,UD3_Chempax,U3,DetailCostCenter,Everyone,30-10-6110-2121,TransformOneToOne,Electricity,MWU66500,false,
US,UD3_Chempax_MAFCO,UD3_Chempax,U3,DetailCostCenter,Everyone,30-10-6110-2122,TransformOneToOne,Electricity,MWU66500,false,
US,UD3_Chempax_MAFCO,UD3_Chempax,U3,DetailCostCenter,Everyone,30-10-6110-2124,TransformOneToOne,Electricity,MWU66500,false,
US,UD3_Chempax_MAFCO,UD3_Chempax,U3,DetailCostCenter,Everyone,30-10-6110-2127,TransformOneToOne,Electricity,MWU66500,false,
US,UD3_Chempax_MAFCO,UD3_Chempax,U3,DetailCostCenter,Everyone,30-10-6110-2128,TransformOneToOne,Electricity,MWU66500,false,
US,UD3_Chempax_MAFCO,UD3_Chempax,U3,DetailCostCenter,Everyone,30-10-6110-2200,TransformOneToOne,Electricity,MWU66500,false,
US,UD3_Chempax_MAFCO,UD3_Chempax,U3,DetailCostCenter,Everyone,30-10-6110-2201,TransformOneToOne,Electricity,MWU66500,false,
US,UD3_Chempax_MAFCO,UD3_Chempax,U3,DetailCostCenter,Everyone,30-10-6110-5003,TransformOneToOne,Electicity/CAM,MWU73800,false,
US,UD3_Chempax_MAFCO,UD3_Chempax,U3,DetailCostCenter,Everyone,30-10-6110-5091,TransformOneToOne,Electricity,MWU73545,false,
US,UD3_Chempax_MAFCO,UD3_Chempax,U3,DetailCostCenter,Everyone,30-10-6110-5094,TransformOneToOne,Electricity,MWU73550,false,
US,UD3_Chempax_MAFCO,UD3_Chempax,U3,DetailCostCenter,Everyone,30-10-6110-5130,TransformOneToOne,Electricity,MWU72055,false,
US,UD3_Chempax_MAFCO,UD3_Chempax,U3,DetailCostCenter,Everyone,30-10-6120-2040,TransformOneToOne,Gas Used,MWU66500,false,
US,UD3_Chempax_MAFCO,UD3_Chempax,U3,DetailCostCenter,Everyone,30-10-6120-2050,TransformOneToOne,Gas Used,MWU66500,false,
US,UD3_Chempax_MAFCO,UD3_Chempax,U3,DetailCostCenter,Everyone,30-10-6120-2055,TransformOneToOne,Gas Used,MWU66500,false,
US,UD3_Chempax_MAFCO,UD3_Chempax,U3,DetailCostCenter,Everyone,30-10-6120-2058,TransformOneToOne,Gas Used,MWU66500,false,
US,UD3_Chempax_MAFCO,UD3_Chempax,U3,DetailCostCenter,Everyone,30-10-6120-2059,TransformOneToOne,Gas Used,MWU66500,false,
US,UD3_Chempax_MAFCO,UD3_Chempax,U3,DetailCostCenter,Everyone,30-10-6120-2060,TransformOneToOne,Gas Used,MWU66500,false,
US,UD3_Chempax_MAFCO,UD3_Chempax,U3,DetailCostCenter,Everyone,30-10-6120-2061,TransformOneToOne,Gas Used,MWU66500,false,
US,UD3_Chempax_MAFCO,UD3_Chempax,U3,DetailCostCenter,Everyone,30-10-6120-2062,TransformOneToOne,Gas Used,MWU66500,false,
US,UD3_Chempax_MAFCO,UD3_Chempax,U3,DetailCostCenter,Everyone,30-10-6120-2063,TransformOneToOne,Gas Used,MWU66500,false,
US,UD3_Chempax_MAFCO,UD3_Chempax,U3,DetailCostCenter,Everyone,30-10-6120-2088,TransformOneToOne,Gas Used,MWU63601,false,
US,UD3_Chempax_MAFCO,UD3_Chempax,U3,DetailCostCenter,Everyone,30-10-6120-2101,TransformOneToOne,Gas Used,MWU66500,false,
US,UD3_Chempax_MAFCO,UD3_Chempax,U3,DetailCostCenter,Everyone,30-10-6120-2102,TransformOneToOne,Gas Used,MWU66500,false,
US,UD3_Chempax_MAFCO,UD3_Chempax,U3,DetailCostCenter,Everyone,30-10-6120-2103,TransformOneToOne,Gas Used,MWU66500,false,
US,UD3_Chempax_MAFCO,UD3_Chempax,U3,DetailCostCenter,Everyone,30-10-6120-2104,TransformOneToOne,Gas Used,MWU66500,false,
US,UD3_Chempax_MAFCO,UD3_Chempax,U3,DetailCostCenter,Everyone,30-10-6120-2105,TransformOneToOne,Gas Used,MWU66500,false,
US,UD3_Chempax_MAFCO,UD3_Chempax,U3,DetailCostCenter,Everyone,30-10-6120-2106,TransformOneToOne,Gas Used,MWU66500,false,
US,UD3_Chempax_MAFCO,UD3_Chempax,U3,DetailCostCenter,Everyone,30-10-6120-2115,TransformOneToOne,Gas Used,MWU66500,false,
US,UD3_Chempax_MAFCO,UD3_Chempax,U3,DetailCostCenter,Everyone,30-10-6120-2117,TransformOneToOne,Gas Used,MWU66500,false,
US,UD3_Chempax_MAFCO,UD3_Chempax,U3,DetailCostCenter,Everyone,30-10-6120-2118,TransformOneToOne,Gas Used,MWU66500,false,
US,UD3_Chempax_MAFCO,UD3_Chempax,U3,DetailCostCenter,Everyone,30-10-6120-2121,TransformOneToOne,Gas Used,MWU66500,false,
US,UD3_Chempax_MAFCO,UD3_Chempax,U3,DetailCostCenter,Everyone,30-10-6120-2122,TransformOneToOne,Gas Used,MWU66500,false,
US,UD3_Chempax_MAFCO,UD3_Chempax,U3,DetailCostCenter,Everyone,30-10-6120-2124,TransformOneToOne,Gas Used,MWU66500,false,
US,UD3_Chempax_MAFCO,UD3_Chempax,U3,DetailCostCenter,Everyone,30-10-6120-2127,TransformOneToOne,Gas Used,MWU66500,false,
US,UD3_Chempax_MAFCO,UD3_Chempax,U3,DetailCostCenter,Everyone,30-10-6120-2128,TransformOneToOne,Gas Used,MWU66500,false,
US,UD3_Chempax_MAFCO,UD3_Chempax,U3,DetailCostCenter,Everyone,30-10-6120-2200,TransformOneToOne,Gas Used,MWU66500,false,
US,UD3_Chempax_MAFCO,UD3_Chempax,U3,DetailCostCenter,Everyone,30-10-6120-2201,TransformOneToOne,Gas Used,MWU66500,false,
US,UD3_Chempax_MAFCO,UD3_Chempax,U3,DetailCostCenter,Everyone,30-10-6120-5091,TransformOneToOne,Gas Used,MWU73545,false,
US,UD3_Chempax_MAFCO,UD3_Chempax,U3,DetailCostCenter,Everyone,30-10-6120-5094,TransformOneToOne,Gas Used,MWU73550,false,
US,UD3_Chempax_MAFCO,UD3_Chempax,U3,DetailCostCenter,Everyone,30-10-6120-5130,TransformOneToOne,Gas Used,MWU72055,false,
US,UD3_Chempax_MAFCO,UD3_Chempax,U3,DetailCostCenter,Everyone,30-10-6130-2050,TransformOneToOne,Fuel Used,MWU66500,false,
US,UD3_Chempax_MAFCO,UD3_Chempax,U3,DetailCostCenter,Everyone,30-10-6130-2055,TransformOneToOne,Fuel Used,MWU66500,false,
US,UD3_Chempax_MAFCO,UD3_Chempax,U3,DetailCostCenter,Everyone,30-10-6130-2058,TransformOneToOne,Fuel Used,MWU66500,false,
US,UD3_Chempax_MAFCO,UD3_Chempax,U3,DetailCostCenter,Everyone,30-10-6130-2059,TransformOneToOne,Fuel Used,MWU66500,false,
US,UD3_Chempax_MAFCO,UD3_Chempax,U3,DetailCostCenter,Everyone,30-10-6130-2060,TransformOneToOne,Fuel Used,MWU66500,false,
US,UD3_Chempax_MAFCO,UD3_Chempax,U3,DetailCostCenter,Everyone,30-10-6130-2061,TransformOneToOne,Fuel Used,MWU66500,false,
US,UD3_Chempax_MAFCO,UD3_Chempax,U3,DetailCostCenter,Everyone,30-10-6130-2062,TransformOneToOne,Fuel Used,MWU66500,false,
US,UD3_Chempax_MAFCO,UD3_Chempax,U3,DetailCostCenter,Everyone,30-10-6130-2063,TransformOneToOne,Fuel Used,MWU66500,false,
US,UD3_Chempax_MAFCO,UD3_Chempax,U3,DetailCostCenter,Everyone,30-10-6130-2088,TransformOneToOne,Fuel Used,MWU63601,false,
US,UD3_Chempax_MAFCO,UD3_Chempax,U3,DetailCostCenter,Everyone,30-10-6130-2101,TransformOneToOne,Fuel Used,MWU66500,false,
US,UD3_Chempax_MAFCO,UD3_Chempax,U3,DetailCostCenter,Everyone,30-10-6130-2102,TransformOneToOne,Fuel Used,MWU66500,false,
US,UD3_Chempax_MAFCO,UD3_Chempax,U3,DetailCostCenter,Everyone,30-10-6130-2103,TransformOneToOne,Fuel Used,MWU66500,false,
US,UD3_Chempax_MAFCO,UD3_Chempax,U3,DetailCostCenter,Everyone,30-10-6130-2104,TransformOneToOne,Fuel Used,MWU66500,false,
US,UD3_Chempax_MAFCO,UD3_Chempax,U3,DetailCostCenter,Everyone,30-10-6130-2105,TransformOneToOne,Fuel Used,MWU66500,false,
US,UD3_Chempax_MAFCO,UD3_Chempax,U3,DetailCostCenter,Everyone,30-10-6130-2106,TransformOneToOne,Fuel Used,MWU66500,false,
US,UD3_Chempax_MAFCO,UD3_Chempax,U3,DetailCostCenter,Everyone,30-10-6130-2115,TransformOneToOne,Fuel Used,MWU66500,false,
US,UD3_Chempax_MAFCO,UD3_Chempax,U3,DetailCostCenter,Everyone,30-10-6130-2117,TransformOneToOne,Fuel Used,MWU66500,false,
US,UD3_Chempax_MAFCO,UD3_Chempax,U3,DetailCostCenter,Everyone,30-10-6130-2118,TransformOneToOne,Fuel Used,MWU66500,false,
US,UD3_Chempax_MAFCO,UD3_Chempax,U3,DetailCostCenter,Everyone,30-10-6130-2121,TransformOneToOne,Fuel Used,MWU66500,false,
US,UD3_Chempax_MAFCO,UD3_Chempax,U3,DetailCostCenter,Everyone,30-10-6130-2122,TransformOneToOne,Fuel Used,MWU66500,false,
US,UD3_Chempax_MAFCO,UD3_Chempax,U3,DetailCostCenter,Everyone,30-10-6130-2124,TransformOneToOne,Fuel Used,MWU66500,false,
US,UD3_Chempax_MAFCO,UD3_Chempax,U3,DetailCostCenter,Everyone,30-10-6130-2127,TransformOneToOne,Fuel Used,MWU66500,false,
US,UD3_Chempax_MAFCO,UD3_Chempax,U3,DetailCostCenter,Everyone,30-10-6130-2128,TransformOneToOne,Fuel Used,MWU66500,false,
US,UD3_Chempax_MAFCO,UD3_Chempax,U3,DetailCostCenter,Everyone,30-10-6130-2200,TransformOneToOne,Fuel Used,MWU66500,false,
US,UD3_Chempax_MAFCO,UD3_Chempax,U3,DetailCostCenter,Everyone,30-10-6130-2201,TransformOneToOne,Fuel Used,MWU66500,false,
US,UD3_Chempax_MAFCO,UD3_Chempax,U3,DetailCostCenter,Everyone,30-10-6130-5091,TransformOneToOne,Fuel Used,MWU73545,false,
US,UD3_Chempax_MAFCO,UD3_Chempax,U3,DetailCostCenter,Everyone,30-10-6130-5094,TransformOneToOne,Fuel Used,MWU73550,false,
US,UD3_Chempax_MAFCO,UD3_Chempax,U3,DetailCostCenter,Everyone,30-10-6130-5130,TransformOneToOne,Fuel Used,MWU72055,false,
US,UD3_Chempax_MAFCO,UD3_Chempax,U3,DetailCostCenter,Everyone,30-10-6140-2040,TransformOneToOne,Power Purchased,MWU66500,false,
US,UD3_Chempax_MAFCO,UD3_Chempax,U3,DetailCostCenter,Everyone,30-10-6140-2050,TransformOneToOne,Power Purchased,MWU66500,false,
US,UD3_Chempax_MAFCO,UD3_Chempax,U3,DetailCostCenter,Everyone,30-10-6140-2055,TransformOneToOne,Power Purchased,MWU66500,false,
US,UD3_Chempax_MAFCO,UD3_Chempax,U3,DetailCostCenter,Everyone,30-10-6140-2058,TransformOneToOne,Power Purchased,MWU66500,false,
US,UD3_Chempax_MAFCO,UD3_Chempax,U3,DetailCostCenter,Everyone,30-10-6140-2059,TransformOneToOne,Power Purchased,MWU66500,false,
US,UD3_Chempax_MAFCO,UD3_Chempax,U3,DetailCostCenter,Everyone,30-10-6140-2060,TransformOneToOne,Power Purchased,MWU66500,false,
US,UD3_Chempax_MAFCO,UD3_Chempax,U3,DetailCostCenter,Everyone,30-10-6140-2061,TransformOneToOne,Power Purchased,MWU66500,false,
US,UD3_Chempax_MAFCO,UD3_Chempax,U3,DetailCostCenter,Everyone,30-10-6140-2062,TransformOneToOne,Power Purchased,MWU66500,false,
US,UD3_Chempax_MAFCO,UD3_Chempax,U3,DetailCostCenter,Everyone,30-10-6140-2063,TransformOneToOne,Power Purchased,MWU66500,false,
US,UD3_Chempax_MAFCO,UD3_Chempax,U3,DetailCostCenter,Everyone,30-10-6140-2088,TransformOneToOne,Power Purchased,MWU63601,false,
US,UD3_Chempax_MAFCO,UD3_Chempax,U3,DetailCostCenter,Everyone,30-10-6140-2101,TransformOneToOne,Power Purchased,MWU66500,false,
US,UD3_Chempax_MAFCO,UD3_Chempax,U3,DetailCostCenter,Everyone,30-10-6140-2102,TransformOneToOne,Power Purchased,MWU66500,false,
US,UD3_Chempax_MAFCO,UD3_Chempax,U3,DetailCostCenter,Everyone,30-10-6140-2103,TransformOneToOne,Power Purchased,MWU66500,false,
US,UD3_Chempax_MAFCO,UD3_Chempax,U3,DetailCostCenter,Everyone,30-10-6140-2104,TransformOneToOne,Power Purchased,MWU66500,false,
US,UD3_Chempax_MAFCO,UD3_Chempax,U3,DetailCostCenter,Everyone,30-10-6140-2105,TransformOneToOne,Power Purchased,MWU66500,false,
US,UD3_Chempax_MAFCO,UD3_Chempax,U3,DetailCostCenter,Everyone,30-10-6140-2106,TransformOneToOne,Power Purchased,MWU66500,false,
US,UD3_Chempax_MAFCO,UD3_Chempax,U3,DetailCostCenter,Everyone,30-10-6140-2115,TransformOneToOne,Power Purchased,MWU66500,false,
US,UD3_Chempax_MAFCO,UD3_Chempax,U3,DetailCostCenter,Everyone,30-10-6140-2117,TransformOneToOne,Power Purchased,MWU66500,false,
US,UD3_Chempax_MAFCO,UD3_Chempax,U3,DetailCostCenter,Everyone,30-10-6140-2118,TransformOneToOne,Power Purchased,MWU66500,false,
US,UD3_Chempax_MAFCO,UD3_Chempax,U3,DetailCostCenter,Everyone,30-10-6140-2121,TransformOneToOne,Power Purchased,MWU66500,false,
US,UD3_Chempax_MAFCO,UD3_Chempax,U3,DetailCostCenter,Everyone,30-10-6140-2122,TransformOneToOne,Power Purchased,MWU66500,false,
US,UD3_Chempax_MAFCO,UD3_Chempax,U3,DetailCostCenter,Everyone,30-10-6140-2124,TransformOneToOne,Power Purchased,MWU66500,false,
US,UD3_Chempax_MAFCO,UD3_Chempax,U3,DetailCostCenter,Everyone,30-10-6140-2127,TransformOneToOne,Power Purchased,MWU66500,false,
US,UD3_Chempax_MAFCO,UD3_Chempax,U3,DetailCostCenter,Everyone,30-10-6140-2128,TransformOneToOne,Power Purchased,MWU66500,false,
US,UD3_Chempax_MAFCO,UD3_Chempax,U3,DetailCostCenter,Everyone,30-10-6140-2200,TransformOneToOne,Power Purchased,MWU66500,false,
US,UD3_Chempax_MAFCO,UD3_Chempax,U3,DetailCostCenter,Everyone,30-10-6140-2201,TransformOneToOne,Power Purchased,MWU66500,false,
US,UD3_Chempax_MAFCO,UD3_Chempax,U3,DetailCostCenter,Everyone,30-10-6140-5091,TransformOneToOne,Power Purchased,MWU73545,false,
US,UD3_Chempax_MAFCO,UD3_Chempax,U3,DetailCostCenter,Everyone,30-10-6140-5094,TransformOneToOne,Power Purchased,MWU73550,false,
US,UD3_Chempax_MAFCO,UD3_Chempax,U3,DetailCostCenter,Everyone,30-10-6140-5130,TransformOneToOne,Power Purchased,MWU72055,false,
US,UD3_Chempax_MAFCO,UD3_Chempax,U3,DetailCostCenter,Everyone,30-10-6150-2040,TransformOneToOne,Repair Material,MWU66995,false,
US,UD3_Chempax_MAFCO,UD3_Chempax,U3,DetailCostCenter,Everyone,30-10-6150-2050,TransformOneToOne,Repair Material,MWU66995,false,
US,UD3_Chempax_MAFCO,UD3_Chempax,U3,DetailCostCenter,Everyone,30-10-6150-2055,TransformOneToOne,Repair Material,MWU66995,false,
US,UD3_Chempax_MAFCO,UD3_Chempax,U3,DetailCostCenter,Everyone,30-10-6150-2058,TransformOneToOne,Repair Material,MWU66995,false,
US,UD3_Chempax_MAFCO,UD3_Chempax,U3,DetailCostCenter,Everyone,30-10-6150-2059,TransformOneToOne,Repair Material,MWU66995,false,
US,UD3_Chempax_MAFCO,UD3_Chempax,U3,DetailCostCenter,Everyone,30-10-6150-2060,TransformOneToOne,Repair Material,MWU66995,false,
US,UD3_Chempax_MAFCO,UD3_Chempax,U3,DetailCostCenter,Everyone,30-10-6150-2061,TransformOneToOne,Repair Material,MWU66995,false,
US,UD3_Chempax_MAFCO,UD3_Chempax,U3,DetailCostCenter,Everyone,30-10-6150-2062,TransformOneToOne,Repair Material,MWU66995,false,
US,UD3_Chempax_MAFCO,UD3_Chempax,U3,DetailCostCenter,Everyone,30-10-6150-2063,TransformOneToOne,Repair Material,MWU66995,false,
US,UD3_Chempax_MAFCO,UD3_Chempax,U3,DetailCostCenter,Everyone,30-10-6150-2088,TransformOneToOne,Repair Material,MWU63601,false,
US,UD3_Chempax_MAFCO,UD3_Chempax,U3,DetailCostCenter,Everyone,30-10-6150-2101,TransformOneToOne,Repair Material,MWU66995,false,
US,UD3_Chempax_MAFCO,UD3_Chempax,U3,DetailCostCenter,Everyone,30-10-6150-2102,TransformOneToOne,Repair Material,MWU66995,false,
US,UD3_Chempax_MAFCO,UD3_Chempax,U3,DetailCostCenter,Everyone,30-10-6150-2103,TransformOneToOne,Repair Material,MWU66995,false,
US,UD3_Chempax_MAFCO,UD3_Chempax,U3,DetailCostCenter,Everyone,30-10-6150-2104,TransformOneToOne,Repair Material,MWU66995,false,
US,UD3_Chempax_MAFCO,UD3_Chempax,U3,DetailCostCenter,Everyone,30-10-6150-2105,TransformOneToOne,Repair Material,MWU66995,false,
US,UD3_Chempax_MAFCO,UD3_Chempax,U3,DetailCostCenter,Everyone,30-10-6150-2106,TransformOneToOne,Repair Material,MWU66995,false,
US,UD3_Chempax_MAFCO,UD3_Chempax,U3,DetailCostCenter,Everyone,30-10-6150-2107,TransformOneToOne,Repair Material,MWU66995,false,
US,UD3_Chempax_MAFCO,UD3_Chempax,U3,DetailCostCenter,Everyone,30-10-6150-2109,TransformOneToOne,Repair Material,MWU66995,false,
US,UD3_Chempax_MAFCO,UD3_Chempax,U3,DetailCostCenter,Everyone,30-10-6150-2115,TransformOneToOne,Repair Material,MWU66995,false,
US,UD3_Chempax_MAFCO,UD3_Chempax,U3,DetailCostCenter,Everyone,30-10-6150-2117,TransformOneToOne,Repair Material,MWU66995,false,
US,UD3_Chempax_MAFCO,UD3_Chempax,U3,DetailCostCenter,Everyone,30-10-6150-2118,TransformOneToOne,Repair Material,MWU66995,false,
US,UD3_Chempax_MAFCO,UD3_Chempax,U3,DetailCostCenter,Everyone,30-10-6150-2121,TransformOneToOne,Repair Material,MWU66995,false,
US,UD3_Chempax_MAFCO,UD3_Chempax,U3,DetailCostCenter,Everyone,30-10-6150-2122,TransformOneToOne,Repair Material,MWU66995,false,
US,UD3_Chempax_MAFCO,UD3_Chempax,U3,DetailCostCenter,Everyone,30-10-6150-2124,TransformOneToOne,Repair Material,MWU66995,false,
US,UD3_Chempax_MAFCO,UD3_Chempax,U3,DetailCostCenter,Everyone,30-10-6150-2127,TransformOneToOne,Repair Material,MWU66995,false,
US,UD3_Chempax_MAFCO,UD3_Chempax,U3,DetailCostCenter,Everyone,30-10-6150-2128,TransformOneToOne,Repair Material,MWU66995,false,
US,UD3_Chempax_MAFCO,UD3_Chempax,U3,DetailCostCenter,Everyone,30-10-6150-2200,TransformOneToOne,Repair Material,MWU66995,false,
US,UD3_Chempax_MAFCO,UD3_Chempax,U3,DetailCostCenter,Everyone,30-10-6150-2201,TransformOneToOne,Repair Material,MWU66995,false,
US,UD3_Chempax_MAFCO,UD3_Chempax,U3,DetailCostCenter,Everyone,30-10-6150-5091,TransformOneToOne,Repair Material,MWU73545,false,
US,UD3_Chempax_MAFCO,UD3_Chempax,U3,DetailCostCenter,Everyone,30-10-6150-5094,TransformOneToOne,Repair Material,MWU73550,false,
US,UD3_Chempax_MAFCO,UD3_Chempax,U3,DetailCostCenter,Everyone,30-10-6150-5130,TransformOneToOne,Repair Material,MWU72055,false,
US,UD3_Chempax_MAFCO,UD3_Chempax,U3,DetailCostCenter,Everyone,30-10-6160-2050,TransformOneToOne,Repair Service,MWU66995,false,
US,UD3_Chempax_MAFCO,UD3_Chempax,U3,DetailCostCenter,Everyone,30-10-6160-2055,TransformOneToOne,Repair Service,MWU66995,false,
US,UD3_Chempax_MAFCO,UD3_Chempax,U3,DetailCostCenter,Everyone,30-10-6160-2058,TransformOneToOne,Repair Service,MWU66995,false,
US,UD3_Chempax_MAFCO,UD3_Chempax,U3,DetailCostCenter,Everyone,30-10-6160-2059,TransformOneToOne,Repair Service,MWU66995,false,
US,UD3_Chempax_MAFCO,UD3_Chempax,U3,DetailCostCenter,Everyone,30-10-6160-2060,TransformOneToOne,Repair Service,MWU66995,false,
US,UD3_Chempax_MAFCO,UD3_Chempax,U3,DetailCostCenter,Everyone,30-10-6160-2061,TransformOneToOne,Repair Service,MWU66995,false,
US,UD3_Chempax_MAFCO,UD3_Chempax,U3,DetailCostCenter,Everyone,30-10-6160-2062,TransformOneToOne,Repair Service,MWU66995,false,
US,UD3_Chempax_MAFCO,UD3_Chempax,U3,DetailCostCenter,Everyone,30-10-6160-2063,TransformOneToOne,Repair Service,MWU66995,false,
US,UD3_Chempax_MAFCO,UD3_Chempax,U3,DetailCostCenter,Everyone,30-10-6160-2088,TransformOneToOne,Repair Service,MWU63601,false,
US,UD3_Chempax_MAFCO,UD3_Chempax,U3,DetailCostCenter,Everyone,30-10-6160-2101,TransformOneToOne,Repair Service,MWU66995,false,
US,UD3_Chempax_MAFCO,UD3_Chempax,U3,DetailCostCenter,Everyone,30-10-6160-2102,TransformOneToOne,Repair Service,MWU66995,false,
US,UD3_Chempax_MAFCO,UD3_Chempax,U3,DetailCostCenter,Everyone,30-10-6160-2103,TransformOneToOne,Repair Service,MWU66995,false,
US,UD3_Chempax_MAFCO,UD3_Chempax,U3,DetailCostCenter,Everyone,30-10-6160-2104,TransformOneToOne,Repair Service,MWU66995,false,
US,UD3_Chempax_MAFCO,UD3_Chempax,U3,DetailCostCenter,Everyone,30-10-6160-2105,TransformOneToOne,Repair Service,MWU66995,false,
US,UD3_Chempax_MAFCO,UD3_Chempax,U3,DetailCostCenter,Everyone,30-10-6160-2106,TransformOneToOne,Repair Service,MWU66995,false,
US,UD3_Chempax_MAFCO,UD3_Chempax,U3,DetailCostCenter,Everyone,30-10-6160-2107,TransformOneToOne,Repair Service,MWU66995,false,
US,UD3_Chempax_MAFCO,UD3_Chempax,U3,DetailCostCenter,Everyone,30-10-6160-2115,TransformOneToOne,Repair Service,MWU66995,false,
US,UD3_Chempax_MAFCO,UD3_Chempax,U3,DetailCostCenter,Everyone,30-10-6160-2117,TransformOneToOne,Repair Service,MWU66995,false,
US,UD3_Chempax_MAFCO,UD3_Chempax,U3,DetailCostCenter,Everyone,30-10-6160-2118,TransformOneToOne,Repair Service,MWU66995,false,
US,UD3_Chempax_MAFCO,UD3_Chempax,U3,DetailCostCenter,Everyone,30-10-6160-2121,TransformOneToOne,Repair Service,MWU66995,false,
US,UD3_Chempax_MAFCO,UD3_Chempax,U3,DetailCostCenter,Everyone,30-10-6160-2122,TransformOneToOne,Repair Service,MWU66995,false,
US,UD3_Chempax_MAFCO,UD3_Chempax,U3,DetailCostCenter,Everyone,30-10-6160-2124,TransformOneToOne,Repair Service,MWU66995,false,
US,UD3_Chempax_MAFCO,UD3_Chempax,U3,DetailCostCenter,Everyone,30-10-6160-2127,TransformOneToOne,Repair Service,MWU66995,false,
US,UD3_Chempax_MAFCO,UD3_Chempax,U3,DetailCostCenter,Everyone,30-10-6160-2128,TransformOneToOne,Repair Service,MWU66995,false,
US,UD3_Chempax_MAFCO,UD3_Chempax,U3,DetailCostCenter,Everyone,30-10-6160-2200,TransformOneToOne,Repair Service,MWU66995,false,
US,UD3_Chempax_MAFCO,UD3_Chempax,U3,DetailCostCenter,Everyone,30-10-6160-2201,TransformOneToOne,Repair Service,MWU66995,false,
US,UD3_Chempax_MAFCO,UD3_Chempax,U3,DetailCostCenter,Everyone,30-10-6160-5088,TransformOneToOne,Repair Service R&D,MWU76011,false,
US,UD3_Chempax_MAFCO,UD3_Chempax,U3,DetailCostCenter,Everyone,30-10-6160-5091,TransformOneToOne,Repair Service,MWU73545,false,
US,UD3_Chempax_MAFCO,UD3_Chempax,U3,DetailCostCenter,Everyone,30-10-6160-5094,TransformOneToOne,Repair Service,MWU73550,false,
US,UD3_Chempax_MAFCO,UD3_Chempax,U3,DetailCostCenter,Everyone,30-10-6160-5130,TransformOneToOne,Repair Service,MWU72055,false,
US,UD3_Chempax_MAFCO,UD3_Chempax,U3,DetailCostCenter,Everyone,30-10-6170-2040,TransformOneToOne,Repair Mafco Labor,MWU66995,false,
US,UD3_Chempax_MAFCO,UD3_Chempax,U3,DetailCostCenter,Everyone,30-10-6170-2050,TransformOneToOne,Repair Mafco Labor,MWU66995,false,
US,UD3_Chempax_MAFCO,UD3_Chempax,U3,DetailCostCenter,Everyone,30-10-6170-2055,TransformOneToOne,Repair Mafco Labor,MWU66995,false,
US,UD3_Chempax_MAFCO,UD3_Chempax,U3,DetailCostCenter,Everyone,30-10-6170-2058,TransformOneToOne,Repair Mafco Labor,MWU66995,false,
US,UD3_Chempax_MAFCO,UD3_Chempax,U3,DetailCostCenter,Everyone,30-10-6170-2059,TransformOneToOne,Repair Mafco Labor,MWU66995,false,
US,UD3_Chempax_MAFCO,UD3_Chempax,U3,DetailCostCenter,Everyone,30-10-6170-2060,TransformOneToOne,Repair Mafco Labor,MWU66995,false,
US,UD3_Chempax_MAFCO,UD3_Chempax,U3,DetailCostCenter,Everyone,30-10-6170-2061,TransformOneToOne,Repair Mafco Labor,MWU66995,false,
US,UD3_Chempax_MAFCO,UD3_Chempax,U3,DetailCostCenter,Everyone,30-10-6170-2062,TransformOneToOne,Repair Mafco Labor,MWU66995,false,
US,UD3_Chempax_MAFCO,UD3_Chempax,U3,DetailCostCenter,Everyone,30-10-6170-2063,TransformOneToOne,Repair Mafco Labor,MWU66995,false,
US,UD3_Chempax_MAFCO,UD3_Chempax,U3,DetailCostCenter,Everyone,30-10-6170-2088,TransformOneToOne,Repair Mafco Labor,MWU63601,false,
US,UD3_Chempax_MAFCO,UD3_Chempax,U3,DetailCostCenter,Everyone,30-10-6170-2101,TransformOneToOne,Repair Mafco Labor,MWU66995,false,
US,UD3_Chempax_MAFCO,UD3_Chempax,U3,DetailCostCenter,Everyone,30-10-6170-2102,TransformOneToOne,Repair Mafco Labor,MWU66995,false,
US,UD3_Chempax_MAFCO,UD3_Chempax,U3,DetailCostCenter,Everyone,30-10-6170-2103,TransformOneToOne,Repair Mafco Labor,MWU66995,false,
US,UD3_Chempax_MAFCO,UD3_Chempax,U3,DetailCostCenter,Everyone,30-10-6170-2104,TransformOneToOne,Repair Mafco Labor,MWU66995,false,
US,UD3_Chempax_MAFCO,UD3_Chempax,U3,DetailCostCenter,Everyone,30-10-6170-2105,TransformOneToOne,Repair Mafco Labor,MWU66995,false,
US,UD3_Chempax_MAFCO,UD3_Chempax,U3,DetailCostCenter,Everyone,30-10-6170-2106,TransformOneToOne,Repair Mafco Labor,MWU66995,false,
US,UD3_Chempax_MAFCO,UD3_Chempax,U3,DetailCostCenter,Everyone,30-10-6170-2107,TransformOneToOne,Repair Mafco Labor,MWU66995,false,
US,UD3_Chempax_MAFCO,UD3_Chempax,U3,DetailCostCenter,Everyone,30-10-6170-2109,TransformOneToOne,Repair Mafco Labor,MWU66995,false,
US,UD3_Chempax_MAFCO,UD3_Chempax,U3,DetailCostCenter,Everyone,30-10-6170-2115,TransformOneToOne,Repair Mafco Labor,MWU66995,false,
US,UD3_Chempax_MAFCO,UD3_Chempax,U3,DetailCostCenter,Everyone,30-10-6170-2117,TransformOneToOne,Repair Mafco Labor,MWU66995,false,
US,UD3_Chempax_MAFCO,UD3_Chempax,U3,DetailCostCenter,Everyone,30-10-6170-2118,TransformOneToOne,Repair Mafco Labor,MWU66995,false,
US,UD3_Chempax_MAFCO,UD3_Chempax,U3,DetailCostCenter,Everyone,30-10-6170-2121,TransformOneToOne,Repair Mafco Labor,MWU66995,false,
US,UD3_Chempax_MAFCO,UD3_Chempax,U3,DetailCostCenter,Everyone,30-10-6170-2122,TransformOneToOne,Repair Mafco Labor,MWU66995,false,
US,UD3_Chempax_MAFCO,UD3_Chempax,U3,DetailCostCenter,Everyone,30-10-6170-2124,TransformOneToOne,Repair Mafco Labor,MWU66995,false,
US,UD3_Chempax_MAFCO,UD3_Chempax,U3,DetailCostCenter,Everyone,30-10-6170-2127,TransformOneToOne,Repair Mafco Labor,MWU66995,false,
US,UD3_Chempax_MAFCO,UD3_Chempax,U3,DetailCostCenter,Everyone,30-10-6170-2128,TransformOneToOne,Repair Mafco Labor,MWU66995,false,
US,UD3_Chempax_MAFCO,UD3_Chempax,U3,DetailCostCenter,Everyone,30-10-6170-2200,TransformOneToOne,Repair Mafco Labor,MWU66995,false,
US,UD3_Chempax_MAFCO,UD3_Chempax,U3,DetailCostCenter,Everyone,30-10-6170-2201,TransformOneToOne,Repair Mafco Labor,MWU66995,false,
US,UD3_Chempax_MAFCO,UD3_Chempax,U3,DetailCostCenter,Everyone,30-10-6170-2503,TransformOneToOne,Repair Mafco Labor,MWU66995,false,
US,UD3_Chempax_MAFCO,UD3_Chempax,U3,DetailCostCenter,Everyone,30-10-6170-5090,TransformOneToOne,Repair Mafco Labor,MWU73545,false,
US,UD3_Chempax_MAFCO,UD3_Chempax,U3,DetailCostCenter,Everyone,30-10-6170-5091,TransformOneToOne,Repair Mafco Labor,MWU73545,false,
US,UD3_Chempax_MAFCO,UD3_Chempax,U3,DetailCostCenter,Everyone,30-10-6170-5093,TransformOneToOne,Repair Mafco Labor,MWU73545,false,
US,UD3_Chempax_MAFCO,UD3_Chempax,U3,DetailCostCenter,Everyone,30-10-6170-5094,TransformOneToOne,Repair Mafco Labor,MWU73550,false,
US,UD3_Chempax_MAFCO,UD3_Chempax,U3,DetailCostCenter,Everyone,30-10-6170-5130,TransformOneToOne,Repair Mafco Labor,MWU72055,false,
US,UD3_Chempax_MAFCO,UD3_Chempax,U3,DetailCostCenter,Everyone,30-10-6210-2040,TransformOneToOne,Labor,MWU66121,false,
US,UD3_Chempax_MAFCO,UD3_Chempax,U3,DetailCostCenter,Everyone,30-10-6210-2050,TransformOneToOne,Labor,MWU66121,false,
US,UD3_Chempax_MAFCO,UD3_Chempax,U3,DetailCostCenter,Everyone,30-10-6210-2055,TransformOneToOne,Labor,MWU66121,false,
US,UD3_Chempax_MAFCO,UD3_Chempax,U3,DetailCostCenter,Everyone,30-10-6210-2058,TransformOneToOne,Labor,MWU66121,false,
US,UD3_Chempax_MAFCO,UD3_Chempax,U3,DetailCostCenter,Everyone,30-10-6210-2059,TransformOneToOne,Labor,MWU66121,false,
US,UD3_Chempax_MAFCO,UD3_Chempax,U3,DetailCostCenter,Everyone,30-10-6210-2060,TransformOneToOne,Labor,MWU66121,false,
US,UD3_Chempax_MAFCO,UD3_Chempax,U3,DetailCostCenter,Everyone,30-10-6210-2061,TransformOneToOne,Labor,MWU66121,false,
US,UD3_Chempax_MAFCO,UD3_Chempax,U3,DetailCostCenter,Everyone,30-10-6210-2062,TransformOneToOne,Labor,MWU66121,false,
US,UD3_Chempax_MAFCO,UD3_Chempax,U3,DetailCostCenter,Everyone,30-10-6210-2063,TransformOneToOne,Labor,MWU66121,false,
US,UD3_Chempax_MAFCO,UD3_Chempax,U3,DetailCostCenter,Everyone,30-10-6210-2088,TransformOneToOne,Labor,MWU63601,false,
US,UD3_Chempax_MAFCO,UD3_Chempax,U3,DetailCostCenter,Everyone,30-10-6210-2101,TransformOneToOne,Labor,MWU66121,false,
US,UD3_Chempax_MAFCO,UD3_Chempax,U3,DetailCostCenter,Everyone,30-10-6210-2102,TransformOneToOne,Labor,MWU66121,false,
US,UD3_Chempax_MAFCO,UD3_Chempax,U3,DetailCostCenter,Everyone,30-10-6210-2103,TransformOneToOne,Labor,MWU66121,false,
US,UD3_Chempax_MAFCO,UD3_Chempax,U3,DetailCostCenter,Everyone,30-10-6210-2104,TransformOneToOne,Labor,MWU66121,false,
US,UD3_Chempax_MAFCO,UD3_Chempax,U3,DetailCostCenter,Everyone,30-10-6210-2105,TransformOneToOne,Labor,MWU66121,false,
US,UD3_Chempax_MAFCO,UD3_Chempax,U3,DetailCostCenter,Everyone,30-10-6210-2106,TransformOneToOne,Labor,MWU66121,false,
US,UD3_Chempax_MAFCO,UD3_Chempax,U3,DetailCostCenter,Everyone,30-10-6210-2107,TransformOneToOne,Labor,MWU66121,false,
US,UD3_Chempax_MAFCO,UD3_Chempax,U3,DetailCostCenter,Everyone,30-10-6210-2115,TransformOneToOne,Labor,MWU66121,false,
US,UD3_Chempax_MAFCO,UD3_Chempax,U3,DetailCostCenter,Everyone,30-10-6210-2117,TransformOneToOne,Labor,MWU66121,false,
US,UD3_Chempax_MAFCO,UD3_Chempax,U3,DetailCostCenter,Everyone,30-10-6210-2118,TransformOneToOne,Labor,MWU66121,false,
US,UD3_Chempax_MAFCO,UD3_Chempax,U3,DetailCostCenter,Everyone,30-10-6210-2121,TransformOneToOne,Labor,MWU66121,false,
US,UD3_Chempax_MAFCO,UD3_Chempax,U3,DetailCostCenter,Everyone,30-10-6210-2122,TransformOneToOne,Labor,MWU66121,false,
US,UD3_Chempax_MAFCO,UD3_Chempax,U3,DetailCostCenter,Everyone,30-10-6210-2124,TransformOneToOne,Labor,MWU66121,false,
US,UD3_Chempax_MAFCO,UD3_Chempax,U3,DetailCostCenter,Everyone,30-10-6210-2127,TransformOneToOne,Labor,MWU66121,false,
US,UD3_Chempax_MAFCO,UD3_Chempax,U3,DetailCostCenter,Everyone,30-10-6210-2128,TransformOneToOne,Labor,MWU66121,false,
US,UD3_Chempax_MAFCO,UD3_Chempax,U3,DetailCostCenter,Everyone,30-10-6210-2200,TransformOneToOne,Labor,MWU66121,false,
US,UD3_Chempax_MAFCO,UD3_Chempax,U3,DetailCostCenter,Everyone,30-10-6210-2201,TransformOneToOne,Labor,MWU66121,false,
US,UD3_Chempax_MAFCO,UD3_Chempax,U3,DetailCostCenter,Everyone,30-10-6210-5090,TransformOneToOne,Labor,MWU73545,false,
US,UD3_Chempax_MAFCO,UD3_Chempax,U3,DetailCostCenter,Everyone,30-10-6210-5091,TransformOneToOne,Labor,MWU73545,false,
US,UD3_Chempax_MAFCO,UD3_Chempax,U3,DetailCostCenter,Everyone,30-10-6210-5094,TransformOneToOne,Labor,MWU73550,false,
US,UD3_Chempax_MAFCO,UD3_Chempax,U3,DetailCostCenter,Everyone,30-10-6210-5130,TransformOneToOne,Labor,MWU72055,false,
US,UD3_Chempax_MAFCO,UD3_Chempax,U3,DetailCostCenter,Everyone,30-10-6220-2040,TransformOneToOne,Labor Fringe,MWU66121,false,
US,UD3_Chempax_MAFCO,UD3_Chempax,U3,DetailCostCenter,Everyone,30-10-6220-2050,TransformOneToOne,Labor Fringe,MWU63601,false,
US,UD3_Chempax_MAFCO,UD3_Chempax,U3,DetailCostCenter,Everyone,30-10-6220-2055,TransformOneToOne,Labor Fringe,MWU63601,false,
US,UD3_Chempax_MAFCO,UD3_Chempax,U3,DetailCostCenter,Everyone,30-10-6220-2058,TransformOneToOne,Labor Fringe,MWU63601,false,
US,UD3_Chempax_MAFCO,UD3_Chempax,U3,DetailCostCenter,Everyone,30-10-6220-2059,TransformOneToOne,Labor Fringe,MWU63601,false,
US,UD3_Chempax_MAFCO,UD3_Chempax,U3,DetailCostCenter,Everyone,30-10-6220-2060,TransformOneToOne,Labor Fringe,MWU62000,false,
US,UD3_Chempax_MAFCO,UD3_Chempax,U3,DetailCostCenter,Everyone,30-10-6220-2061,TransformOneToOne,Labor Fringe,MWU63601,false,
US,UD3_Chempax_MAFCO,UD3_Chempax,U3,DetailCostCenter,Everyone,30-10-6220-2062,TransformOneToOne,Labor Fringe,MWU63601,false,
US,UD3_Chempax_MAFCO,UD3_Chempax,U3,DetailCostCenter,Everyone,30-10-6220-2063,TransformOneToOne,Labor Fringe,MWU63601,false,
US,UD3_Chempax_MAFCO,UD3_Chempax,U3,DetailCostCenter,Everyone,30-10-6220-2088,TransformOneToOne,Labor Fringe,MWU63601,false,
US,UD3_Chempax_MAFCO,UD3_Chempax,U3,DetailCostCenter,Everyone,30-10-6220-2101,TransformOneToOne,Labor Fringe,MWU63601,false,
US,UD3_Chempax_MAFCO,UD3_Chempax,U3,DetailCostCenter,Everyone,30-10-6220-2102,TransformOneToOne,Labor Fringe,MWU63601,false,
US,UD3_Chempax_MAFCO,UD3_Chempax,U3,DetailCostCenter,Everyone,30-10-6220-2103,TransformOneToOne,Labor Fringe,MWU63601,false,
US,UD3_Chempax_MAFCO,UD3_Chempax,U3,DetailCostCenter,Everyone,30-10-6220-2104,TransformOneToOne,Labor Fringe,MWU63601,false,
US,UD3_Chempax_MAFCO,UD3_Chempax,U3,DetailCostCenter,Everyone,30-10-6220-2105,TransformOneToOne,Labor Fringe,MWU63601,false,
US,UD3_Chempax_MAFCO,UD3_Chempax,U3,DetailCostCenter,Everyone,30-10-6220-2106,TransformOneToOne,Labor Fringe,MWU63601,false,
US,UD3_Chempax_MAFCO,UD3_Chempax,U3,DetailCostCenter,Everyone,30-10-6220-2107,TransformOneToOne,Labor Fringe,MWU63601,false,
US,UD3_Chempax_MAFCO,UD3_Chempax,U3,DetailCostCenter,Everyone,30-10-6220-2115,TransformOneToOne,Labor Fringe,MWU63601,false,
US,UD3_Chempax_MAFCO,UD3_Chempax,U3,DetailCostCenter,Everyone,30-10-6220-2117,TransformOneToOne,Labor Fringe,MWU63601,false,
US,UD3_Chempax_MAFCO,UD3_Chempax,U3,DetailCostCenter,Everyone,30-10-6220-2118,TransformOneToOne,Labor Fringe,MWU63601,false,
US,UD3_Chempax_MAFCO,UD3_Chempax,U3,DetailCostCenter,Everyone,30-10-6220-2121,TransformOneToOne,Labor Fringe,MWU63601,false,
US,UD3_Chempax_MAFCO,UD3_Chempax,U3,DetailCostCenter,Everyone,30-10-6220-2122,TransformOneToOne,Labor Fringe,MWU63601,false,
US,UD3_Chempax_MAFCO,UD3_Chempax,U3,DetailCostCenter,Everyone,30-10-6220-2124,TransformOneToOne,Labor Fringe,MWU63601,false,
US,UD3_Chempax_MAFCO,UD3_Chempax,U3,DetailCostCenter,Everyone,30-10-6220-2127,TransformOneToOne,Labor Fringe,MWU63601,false,
US,UD3_Chempax_MAFCO,UD3_Chempax,U3,DetailCostCenter,Everyone,30-10-6220-2128,TransformOneToOne,Labor Fringe,MWU63601,false,
US,UD3_Chempax_MAFCO,UD3_Chempax,U3,DetailCostCenter,Everyone,30-10-6220-2200,TransformOneToOne,Labor Fringe,MWU63601,false,
US,UD3_Chempax_MAFCO,UD3_Chempax,U3,DetailCostCenter,Everyone,30-10-6220-2201,TransformOneToOne,Labor Fringe,MWU63601,false,
US,UD3_Chempax_MAFCO,UD3_Chempax,U3,DetailCostCenter,Everyone,30-10-6220-5091,TransformOneToOne,Labor Fringe,MWU73545,false,
US,UD3_Chempax_MAFCO,UD3_Chempax,U3,DetailCostCenter,Everyone,30-10-6220-5094,TransformOneToOne,Labor Fringe,MWU73550,false,
US,UD3_Chempax_MAFCO,UD3_Chempax,U3,DetailCostCenter,Everyone,30-10-6220-5130,TransformOneToOne,Labor Fringe,MWU72055,false,
US,UD3_Chempax_MAFCO,UD3_Chempax,U3,DetailCostCenter,Everyone,30-10-6270-2040,TransformOneToOne,Salary Exp,MWU66121,false,
US,UD3_Chempax_MAFCO,UD3_Chempax,U3,DetailCostCenter,Everyone,30-10-6270-2050,TransformOneToOne,Salary Exp,MWU63601,false,
US,UD3_Chempax_MAFCO,UD3_Chempax,U3,DetailCostCenter,Everyone,30-10-6270-2055,TransformOneToOne,Salary Exp,MWU63601,false,
US,UD3_Chempax_MAFCO,UD3_Chempax,U3,DetailCostCenter,Everyone,30-10-6270-2058,TransformOneToOne,Salary Exp,MWU63601,false,
US,UD3_Chempax_MAFCO,UD3_Chempax,U3,DetailCostCenter,Everyone,30-10-6270-2059,TransformOneToOne,Salary Exp,MWU63601,false,
US,UD3_Chempax_MAFCO,UD3_Chempax,U3,DetailCostCenter,Everyone,30-10-6270-2060,TransformOneToOne,Salary Exp,MWU62000,false,
US,UD3_Chempax_MAFCO,UD3_Chempax,U3,DetailCostCenter,Everyone,30-10-6270-2061,TransformOneToOne,Salary Exp,MWU63601,false,
US,UD3_Chempax_MAFCO,UD3_Chempax,U3,DetailCostCenter,Everyone,30-10-6270-2062,TransformOneToOne,Salary Exp,MWU63601,false,
US,UD3_Chempax_MAFCO,UD3_Chempax,U3,DetailCostCenter,Everyone,30-10-6270-2063,TransformOneToOne,Salary Exp,MWU63601,false,
US,UD3_Chempax_MAFCO,UD3_Chempax,U3,DetailCostCenter,Everyone,30-10-6270-2088,TransformOneToOne,Salary Exp,MWU63601,false,
US,UD3_Chempax_MAFCO,UD3_Chempax,U3,DetailCostCenter,Everyone,30-10-6270-2101,TransformOneToOne,Salary Exp,MWU63601,false,
US,UD3_Chempax_MAFCO,UD3_Chempax,U3,DetailCostCenter,Everyone,30-10-6270-2102,TransformOneToOne,Salary Exp,MWU63601,false,
US,UD3_Chempax_MAFCO,UD3_Chempax,U3,DetailCostCenter,Everyone,30-10-6270-2103,TransformOneToOne,Salary Exp,MWU63601,false,
US,UD3_Chempax_MAFCO,UD3_Chempax,U3,DetailCostCenter,Everyone,30-10-6270-2104,TransformOneToOne,Salary Exp,MWU63601,false,
US,UD3_Chempax_MAFCO,UD3_Chempax,U3,DetailCostCenter,Everyone,30-10-6270-2105,TransformOneToOne,Salary Exp,MWU63601,false,
US,UD3_Chempax_MAFCO,UD3_Chempax,U3,DetailCostCenter,Everyone,30-10-6270-2106,TransformOneToOne,Salary Exp,MWU63601,false,
US,UD3_Chempax_MAFCO,UD3_Chempax,U3,DetailCostCenter,Everyone,30-10-6270-2109,TransformOneToOne,Salary Exp,MWU63601,false,
US,UD3_Chempax_MAFCO,UD3_Chempax,U3,DetailCostCenter,Everyone,30-10-6270-2115,TransformOneToOne,Salary Exp,MWU63601,false,
US,UD3_Chempax_MAFCO,UD3_Chempax,U3,DetailCostCenter,Everyone,30-10-6270-2117,TransformOneToOne,Salary Exp,MWU63601,false,
US,UD3_Chempax_MAFCO,UD3_Chempax,U3,DetailCostCenter,Everyone,30-10-6270-2118,TransformOneToOne,Salary Exp,MWU63601,false,
US,UD3_Chempax_MAFCO,UD3_Chempax,U3,DetailCostCenter,Everyone,30-10-6270-2121,TransformOneToOne,Salary Exp,MWU63601,false,
US,UD3_Chempax_MAFCO,UD3_Chempax,U3,DetailCostCenter,Everyone,30-10-6270-2122,TransformOneToOne,Salary Exp,MWU63601,false,
US,UD3_Chempax_MAFCO,UD3_Chempax,U3,DetailCostCenter,Everyone,30-10-6270-2124,TransformOneToOne,Salary Exp,MWU63601,false,
US,UD3_Chempax_MAFCO,UD3_Chempax,U3,DetailCostCenter,Everyone,30-10-6270-2127,TransformOneToOne,Salary Exp,MWU63601,false,
US,UD3_Chempax_MAFCO,UD3_Chempax,U3,DetailCostCenter,Everyone,30-10-6270-2128,TransformOneToOne,Salary Exp,MWU63601,false,
US,UD3_Chempax_MAFCO,UD3_Chempax,U3,DetailCostCenter,Everyone,30-10-6270-2200,TransformOneToOne,Salary Exp,MWU63601,false,
US,UD3_Chempax_MAFCO,UD3_Chempax,U3,DetailCostCenter,Everyone,30-10-6270-2201,TransformOneToOne,Salary Exp,MWU63601,false,
US,UD3_Chempax_MAFCO,UD3_Chempax,U3,DetailCostCenter,Everyone,30-10-6270-5001,TransformOneToOne,Salary Exp,MWU73900,false,
US,UD3_Chempax_MAFCO,UD3_Chempax,U3,DetailCostCenter,Everyone,30-10-6270-5002,TransformOneToOne,Salary Exp,MWU73710,false,
US,UD3_Chempax_MAFCO,UD3_Chempax,U3,DetailCostCenter,Everyone,30-10-6270-5004,TransformOneToOne,Salary Exp,MWU73550,false,
US,UD3_Chempax_MAFCO,UD3_Chempax,U3,DetailCostCenter,Everyone,30-10-6270-5006,TransformOneToOne,Salary Exp,MWU74700,false,
US,UD3_Chempax_MAFCO,UD3_Chempax,U3,DetailCostCenter,Everyone,30-10-6270-5091,TransformOneToOne,Salary Exp,MWU73545,false,
US,UD3_Chempax_MAFCO,UD3_Chempax,U3,DetailCostCenter,Everyone,30-10-6270-5094,TransformOneToOne,Salary Exp,MWU73550,false,
US,UD3_Chempax_MAFCO,UD3_Chempax,U3,DetailCostCenter,Everyone,30-10-6270-5130,TransformOneToOne,Salary Exp,MWU72055,false,
US,UD3_Chempax_MAFCO,UD3_Chempax,U3,DetailCostCenter,Everyone,30-10-6271-2128,TransformOneToOne,Stock compensation,MWU63601,false,
US,UD3_Chempax_MAFCO,UD3_Chempax,U3,DetailCostCenter,Everyone,30-10-6271-5091,TransformOneToOne,Stock compensation,MWU73545,false,
US,UD3_Chempax_MAFCO,UD3_Chempax,U3,DetailCostCenter,Everyone,30-10-6272-2201,TransformOneToOne,Stock Comp Bonus,MWU63601,false,
US,UD3_Chempax_MAFCO,UD3_Chempax,U3,DetailCostCenter,Everyone,30-10-6272-5091,TransformOneToOne,Stock Comp Bonus,MWU73545,false,
US,UD3_Chempax_MAFCO,UD3_Chempax,U3,DetailCostCenter,Everyone,30-10-6273-2128,TransformOneToOne,Stock-Based Incentive Plan,MWU63601,false,
US,UD3_Chempax_MAFCO,UD3_Chempax,U3,DetailCostCenter,Everyone,30-10-6273-5091,TransformOneToOne,Stock-Based Incentive Plan,MWU73545,false,
US,UD3_Chempax_MAFCO,UD3_Chempax,U3,DetailCostCenter,Everyone,30-10-6274-2101,TransformOneToOne,Annual Bonus Plan,MWU63603,false,
US,UD3_Chempax_MAFCO,UD3_Chempax,U3,DetailCostCenter,Everyone,30-10-6274-5001,TransformOneToOne,Annual Incentive Plan,MWU73900,false,
US,UD3_Chempax_MAFCO,UD3_Chempax,U3,DetailCostCenter,Everyone,30-10-6274-5002,TransformOneToOne,Annual Incentive Plan,MWU73710,false,
US,UD3_Chempax_MAFCO,UD3_Chempax,U3,DetailCostCenter,Everyone,30-10-6274-5004,TransformOneToOne,Annual Incentive Plan,MWU73550,false,
US,UD3_Chempax_MAFCO,UD3_Chempax,U3,DetailCostCenter,Everyone,30-10-6274-5006,TransformOneToOne,Annual Incentive Plan,MWU74700,false,
US,UD3_Chempax_MAFCO,UD3_Chempax,U3,DetailCostCenter,Everyone,30-10-6274-5094,TransformOneToOne,Annual Incentive Plan,MWU73550,false,
US,UD3_Chempax_MAFCO,UD3_Chempax,U3,DetailCostCenter,Everyone,30-10-6274-5130,TransformOneToOne,Annual Incentive Plan,MWU72055,false,
US,UD3_Chempax_MAFCO,UD3_Chempax,U3,DetailCostCenter,Everyone,30-10-6275-5091,TransformOneToOne,Severance,MWU73545,false,
US,UD3_Chempax_MAFCO,UD3_Chempax,U3,DetailCostCenter,Everyone,30-10-6280-2040,TransformOneToOne,Salary Fringe,MWU66121,false,
US,UD3_Chempax_MAFCO,UD3_Chempax,U3,DetailCostCenter,Everyone,30-10-6280-2050,TransformOneToOne,Salary Fringe,MWU63601,false,
US,UD3_Chempax_MAFCO,UD3_Chempax,U3,DetailCostCenter,Everyone,30-10-6280-2055,TransformOneToOne,Salary Fringe,MWU63601,false,
US,UD3_Chempax_MAFCO,UD3_Chempax,U3,DetailCostCenter,Everyone,30-10-6280-2058,TransformOneToOne,Salary Fringe,MWU63601,false,
US,UD3_Chempax_MAFCO,UD3_Chempax,U3,DetailCostCenter,Everyone,30-10-6280-2059,TransformOneToOne,Salary Fringe,MWU63601,false,
US,UD3_Chempax_MAFCO,UD3_Chempax,U3,DetailCostCenter,Everyone,30-10-6280-2060,TransformOneToOne,Salary Fringe,MWU62000,false,
US,UD3_Chempax_MAFCO,UD3_Chempax,U3,DetailCostCenter,Everyone,30-10-6280-2061,TransformOneToOne,Salary Fringe,MWU63601,false,
US,UD3_Chempax_MAFCO,UD3_Chempax,U3,DetailCostCenter,Everyone,30-10-6280-2062,TransformOneToOne,Salary Fringe,MWU63601,false,
US,UD3_Chempax_MAFCO,UD3_Chempax,U3,DetailCostCenter,Everyone,30-10-6280-2063,TransformOneToOne,Salary Fringe,MWU63601,false,
US,UD3_Chempax_MAFCO,UD3_Chempax,U3,DetailCostCenter,Everyone,30-10-6280-2088,TransformOneToOne,Salary Fringe,MWU63601,false,
US,UD3_Chempax_MAFCO,UD3_Chempax,U3,DetailCostCenter,Everyone,30-10-6280-2101,TransformOneToOne,Salary Fringe,MWU63601,false,
US,UD3_Chempax_MAFCO,UD3_Chempax,U3,DetailCostCenter,Everyone,30-10-6280-2102,TransformOneToOne,Salary Fringe,MWU63601,false,
US,UD3_Chempax_MAFCO,UD3_Chempax,U3,DetailCostCenter,Everyone,30-10-6280-2103,TransformOneToOne,Salary Fringe,MWU63601,false,
US,UD3_Chempax_MAFCO,UD3_Chempax,U3,DetailCostCenter,Everyone,30-10-6280-2104,TransformOneToOne,Salary Fringe,MWU63601,false,
US,UD3_Chempax_MAFCO,UD3_Chempax,U3,DetailCostCenter,Everyone,30-10-6280-2105,TransformOneToOne,Salary Fringe,MWU63601,false,
US,UD3_Chempax_MAFCO,UD3_Chempax,U3,DetailCostCenter,Everyone,30-10-6280-2106,TransformOneToOne,Salary Fringe,MWU63601,false,
US,UD3_Chempax_MAFCO,UD3_Chempax,U3,DetailCostCenter,Everyone,30-10-6280-2109,TransformOneToOne,Salary Fringe,MWU63601,false,
US,UD3_Chempax_MAFCO,UD3_Chempax,U3,DetailCostCenter,Everyone,30-10-6280-2115,TransformOneToOne,Salary Fringe,MWU63601,false,
US,UD3_Chempax_MAFCO,UD3_Chempax,U3,DetailCostCenter,Everyone,30-10-6280-2117,TransformOneToOne,Salary Fringe,MWU63601,false,
US,UD3_Chempax_MAFCO,UD3_Chempax,U3,DetailCostCenter,Everyone,30-10-6280-2118,TransformOneToOne,Salary Fringe,MWU63601,false,
US,UD3_Chempax_MAFCO,UD3_Chempax,U3,DetailCostCenter,Everyone,30-10-6280-2121,TransformOneToOne,Salary Fringe,MWU63601,false,
US,UD3_Chempax_MAFCO,UD3_Chempax,U3,DetailCostCenter,Everyone,30-10-6280-2122,TransformOneToOne,Salary Fringe,MWU63601,false,
US,UD3_Chempax_MAFCO,UD3_Chempax,U3,DetailCostCenter,Everyone,30-10-6280-2124,TransformOneToOne,Salary Fringe,MWU63601,false,
US,UD3_Chempax_MAFCO,UD3_Chempax,U3,DetailCostCenter,Everyone,30-10-6280-2127,TransformOneToOne,Salary Fringe,MWU63601,false,
US,UD3_Chempax_MAFCO,UD3_Chempax,U3,DetailCostCenter,Everyone,30-10-6280-2128,TransformOneToOne,Salary Fringe,MWU63601,false,
US,UD3_Chempax_MAFCO,UD3_Chempax,U3,DetailCostCenter,Everyone,30-10-6280-2200,TransformOneToOne,Salary Fringe,MWU63601,false,
US,UD3_Chempax_MAFCO,UD3_Chempax,U3,DetailCostCenter,Everyone,30-10-6280-2201,TransformOneToOne,Salary Fringe,MWU63601,false,
US,UD3_Chempax_MAFCO,UD3_Chempax,U3,DetailCostCenter,Everyone,30-10-6280-5001,TransformOneToOne,Salary Fringe,MWU73900,false,
US,UD3_Chempax_MAFCO,UD3_Chempax,U3,DetailCostCenter,Everyone,30-10-6280-5002,TransformOneToOne,Salary Fringe,MWU73710,false,
US,UD3_Chempax_MAFCO,UD3_Chempax,U3,DetailCostCenter,Everyone,30-10-6280-5004,TransformOneToOne,Salary Fringe,MWU73550,false,
US,UD3_Chempax_MAFCO,UD3_Chempax,U3,DetailCostCenter,Everyone,30-10-6280-5006,TransformOneToOne,Salary Fringe,MWU74700,false,
US,UD3_Chempax_MAFCO,UD3_Chempax,U3,DetailCostCenter,Everyone,30-10-6280-5091,TransformOneToOne,Salary Fringe,MWU73545,false,
US,UD3_Chempax_MAFCO,UD3_Chempax,U3,DetailCostCenter,Everyone,30-10-6280-5094,TransformOneToOne,Salary Fringe,MWU73550,false,
US,UD3_Chempax_MAFCO,UD3_Chempax,U3,DetailCostCenter,Everyone,30-10-6280-5130,TransformOneToOne,Salary Fringe,MWU72055,false,
US,UD3_Chempax_MAFCO,UD3_Chempax,U3,DetailCostCenter,Everyone,30-10-6290-2040,TransformOneToOne,Club Dues,MWU66121,false,
US,UD3_Chempax_MAFCO,UD3_Chempax,U3,DetailCostCenter,Everyone,30-10-6290-2050,TransformOneToOne,Club Dues,MWU63601,false,
US,UD3_Chempax_MAFCO,UD3_Chempax,U3,DetailCostCenter,Everyone,30-10-6290-2055,TransformOneToOne,Club Dues,MWU63601,false,
US,UD3_Chempax_MAFCO,UD3_Chempax,U3,DetailCostCenter,Everyone,30-10-6290-2058,TransformOneToOne,Club Dues,MWU63601,false,
US,UD3_Chempax_MAFCO,UD3_Chempax,U3,DetailCostCenter,Everyone,30-10-6290-2059,TransformOneToOne,Club Dues,MWU63601,false,
US,UD3_Chempax_MAFCO,UD3_Chempax,U3,DetailCostCenter,Everyone,30-10-6290-2060,TransformOneToOne,Club Dues,MWU62000,false,
US,UD3_Chempax_MAFCO,UD3_Chempax,U3,DetailCostCenter,Everyone,30-10-6290-2061,TransformOneToOne,Club Dues,MWU63601,false,
US,UD3_Chempax_MAFCO,UD3_Chempax,U3,DetailCostCenter,Everyone,30-10-6290-2062,TransformOneToOne,Club Dues,MWU63601,false,
US,UD3_Chempax_MAFCO,UD3_Chempax,U3,DetailCostCenter,Everyone,30-10-6290-2063,TransformOneToOne,Club Dues,MWU63601,false,
US,UD3_Chempax_MAFCO,UD3_Chempax,U3,DetailCostCenter,Everyone,30-10-6290-2088,TransformOneToOne,Club Dues,MWU63601,false,
US,UD3_Chempax_MAFCO,UD3_Chempax,U3,DetailCostCenter,Everyone,30-10-6290-2101,TransformOneToOne,Club Dues,MWU63601,false,
US,UD3_Chempax_MAFCO,UD3_Chempax,U3,DetailCostCenter,Everyone,30-10-6290-2102,TransformOneToOne,Club Dues,MWU63601,false,
US,UD3_Chempax_MAFCO,UD3_Chempax,U3,DetailCostCenter,Everyone,30-10-6290-2103,TransformOneToOne,Club Dues,MWU63601,false,
US,UD3_Chempax_MAFCO,UD3_Chempax,U3,DetailCostCenter,Everyone,30-10-6290-2104,TransformOneToOne,Club Dues,MWU63601,false,
US,UD3_Chempax_MAFCO,UD3_Chempax,U3,DetailCostCenter,Everyone,30-10-6290-2105,TransformOneToOne,Club Dues,MWU63601,false,
US,UD3_Chempax_MAFCO,UD3_Chempax,U3,DetailCostCenter,Everyone,30-10-6290-2106,TransformOneToOne,Club Dues,MWU63601,false,
US,UD3_Chempax_MAFCO,UD3_Chempax,U3,DetailCostCenter,Everyone,30-10-6290-2109,TransformOneToOne,Club Dues,MWU63601,false,
US,UD3_Chempax_MAFCO,UD3_Chempax,U3,DetailCostCenter,Everyone,30-10-6290-2115,TransformOneToOne,Club Dues,MWU63601,false,
US,UD3_Chempax_MAFCO,UD3_Chempax,U3,DetailCostCenter,Everyone,30-10-6290-2117,TransformOneToOne,Club Dues,MWU63601,false,
US,UD3_Chempax_MAFCO,UD3_Chempax,U3,DetailCostCenter,Everyone,30-10-6290-2118,TransformOneToOne,Club Dues,MWU63601,false,
US,UD3_Chempax_MAFCO,UD3_Chempax,U3,DetailCostCenter,Everyone,30-10-6290-2121,TransformOneToOne,Club Dues,MWU63601,false,
US,UD3_Chempax_MAFCO,UD3_Chempax,U3,DetailCostCenter,Everyone,30-10-6290-2122,TransformOneToOne,Club Dues,MWU63601,false,
US,UD3_Chempax_MAFCO,UD3_Chempax,U3,DetailCostCenter,Everyone,30-10-6290-2124,TransformOneToOne,Club Dues,MWU63601,false,
US,UD3_Chempax_MAFCO,UD3_Chempax,U3,DetailCostCenter,Everyone,30-10-6290-2127,TransformOneToOne,Club Dues,MWU63601,false,
US,UD3_Chempax_MAFCO,UD3_Chempax,U3,DetailCostCenter,Everyone,30-10-6290-2128,TransformOneToOne,Club Dues,MWU63601,false,
US,UD3_Chempax_MAFCO,UD3_Chempax,U3,DetailCostCenter,Everyone,30-10-6290-2200,TransformOneToOne,Club Dues,MWU63601,false,
US,UD3_Chempax_MAFCO,UD3_Chempax,U3,DetailCostCenter,Everyone,30-10-6290-2201,TransformOneToOne,Club Dues,MWU63601,false,
US,UD3_Chempax_MAFCO,UD3_Chempax,U3,DetailCostCenter,Everyone,30-10-6290-5091,TransformOneToOne,Club Dues,MWU73545,false,
US,UD3_Chempax_MAFCO,UD3_Chempax,U3,DetailCostCenter,Everyone,30-10-6290-5094,TransformOneToOne,Club Dues,MWU73550,false,
US,UD3_Chempax_MAFCO,UD3_Chempax,U3,DetailCostCenter,Everyone,30-10-6290-5130,TransformOneToOne,Club Dues,MWU72055,false,
US,UD3_Chempax_MAFCO,UD3_Chempax,U3,DetailCostCenter,Everyone,30-10-6310-2040,TransformOneToOne,Safety Exp,MWU66995,false,
US,UD3_Chempax_MAFCO,UD3_Chempax,U3,DetailCostCenter,Everyone,30-10-6310-2050,TransformOneToOne,Safety Exp,MWU66995,false,
US,UD3_Chempax_MAFCO,UD3_Chempax,U3,DetailCostCenter,Everyone,30-10-6310-2055,TransformOneToOne,Safety Exp,MWU66995,false,
US,UD3_Chempax_MAFCO,UD3_Chempax,U3,DetailCostCenter,Everyone,30-10-6310-2058,TransformOneToOne,Safety Exp,MWU66995,false,
US,UD3_Chempax_MAFCO,UD3_Chempax,U3,DetailCostCenter,Everyone,30-10-6310-2059,TransformOneToOne,Safety Exp,MWU66995,false,
US,UD3_Chempax_MAFCO,UD3_Chempax,U3,DetailCostCenter,Everyone,30-10-6310-2060,TransformOneToOne,Safety Exp,MWU66995,false,
US,UD3_Chempax_MAFCO,UD3_Chempax,U3,DetailCostCenter,Everyone,30-10-6310-2061,TransformOneToOne,Safety Exp,MWU66995,false,
US,UD3_Chempax_MAFCO,UD3_Chempax,U3,DetailCostCenter,Everyone,30-10-6310-2062,TransformOneToOne,Safety Exp,MWU66995,false,
US,UD3_Chempax_MAFCO,UD3_Chempax,U3,DetailCostCenter,Everyone,30-10-6310-2063,TransformOneToOne,Safety Exp,MWU66995,false,
US,UD3_Chempax_MAFCO,UD3_Chempax,U3,DetailCostCenter,Everyone,30-10-6310-2088,TransformOneToOne,Safety Exp,MWU63601,false,
US,UD3_Chempax_MAFCO,UD3_Chempax,U3,DetailCostCenter,Everyone,30-10-6310-2101,TransformOneToOne,Safety Exp,MWU66995,false,
US,UD3_Chempax_MAFCO,UD3_Chempax,U3,DetailCostCenter,Everyone,30-10-6310-2102,TransformOneToOne,Safety Exp,MWU66995,false,
US,UD3_Chempax_MAFCO,UD3_Chempax,U3,DetailCostCenter,Everyone,30-10-6310-2103,TransformOneToOne,Safety Exp,MWU66995,false,
US,UD3_Chempax_MAFCO,UD3_Chempax,U3,DetailCostCenter,Everyone,30-10-6310-2104,TransformOneToOne,Safety Exp,MWU66995,false,
US,UD3_Chempax_MAFCO,UD3_Chempax,U3,DetailCostCenter,Everyone,30-10-6310-2105,TransformOneToOne,Safety Exp,MWU66995,false,
US,UD3_Chempax_MAFCO,UD3_Chempax,U3,DetailCostCenter,Everyone,30-10-6310-2106,TransformOneToOne,Safety Exp,MWU66995,false,
US,UD3_Chempax_MAFCO,UD3_Chempax,U3,DetailCostCenter,Everyone,30-10-6310-2109,TransformOneToOne,Safety Exp,MWU66995,false,
US,UD3_Chempax_MAFCO,UD3_Chempax,U3,DetailCostCenter,Everyone,30-10-6310-2115,TransformOneToOne,Safety Exp,MWU66995,false,
US,UD3_Chempax_MAFCO,UD3_Chempax,U3,DetailCostCenter,Everyone,30-10-6310-2117,TransformOneToOne,Safety Exp,MWU66995,false,
US,UD3_Chempax_MAFCO,UD3_Chempax,U3,DetailCostCenter,Everyone,30-10-6310-2118,TransformOneToOne,Safety Exp,MWU66995,false,
US,UD3_Chempax_MAFCO,UD3_Chempax,U3,DetailCostCenter,Everyone,30-10-6310-2121,TransformOneToOne,Safety Exp,MWU66995,false,
US,UD3_Chempax_MAFCO,UD3_Chempax,U3,DetailCostCenter,Everyone,30-10-6310-2122,TransformOneToOne,Safety Exp,MWU66995,false,
US,UD3_Chempax_MAFCO,UD3_Chempax,U3,DetailCostCenter,Everyone,30-10-6310-2124,TransformOneToOne,Safety Exp,MWU66995,false,
US,UD3_Chempax_MAFCO,UD3_Chempax,U3,DetailCostCenter,Everyone,30-10-6310-2127,TransformOneToOne,Safety Exp,MWU66995,false,
US,UD3_Chempax_MAFCO,UD3_Chempax,U3,DetailCostCenter,Everyone,30-10-6310-2128,TransformOneToOne,Safety Exp,MWU66995,false,
US,UD3_Chempax_MAFCO,UD3_Chempax,U3,DetailCostCenter,Everyone,30-10-6310-2200,TransformOneToOne,Safety Exp,MWU66995,false,
US,UD3_Chempax_MAFCO,UD3_Chempax,U3,DetailCostCenter,Everyone,30-10-6310-2201,TransformOneToOne,Safety Exp,MWU66995,false,
US,UD3_Chempax_MAFCO,UD3_Chempax,U3,DetailCostCenter,Everyone,30-10-6310-5003,TransformOneToOne,Safety Exp,MWU73800,false,
US,UD3_Chempax_MAFCO,UD3_Chempax,U3,DetailCostCenter,Everyone,30-10-6310-5090,TransformOneToOne,Safety Exp,MWU66995,false,
US,UD3_Chempax_MAFCO,UD3_Chempax,U3,DetailCostCenter,Everyone,30-10-6310-5091,TransformOneToOne,Safety Exp,MWU73545,false,
US,UD3_Chempax_MAFCO,UD3_Chempax,U3,DetailCostCenter,Everyone,30-10-6310-5094,TransformOneToOne,Safety Exp,MWU72900,false,
US,UD3_Chempax_MAFCO,UD3_Chempax,U3,DetailCostCenter,Everyone,30-10-6310-5130,TransformOneToOne,Safety Exp,MWU72055,false,
US,UD3_Chempax_MAFCO,UD3_Chempax,U3,DetailCostCenter,Everyone,30-10-6320-2040,TransformOneToOne,Occup Alloc,MWU66500,false,
US,UD3_Chempax_MAFCO,UD3_Chempax,U3,DetailCostCenter,Everyone,30-10-6320-2050,TransformOneToOne,Occup Alloc,MWU66500,false,
US,UD3_Chempax_MAFCO,UD3_Chempax,U3,DetailCostCenter,Everyone,30-10-6320-2055,TransformOneToOne,Occup Alloc,MWU66500,false,
US,UD3_Chempax_MAFCO,UD3_Chempax,U3,DetailCostCenter,Everyone,30-10-6320-2058,TransformOneToOne,Occup Alloc,MWU66500,false,
US,UD3_Chempax_MAFCO,UD3_Chempax,U3,DetailCostCenter,Everyone,30-10-6320-2059,TransformOneToOne,Occup Alloc,MWU66500,false,
US,UD3_Chempax_MAFCO,UD3_Chempax,U3,DetailCostCenter,Everyone,30-10-6320-2060,TransformOneToOne,Occup Alloc,MWU66500,false,
US,UD3_Chempax_MAFCO,UD3_Chempax,U3,DetailCostCenter,Everyone,30-10-6320-2061,TransformOneToOne,Occup Alloc,MWU66500,false,
US,UD3_Chempax_MAFCO,UD3_Chempax,U3,DetailCostCenter,Everyone,30-10-6320-2062,TransformOneToOne,Occup Alloc,MWU66500,false,
US,UD3_Chempax_MAFCO,UD3_Chempax,U3,DetailCostCenter,Everyone,30-10-6320-2063,TransformOneToOne,Occup Alloc,MWU66500,false,
US,UD3_Chempax_MAFCO,UD3_Chempax,U3,DetailCostCenter,Everyone,30-10-6320-2088,TransformOneToOne,Occup Alloc,MWU63601,false,
US,UD3_Chempax_MAFCO,UD3_Chempax,U3,DetailCostCenter,Everyone,30-10-6320-2101,TransformOneToOne,Occup Alloc,MWU66500,false,
US,UD3_Chempax_MAFCO,UD3_Chempax,U3,DetailCostCenter,Everyone,30-10-6320-2102,TransformOneToOne,Occup Alloc,MWU66500,false,
US,UD3_Chempax_MAFCO,UD3_Chempax,U3,DetailCostCenter,Everyone,30-10-6320-2103,TransformOneToOne,Occup Alloc,MWU66500,false,
US,UD3_Chempax_MAFCO,UD3_Chempax,U3,DetailCostCenter,Everyone,30-10-6320-2104,TransformOneToOne,Occup Alloc,MWU66500,false,
US,UD3_Chempax_MAFCO,UD3_Chempax,U3,DetailCostCenter,Everyone,30-10-6320-2105,TransformOneToOne,Occup Alloc,MWU66500,false,
US,UD3_Chempax_MAFCO,UD3_Chempax,U3,DetailCostCenter,Everyone,30-10-6320-2106,TransformOneToOne,Occup Alloc,MWU66500,false,
US,UD3_Chempax_MAFCO,UD3_Chempax,U3,DetailCostCenter,Everyone,30-10-6320-2109,TransformOneToOne,Occup Alloc,MWU66500,false,
US,UD3_Chempax_MAFCO,UD3_Chempax,U3,DetailCostCenter,Everyone,30-10-6320-2115,TransformOneToOne,Occup Alloc,MWU66500,false,
US,UD3_Chempax_MAFCO,UD3_Chempax,U3,DetailCostCenter,Everyone,30-10-6320-2117,TransformOneToOne,Occup Alloc,MWU66500,false,
US,UD3_Chempax_MAFCO,UD3_Chempax,U3,DetailCostCenter,Everyone,30-10-6320-2118,TransformOneToOne,Occup Alloc,MWU66500,false,
US,UD3_Chempax_MAFCO,UD3_Chempax,U3,DetailCostCenter,Everyone,30-10-6320-2121,TransformOneToOne,Occup Alloc,MWU66500,false,
US,UD3_Chempax_MAFCO,UD3_Chempax,U3,DetailCostCenter,Everyone,30-10-6320-2122,TransformOneToOne,Occup Alloc,MWU66500,false,
US,UD3_Chempax_MAFCO,UD3_Chempax,U3,DetailCostCenter,Everyone,30-10-6320-2124,TransformOneToOne,Occup Alloc,MWU66500,false,
US,UD3_Chempax_MAFCO,UD3_Chempax,U3,DetailCostCenter,Everyone,30-10-6320-2127,TransformOneToOne,Occup Alloc,MWU66500,false,
US,UD3_Chempax_MAFCO,UD3_Chempax,U3,DetailCostCenter,Everyone,30-10-6320-2128,TransformOneToOne,Occup Alloc,MWU66500,false,
US,UD3_Chempax_MAFCO,UD3_Chempax,U3,DetailCostCenter,Everyone,30-10-6320-2200,TransformOneToOne,Occup Alloc,MWU66500,false,
US,UD3_Chempax_MAFCO,UD3_Chempax,U3,DetailCostCenter,Everyone,30-10-6320-2201,TransformOneToOne,Occup Alloc,MWU66500,false,
US,UD3_Chempax_MAFCO,UD3_Chempax,U3,DetailCostCenter,Everyone,30-10-6320-5091,TransformOneToOne,Occup Alloc,MWU73545,false,
US,UD3_Chempax_MAFCO,UD3_Chempax,U3,DetailCostCenter,Everyone,30-10-6320-5094,TransformOneToOne,Occup Alloc,MWU73550,false,
US,UD3_Chempax_MAFCO,UD3_Chempax,U3,DetailCostCenter,Everyone,30-10-6320-5130,TransformOneToOne,Occup Alloc,MWU72055,false,
US,UD3_Chempax_MAFCO,UD3_Chempax,U3,DetailCostCenter,Everyone,30-10-6330-2040,TransformOneToOne,Rent,MWU66121,false,
US,UD3_Chempax_MAFCO,UD3_Chempax,U3,DetailCostCenter,Everyone,30-10-6330-2050,TransformOneToOne,Rent,MWU63601,false,
US,UD3_Chempax_MAFCO,UD3_Chempax,U3,DetailCostCenter,Everyone,30-10-6330-2055,TransformOneToOne,Rent,MWU63601,false,
US,UD3_Chempax_MAFCO,UD3_Chempax,U3,DetailCostCenter,Everyone,30-10-6330-2058,TransformOneToOne,Rent,MWU63601,false,
US,UD3_Chempax_MAFCO,UD3_Chempax,U3,DetailCostCenter,Everyone,30-10-6330-2059,TransformOneToOne,Rent,MWU63601,false,
US,UD3_Chempax_MAFCO,UD3_Chempax,U3,DetailCostCenter,Everyone,30-10-6330-2060,TransformOneToOne,Rent,MWU62000,false,
US,UD3_Chempax_MAFCO,UD3_Chempax,U3,DetailCostCenter,Everyone,30-10-6330-2061,TransformOneToOne,Rent,MWU63601,false,
US,UD3_Chempax_MAFCO,UD3_Chempax,U3,DetailCostCenter,Everyone,30-10-6330-2062,TransformOneToOne,Rent,MWU63601,false,
US,UD3_Chempax_MAFCO,UD3_Chempax,U3,DetailCostCenter,Everyone,30-10-6330-2063,TransformOneToOne,Rent,MWU63601,false,
US,UD3_Chempax_MAFCO,UD3_Chempax,U3,DetailCostCenter,Everyone,30-10-6330-2088,TransformOneToOne,Rent,MWU63601,false,
US,UD3_Chempax_MAFCO,UD3_Chempax,U3,DetailCostCenter,Everyone,30-10-6330-2101,TransformOneToOne,Rent,MWU63601,false,
US,UD3_Chempax_MAFCO,UD3_Chempax,U3,DetailCostCenter,Everyone,30-10-6330-2102,TransformOneToOne,Rent,MWU63601,false,
US,UD3_Chempax_MAFCO,UD3_Chempax,U3,DetailCostCenter,Everyone,30-10-6330-2103,TransformOneToOne,Rent,MWU63601,false,
US,UD3_Chempax_MAFCO,UD3_Chempax,U3,DetailCostCenter,Everyone,30-10-6330-2104,TransformOneToOne,Rent,MWU63601,false,
US,UD3_Chempax_MAFCO,UD3_Chempax,U3,DetailCostCenter,Everyone,30-10-6330-2105,TransformOneToOne,Rent,MWU63601,false,
US,UD3_Chempax_MAFCO,UD3_Chempax,U3,DetailCostCenter,Everyone,30-10-6330-2106,TransformOneToOne,Rent,MWU63601,false,
US,UD3_Chempax_MAFCO,UD3_Chempax,U3,DetailCostCenter,Everyone,30-10-6330-2109,TransformOneToOne,Rent,MWU63601,false,
US,UD3_Chempax_MAFCO,UD3_Chempax,U3,DetailCostCenter,Everyone,30-10-6330-2115,TransformOneToOne,Rent,MWU63601,false,
US,UD3_Chempax_MAFCO,UD3_Chempax,U3,DetailCostCenter,Everyone,30-10-6330-2117,TransformOneToOne,Rent,MWU63601,false,
US,UD3_Chempax_MAFCO,UD3_Chempax,U3,DetailCostCenter,Everyone,30-10-6330-2118,TransformOneToOne,Rent,MWU63601,false,
US,UD3_Chempax_MAFCO,UD3_Chempax,U3,DetailCostCenter,Everyone,30-10-6330-2121,TransformOneToOne,Rent,MWU63601,false,
US,UD3_Chempax_MAFCO,UD3_Chempax,U3,DetailCostCenter,Everyone,30-10-6330-2122,TransformOneToOne,Rent,MWU63601,false,
US,UD3_Chempax_MAFCO,UD3_Chempax,U3,DetailCostCenter,Everyone,30-10-6330-2124,TransformOneToOne,Rent,MWU63601,false,
US,UD3_Chempax_MAFCO,UD3_Chempax,U3,DetailCostCenter,Everyone,30-10-6330-2126,TransformOneToOne,Rent,MWU63601,false,
US,UD3_Chempax_MAFCO,UD3_Chempax,U3,DetailCostCenter,Everyone,30-10-6330-2127,TransformOneToOne,Rent,MWU63601,false,
US,UD3_Chempax_MAFCO,UD3_Chempax,U3,DetailCostCenter,Everyone,30-10-6330-2128,TransformOneToOne,Rent,MWU63601,false,
US,UD3_Chempax_MAFCO,UD3_Chempax,U3,DetailCostCenter,Everyone,30-10-6330-2200,TransformOneToOne,Rent,MWU63601,false,
US,UD3_Chempax_MAFCO,UD3_Chempax,U3,DetailCostCenter,Everyone,30-10-6330-2201,TransformOneToOne,Rent,MWU63601,false,
US,UD3_Chempax_MAFCO,UD3_Chempax,U3,DetailCostCenter,Everyone,30-10-6330-5001,TransformOneToOne,Rent,MWU73900,false,
US,UD3_Chempax_MAFCO,UD3_Chempax,U3,DetailCostCenter,Everyone,30-10-6330-5002,TransformOneToOne,Rent,MWU73710,false,
US,UD3_Chempax_MAFCO,UD3_Chempax,U3,DetailCostCenter,Everyone,30-10-6330-5004,TransformOneToOne,Rent,MWU73550,false,
US,UD3_Chempax_MAFCO,UD3_Chempax,U3,DetailCostCenter,Everyone,30-10-6330-5005,TransformOneToOne,Rent,MWU74100,false,
US,UD3_Chempax_MAFCO,UD3_Chempax,U3,DetailCostCenter,Everyone,30-10-6330-5006,TransformOneToOne,Rent,MWU74700,false,
US,UD3_Chempax_MAFCO,UD3_Chempax,U3,DetailCostCenter,Everyone,30-10-6330-5091,TransformOneToOne,Rent,MWU73545,false,
US,UD3_Chempax_MAFCO,UD3_Chempax,U3,DetailCostCenter,Everyone,30-10-6330-5094,TransformOneToOne,Rent,MWU73550,false,
US,UD3_Chempax_MAFCO,UD3_Chempax,U3,DetailCostCenter,Everyone,30-10-6330-5130,TransformOneToOne,Rent,MWU72055,false,
US,UD3_Chempax_MAFCO,UD3_Chempax,U3,DetailCostCenter,Everyone,30-10-6331-2128,TransformOneToOne,Amort expense-Custom,MWU63601,false,
US,UD3_Chempax_MAFCO,UD3_Chempax,U3,DetailCostCenter,Everyone,30-10-6333-5091,TransformOneToOne,Amort Exp-Cust Backl,MWU73545,false,
US,UD3_Chempax_MAFCO,UD3_Chempax,U3,DetailCostCenter,Everyone,30-10-6334-,TransformOneToOne,ASC 842-Operating Le,MWU73800,false,
US,UD3_Chempax_MAFCO,UD3_Chempax,U3,DetailCostCenter,Everyone,30-10-6337-5091,TransformOneToOne,Rent-Leased Property,MWU73800,false,
US,UD3_Chempax_MAFCO,UD3_Chempax,U3,DetailCostCenter,Everyone,30-10-6340-2040,TransformOneToOne,Depreciation,MWU66121,false,
US,UD3_Chempax_MAFCO,UD3_Chempax,U3,DetailCostCenter,Everyone,30-10-6340-2050,TransformOneToOne,Depreciation,MWU63601,false,
US,UD3_Chempax_MAFCO,UD3_Chempax,U3,DetailCostCenter,Everyone,30-10-6340-2055,TransformOneToOne,Depreciation,MWU63601,false,
US,UD3_Chempax_MAFCO,UD3_Chempax,U3,DetailCostCenter,Everyone,30-10-6340-2058,TransformOneToOne,Depreciation,MWU63601,false,
US,UD3_Chempax_MAFCO,UD3_Chempax,U3,DetailCostCenter,Everyone,30-10-6340-2059,TransformOneToOne,Depreciation,MWU63601,false,
US,UD3_Chempax_MAFCO,UD3_Chempax,U3,DetailCostCenter,Everyone,30-10-6340-2060,TransformOneToOne,Depreciation,MWU62000,false,
US,UD3_Chempax_MAFCO,UD3_Chempax,U3,DetailCostCenter,Everyone,30-10-6340-2061,TransformOneToOne,Depreciation,MWU63601,false,
US,UD3_Chempax_MAFCO,UD3_Chempax,U3,DetailCostCenter,Everyone,30-10-6340-2062,TransformOneToOne,Depreciation,MWU63601,false,
US,UD3_Chempax_MAFCO,UD3_Chempax,U3,DetailCostCenter,Everyone,30-10-6340-2063,TransformOneToOne,Depreciation,MWU63601,false,
US,UD3_Chempax_MAFCO,UD3_Chempax,U3,DetailCostCenter,Everyone,30-10-6340-2088,TransformOneToOne,Depreciation,MWU63601,false,
US,UD3_Chempax_MAFCO,UD3_Chempax,U3,DetailCostCenter,Everyone,30-10-6340-2095,TransformOneToOne,Depreciation,MWU66113,false,
US,UD3_Chempax_MAFCO,UD3_Chempax,U3,DetailCostCenter,Everyone,30-10-6340-2101,TransformOneToOne,Depreciation,MWU63601,false,
US,UD3_Chempax_MAFCO,UD3_Chempax,U3,DetailCostCenter,Everyone,30-10-6340-2102,TransformOneToOne,Depreciation,MWU63601,false,
US,UD3_Chempax_MAFCO,UD3_Chempax,U3,DetailCostCenter,Everyone,30-10-6340-2103,TransformOneToOne,Depreciation,MWU63601,false,
US,UD3_Chempax_MAFCO,UD3_Chempax,U3,DetailCostCenter,Everyone,30-10-6340-2104,TransformOneToOne,Depreciation,MWU63601,false,
US,UD3_Chempax_MAFCO,UD3_Chempax,U3,DetailCostCenter,Everyone,30-10-6340-2105,TransformOneToOne,Depreciation,MWU63601,false,
US,UD3_Chempax_MAFCO,UD3_Chempax,U3,DetailCostCenter,Everyone,30-10-6340-2106,TransformOneToOne,Depreciation,MWU63601,false,
US,UD3_Chempax_MAFCO,UD3_Chempax,U3,DetailCostCenter,Everyone,30-10-6340-2107,TransformOneToOne,Depreciation CWE,MWU63601,false,
US,UD3_Chempax_MAFCO,UD3_Chempax,U3,DetailCostCenter,Everyone,30-10-6340-2109,TransformOneToOne,Depreciation,MWU63601,false,
US,UD3_Chempax_MAFCO,UD3_Chempax,U3,DetailCostCenter,Everyone,30-10-6340-2115,TransformOneToOne,Depreciation,MWU63601,false,
US,UD3_Chempax_MAFCO,UD3_Chempax,U3,DetailCostCenter,Everyone,30-10-6340-2117,TransformOneToOne,Depreciation,MWU63601,false,
US,UD3_Chempax_MAFCO,UD3_Chempax,U3,DetailCostCenter,Everyone,30-10-6340-2118,TransformOneToOne,Depreciation,MWU63601,false,
US,UD3_Chempax_MAFCO,UD3_Chempax,U3,DetailCostCenter,Everyone,30-10-6340-2121,TransformOneToOne,Depreciation,MWU63601,false,
US,UD3_Chempax_MAFCO,UD3_Chempax,U3,DetailCostCenter,Everyone,30-10-6340-2122,TransformOneToOne,Depreciation,MWU63601,false,
US,UD3_Chempax_MAFCO,UD3_Chempax,U3,DetailCostCenter,Everyone,30-10-6340-2124,TransformOneToOne,Depreciation,MWU63601,false,
US,UD3_Chempax_MAFCO,UD3_Chempax,U3,DetailCostCenter,Everyone,30-10-6340-2127,TransformOneToOne,Depreciation,MWU63601,false,
US,UD3_Chempax_MAFCO,UD3_Chempax,U3,DetailCostCenter,Everyone,30-10-6340-2128,TransformOneToOne,Depreciation,MWU63601,false,
US,UD3_Chempax_MAFCO,UD3_Chempax,U3,DetailCostCenter,Everyone,30-10-6340-2200,TransformOneToOne,Depreciation,MWU63601,false,
US,UD3_Chempax_MAFCO,UD3_Chempax,U3,DetailCostCenter,Everyone,30-10-6340-2201,TransformOneToOne,Depreciation,MWU63601,false,
US,UD3_Chempax_MAFCO,UD3_Chempax,U3,DetailCostCenter,Everyone,30-10-6340-5002,TransformOneToOne,Depreciation,MWU73710,false,
US,UD3_Chempax_MAFCO,UD3_Chempax,U3,DetailCostCenter,Everyone,30-10-6340-5003,TransformOneToOne,Depreciation,MWU73800,false,
US,UD3_Chempax_MAFCO,UD3_Chempax,U3,DetailCostCenter,Everyone,30-10-6340-5004,TransformOneToOne,Depreciation,MWU73550,false,
US,UD3_Chempax_MAFCO,UD3_Chempax,U3,DetailCostCenter,Everyone,30-10-6340-5006,TransformOneToOne,Depreciation,MWU74700,false,
US,UD3_Chempax_MAFCO,UD3_Chempax,U3,DetailCostCenter,Everyone,30-10-6340-5007,TransformOneToOne,Prof Svcs,MWU73545,false,
US,UD3_Chempax_MAFCO,UD3_Chempax,U3,DetailCostCenter,Everyone,30-10-6340-5088,TransformOneToOne,Mt. Laurel R&D Lab Equipment,MWU76011,false,
US,UD3_Chempax_MAFCO,UD3_Chempax,U3,DetailCostCenter,Everyone,30-10-6340-5091,TransformOneToOne,Depreciation,MWU73545,false,
US,UD3_Chempax_MAFCO,UD3_Chempax,U3,DetailCostCenter,Everyone,30-10-6340-5094,TransformOneToOne,Depreciation,MWU73550,false,
US,UD3_Chempax_MAFCO,UD3_Chempax,U3,DetailCostCenter,Everyone,30-10-6340-5130,TransformOneToOne,Depreciation,MWU72055,false,
US,UD3_Chempax_MAFCO,UD3_Chempax,U3,DetailCostCenter,Everyone,30-10-6350-2040,TransformOneToOne,Taxes & Lic,MWU66121,false,
US,UD3_Chempax_MAFCO,UD3_Chempax,U3,DetailCostCenter,Everyone,30-10-6350-2050,TransformOneToOne,Taxes & Lic,MWU63601,false,
US,UD3_Chempax_MAFCO,UD3_Chempax,U3,DetailCostCenter,Everyone,30-10-6350-2055,TransformOneToOne,Taxes & Lic,MWU63601,false,
US,UD3_Chempax_MAFCO,UD3_Chempax,U3,DetailCostCenter,Everyone,30-10-6350-2058,TransformOneToOne,Taxes & Lic,MWU63601,false,
US,UD3_Chempax_MAFCO,UD3_Chempax,U3,DetailCostCenter,Everyone,30-10-6350-2059,TransformOneToOne,Taxes & Lic,MWU63601,false,
US,UD3_Chempax_MAFCO,UD3_Chempax,U3,DetailCostCenter,Everyone,30-10-6350-2060,TransformOneToOne,Taxes & Lic,MWU62000,false,
US,UD3_Chempax_MAFCO,UD3_Chempax,U3,DetailCostCenter,Everyone,30-10-6350-2061,TransformOneToOne,Taxes & Lic,MWU63601,false,
US,UD3_Chempax_MAFCO,UD3_Chempax,U3,DetailCostCenter,Everyone,30-10-6350-2062,TransformOneToOne,Taxes & Lic,MWU63601,false,
US,UD3_Chempax_MAFCO,UD3_Chempax,U3,DetailCostCenter,Everyone,30-10-6350-2063,TransformOneToOne,Taxes & Lic,MWU63601,false,
US,UD3_Chempax_MAFCO,UD3_Chempax,U3,DetailCostCenter,Everyone,30-10-6350-2088,TransformOneToOne,Taxes & Lic,MWU63601,false,
US,UD3_Chempax_MAFCO,UD3_Chempax,U3,DetailCostCenter,Everyone,30-10-6350-2101,TransformOneToOne,Taxes & Lic,MWU63601,false,
US,UD3_Chempax_MAFCO,UD3_Chempax,U3,DetailCostCenter,Everyone,30-10-6350-2102,TransformOneToOne,Taxes & Lic,MWU63601,false,
US,UD3_Chempax_MAFCO,UD3_Chempax,U3,DetailCostCenter,Everyone,30-10-6350-2103,TransformOneToOne,Taxes & Lic,MWU63601,false,
US,UD3_Chempax_MAFCO,UD3_Chempax,U3,DetailCostCenter,Everyone,30-10-6350-2104,TransformOneToOne,Taxes & Lic,MWU63601,false,
US,UD3_Chempax_MAFCO,UD3_Chempax,U3,DetailCostCenter,Everyone,30-10-6350-2105,TransformOneToOne,Taxes & Lic,MWU63601,false,
US,UD3_Chempax_MAFCO,UD3_Chempax,U3,DetailCostCenter,Everyone,30-10-6350-2106,TransformOneToOne,Taxes & Lic,MWU63601,false,
US,UD3_Chempax_MAFCO,UD3_Chempax,U3,DetailCostCenter,Everyone,30-10-6350-2109,TransformOneToOne,Taxes & Lic,MWU63601,false,
US,UD3_Chempax_MAFCO,UD3_Chempax,U3,DetailCostCenter,Everyone,30-10-6350-2115,TransformOneToOne,Taxes & Lic,MWU63601,false,
US,UD3_Chempax_MAFCO,UD3_Chempax,U3,DetailCostCenter,Everyone,30-10-6350-2117,TransformOneToOne,Taxes & Lic,MWU63601,false,
US,UD3_Chempax_MAFCO,UD3_Chempax,U3,DetailCostCenter,Everyone,30-10-6350-2118,TransformOneToOne,Taxes & Lic,MWU63601,false,
US,UD3_Chempax_MAFCO,UD3_Chempax,U3,DetailCostCenter,Everyone,30-10-6350-2121,TransformOneToOne,Taxes & Lic,MWU63601,false,
US,UD3_Chempax_MAFCO,UD3_Chempax,U3,DetailCostCenter,Everyone,30-10-6350-2122,TransformOneToOne,Taxes & Lic,MWU63601,false,
US,UD3_Chempax_MAFCO,UD3_Chempax,U3,DetailCostCenter,Everyone,30-10-6350-2124,TransformOneToOne,Taxes & Lic,MWU63601,false,
US,UD3_Chempax_MAFCO,UD3_Chempax,U3,DetailCostCenter,Everyone,30-10-6350-2127,TransformOneToOne,Taxes & Lic,MWU63601,false,
US,UD3_Chempax_MAFCO,UD3_Chempax,U3,DetailCostCenter,Everyone,30-10-6350-2128,TransformOneToOne,Taxes & Lic,MWU63601,false,
US,UD3_Chempax_MAFCO,UD3_Chempax,U3,DetailCostCenter,Everyone,30-10-6350-2200,TransformOneToOne,Taxes & Lic,MWU63601,false,
US,UD3_Chempax_MAFCO,UD3_Chempax,U3,DetailCostCenter,Everyone,30-10-6350-2201,TransformOneToOne,Taxes & Lic,MWU63601,false,
US,UD3_Chempax_MAFCO,UD3_Chempax,U3,DetailCostCenter,Everyone,30-10-6350-5002,TransformOneToOne,Taxes & Lic,MWU73710,false,
US,UD3_Chempax_MAFCO,UD3_Chempax,U3,DetailCostCenter,Everyone,30-10-6350-5003,TransformOneToOne,Taxes & Lic,MWU73800,false,
US,UD3_Chempax_MAFCO,UD3_Chempax,U3,DetailCostCenter,Everyone,30-10-6350-5091,TransformOneToOne,Taxes & Lic,MWU73545,false,
US,UD3_Chempax_MAFCO,UD3_Chempax,U3,DetailCostCenter,Everyone,30-10-6350-5094,TransformOneToOne,Taxes & Lic,MWU73550,false,
US,UD3_Chempax_MAFCO,UD3_Chempax,U3,DetailCostCenter,Everyone,30-10-6350-5130,TransformOneToOne,Taxes & Lic,MWU72055,false,
US,UD3_Chempax_MAFCO,UD3_Chempax,U3,DetailCostCenter,Everyone,30-10-6360-2040,TransformOneToOne,Insurance,MWU66121,false,
US,UD3_Chempax_MAFCO,UD3_Chempax,U3,DetailCostCenter,Everyone,30-10-6360-2050,TransformOneToOne,Insurance,MWU66121,false,
US,UD3_Chempax_MAFCO,UD3_Chempax,U3,DetailCostCenter,Everyone,30-10-6360-2055,TransformOneToOne,Insurance,MWU66121,false,
US,UD3_Chempax_MAFCO,UD3_Chempax,U3,DetailCostCenter,Everyone,30-10-6360-2058,TransformOneToOne,Insurance,MWU66121,false,
US,UD3_Chempax_MAFCO,UD3_Chempax,U3,DetailCostCenter,Everyone,30-10-6360-2059,TransformOneToOne,Insurance,MWU66121,false,
US,UD3_Chempax_MAFCO,UD3_Chempax,U3,DetailCostCenter,Everyone,30-10-6360-2060,TransformOneToOne,Insurance,MWU66121,false,
US,UD3_Chempax_MAFCO,UD3_Chempax,U3,DetailCostCenter,Everyone,30-10-6360-2061,TransformOneToOne,Insurance,MWU66121,false,
US,UD3_Chempax_MAFCO,UD3_Chempax,U3,DetailCostCenter,Everyone,30-10-6360-2062,TransformOneToOne,Insurance,MWU66121,false,
US,UD3_Chempax_MAFCO,UD3_Chempax,U3,DetailCostCenter,Everyone,30-10-6360-2063,TransformOneToOne,Insurance,MWU66121,false,
US,UD3_Chempax_MAFCO,UD3_Chempax,U3,DetailCostCenter,Everyone,30-10-6360-2088,TransformOneToOne,Insurance,MWU63601,false,
US,UD3_Chempax_MAFCO,UD3_Chempax,U3,DetailCostCenter,Everyone,30-10-6360-2101,TransformOneToOne,Insurance,MWU66121,false,
US,UD3_Chempax_MAFCO,UD3_Chempax,U3,DetailCostCenter,Everyone,30-10-6360-2102,TransformOneToOne,Insurance,MWU66121,false,
US,UD3_Chempax_MAFCO,UD3_Chempax,U3,DetailCostCenter,Everyone,30-10-6360-2103,TransformOneToOne,Insurance,MWU66121,false,
US,UD3_Chempax_MAFCO,UD3_Chempax,U3,DetailCostCenter,Everyone,30-10-6360-2104,TransformOneToOne,Insurance,MWU66121,false,
US,UD3_Chempax_MAFCO,UD3_Chempax,U3,DetailCostCenter,Everyone,30-10-6360-2105,TransformOneToOne,Insurance,MWU66121,false,
US,UD3_Chempax_MAFCO,UD3_Chempax,U3,DetailCostCenter,Everyone,30-10-6360-2106,TransformOneToOne,Insurance,MWU66121,false,
US,UD3_Chempax_MAFCO,UD3_Chempax,U3,DetailCostCenter,Everyone,30-10-6360-2109,TransformOneToOne,Insurance,MWU66121,false,
US,UD3_Chempax_MAFCO,UD3_Chempax,U3,DetailCostCenter,Everyone,30-10-6360-2115,TransformOneToOne,Insurance,MWU66121,false,
US,UD3_Chempax_MAFCO,UD3_Chempax,U3,DetailCostCenter,Everyone,30-10-6360-2117,TransformOneToOne,Insurance,MWU66121,false,
US,UD3_Chempax_MAFCO,UD3_Chempax,U3,DetailCostCenter,Everyone,30-10-6360-2118,TransformOneToOne,Insurance,MWU66121,false,
US,UD3_Chempax_MAFCO,UD3_Chempax,U3,DetailCostCenter,Everyone,30-10-6360-2121,TransformOneToOne,Insurance,MWU66121,false,
US,UD3_Chempax_MAFCO,UD3_Chempax,U3,DetailCostCenter,Everyone,30-10-6360-2122,TransformOneToOne,Insurance,MWU66121,false,
US,UD3_Chempax_MAFCO,UD3_Chempax,U3,DetailCostCenter,Everyone,30-10-6360-2124,TransformOneToOne,Insurance,MWU66121,false,
US,UD3_Chempax_MAFCO,UD3_Chempax,U3,DetailCostCenter,Everyone,30-10-6360-2127,TransformOneToOne,Insurance,MWU66121,false,
US,UD3_Chempax_MAFCO,UD3_Chempax,U3,DetailCostCenter,Everyone,30-10-6360-2128,TransformOneToOne,Insurance,MWU66121,false,
US,UD3_Chempax_MAFCO,UD3_Chempax,U3,DetailCostCenter,Everyone,30-10-6360-2200,TransformOneToOne,Insurance,MWU66121,false,
US,UD3_Chempax_MAFCO,UD3_Chempax,U3,DetailCostCenter,Everyone,30-10-6360-2201,TransformOneToOne,Insurance,MWU66121,false,
US,UD3_Chempax_MAFCO,UD3_Chempax,U3,DetailCostCenter,Everyone,30-10-6360-5091,TransformOneToOne,Insurance,MWU73545,false,
US,UD3_Chempax_MAFCO,UD3_Chempax,U3,DetailCostCenter,Everyone,30-10-6360-5094,TransformOneToOne,Insurance,MWU73550,false,
US,UD3_Chempax_MAFCO,UD3_Chempax,U3,DetailCostCenter,Everyone,30-10-6360-5130,TransformOneToOne,Insurance,MWU72055,false,
US,UD3_Chempax_MAFCO,UD3_Chempax,U3,DetailCostCenter,Everyone,30-10-6370-2040,TransformOneToOne,Travel Nonded,MWU66121,false,
US,UD3_Chempax_MAFCO,UD3_Chempax,U3,DetailCostCenter,Everyone,30-10-6370-2050,TransformOneToOne,Travel Nonded,MWU63601,false,
US,UD3_Chempax_MAFCO,UD3_Chempax,U3,DetailCostCenter,Everyone,30-10-6370-2055,TransformOneToOne,Travel Nonded,MWU63601,false,
US,UD3_Chempax_MAFCO,UD3_Chempax,U3,DetailCostCenter,Everyone,30-10-6370-2058,TransformOneToOne,Travel Nonded,MWU63601,false,
US,UD3_Chempax_MAFCO,UD3_Chempax,U3,DetailCostCenter,Everyone,30-10-6370-2059,TransformOneToOne,Travel Nonded,MWU63601,false,
US,UD3_Chempax_MAFCO,UD3_Chempax,U3,DetailCostCenter,Everyone,30-10-6370-2060,TransformOneToOne,Travel Nonded,MWU62000,false,
US,UD3_Chempax_MAFCO,UD3_Chempax,U3,DetailCostCenter,Everyone,30-10-6370-2061,TransformOneToOne,Travel Nonded,MWU63601,false,
US,UD3_Chempax_MAFCO,UD3_Chempax,U3,DetailCostCenter,Everyone,30-10-6370-2062,TransformOneToOne,Travel Nonded,MWU63601,false,
US,UD3_Chempax_MAFCO,UD3_Chempax,U3,DetailCostCenter,Everyone,30-10-6370-2063,TransformOneToOne,Travel Nonded,MWU63601,false,
US,UD3_Chempax_MAFCO,UD3_Chempax,U3,DetailCostCenter,Everyone,30-10-6370-2088,TransformOneToOne,Travel Nonded,MWU63601,false,
US,UD3_Chempax_MAFCO,UD3_Chempax,U3,DetailCostCenter,Everyone,30-10-6370-2101,TransformOneToOne,Travel Nonded,MWU63601,false,
US,UD3_Chempax_MAFCO,UD3_Chempax,U3,DetailCostCenter,Everyone,30-10-6370-2102,TransformOneToOne,Travel Nonded,MWU63601,false,
US,UD3_Chempax_MAFCO,UD3_Chempax,U3,DetailCostCenter,Everyone,30-10-6370-2103,TransformOneToOne,Travel Nonded,MWU63601,false,
US,UD3_Chempax_MAFCO,UD3_Chempax,U3,DetailCostCenter,Everyone,30-10-6370-2104,TransformOneToOne,Travel Nonded,MWU63601,false,
US,UD3_Chempax_MAFCO,UD3_Chempax,U3,DetailCostCenter,Everyone,30-10-6370-2105,TransformOneToOne,Travel Nonded,MWU63601,false,
US,UD3_Chempax_MAFCO,UD3_Chempax,U3,DetailCostCenter,Everyone,30-10-6370-2106,TransformOneToOne,Travel Nonded,MWU63601,false,
US,UD3_Chempax_MAFCO,UD3_Chempax,U3,DetailCostCenter,Everyone,30-10-6370-2109,TransformOneToOne,Travel Nonded,MWU63601,false,
US,UD3_Chempax_MAFCO,UD3_Chempax,U3,DetailCostCenter,Everyone,30-10-6370-2115,TransformOneToOne,Travel Nonded,MWU63601,false,
US,UD3_Chempax_MAFCO,UD3_Chempax,U3,DetailCostCenter,Everyone,30-10-6370-2117,TransformOneToOne,Travel Nonded,MWU63601,false,
US,UD3_Chempax_MAFCO,UD3_Chempax,U3,DetailCostCenter,Everyone,30-10-6370-2118,TransformOneToOne,Travel Nonded,MWU63601,false,
US,UD3_Chempax_MAFCO,UD3_Chempax,U3,DetailCostCenter,Everyone,30-10-6370-2121,TransformOneToOne,Travel Nonded,MWU63601,false,
US,UD3_Chempax_MAFCO,UD3_Chempax,U3,DetailCostCenter,Everyone,30-10-6370-2122,TransformOneToOne,Travel Nonded,MWU63601,false,
US,UD3_Chempax_MAFCO,UD3_Chempax,U3,DetailCostCenter,Everyone,30-10-6370-2124,TransformOneToOne,Travel Nonded,MWU63601,false,
US,UD3_Chempax_MAFCO,UD3_Chempax,U3,DetailCostCenter,Everyone,30-10-6370-2126,TransformOneToOne,Travel Nonded,MWU63601,false,
US,UD3_Chempax_MAFCO,UD3_Chempax,U3,DetailCostCenter,Everyone,30-10-6370-2127,TransformOneToOne,Travel Nonded,MWU63601,false,
US,UD3_Chempax_MAFCO,UD3_Chempax,U3,DetailCostCenter,Everyone,30-10-6370-2128,TransformOneToOne,Travel Nonded,MWU63601,false,
US,UD3_Chempax_MAFCO,UD3_Chempax,U3,DetailCostCenter,Everyone,30-10-6370-2200,TransformOneToOne,Travel Nonded,MWU63601,false,
US,UD3_Chempax_MAFCO,UD3_Chempax,U3,DetailCostCenter,Everyone,30-10-6370-2201,TransformOneToOne,Travel Nonded,MWU63601,false,
US,UD3_Chempax_MAFCO,UD3_Chempax,U3,DetailCostCenter,Everyone,30-10-6370-5001,TransformOneToOne,Travel Nonded,MWU73900,false,
US,UD3_Chempax_MAFCO,UD3_Chempax,U3,DetailCostCenter,Everyone,30-10-6370-5002,TransformOneToOne,Travel Nonded,MWU73710,false,
US,UD3_Chempax_MAFCO,UD3_Chempax,U3,DetailCostCenter,Everyone,30-10-6370-5003,TransformOneToOne,Travel Nonded,MWU73800,false,
US,UD3_Chempax_MAFCO,UD3_Chempax,U3,DetailCostCenter,Everyone,30-10-6370-5004,TransformOneToOne,Travel Nonded,MWU73550,false,
US,UD3_Chempax_MAFCO,UD3_Chempax,U3,DetailCostCenter,Everyone,30-10-6370-5005,TransformOneToOne,Travel Nonded,MWU74100,false,
US,UD3_Chempax_MAFCO,UD3_Chempax,U3,DetailCostCenter,Everyone,30-10-6370-5006,TransformOneToOne,Travel Nonded,MWU74700,false,
US,UD3_Chempax_MAFCO,UD3_Chempax,U3,DetailCostCenter,Everyone,30-10-6370-5091,TransformOneToOne,Travel Nonded,MWU73545,false,
US,UD3_Chempax_MAFCO,UD3_Chempax,U3,DetailCostCenter,Everyone,30-10-6370-5094,TransformOneToOne,Travel Nod,MWU73550,false,
US,UD3_Chempax_MAFCO,UD3_Chempax,U3,DetailCostCenter,Everyone,30-10-6370-5130,TransformOneToOne,Travel Nonded,MWU72055,false,
US,UD3_Chempax_MAFCO,UD3_Chempax,U3,DetailCostCenter,Everyone,30-10-6380-2040,TransformOneToOne,Prof Svcs,MWU66121,false,
US,UD3_Chempax_MAFCO,UD3_Chempax,U3,DetailCostCenter,Everyone,30-10-6380-2050,TransformOneToOne,Prof Svcs,MWU63601,false,
US,UD3_Chempax_MAFCO,UD3_Chempax,U3,DetailCostCenter,Everyone,30-10-6380-2055,TransformOneToOne,Prof Svcs,MWU63601,false,
US,UD3_Chempax_MAFCO,UD3_Chempax,U3,DetailCostCenter,Everyone,30-10-6380-2058,TransformOneToOne,Prof Svcs,MWU63601,false,
US,UD3_Chempax_MAFCO,UD3_Chempax,U3,DetailCostCenter,Everyone,30-10-6380-2059,TransformOneToOne,Prof Svcs,MWU63601,false,
US,UD3_Chempax_MAFCO,UD3_Chempax,U3,DetailCostCenter,Everyone,30-10-6380-2060,TransformOneToOne,Prof Svcs,MWU62000,false,
US,UD3_Chempax_MAFCO,UD3_Chempax,U3,DetailCostCenter,Everyone,30-10-6380-2061,TransformOneToOne,Prof Svcs,MWU63601,false,
US,UD3_Chempax_MAFCO,UD3_Chempax,U3,DetailCostCenter,Everyone,30-10-6380-2062,TransformOneToOne,Prof Svcs,MWU63601,false,
US,UD3_Chempax_MAFCO,UD3_Chempax,U3,DetailCostCenter,Everyone,30-10-6380-2063,TransformOneToOne,Prof Svcs,MWU63601,false,
US,UD3_Chempax_MAFCO,UD3_Chempax,U3,DetailCostCenter,Everyone,30-10-6380-2088,TransformOneToOne,Prof Svcs,MWU63601,false,
US,UD3_Chempax_MAFCO,UD3_Chempax,U3,DetailCostCenter,Everyone,30-10-6380-2101,TransformOneToOne,Prof Svcs,MWU63601,false,
US,UD3_Chempax_MAFCO,UD3_Chempax,U3,DetailCostCenter,Everyone,30-10-6380-2102,TransformOneToOne,Prof Svcs,MWU63601,false,
US,UD3_Chempax_MAFCO,UD3_Chempax,U3,DetailCostCenter,Everyone,30-10-6380-2103,TransformOneToOne,Prof Svcs,MWU63601,false,
US,UD3_Chempax_MAFCO,UD3_Chempax,U3,DetailCostCenter,Everyone,30-10-6380-2104,TransformOneToOne,Prof Svcs,MWU63601,false,
US,UD3_Chempax_MAFCO,UD3_Chempax,U3,DetailCostCenter,Everyone,30-10-6380-2105,TransformOneToOne,Prof Svcs,MWU63601,false,
US,UD3_Chempax_MAFCO,UD3_Chempax,U3,DetailCostCenter,Everyone,30-10-6380-2106,TransformOneToOne,Prof Svcs,MWU63601,false,
US,UD3_Chempax_MAFCO,UD3_Chempax,U3,DetailCostCenter,Everyone,30-10-6380-2109,TransformOneToOne,Prof Svcs,MWU63601,false,
US,UD3_Chempax_MAFCO,UD3_Chempax,U3,DetailCostCenter,Everyone,30-10-6380-2115,TransformOneToOne,Prof Svcs,MWU63601,false,
US,UD3_Chempax_MAFCO,UD3_Chempax,U3,DetailCostCenter,Everyone,30-10-6380-2117,TransformOneToOne,Prof Svcs,MWU63601,false,
US,UD3_Chempax_MAFCO,UD3_Chempax,U3,DetailCostCenter,Everyone,30-10-6380-2118,TransformOneToOne,Prof Svcs,MWU63601,false,
US,UD3_Chempax_MAFCO,UD3_Chempax,U3,DetailCostCenter,Everyone,30-10-6380-2121,TransformOneToOne,Prof Svcs,MWU63601,false,
US,UD3_Chempax_MAFCO,UD3_Chempax,U3,DetailCostCenter,Everyone,30-10-6380-2122,TransformOneToOne,Prof Svcs,MWU63601,false,
US,UD3_Chempax_MAFCO,UD3_Chempax,U3,DetailCostCenter,Everyone,30-10-6380-2124,TransformOneToOne,Prof Svcs,MWU63601,false,
US,UD3_Chempax_MAFCO,UD3_Chempax,U3,DetailCostCenter,Everyone,30-10-6380-2126,TransformOneToOne,Prof Svcs,MWU63601,false,
US,UD3_Chempax_MAFCO,UD3_Chempax,U3,DetailCostCenter,Everyone,30-10-6380-2127,TransformOneToOne,Prof Svcs,MWU63601,false,
US,UD3_Chempax_MAFCO,UD3_Chempax,U3,DetailCostCenter,Everyone,30-10-6380-2128,TransformOneToOne,Prof Svcs,MWU63601,false,
US,UD3_Chempax_MAFCO,UD3_Chempax,U3,DetailCostCenter,Everyone,30-10-6380-2200,TransformOneToOne,Prof Svcs,MWU63601,false,
US,UD3_Chempax_MAFCO,UD3_Chempax,U3,DetailCostCenter,Everyone,30-10-6380-2201,TransformOneToOne,Prof Svcs,MWU63601,false,
US,UD3_Chempax_MAFCO,UD3_Chempax,U3,DetailCostCenter,Everyone,30-10-6380-5001,TransformOneToOne,Prof Svcs Acc,MWU73900,false,
US,UD3_Chempax_MAFCO,UD3_Chempax,U3,DetailCostCenter,Everyone,30-10-6380-5002,TransformOneToOne,Prof Svcs HR,MWU73710,false,
US,UD3_Chempax_MAFCO,UD3_Chempax,U3,DetailCostCenter,Everyone,30-10-6380-5003,TransformOneToOne,Professional Service,MWU73800,false,
US,UD3_Chempax_MAFCO,UD3_Chempax,U3,DetailCostCenter,Everyone,30-10-6380-5004,TransformOneToOne,Prof Svcs Corp,MWU73550,false,
US,UD3_Chempax_MAFCO,UD3_Chempax,U3,DetailCostCenter,Everyone,30-10-6380-5005,TransformOneToOne,Prof Svcs Legal,MWU74100,false,
US,UD3_Chempax_MAFCO,UD3_Chempax,U3,DetailCostCenter,Everyone,30-10-6380-5006,TransformOneToOne,Prof Svcs IT,MWU74700,false,
US,UD3_Chempax_MAFCO,UD3_Chempax,U3,DetailCostCenter,Everyone,30-10-6380-5007,TransformOneToOne,Prof Svcs,MWU73545,false,
US,UD3_Chempax_MAFCO,UD3_Chempax,U3,DetailCostCenter,Everyone,30-10-6380-5091,TransformOneToOne,Prof Svcs,MWU73545,false,
US,UD3_Chempax_MAFCO,UD3_Chempax,U3,DetailCostCenter,Everyone,30-10-6380-5094,TransformOneToOne,Prof Svcs,MWU73550,false,
US,UD3_Chempax_MAFCO,UD3_Chempax,U3,DetailCostCenter,Everyone,30-10-6380-5130,TransformOneToOne,Prof Svcs,MWU72055,false,
US,UD3_Chempax_MAFCO,UD3_Chempax,U3,DetailCostCenter,Everyone,30-10-6381-2101,TransformOneToOne,Prof Svcs - Legal,MWU63601,false,
US,UD3_Chempax_MAFCO,UD3_Chempax,U3,DetailCostCenter,Everyone,30-10-6381-2128,TransformOneToOne,Prof Svcs - Legal,MWU63601,false,
US,UD3_Chempax_MAFCO,UD3_Chempax,U3,DetailCostCenter,Everyone,30-10-6381-2201,TransformOneToOne,Prof Svcs - Legal,MWU63601,false,
US,UD3_Chempax_MAFCO,UD3_Chempax,U3,DetailCostCenter,Everyone,30-10-6381-5091,TransformOneToOne,Prof Svcs - Legal,MWU73545,false,
US,UD3_Chempax_MAFCO,UD3_Chempax,U3,DetailCostCenter,Everyone,30-10-6381-5094,TransformOneToOne,Prof Svcs - Legal,MWU73550,false,
US,UD3_Chempax_MAFCO,UD3_Chempax,U3,DetailCostCenter,Everyone,30-10-6381-5130,TransformOneToOne,Prof Svcs - Legal,MWU72055,false,
US,UD3_Chempax_MAFCO,UD3_Chempax,U3,DetailCostCenter,Everyone,30-10-6382-5091,TransformOneToOne,Prof serv - audit,MWU73545,false,
US,UD3_Chempax_MAFCO,UD3_Chempax,U3,DetailCostCenter,Everyone,30-10-6383-5001,TransformOneToOne,Prof Serv IT,MWU73900,false,
US,UD3_Chempax_MAFCO,UD3_Chempax,U3,DetailCostCenter,Everyone,30-10-6383-5006,TransformOneToOne,Prof Serv IT,MWU74700,false,
US,UD3_Chempax_MAFCO,UD3_Chempax,U3,DetailCostCenter,Everyone,30-10-6383-5007,TransformOneToOne,Prof Serv IT,MWU73545,false,
US,UD3_Chempax_MAFCO,UD3_Chempax,U3,DetailCostCenter,Everyone,30-10-6383-5091,TransformOneToOne,Prof Serv IT,MWU73545,false,
US,UD3_Chempax_MAFCO,UD3_Chempax,U3,DetailCostCenter,Everyone,30-10-6384-5091,TransformOneToOne,Compliance,MWU73545,false,
US,UD3_Chempax_MAFCO,UD3_Chempax,U3,DetailCostCenter,Everyone,30-10-6390-,TransformOneToOne,Other Exp,MWU73550,false,
US,UD3_Chempax_MAFCO,UD3_Chempax,U3,DetailCostCenter,Everyone,30-10-6390-2040,TransformOneToOne,Other Exp,MWU66121,false,
US,UD3_Chempax_MAFCO,UD3_Chempax,U3,DetailCostCenter,Everyone,30-10-6390-2050,TransformOneToOne,Other Exp,MWU63601,false,
US,UD3_Chempax_MAFCO,UD3_Chempax,U3,DetailCostCenter,Everyone,30-10-6390-2055,TransformOneToOne,Other Exp,MWU63601,false,
US,UD3_Chempax_MAFCO,UD3_Chempax,U3,DetailCostCenter,Everyone,30-10-6390-2058,TransformOneToOne,Other Exp,MWU63601,false,
US,UD3_Chempax_MAFCO,UD3_Chempax,U3,DetailCostCenter,Everyone,30-10-6390-2059,TransformOneToOne,Other Exp,MWU63601,false,
US,UD3_Chempax_MAFCO,UD3_Chempax,U3,DetailCostCenter,Everyone,30-10-6390-2060,TransformOneToOne,Other Exp,MWU62000,false,
US,UD3_Chempax_MAFCO,UD3_Chempax,U3,DetailCostCenter,Everyone,30-10-6390-2061,TransformOneToOne,Other Exp,MWU63601,false,
US,UD3_Chempax_MAFCO,UD3_Chempax,U3,DetailCostCenter,Everyone,30-10-6390-2062,TransformOneToOne,Other Exp,MWU63601,false,
US,UD3_Chempax_MAFCO,UD3_Chempax,U3,DetailCostCenter,Everyone,30-10-6390-2063,TransformOneToOne,Other Exp,MWU63601,false,
US,UD3_Chempax_MAFCO,UD3_Chempax,U3,DetailCostCenter,Everyone,30-10-6390-2088,TransformOneToOne,Other Exp,MWU63601,false,
US,UD3_Chempax_MAFCO,UD3_Chempax,U3,DetailCostCenter,Everyone,30-10-6390-2095,TransformOneToOne,Other Expense,MWU66113,false,
US,UD3_Chempax_MAFCO,UD3_Chempax,U3,DetailCostCenter,Everyone,30-10-6390-2101,TransformOneToOne,Other Exp,MWU63601,false,
US,UD3_Chempax_MAFCO,UD3_Chempax,U3,DetailCostCenter,Everyone,30-10-6390-2102,TransformOneToOne,Other Exp,MWU63601,false,
US,UD3_Chempax_MAFCO,UD3_Chempax,U3,DetailCostCenter,Everyone,30-10-6390-2103,TransformOneToOne,Other Exp,MWU63601,false,
US,UD3_Chempax_MAFCO,UD3_Chempax,U3,DetailCostCenter,Everyone,30-10-6390-2104,TransformOneToOne,Other Exp,MWU63601,false,
US,UD3_Chempax_MAFCO,UD3_Chempax,U3,DetailCostCenter,Everyone,30-10-6390-2105,TransformOneToOne,Other Exp,MWU63601,false,
US,UD3_Chempax_MAFCO,UD3_Chempax,U3,DetailCostCenter,Everyone,30-10-6390-2106,TransformOneToOne,Other Exp,MWU63601,false,
US,UD3_Chempax_MAFCO,UD3_Chempax,U3,DetailCostCenter,Everyone,30-10-6390-2109,TransformOneToOne,Other Exp,MWU63601,false,
US,UD3_Chempax_MAFCO,UD3_Chempax,U3,DetailCostCenter,Everyone,30-10-6390-2115,TransformOneToOne,Other Exp,MWU63601,false,
US,UD3_Chempax_MAFCO,UD3_Chempax,U3,DetailCostCenter,Everyone,30-10-6390-2117,TransformOneToOne,Other Exp,MWU63601,false,
US,UD3_Chempax_MAFCO,UD3_Chempax,U3,DetailCostCenter,Everyone,30-10-6390-2118,TransformOneToOne,Other Exp,MWU63601,false,
US,UD3_Chempax_MAFCO,UD3_Chempax,U3,DetailCostCenter,Everyone,30-10-6390-2121,TransformOneToOne,Other Exp,MWU63601,false,
US,UD3_Chempax_MAFCO,UD3_Chempax,U3,DetailCostCenter,Everyone,30-10-6390-2122,TransformOneToOne,Other Exp,MWU63601,false,
US,UD3_Chempax_MAFCO,UD3_Chempax,U3,DetailCostCenter,Everyone,30-10-6390-2124,TransformOneToOne,Other Exp,MWU63601,false,
US,UD3_Chempax_MAFCO,UD3_Chempax,U3,DetailCostCenter,Everyone,30-10-6390-2126,TransformOneToOne,Other Exp,MWU63601,false,
US,UD3_Chempax_MAFCO,UD3_Chempax,U3,DetailCostCenter,Everyone,30-10-6390-2127,TransformOneToOne,Other Exp,MWU63601,false,
US,UD3_Chempax_MAFCO,UD3_Chempax,U3,DetailCostCenter,Everyone,30-10-6390-2128,TransformOneToOne,Other Exp,MWU63601,false,
US,UD3_Chempax_MAFCO,UD3_Chempax,U3,DetailCostCenter,Everyone,30-10-6390-2200,TransformOneToOne,Other Exp,MWU63601,false,
US,UD3_Chempax_MAFCO,UD3_Chempax,U3,DetailCostCenter,Everyone,30-10-6390-2201,TransformOneToOne,Other Exp,MWU63601,false,
US,UD3_Chempax_MAFCO,UD3_Chempax,U3,DetailCostCenter,Everyone,30-10-6390-5001,TransformOneToOne,Other Exp,MWU73900,false,
US,UD3_Chempax_MAFCO,UD3_Chempax,U3,DetailCostCenter,Everyone,30-10-6390-5002,TransformOneToOne,Other Exp,MWU73710,false,
US,UD3_Chempax_MAFCO,UD3_Chempax,U3,DetailCostCenter,Everyone,30-10-6390-5003,TransformOneToOne,Other Exp,MWU73800,false,
US,UD3_Chempax_MAFCO,UD3_Chempax,U3,DetailCostCenter,Everyone,30-10-6390-5004,TransformOneToOne,Other Exp,MWU73550,false,
US,UD3_Chempax_MAFCO,UD3_Chempax,U3,DetailCostCenter,Everyone,30-10-6390-5005,TransformOneToOne,Other Exp,MWU74100,false,
US,UD3_Chempax_MAFCO,UD3_Chempax,U3,DetailCostCenter,Everyone,30-10-6390-5006,TransformOneToOne,Other Exp,MWU74700,false,
US,UD3_Chempax_MAFCO,UD3_Chempax,U3,DetailCostCenter,Everyone,30-10-6390-5007,TransformOneToOne,Other Exp,MWU73545,false,
US,UD3_Chempax_MAFCO,UD3_Chempax,U3,DetailCostCenter,Everyone,30-10-6390-5091,TransformOneToOne,Other Exp,MWU73545,false,
US,UD3_Chempax_MAFCO,UD3_Chempax,U3,DetailCostCenter,Everyone,30-10-6390-5094,TransformOneToOne,Other Exp,MWU73550,false,
US,UD3_Chempax_MAFCO,UD3_Chempax,U3,DetailCostCenter,Everyone,30-10-6390-5130,TransformOneToOne,Other Exp,MWU72055,false,
US,UD3_Chempax_MAFCO,UD3_Chempax,U3,DetailCostCenter,Everyone,30-10-6391-2095,TransformOneToOne,Severance Pay,MWU66113,false,
US,UD3_Chempax_MAFCO,UD3_Chempax,U3,DetailCostCenter,Everyone,30-10-6391-2128,TransformOneToOne,Severance Exp,MWU63601,false,
US,UD3_Chempax_MAFCO,UD3_Chempax,U3,DetailCostCenter,Everyone,30-10-6391-5001,TransformOneToOne,Severance Exp,MWU74502,false,
US,UD3_Chempax_MAFCO,UD3_Chempax,U3,DetailCostCenter,Everyone,30-10-6391-5091,TransformOneToOne,Severance Exp,MWU73545,false,
US,UD3_Chempax_MAFCO,UD3_Chempax,U3,DetailCostCenter,Everyone,30-10-6392-5091,TransformOneToOne,Transaction Bonus,MWU73545,false,
US,UD3_Chempax_MAFCO,UD3_Chempax,U3,DetailCostCenter,Everyone,30-10-6393-2128,TransformOneToOne,Relocation Exp,MWU63601,false,
US,UD3_Chempax_MAFCO,UD3_Chempax,U3,DetailCostCenter,Everyone,30-10-6393-5004,TransformOneToOne,Relocation Exp,MWU73550,false,
US,UD3_Chempax_MAFCO,UD3_Chempax,U3,DetailCostCenter,Everyone,30-10-6393-5091,TransformOneToOne,Relocation Exp,MWU73545,false,
US,UD3_Chempax_MAFCO,UD3_Chempax,U3,DetailCostCenter,Everyone,30-10-6394-5091,TransformOneToOne,Other Compon net bet,MWU73545,false,
US,UD3_Chempax_MAFCO,UD3_Chempax,U3,DetailCostCenter,Everyone,30-10-6396-5091,TransformOneToOne,M&F Expenses Paid,MWU73545,false,
US,UD3_Chempax_MAFCO,UD3_Chempax,U3,DetailCostCenter,Everyone,30-10-6397-2128,TransformOneToOne,Disposal Cost,MWU63601,false,
US,UD3_Chempax_MAFCO,UD3_Chempax,U3,DetailCostCenter,Everyone,30-10-6397-2201,TransformOneToOne,Disposal Cost,MWU63601,false,
US,UD3_Chempax_MAFCO,UD3_Chempax,U3,DetailCostCenter,Everyone,30-10-6400-2040,TransformOneToOne,Meal Allow,MWU66121,false,
US,UD3_Chempax_MAFCO,UD3_Chempax,U3,DetailCostCenter,Everyone,30-10-6400-2050,TransformOneToOne,Meal Allow,MWU63601,false,
US,UD3_Chempax_MAFCO,UD3_Chempax,U3,DetailCostCenter,Everyone,30-10-6400-2055,TransformOneToOne,Meal Allow,MWU63601,false,
US,UD3_Chempax_MAFCO,UD3_Chempax,U3,DetailCostCenter,Everyone,30-10-6400-2058,TransformOneToOne,Meal Allow,MWU63601,false,
US,UD3_Chempax_MAFCO,UD3_Chempax,U3,DetailCostCenter,Everyone,30-10-6400-2059,TransformOneToOne,Meal Allow,MWU63601,false,
US,UD3_Chempax_MAFCO,UD3_Chempax,U3,DetailCostCenter,Everyone,30-10-6400-2060,TransformOneToOne,Meal Allow,MWU62000,false,
US,UD3_Chempax_MAFCO,UD3_Chempax,U3,DetailCostCenter,Everyone,30-10-6400-2061,TransformOneToOne,Meal Allow,MWU63601,false,
US,UD3_Chempax_MAFCO,UD3_Chempax,U3,DetailCostCenter,Everyone,30-10-6400-2062,TransformOneToOne,Meal Allow,MWU63601,false,
US,UD3_Chempax_MAFCO,UD3_Chempax,U3,DetailCostCenter,Everyone,30-10-6400-2063,TransformOneToOne,Meal Allow,MWU63601,false,
US,UD3_Chempax_MAFCO,UD3_Chempax,U3,DetailCostCenter,Everyone,30-10-6400-2088,TransformOneToOne,Meal Allow,MWU63601,false,
US,UD3_Chempax_MAFCO,UD3_Chempax,U3,DetailCostCenter,Everyone,30-10-6400-2101,TransformOneToOne,Meal Allow,MWU63601,false,
US,UD3_Chempax_MAFCO,UD3_Chempax,U3,DetailCostCenter,Everyone,30-10-6400-2102,TransformOneToOne,Meal Allow,MWU63601,false,
US,UD3_Chempax_MAFCO,UD3_Chempax,U3,DetailCostCenter,Everyone,30-10-6400-2103,TransformOneToOne,Meal Allow,MWU63601,false,
US,UD3_Chempax_MAFCO,UD3_Chempax,U3,DetailCostCenter,Everyone,30-10-6400-2104,TransformOneToOne,Meal Allow,MWU63601,false,
US,UD3_Chempax_MAFCO,UD3_Chempax,U3,DetailCostCenter,Everyone,30-10-6400-2105,TransformOneToOne,Meal Allow,MWU63601,false,
US,UD3_Chempax_MAFCO,UD3_Chempax,U3,DetailCostCenter,Everyone,30-10-6400-2106,TransformOneToOne,Meal Allow,MWU63601,false,
US,UD3_Chempax_MAFCO,UD3_Chempax,U3,DetailCostCenter,Everyone,30-10-6400-2109,TransformOneToOne,Meal Allow,MWU63601,false,
US,UD3_Chempax_MAFCO,UD3_Chempax,U3,DetailCostCenter,Everyone,30-10-6400-2115,TransformOneToOne,Meal Allow,MWU63601,false,
US,UD3_Chempax_MAFCO,UD3_Chempax,U3,DetailCostCenter,Everyone,30-10-6400-2117,TransformOneToOne,Meal Allow,MWU63601,false,
US,UD3_Chempax_MAFCO,UD3_Chempax,U3,DetailCostCenter,Everyone,30-10-6400-2118,TransformOneToOne,Meal Allow,MWU63601,false,
US,UD3_Chempax_MAFCO,UD3_Chempax,U3,DetailCostCenter,Everyone,30-10-6400-2121,TransformOneToOne,Meal Allow,MWU63601,false,
US,UD3_Chempax_MAFCO,UD3_Chempax,U3,DetailCostCenter,Everyone,30-10-6400-2122,TransformOneToOne,Meal Allow,MWU63601,false,
US,UD3_Chempax_MAFCO,UD3_Chempax,U3,DetailCostCenter,Everyone,30-10-6400-2124,TransformOneToOne,Meal Allow,MWU63601,false,
US,UD3_Chempax_MAFCO,UD3_Chempax,U3,DetailCostCenter,Everyone,30-10-6400-2127,TransformOneToOne,Meal Allow,MWU63601,false,
US,UD3_Chempax_MAFCO,UD3_Chempax,U3,DetailCostCenter,Everyone,30-10-6400-2128,TransformOneToOne,Meal Allow,MWU63601,false,
US,UD3_Chempax_MAFCO,UD3_Chempax,U3,DetailCostCenter,Everyone,30-10-6400-2200,TransformOneToOne,Meal Allow,MWU63601,false,
US,UD3_Chempax_MAFCO,UD3_Chempax,U3,DetailCostCenter,Everyone,30-10-6400-2201,TransformOneToOne,Meal Allow,MWU63601,false,
US,UD3_Chempax_MAFCO,UD3_Chempax,U3,DetailCostCenter,Everyone,30-10-6400-5091,TransformOneToOne,Meal Allow,MWU73545,false,
US,UD3_Chempax_MAFCO,UD3_Chempax,U3,DetailCostCenter,Everyone,30-10-6400-5094,TransformOneToOne,Meal Allow,MWU73550,false,
US,UD3_Chempax_MAFCO,UD3_Chempax,U3,DetailCostCenter,Everyone,30-10-6400-5130,TransformOneToOne,Meal Allow,MWU72055,false,
US,UD3_Chempax_MAFCO,UD3_Chempax,U3,DetailCostCenter,Everyone,30-10-6410-2040,TransformOneToOne,Advertisment,MWU66121,false,
US,UD3_Chempax_MAFCO,UD3_Chempax,U3,DetailCostCenter,Everyone,30-10-6410-2050,TransformOneToOne,Advertisment,MWU72400,false,
US,UD3_Chempax_MAFCO,UD3_Chempax,U3,DetailCostCenter,Everyone,30-10-6410-2055,TransformOneToOne,Advertisment,MWU72400,false,
US,UD3_Chempax_MAFCO,UD3_Chempax,U3,DetailCostCenter,Everyone,30-10-6410-2058,TransformOneToOne,Advertisment,MWU72400,false,
US,UD3_Chempax_MAFCO,UD3_Chempax,U3,DetailCostCenter,Everyone,30-10-6410-2059,TransformOneToOne,Advertisment,MWU72400,false,
US,UD3_Chempax_MAFCO,UD3_Chempax,U3,DetailCostCenter,Everyone,30-10-6410-2060,TransformOneToOne,Advertisment,MWU72400,false,
US,UD3_Chempax_MAFCO,UD3_Chempax,U3,DetailCostCenter,Everyone,30-10-6410-2061,TransformOneToOne,Advertisment,MWU72400,false,
US,UD3_Chempax_MAFCO,UD3_Chempax,U3,DetailCostCenter,Everyone,30-10-6410-2062,TransformOneToOne,Advertisment,MWU72400,false,
US,UD3_Chempax_MAFCO,UD3_Chempax,U3,DetailCostCenter,Everyone,30-10-6410-2063,TransformOneToOne,Advertisment,MWU72400,false,
US,UD3_Chempax_MAFCO,UD3_Chempax,U3,DetailCostCenter,Everyone,30-10-6410-2088,TransformOneToOne,Advertisment,MWU63601,false,
US,UD3_Chempax_MAFCO,UD3_Chempax,U3,DetailCostCenter,Everyone,30-10-6410-2101,TransformOneToOne,Advertisment,MWU72400,false,
US,UD3_Chempax_MAFCO,UD3_Chempax,U3,DetailCostCenter,Everyone,30-10-6410-2102,TransformOneToOne,Advertisment,MWU72400,false,
US,UD3_Chempax_MAFCO,UD3_Chempax,U3,DetailCostCenter,Everyone,30-10-6410-2103,TransformOneToOne,Advertisment,MWU72400,false,
US,UD3_Chempax_MAFCO,UD3_Chempax,U3,DetailCostCenter,Everyone,30-10-6410-2104,TransformOneToOne,Advertisment,MWU72400,false,
US,UD3_Chempax_MAFCO,UD3_Chempax,U3,DetailCostCenter,Everyone,30-10-6410-2105,TransformOneToOne,Advertisment,MWU72400,false,
US,UD3_Chempax_MAFCO,UD3_Chempax,U3,DetailCostCenter,Everyone,30-10-6410-2106,TransformOneToOne,Advertisment,MWU72400,false,
US,UD3_Chempax_MAFCO,UD3_Chempax,U3,DetailCostCenter,Everyone,30-10-6410-2109,TransformOneToOne,Advertisment,MWU72400,false,
US,UD3_Chempax_MAFCO,UD3_Chempax,U3,DetailCostCenter,Everyone,30-10-6410-2115,TransformOneToOne,Advertisment,MWU72400,false,
US,UD3_Chempax_MAFCO,UD3_Chempax,U3,DetailCostCenter,Everyone,30-10-6410-2117,TransformOneToOne,Advertisment,MWU72400,false,
US,UD3_Chempax_MAFCO,UD3_Chempax,U3,DetailCostCenter,Everyone,30-10-6410-2118,TransformOneToOne,Advertisment,MWU72400,false,
US,UD3_Chempax_MAFCO,UD3_Chempax,U3,DetailCostCenter,Everyone,30-10-6410-2121,TransformOneToOne,Advertisment,MWU72400,false,
US,UD3_Chempax_MAFCO,UD3_Chempax,U3,DetailCostCenter,Everyone,30-10-6410-2122,TransformOneToOne,Advertisment,MWU72400,false,
US,UD3_Chempax_MAFCO,UD3_Chempax,U3,DetailCostCenter,Everyone,30-10-6410-2124,TransformOneToOne,Advertisment,MWU72400,false,
US,UD3_Chempax_MAFCO,UD3_Chempax,U3,DetailCostCenter,Everyone,30-10-6410-2127,TransformOneToOne,Advertisment,MWU72400,false,
US,UD3_Chempax_MAFCO,UD3_Chempax,U3,DetailCostCenter,Everyone,30-10-6410-2128,TransformOneToOne,Advertisment,MWU72400,false,
US,UD3_Chempax_MAFCO,UD3_Chempax,U3,DetailCostCenter,Everyone,30-10-6410-2200,TransformOneToOne,Advertisment,MWU72400,false,
US,UD3_Chempax_MAFCO,UD3_Chempax,U3,DetailCostCenter,Everyone,30-10-6410-2201,TransformOneToOne,Advertisment,MWU72400,false,
US,UD3_Chempax_MAFCO,UD3_Chempax,U3,DetailCostCenter,Everyone,30-10-6410-5091,TransformOneToOne,Advertisment,MWU73545,false,
US,UD3_Chempax_MAFCO,UD3_Chempax,U3,DetailCostCenter,Everyone,30-10-6410-5094,TransformOneToOne,Advertisment,MWU72400,false,
US,UD3_Chempax_MAFCO,UD3_Chempax,U3,DetailCostCenter,Everyone,30-10-6410-5130,TransformOneToOne,Advertisment,MWU72400,false,
US,UD3_Chempax_MAFCO,UD3_Chempax,U3,DetailCostCenter,Everyone,30-10-6410-5506,TransformOneToOne,Advertisment,MWU72400,false,
US,UD3_Chempax_MAFCO,UD3_Chempax,U3,DetailCostCenter,Everyone,30-10-6420-2040,TransformOneToOne,Guard Svc,MWU66121,false,
US,UD3_Chempax_MAFCO,UD3_Chempax,U3,DetailCostCenter,Everyone,30-10-6420-2050,TransformOneToOne,Guard Svc,MWU63601,false,
US,UD3_Chempax_MAFCO,UD3_Chempax,U3,DetailCostCenter,Everyone,30-10-6420-2055,TransformOneToOne,Guard Svc,MWU63601,false,
US,UD3_Chempax_MAFCO,UD3_Chempax,U3,DetailCostCenter,Everyone,30-10-6420-2058,TransformOneToOne,Guard Svc,MWU63601,false,
US,UD3_Chempax_MAFCO,UD3_Chempax,U3,DetailCostCenter,Everyone,30-10-6420-2059,TransformOneToOne,Guard Svc,MWU63601,false,
US,UD3_Chempax_MAFCO,UD3_Chempax,U3,DetailCostCenter,Everyone,30-10-6420-2060,TransformOneToOne,Guard Svc,MWU62000,false,
US,UD3_Chempax_MAFCO,UD3_Chempax,U3,DetailCostCenter,Everyone,30-10-6420-2061,TransformOneToOne,Guard Svc,MWU63601,false,
US,UD3_Chempax_MAFCO,UD3_Chempax,U3,DetailCostCenter,Everyone,30-10-6420-2062,TransformOneToOne,Guard Svc,MWU63601,false,
US,UD3_Chempax_MAFCO,UD3_Chempax,U3,DetailCostCenter,Everyone,30-10-6420-2063,TransformOneToOne,Guard Svc,MWU63601,false,
US,UD3_Chempax_MAFCO,UD3_Chempax,U3,DetailCostCenter,Everyone,30-10-6420-2088,TransformOneToOne,Guard Svc,MWU63601,false,
US,UD3_Chempax_MAFCO,UD3_Chempax,U3,DetailCostCenter,Everyone,30-10-6420-2101,TransformOneToOne,Guard Svc,MWU63601,false,
US,UD3_Chempax_MAFCO,UD3_Chempax,U3,DetailCostCenter,Everyone,30-10-6420-2102,TransformOneToOne,Guard Svc,MWU63601,false,
US,UD3_Chempax_MAFCO,UD3_Chempax,U3,DetailCostCenter,Everyone,30-10-6420-2103,TransformOneToOne,Guard Svc,MWU63601,false,
US,UD3_Chempax_MAFCO,UD3_Chempax,U3,DetailCostCenter,Everyone,30-10-6420-2104,TransformOneToOne,Guard Svc,MWU63601,false,
US,UD3_Chempax_MAFCO,UD3_Chempax,U3,DetailCostCenter,Everyone,30-10-6420-2105,TransformOneToOne,Guard Svc,MWU63601,false,
US,UD3_Chempax_MAFCO,UD3_Chempax,U3,DetailCostCenter,Everyone,30-10-6420-2106,TransformOneToOne,Guard Svc,MWU63601,false,
US,UD3_Chempax_MAFCO,UD3_Chempax,U3,DetailCostCenter,Everyone,30-10-6420-2109,TransformOneToOne,Guard Svc,MWU63601,false,
US,UD3_Chempax_MAFCO,UD3_Chempax,U3,DetailCostCenter,Everyone,30-10-6420-2115,TransformOneToOne,Guard Svc,MWU63601,false,
US,UD3_Chempax_MAFCO,UD3_Chempax,U3,DetailCostCenter,Everyone,30-10-6420-2117,TransformOneToOne,Guard Svc,MWU63601,false,
US,UD3_Chempax_MAFCO,UD3_Chempax,U3,DetailCostCenter,Everyone,30-10-6420-2118,TransformOneToOne,Guard Svc,MWU63601,false,
US,UD3_Chempax_MAFCO,UD3_Chempax,U3,DetailCostCenter,Everyone,30-10-6420-2121,TransformOneToOne,Guard Svc,MWU63601,false,
US,UD3_Chempax_MAFCO,UD3_Chempax,U3,DetailCostCenter,Everyone,30-10-6420-2122,TransformOneToOne,Guard Svc,MWU63601,false,
US,UD3_Chempax_MAFCO,UD3_Chempax,U3,DetailCostCenter,Everyone,30-10-6420-2124,TransformOneToOne,Guard Svc,MWU63601,false,
US,UD3_Chempax_MAFCO,UD3_Chempax,U3,DetailCostCenter,Everyone,30-10-6420-2127,TransformOneToOne,Guard Svc,MWU63601,false,
US,UD3_Chempax_MAFCO,UD3_Chempax,U3,DetailCostCenter,Everyone,30-10-6420-2128,TransformOneToOne,Guard Svc,MWU63601,false,
US,UD3_Chempax_MAFCO,UD3_Chempax,U3,DetailCostCenter,Everyone,30-10-6420-2200,TransformOneToOne,Guard Svc,MWU63601,false,
US,UD3_Chempax_MAFCO,UD3_Chempax,U3,DetailCostCenter,Everyone,30-10-6420-2201,TransformOneToOne,Guard Svc,MWU63601,false,
US,UD3_Chempax_MAFCO,UD3_Chempax,U3,DetailCostCenter,Everyone,30-10-6420-5091,TransformOneToOne,Guard Svc,MWU73545,false,
US,UD3_Chempax_MAFCO,UD3_Chempax,U3,DetailCostCenter,Everyone,30-10-6420-5094,TransformOneToOne,Guard Svc,MWU73550,false,
US,UD3_Chempax_MAFCO,UD3_Chempax,U3,DetailCostCenter,Everyone,30-10-6420-5130,TransformOneToOne,Guard Svc,MWU72055,false,
US,UD3_Chempax_MAFCO,UD3_Chempax,U3,DetailCostCenter,Everyone,30-10-6430-2040,TransformOneToOne,Travel,MWU66121,false,
US,UD3_Chempax_MAFCO,UD3_Chempax,U3,DetailCostCenter,Everyone,30-10-6430-2050,TransformOneToOne,Travel,MWU63601,false,
US,UD3_Chempax_MAFCO,UD3_Chempax,U3,DetailCostCenter,Everyone,30-10-6430-2055,TransformOneToOne,Travel,MWU63601,false,
US,UD3_Chempax_MAFCO,UD3_Chempax,U3,DetailCostCenter,Everyone,30-10-6430-2058,TransformOneToOne,Travel,MWU63601,false,
US,UD3_Chempax_MAFCO,UD3_Chempax,U3,DetailCostCenter,Everyone,30-10-6430-2059,TransformOneToOne,Travel,MWU63601,false,
US,UD3_Chempax_MAFCO,UD3_Chempax,U3,DetailCostCenter,Everyone,30-10-6430-2060,TransformOneToOne,Travel,MWU62000,false,
US,UD3_Chempax_MAFCO,UD3_Chempax,U3,DetailCostCenter,Everyone,30-10-6430-2061,TransformOneToOne,Travel,MWU63601,false,
US,UD3_Chempax_MAFCO,UD3_Chempax,U3,DetailCostCenter,Everyone,30-10-6430-2062,TransformOneToOne,Travel,MWU63601,false,
US,UD3_Chempax_MAFCO,UD3_Chempax,U3,DetailCostCenter,Everyone,30-10-6430-2063,TransformOneToOne,Travel,MWU63601,false,
US,UD3_Chempax_MAFCO,UD3_Chempax,U3,DetailCostCenter,Everyone,30-10-6430-2088,TransformOneToOne,Travel,MWU63601,false,
US,UD3_Chempax_MAFCO,UD3_Chempax,U3,DetailCostCenter,Everyone,30-10-6430-2101,TransformOneToOne,Travel,MWU63601,false,
US,UD3_Chempax_MAFCO,UD3_Chempax,U3,DetailCostCenter,Everyone,30-10-6430-2102,TransformOneToOne,Travel,MWU63601,false,
US,UD3_Chempax_MAFCO,UD3_Chempax,U3,DetailCostCenter,Everyone,30-10-6430-2103,TransformOneToOne,Travel,MWU63601,false,
US,UD3_Chempax_MAFCO,UD3_Chempax,U3,DetailCostCenter,Everyone,30-10-6430-2104,TransformOneToOne,Travel,MWU63601,false,
US,UD3_Chempax_MAFCO,UD3_Chempax,U3,DetailCostCenter,Everyone,30-10-6430-2105,TransformOneToOne,Travel,MWU63601,false,
US,UD3_Chempax_MAFCO,UD3_Chempax,U3,DetailCostCenter,Everyone,30-10-6430-2106,TransformOneToOne,Travel,MWU63601,false,
US,UD3_Chempax_MAFCO,UD3_Chempax,U3,DetailCostCenter,Everyone,30-10-6430-2109,TransformOneToOne,Travel,MWU63601,false,
US,UD3_Chempax_MAFCO,UD3_Chempax,U3,DetailCostCenter,Everyone,30-10-6430-2115,TransformOneToOne,Travel,MWU63601,false,
US,UD3_Chempax_MAFCO,UD3_Chempax,U3,DetailCostCenter,Everyone,30-10-6430-2117,TransformOneToOne,Travel,MWU63601,false,
US,UD3_Chempax_MAFCO,UD3_Chempax,U3,DetailCostCenter,Everyone,30-10-6430-2118,TransformOneToOne,Travel,MWU63601,false,
US,UD3_Chempax_MAFCO,UD3_Chempax,U3,DetailCostCenter,Everyone,30-10-6430-2121,TransformOneToOne,Travel,MWU63601,false,
US,UD3_Chempax_MAFCO,UD3_Chempax,U3,DetailCostCenter,Everyone,30-10-6430-2122,TransformOneToOne,Travel,MWU63601,false,
US,UD3_Chempax_MAFCO,UD3_Chempax,U3,DetailCostCenter,Everyone,30-10-6430-2124,TransformOneToOne,Travel,MWU63601,false,
US,UD3_Chempax_MAFCO,UD3_Chempax,U3,DetailCostCenter,Everyone,30-10-6430-2126,TransformOneToOne,Travel,MWU63601,false,
US,UD3_Chempax_MAFCO,UD3_Chempax,U3,DetailCostCenter,Everyone,30-10-6430-2127,TransformOneToOne,Travel,MWU63601,false,
US,UD3_Chempax_MAFCO,UD3_Chempax,U3,DetailCostCenter,Everyone,30-10-6430-2128,TransformOneToOne,Travel,MWU63601,false,
US,UD3_Chempax_MAFCO,UD3_Chempax,U3,DetailCostCenter,Everyone,30-10-6430-2200,TransformOneToOne,Travel,MWU63601,false,
US,UD3_Chempax_MAFCO,UD3_Chempax,U3,DetailCostCenter,Everyone,30-10-6430-2201,TransformOneToOne,Travel,MWU63601,false,
US,UD3_Chempax_MAFCO,UD3_Chempax,U3,DetailCostCenter,Everyone,30-10-6430-5001,TransformOneToOne,Travel,MWU73900,false,
US,UD3_Chempax_MAFCO,UD3_Chempax,U3,DetailCostCenter,Everyone,30-10-6430-5002,TransformOneToOne,Travel,MWU73710,false,
US,UD3_Chempax_MAFCO,UD3_Chempax,U3,DetailCostCenter,Everyone,30-10-6430-5003,TransformOneToOne,Travel,MWU73800,false,
US,UD3_Chempax_MAFCO,UD3_Chempax,U3,DetailCostCenter,Everyone,30-10-6430-5004,TransformOneToOne,Travel,MWU73550,false,
US,UD3_Chempax_MAFCO,UD3_Chempax,U3,DetailCostCenter,Everyone,30-10-6430-5005,TransformOneToOne,Travel,MWU74100,false,
US,UD3_Chempax_MAFCO,UD3_Chempax,U3,DetailCostCenter,Everyone,30-10-6430-5006,TransformOneToOne,Travel,MWU74700,false,
US,UD3_Chempax_MAFCO,UD3_Chempax,U3,DetailCostCenter,Everyone,30-10-6430-5007,TransformOneToOne,Travel,MEF73545,false,
US,UD3_Chempax_MAFCO,UD3_Chempax,U3,DetailCostCenter,Everyone,30-10-6430-5091,TransformOneToOne,Travel,MWU73545,false,
US,UD3_Chempax_MAFCO,UD3_Chempax,U3,DetailCostCenter,Everyone,30-10-6430-5094,TransformOneToOne,Travel,MWU73550,false,
US,UD3_Chempax_MAFCO,UD3_Chempax,U3,DetailCostCenter,Everyone,30-10-6430-5130,TransformOneToOne,Travel,MWU72055,false,
US,UD3_Chempax_MAFCO,UD3_Chempax,U3,DetailCostCenter,Everyone,30-10-6435-5130,TransformOneToOne,Moving exp for emplo,MWU72055,false,
US,UD3_Chempax_MAFCO,UD3_Chempax,U3,DetailCostCenter,Everyone,30-10-6440-2040,TransformOneToOne,Stationery Supply,MWU66121,false,
US,UD3_Chempax_MAFCO,UD3_Chempax,U3,DetailCostCenter,Everyone,30-10-6440-2050,TransformOneToOne,Stationery Supply,MWU63601,false,
US,UD3_Chempax_MAFCO,UD3_Chempax,U3,DetailCostCenter,Everyone,30-10-6440-2055,TransformOneToOne,Stationery Supply,MWU63601,false,
US,UD3_Chempax_MAFCO,UD3_Chempax,U3,DetailCostCenter,Everyone,30-10-6440-2058,TransformOneToOne,Stationery Supply,MWU63601,false,
US,UD3_Chempax_MAFCO,UD3_Chempax,U3,DetailCostCenter,Everyone,30-10-6440-2059,TransformOneToOne,Stationery Supply,MWU63601,false,
US,UD3_Chempax_MAFCO,UD3_Chempax,U3,DetailCostCenter,Everyone,30-10-6440-2060,TransformOneToOne,Stationery Supply,MWU62000,false,
US,UD3_Chempax_MAFCO,UD3_Chempax,U3,DetailCostCenter,Everyone,30-10-6440-2061,TransformOneToOne,Stationery Supply,MWU63601,false,
US,UD3_Chempax_MAFCO,UD3_Chempax,U3,DetailCostCenter,Everyone,30-10-6440-2062,TransformOneToOne,Stationery Supply,MWU63601,false,
US,UD3_Chempax_MAFCO,UD3_Chempax,U3,DetailCostCenter,Everyone,30-10-6440-2063,TransformOneToOne,Stationery Supply,MWU63601,false,
US,UD3_Chempax_MAFCO,UD3_Chempax,U3,DetailCostCenter,Everyone,30-10-6440-2088,TransformOneToOne,Stationery Supply,MWU63601,false,
US,UD3_Chempax_MAFCO,UD3_Chempax,U3,DetailCostCenter,Everyone,30-10-6440-2101,TransformOneToOne,Stationery Supply,MWU63601,false,
US,UD3_Chempax_MAFCO,UD3_Chempax,U3,DetailCostCenter,Everyone,30-10-6440-2102,TransformOneToOne,Stationery Supply,MWU63601,false,
US,UD3_Chempax_MAFCO,UD3_Chempax,U3,DetailCostCenter,Everyone,30-10-6440-2103,TransformOneToOne,Stationery Supply,MWU63601,false,
US,UD3_Chempax_MAFCO,UD3_Chempax,U3,DetailCostCenter,Everyone,30-10-6440-2104,TransformOneToOne,Stationery Supply,MWU63601,false,
US,UD3_Chempax_MAFCO,UD3_Chempax,U3,DetailCostCenter,Everyone,30-10-6440-2105,TransformOneToOne,Stationery Supply,MWU63601,false,
US,UD3_Chempax_MAFCO,UD3_Chempax,U3,DetailCostCenter,Everyone,30-10-6440-2106,TransformOneToOne,Stationery Supply,MWU63601,false,
US,UD3_Chempax_MAFCO,UD3_Chempax,U3,DetailCostCenter,Everyone,30-10-6440-2109,TransformOneToOne,Stationery Supply,MWU63601,false,
US,UD3_Chempax_MAFCO,UD3_Chempax,U3,DetailCostCenter,Everyone,30-10-6440-2115,TransformOneToOne,Stationery Supply,MWU63601,false,
US,UD3_Chempax_MAFCO,UD3_Chempax,U3,DetailCostCenter,Everyone,30-10-6440-2117,TransformOneToOne,Stationery Supply,MWU63601,false,
US,UD3_Chempax_MAFCO,UD3_Chempax,U3,DetailCostCenter,Everyone,30-10-6440-2118,TransformOneToOne,Stationery Supply,MWU63601,false,
US,UD3_Chempax_MAFCO,UD3_Chempax,U3,DetailCostCenter,Everyone,30-10-6440-2121,TransformOneToOne,Stationery Supply,MWU63601,false,
US,UD3_Chempax_MAFCO,UD3_Chempax,U3,DetailCostCenter,Everyone,30-10-6440-2122,TransformOneToOne,Stationery Supply,MWU63601,false,
US,UD3_Chempax_MAFCO,UD3_Chempax,U3,DetailCostCenter,Everyone,30-10-6440-2124,TransformOneToOne,Stationery Supply,MWU63601,false,
US,UD3_Chempax_MAFCO,UD3_Chempax,U3,DetailCostCenter,Everyone,30-10-6440-2126,TransformOneToOne,Stationery Supply,MWU63601,false,
US,UD3_Chempax_MAFCO,UD3_Chempax,U3,DetailCostCenter,Everyone,30-10-6440-2127,TransformOneToOne,Stationery Supply,MWU63601,false,
US,UD3_Chempax_MAFCO,UD3_Chempax,U3,DetailCostCenter,Everyone,30-10-6440-2128,TransformOneToOne,Stationery Supply,MWU63601,false,
US,UD3_Chempax_MAFCO,UD3_Chempax,U3,DetailCostCenter,Everyone,30-10-6440-2200,TransformOneToOne,Stationery Supply,MWU63601,false,
US,UD3_Chempax_MAFCO,UD3_Chempax,U3,DetailCostCenter,Everyone,30-10-6440-2201,TransformOneToOne,Stationery Supply,MWU63601,false,
US,UD3_Chempax_MAFCO,UD3_Chempax,U3,DetailCostCenter,Everyone,30-10-6440-5001,TransformOneToOne,Stationery Supply,MWU73900,false,
US,UD3_Chempax_MAFCO,UD3_Chempax,U3,DetailCostCenter,Everyone,30-10-6440-5002,TransformOneToOne,Stationery Supply,MWU73710,false,
US,UD3_Chempax_MAFCO,UD3_Chempax,U3,DetailCostCenter,Everyone,30-10-6440-5003,TransformOneToOne,Stationery Supply,MWU73800,false,
US,UD3_Chempax_MAFCO,UD3_Chempax,U3,DetailCostCenter,Everyone,30-10-6440-5004,TransformOneToOne,Stationery Supply,MWU73550,false,
US,UD3_Chempax_MAFCO,UD3_Chempax,U3,DetailCostCenter,Everyone,30-10-6440-5005,TransformOneToOne,Stationery Supply,MWU74100,false,
US,UD3_Chempax_MAFCO,UD3_Chempax,U3,DetailCostCenter,Everyone,30-10-6440-5006,TransformOneToOne,Stationery Supply,MWU74700,false,
US,UD3_Chempax_MAFCO,UD3_Chempax,U3,DetailCostCenter,Everyone,30-10-6440-5007,TransformOneToOne,Stationery Supply,MWU73545,false,
US,UD3_Chempax_MAFCO,UD3_Chempax,U3,DetailCostCenter,Everyone,30-10-6440-5091,TransformOneToOne,Stationery Supply,MWU73545,false,
US,UD3_Chempax_MAFCO,UD3_Chempax,U3,DetailCostCenter,Everyone,30-10-6440-5094,TransformOneToOne,Stationery Supply,MWU73550,false,
US,UD3_Chempax_MAFCO,UD3_Chempax,U3,DetailCostCenter,Everyone,30-10-6440-5130,TransformOneToOne,Stationery Supply,MWU72055,false,
US,UD3_Chempax_MAFCO,UD3_Chempax,U3,DetailCostCenter,Everyone,30-10-6450-2040,TransformOneToOne,Commission Inc,MWU66121,false,
US,UD3_Chempax_MAFCO,UD3_Chempax,U3,DetailCostCenter,Everyone,30-10-6450-2050,TransformOneToOne,Commission Inc,MWU63601,false,
US,UD3_Chempax_MAFCO,UD3_Chempax,U3,DetailCostCenter,Everyone,30-10-6450-2055,TransformOneToOne,Commission Inc,MWU63601,false,
US,UD3_Chempax_MAFCO,UD3_Chempax,U3,DetailCostCenter,Everyone,30-10-6450-2058,TransformOneToOne,Commission Inc,MWU63601,false,
US,UD3_Chempax_MAFCO,UD3_Chempax,U3,DetailCostCenter,Everyone,30-10-6450-2059,TransformOneToOne,Commission Inc,MWU63601,false,
US,UD3_Chempax_MAFCO,UD3_Chempax,U3,DetailCostCenter,Everyone,30-10-6450-2060,TransformOneToOne,Commission Inc,MWU62000,false,
US,UD3_Chempax_MAFCO,UD3_Chempax,U3,DetailCostCenter,Everyone,30-10-6450-2061,TransformOneToOne,Commission Inc,MWU63601,false,
US,UD3_Chempax_MAFCO,UD3_Chempax,U3,DetailCostCenter,Everyone,30-10-6450-2062,TransformOneToOne,Commission Inc,MWU63601,false,
US,UD3_Chempax_MAFCO,UD3_Chempax,U3,DetailCostCenter,Everyone,30-10-6450-2063,TransformOneToOne,Commission Inc,MWU63601,false,
US,UD3_Chempax_MAFCO,UD3_Chempax,U3,DetailCostCenter,Everyone,30-10-6450-2088,TransformOneToOne,Commission Inc,MWU63601,false,
US,UD3_Chempax_MAFCO,UD3_Chempax,U3,DetailCostCenter,Everyone,30-10-6450-2101,TransformOneToOne,Commission Inc,MWU63601,false,
US,UD3_Chempax_MAFCO,UD3_Chempax,U3,DetailCostCenter,Everyone,30-10-6450-2102,TransformOneToOne,Commission Inc,MWU63601,false,
US,UD3_Chempax_MAFCO,UD3_Chempax,U3,DetailCostCenter,Everyone,30-10-6450-2103,TransformOneToOne,Commission Inc,MWU63601,false,
US,UD3_Chempax_MAFCO,UD3_Chempax,U3,DetailCostCenter,Everyone,30-10-6450-2104,TransformOneToOne,Commission Inc,MWU63601,false,
US,UD3_Chempax_MAFCO,UD3_Chempax,U3,DetailCostCenter,Everyone,30-10-6450-2105,TransformOneToOne,Commission Inc,MWU63601,false,
US,UD3_Chempax_MAFCO,UD3_Chempax,U3,DetailCostCenter,Everyone,30-10-6450-2106,TransformOneToOne,Commission Inc,MWU63601,false,
US,UD3_Chempax_MAFCO,UD3_Chempax,U3,DetailCostCenter,Everyone,30-10-6450-2109,TransformOneToOne,Commission Inc,MWU63601,false,
US,UD3_Chempax_MAFCO,UD3_Chempax,U3,DetailCostCenter,Everyone,30-10-6450-2115,TransformOneToOne,Commission Inc,MWU63601,false,
US,UD3_Chempax_MAFCO,UD3_Chempax,U3,DetailCostCenter,Everyone,30-10-6450-2117,TransformOneToOne,Commission Inc,MWU63601,false,
US,UD3_Chempax_MAFCO,UD3_Chempax,U3,DetailCostCenter,Everyone,30-10-6450-2118,TransformOneToOne,Commission Inc,MWU63601,false,
US,UD3_Chempax_MAFCO,UD3_Chempax,U3,DetailCostCenter,Everyone,30-10-6450-2121,TransformOneToOne,Commission Inc,MWU63601,false,
US,UD3_Chempax_MAFCO,UD3_Chempax,U3,DetailCostCenter,Everyone,30-10-6450-2122,TransformOneToOne,Commission Inc,MWU63601,false,
US,UD3_Chempax_MAFCO,UD3_Chempax,U3,DetailCostCenter,Everyone,30-10-6450-2124,TransformOneToOne,Commission Inc,MWU63601,false,
US,UD3_Chempax_MAFCO,UD3_Chempax,U3,DetailCostCenter,Everyone,30-10-6450-2127,TransformOneToOne,Commission Inc,MWU63601,false,
US,UD3_Chempax_MAFCO,UD3_Chempax,U3,DetailCostCenter,Everyone,30-10-6450-2128,TransformOneToOne,Commission Inc,MWU63601,false,
US,UD3_Chempax_MAFCO,UD3_Chempax,U3,DetailCostCenter,Everyone,30-10-6450-2200,TransformOneToOne,Commission Inc,MWU63601,false,
US,UD3_Chempax_MAFCO,UD3_Chempax,U3,DetailCostCenter,Everyone,30-10-6450-2201,TransformOneToOne,Commission Inc,MWU63601,false,
US,UD3_Chempax_MAFCO,UD3_Chempax,U3,DetailCostCenter,Everyone,30-10-6450-5091,TransformOneToOne,Commission Inc,MWU73545,false,
US,UD3_Chempax_MAFCO,UD3_Chempax,U3,DetailCostCenter,Everyone,30-10-6450-5094,TransformOneToOne,Commission Inc,MWU73550,false,
US,UD3_Chempax_MAFCO,UD3_Chempax,U3,DetailCostCenter,Everyone,30-10-6450-5130,TransformOneToOne,Commission Inc,MWU72055,false,
US,UD3_Chempax_MAFCO,UD3_Chempax,U3,DetailCostCenter,Everyone,30-10-6460-2040,TransformOneToOne,Communication,MWU66121,false,
US,UD3_Chempax_MAFCO,UD3_Chempax,U3,DetailCostCenter,Everyone,30-10-6460-2050,TransformOneToOne,Communication,MWU63601,false,
US,UD3_Chempax_MAFCO,UD3_Chempax,U3,DetailCostCenter,Everyone,30-10-6460-2055,TransformOneToOne,Communication,MWU63601,false,
US,UD3_Chempax_MAFCO,UD3_Chempax,U3,DetailCostCenter,Everyone,30-10-6460-2058,TransformOneToOne,Communication,MWU63601,false,
US,UD3_Chempax_MAFCO,UD3_Chempax,U3,DetailCostCenter,Everyone,30-10-6460-2059,TransformOneToOne,Communication,MWU63601,false,
US,UD3_Chempax_MAFCO,UD3_Chempax,U3,DetailCostCenter,Everyone,30-10-6460-2060,TransformOneToOne,Communication,MWU62000,false,
US,UD3_Chempax_MAFCO,UD3_Chempax,U3,DetailCostCenter,Everyone,30-10-6460-2061,TransformOneToOne,Communication,MWU63601,false,
US,UD3_Chempax_MAFCO,UD3_Chempax,U3,DetailCostCenter,Everyone,30-10-6460-2062,TransformOneToOne,Communication,MWU63601,false,
US,UD3_Chempax_MAFCO,UD3_Chempax,U3,DetailCostCenter,Everyone,30-10-6460-2063,TransformOneToOne,Communication,MWU63601,false,
US,UD3_Chempax_MAFCO,UD3_Chempax,U3,DetailCostCenter,Everyone,30-10-6460-2088,TransformOneToOne,Communication,MWU63601,false,
US,UD3_Chempax_MAFCO,UD3_Chempax,U3,DetailCostCenter,Everyone,30-10-6460-2101,TransformOneToOne,Communication,MWU63601,false,
US,UD3_Chempax_MAFCO,UD3_Chempax,U3,DetailCostCenter,Everyone,30-10-6460-2102,TransformOneToOne,Communication,MWU63601,false,
US,UD3_Chempax_MAFCO,UD3_Chempax,U3,DetailCostCenter,Everyone,30-10-6460-2103,TransformOneToOne,Communication,MWU63601,false,
US,UD3_Chempax_MAFCO,UD3_Chempax,U3,DetailCostCenter,Everyone,30-10-6460-2104,TransformOneToOne,Communication,MWU63601,false,
US,UD3_Chempax_MAFCO,UD3_Chempax,U3,DetailCostCenter,Everyone,30-10-6460-2105,TransformOneToOne,Communication,MWU63601,false,
US,UD3_Chempax_MAFCO,UD3_Chempax,U3,DetailCostCenter,Everyone,30-10-6460-2106,TransformOneToOne,Communication,MWU63601,false,
US,UD3_Chempax_MAFCO,UD3_Chempax,U3,DetailCostCenter,Everyone,30-10-6460-2109,TransformOneToOne,Communication,MWU63601,false,
US,UD3_Chempax_MAFCO,UD3_Chempax,U3,DetailCostCenter,Everyone,30-10-6460-2115,TransformOneToOne,Communication,MWU63601,false,
US,UD3_Chempax_MAFCO,UD3_Chempax,U3,DetailCostCenter,Everyone,30-10-6460-2117,TransformOneToOne,Communication,MWU63601,false,
US,UD3_Chempax_MAFCO,UD3_Chempax,U3,DetailCostCenter,Everyone,30-10-6460-2118,TransformOneToOne,Communication,MWU63601,false,
US,UD3_Chempax_MAFCO,UD3_Chempax,U3,DetailCostCenter,Everyone,30-10-6460-2121,TransformOneToOne,Communication,MWU63601,false,
US,UD3_Chempax_MAFCO,UD3_Chempax,U3,DetailCostCenter,Everyone,30-10-6460-2122,TransformOneToOne,Communication,MWU63601,false,
US,UD3_Chempax_MAFCO,UD3_Chempax,U3,DetailCostCenter,Everyone,30-10-6460-2124,TransformOneToOne,Communication,MWU63601,false,
US,UD3_Chempax_MAFCO,UD3_Chempax,U3,DetailCostCenter,Everyone,30-10-6460-2126,TransformOneToOne,Communication,MWU63601,false,
US,UD3_Chempax_MAFCO,UD3_Chempax,U3,DetailCostCenter,Everyone,30-10-6460-2127,TransformOneToOne,Communication,MWU63601,false,
US,UD3_Chempax_MAFCO,UD3_Chempax,U3,DetailCostCenter,Everyone,30-10-6460-2128,TransformOneToOne,Communication,MWU63601,false,
US,UD3_Chempax_MAFCO,UD3_Chempax,U3,DetailCostCenter,Everyone,30-10-6460-2200,TransformOneToOne,Communication,MWU63601,false,
US,UD3_Chempax_MAFCO,UD3_Chempax,U3,DetailCostCenter,Everyone,30-10-6460-2201,TransformOneToOne,Communication,MWU63601,false,
US,UD3_Chempax_MAFCO,UD3_Chempax,U3,DetailCostCenter,Everyone,30-10-6460-5001,TransformOneToOne,Communication,MWU73900,false,
US,UD3_Chempax_MAFCO,UD3_Chempax,U3,DetailCostCenter,Everyone,30-10-6460-5002,TransformOneToOne,Communication,MWU73710,false,
US,UD3_Chempax_MAFCO,UD3_Chempax,U3,DetailCostCenter,Everyone,30-10-6460-5004,TransformOneToOne,Communication,MWU73550,false,
US,UD3_Chempax_MAFCO,UD3_Chempax,U3,DetailCostCenter,Everyone,30-10-6460-5005,TransformOneToOne,Communication,MWU74100,false,
US,UD3_Chempax_MAFCO,UD3_Chempax,U3,DetailCostCenter,Everyone,30-10-6460-5006,TransformOneToOne,Communication,MWU74700,false,
US,UD3_Chempax_MAFCO,UD3_Chempax,U3,DetailCostCenter,Everyone,30-10-6460-5007,TransformOneToOne,Communication,MWU73545,false,
US,UD3_Chempax_MAFCO,UD3_Chempax,U3,DetailCostCenter,Everyone,30-10-6460-5091,TransformOneToOne,Communication,MWU73545,false,
US,UD3_Chempax_MAFCO,UD3_Chempax,U3,DetailCostCenter,Everyone,30-10-6460-5094,TransformOneToOne,Communication,MWU73550,false,
US,UD3_Chempax_MAFCO,UD3_Chempax,U3,DetailCostCenter,Everyone,30-10-6460-5130,TransformOneToOne,Communication,MWU72055,false,
US,UD3_Chempax_MAFCO,UD3_Chempax,U3,DetailCostCenter,Everyone,30-10-6470-2040,TransformOneToOne,Commission Exp,MWU66121,false,
US,UD3_Chempax_MAFCO,UD3_Chempax,U3,DetailCostCenter,Everyone,30-10-6470-2050,TransformOneToOne,Commission Exp,MWU63601,false,
US,UD3_Chempax_MAFCO,UD3_Chempax,U3,DetailCostCenter,Everyone,30-10-6470-2055,TransformOneToOne,Commission Exp,MWU63601,false,
US,UD3_Chempax_MAFCO,UD3_Chempax,U3,DetailCostCenter,Everyone,30-10-6470-2058,TransformOneToOne,Commission Exp,MWU63601,false,
US,UD3_Chempax_MAFCO,UD3_Chempax,U3,DetailCostCenter,Everyone,30-10-6470-2059,TransformOneToOne,Commission Exp,MWU63601,false,
US,UD3_Chempax_MAFCO,UD3_Chempax,U3,DetailCostCenter,Everyone,30-10-6470-2060,TransformOneToOne,Commission Exp,MWU62000,false,
US,UD3_Chempax_MAFCO,UD3_Chempax,U3,DetailCostCenter,Everyone,30-10-6470-2061,TransformOneToOne,Commission Exp,MWU63601,false,
US,UD3_Chempax_MAFCO,UD3_Chempax,U3,DetailCostCenter,Everyone,30-10-6470-2062,TransformOneToOne,Commission Exp,MWU63601,false,
US,UD3_Chempax_MAFCO,UD3_Chempax,U3,DetailCostCenter,Everyone,30-10-6470-2063,TransformOneToOne,Commission Exp,MWU63601,false,
US,UD3_Chempax_MAFCO,UD3_Chempax,U3,DetailCostCenter,Everyone,30-10-6470-2088,TransformOneToOne,Commission Exp,MWU63601,false,
US,UD3_Chempax_MAFCO,UD3_Chempax,U3,DetailCostCenter,Everyone,30-10-6470-2101,TransformOneToOne,Commission Exp,MWU63601,false,
US,UD3_Chempax_MAFCO,UD3_Chempax,U3,DetailCostCenter,Everyone,30-10-6470-2102,TransformOneToOne,Commission Exp,MWU63601,false,
US,UD3_Chempax_MAFCO,UD3_Chempax,U3,DetailCostCenter,Everyone,30-10-6470-2103,TransformOneToOne,Commission Exp,MWU63601,false,
US,UD3_Chempax_MAFCO,UD3_Chempax,U3,DetailCostCenter,Everyone,30-10-6470-2104,TransformOneToOne,Commission Exp,MWU63601,false,
US,UD3_Chempax_MAFCO,UD3_Chempax,U3,DetailCostCenter,Everyone,30-10-6470-2105,TransformOneToOne,Commission Exp,MWU63601,false,
US,UD3_Chempax_MAFCO,UD3_Chempax,U3,DetailCostCenter,Everyone,30-10-6470-2106,TransformOneToOne,Commission Exp,MWU63601,false,
US,UD3_Chempax_MAFCO,UD3_Chempax,U3,DetailCostCenter,Everyone,30-10-6470-2109,TransformOneToOne,Commission Exp,MWU63602,false,
US,UD3_Chempax_MAFCO,UD3_Chempax,U3,DetailCostCenter,Everyone,30-10-6470-2115,TransformOneToOne,Commission Exp,MWU63601,false,
US,UD3_Chempax_MAFCO,UD3_Chempax,U3,DetailCostCenter,Everyone,30-10-6470-2117,TransformOneToOne,Commission Exp,MWU63601,false,
US,UD3_Chempax_MAFCO,UD3_Chempax,U3,DetailCostCenter,Everyone,30-10-6470-2118,TransformOneToOne,Commission Exp,MWU63601,false,
US,UD3_Chempax_MAFCO,UD3_Chempax,U3,DetailCostCenter,Everyone,30-10-6470-2121,TransformOneToOne,Commission Exp,MWU63601,false,
US,UD3_Chempax_MAFCO,UD3_Chempax,U3,DetailCostCenter,Everyone,30-10-6470-2122,TransformOneToOne,Commission Exp,MWU63601,false,
US,UD3_Chempax_MAFCO,UD3_Chempax,U3,DetailCostCenter,Everyone,30-10-6470-2124,TransformOneToOne,Commission Exp,MWU63601,false,
US,UD3_Chempax_MAFCO,UD3_Chempax,U3,DetailCostCenter,Everyone,30-10-6470-2127,TransformOneToOne,Commission Exp,MWU63601,false,
US,UD3_Chempax_MAFCO,UD3_Chempax,U3,DetailCostCenter,Everyone,30-10-6470-2128,TransformOneToOne,Commission Exp,MWU63601,false,
US,UD3_Chempax_MAFCO,UD3_Chempax,U3,DetailCostCenter,Everyone,30-10-6470-2200,TransformOneToOne,Commission Exp,MWU63601,false,
US,UD3_Chempax_MAFCO,UD3_Chempax,U3,DetailCostCenter,Everyone,30-10-6470-2201,TransformOneToOne,Commission Exp,MWU63601,false,
US,UD3_Chempax_MAFCO,UD3_Chempax,U3,DetailCostCenter,Everyone,30-10-6470-5091,TransformOneToOne,Commission Exp,MWU73545,false,
US,UD3_Chempax_MAFCO,UD3_Chempax,U3,DetailCostCenter,Everyone,30-10-6470-5094,TransformOneToOne,Commission Exp,MWU73550,false,
US,UD3_Chempax_MAFCO,UD3_Chempax,U3,DetailCostCenter,Everyone,30-10-6470-5130,TransformOneToOne,Commission Exp,MWU72055,false,
US,UD3_Chempax_MAFCO,UD3_Chempax,U3,DetailCostCenter,Everyone,30-10-6480-2040,TransformOneToOne,Dues & Subsc,MWU66121,false,
US,UD3_Chempax_MAFCO,UD3_Chempax,U3,DetailCostCenter,Everyone,30-10-6480-2050,TransformOneToOne,Dues & Subsc,MWU63601,false,
US,UD3_Chempax_MAFCO,UD3_Chempax,U3,DetailCostCenter,Everyone,30-10-6480-2055,TransformOneToOne,Dues & Subsc,MWU63601,false,
US,UD3_Chempax_MAFCO,UD3_Chempax,U3,DetailCostCenter,Everyone,30-10-6480-2058,TransformOneToOne,Dues & Subsc,MWU63601,false,
US,UD3_Chempax_MAFCO,UD3_Chempax,U3,DetailCostCenter,Everyone,30-10-6480-2059,TransformOneToOne,Dues & Subsc,MWU63601,false,
US,UD3_Chempax_MAFCO,UD3_Chempax,U3,DetailCostCenter,Everyone,30-10-6480-2060,TransformOneToOne,Dues & Subsc,MWU62000,false,
US,UD3_Chempax_MAFCO,UD3_Chempax,U3,DetailCostCenter,Everyone,30-10-6480-2061,TransformOneToOne,Dues & Subsc,MWU63601,false,
US,UD3_Chempax_MAFCO,UD3_Chempax,U3,DetailCostCenter,Everyone,30-10-6480-2062,TransformOneToOne,Dues & Subsc,MWU63601,false,
US,UD3_Chempax_MAFCO,UD3_Chempax,U3,DetailCostCenter,Everyone,30-10-6480-2063,TransformOneToOne,Dues & Subsc,MWU63601,false,
US,UD3_Chempax_MAFCO,UD3_Chempax,U3,DetailCostCenter,Everyone,30-10-6480-2088,TransformOneToOne,Dues & Subsc,MWU63601,false,
US,UD3_Chempax_MAFCO,UD3_Chempax,U3,DetailCostCenter,Everyone,30-10-6480-2101,TransformOneToOne,Dues & Subsc,MWU63601,false,
US,UD3_Chempax_MAFCO,UD3_Chempax,U3,DetailCostCenter,Everyone,30-10-6480-2102,TransformOneToOne,Dues & Subsc,MWU63601,false,
US,UD3_Chempax_MAFCO,UD3_Chempax,U3,DetailCostCenter,Everyone,30-10-6480-2103,TransformOneToOne,Dues & Subsc,MWU63601,false,
US,UD3_Chempax_MAFCO,UD3_Chempax,U3,DetailCostCenter,Everyone,30-10-6480-2104,TransformOneToOne,Dues & Subsc,MWU63601,false,
US,UD3_Chempax_MAFCO,UD3_Chempax,U3,DetailCostCenter,Everyone,30-10-6480-2105,TransformOneToOne,Dues & Subsc,MWU63601,false,
US,UD3_Chempax_MAFCO,UD3_Chempax,U3,DetailCostCenter,Everyone,30-10-6480-2106,TransformOneToOne,Dues & Subsc,MWU63601,false,
US,UD3_Chempax_MAFCO,UD3_Chempax,U3,DetailCostCenter,Everyone,30-10-6480-2109,TransformOneToOne,Dues & Subsc,MWU63602,false,
US,UD3_Chempax_MAFCO,UD3_Chempax,U3,DetailCostCenter,Everyone,30-10-6480-2115,TransformOneToOne,Dues & Subsc,MWU63601,false,
US,UD3_Chempax_MAFCO,UD3_Chempax,U3,DetailCostCenter,Everyone,30-10-6480-2117,TransformOneToOne,Dues & Subsc,MWU63601,false,
US,UD3_Chempax_MAFCO,UD3_Chempax,U3,DetailCostCenter,Everyone,30-10-6480-2118,TransformOneToOne,Dues & Subsc,MWU63601,false,
US,UD3_Chempax_MAFCO,UD3_Chempax,U3,DetailCostCenter,Everyone,30-10-6480-2121,TransformOneToOne,Dues & Subsc,MWU63601,false,
US,UD3_Chempax_MAFCO,UD3_Chempax,U3,DetailCostCenter,Everyone,30-10-6480-2122,TransformOneToOne,Dues & Subsc,MWU63601,false,
US,UD3_Chempax_MAFCO,UD3_Chempax,U3,DetailCostCenter,Everyone,30-10-6480-2124,TransformOneToOne,Dues & Subsc,MWU63601,false,
US,UD3_Chempax_MAFCO,UD3_Chempax,U3,DetailCostCenter,Everyone,30-10-6480-2126,TransformOneToOne,Dues & Subsc,MWU63601,false,
US,UD3_Chempax_MAFCO,UD3_Chempax,U3,DetailCostCenter,Everyone,30-10-6480-2127,TransformOneToOne,Dues & Subsc,MWU63601,false,
US,UD3_Chempax_MAFCO,UD3_Chempax,U3,DetailCostCenter,Everyone,30-10-6480-2128,TransformOneToOne,Dues & Subsc,MWU63601,false,
US,UD3_Chempax_MAFCO,UD3_Chempax,U3,DetailCostCenter,Everyone,30-10-6480-2200,TransformOneToOne,Dues & Subsc,MWU63601,false,
US,UD3_Chempax_MAFCO,UD3_Chempax,U3,DetailCostCenter,Everyone,30-10-6480-2201,TransformOneToOne,Dues & Subsc,MWU63601,false,
US,UD3_Chempax_MAFCO,UD3_Chempax,U3,DetailCostCenter,Everyone,30-10-6480-5001,TransformOneToOne,Dues & Subsc,MWU73900,false,
US,UD3_Chempax_MAFCO,UD3_Chempax,U3,DetailCostCenter,Everyone,30-10-6480-5002,TransformOneToOne,Dues & Subsc,MWU73710,false,
US,UD3_Chempax_MAFCO,UD3_Chempax,U3,DetailCostCenter,Everyone,30-10-6480-5003,TransformOneToOne,Dues & Subsc,MWU73800,false,
US,UD3_Chempax_MAFCO,UD3_Chempax,U3,DetailCostCenter,Everyone,30-10-6480-5004,TransformOneToOne,Dues & Subsc,MWU73550,false,
US,UD3_Chempax_MAFCO,UD3_Chempax,U3,DetailCostCenter,Everyone,30-10-6480-5005,TransformOneToOne,Dues & Subsc,MWU74100,false,
US,UD3_Chempax_MAFCO,UD3_Chempax,U3,DetailCostCenter,Everyone,30-10-6480-5006,TransformOneToOne,Dues & Subsc,MWU74700,false,
US,UD3_Chempax_MAFCO,UD3_Chempax,U3,DetailCostCenter,Everyone,30-10-6480-5091,TransformOneToOne,Dues & Subsc,MWU73545,false,
US,UD3_Chempax_MAFCO,UD3_Chempax,U3,DetailCostCenter,Everyone,30-10-6480-5094,TransformOneToOne,Dues & Subsc,MWU73550,false,
US,UD3_Chempax_MAFCO,UD3_Chempax,U3,DetailCostCenter,Everyone,30-10-6480-5109,TransformOneToOne,Dues & Subsc,MWU74102,false,
US,UD3_Chempax_MAFCO,UD3_Chempax,U3,DetailCostCenter,Everyone,30-10-6480-5130,TransformOneToOne,Dues & Subsc,MWU72055,false,
US,UD3_Chempax_MAFCO,UD3_Chempax,U3,DetailCostCenter,Everyone,30-10-6490-2040,TransformOneToOne,Shutdown,MWU66121,false,
US,UD3_Chempax_MAFCO,UD3_Chempax,U3,DetailCostCenter,Everyone,30-10-6490-2050,TransformOneToOne,Shutdown,MWU63601,false,
US,UD3_Chempax_MAFCO,UD3_Chempax,U3,DetailCostCenter,Everyone,30-10-6490-2055,TransformOneToOne,Shutdown,MWU63601,false,
US,UD3_Chempax_MAFCO,UD3_Chempax,U3,DetailCostCenter,Everyone,30-10-6490-2058,TransformOneToOne,Shutdown,MWU63601,false,
US,UD3_Chempax_MAFCO,UD3_Chempax,U3,DetailCostCenter,Everyone,30-10-6490-2059,TransformOneToOne,Shutdown,MWU63601,false,
US,UD3_Chempax_MAFCO,UD3_Chempax,U3,DetailCostCenter,Everyone,30-10-6490-2060,TransformOneToOne,Shutdown,MWU62000,false,
US,UD3_Chempax_MAFCO,UD3_Chempax,U3,DetailCostCenter,Everyone,30-10-6490-2061,TransformOneToOne,Shutdown,MWU63601,false,
US,UD3_Chempax_MAFCO,UD3_Chempax,U3,DetailCostCenter,Everyone,30-10-6490-2062,TransformOneToOne,Shutdown,MWU63601,false,
US,UD3_Chempax_MAFCO,UD3_Chempax,U3,DetailCostCenter,Everyone,30-10-6490-2063,TransformOneToOne,Shutdown,MWU63601,false,
US,UD3_Chempax_MAFCO,UD3_Chempax,U3,DetailCostCenter,Everyone,30-10-6490-2088,TransformOneToOne,Shutdown,MWU63601,false,
US,UD3_Chempax_MAFCO,UD3_Chempax,U3,DetailCostCenter,Everyone,30-10-6490-2100,TransformOneToOne,Shutdown,MWU63601,false,
US,UD3_Chempax_MAFCO,UD3_Chempax,U3,DetailCostCenter,Everyone,30-10-6490-2101,TransformOneToOne,Shutdown,MWU63601,false,
US,UD3_Chempax_MAFCO,UD3_Chempax,U3,DetailCostCenter,Everyone,30-10-6490-2102,TransformOneToOne,Shutdown,MWU63601,false,
US,UD3_Chempax_MAFCO,UD3_Chempax,U3,DetailCostCenter,Everyone,30-10-6490-2103,TransformOneToOne,Shutdown,MWU63601,false,
US,UD3_Chempax_MAFCO,UD3_Chempax,U3,DetailCostCenter,Everyone,30-10-6490-2104,TransformOneToOne,Shutdown,MWU63601,false,
US,UD3_Chempax_MAFCO,UD3_Chempax,U3,DetailCostCenter,Everyone,30-10-6490-2105,TransformOneToOne,Shutdown,MWU63601,false,
US,UD3_Chempax_MAFCO,UD3_Chempax,U3,DetailCostCenter,Everyone,30-10-6490-2106,TransformOneToOne,Shutdown,MWU63601,false,
US,UD3_Chempax_MAFCO,UD3_Chempax,U3,DetailCostCenter,Everyone,30-10-6490-2109,TransformOneToOne,Shutdown,MWU63602,false,
US,UD3_Chempax_MAFCO,UD3_Chempax,U3,DetailCostCenter,Everyone,30-10-6490-2115,TransformOneToOne,Shutdown,MWU63601,false,
US,UD3_Chempax_MAFCO,UD3_Chempax,U3,DetailCostCenter,Everyone,30-10-6490-2117,TransformOneToOne,Shutdown,MWU63601,false,
US,UD3_Chempax_MAFCO,UD3_Chempax,U3,DetailCostCenter,Everyone,30-10-6490-2118,TransformOneToOne,Shutdown,MWU63601,false,
US,UD3_Chempax_MAFCO,UD3_Chempax,U3,DetailCostCenter,Everyone,30-10-6490-2121,TransformOneToOne,Shutdown,MWU63601,false,
US,UD3_Chempax_MAFCO,UD3_Chempax,U3,DetailCostCenter,Everyone,30-10-6490-2122,TransformOneToOne,Shutdown,MWU63601,false,
US,UD3_Chempax_MAFCO,UD3_Chempax,U3,DetailCostCenter,Everyone,30-10-6490-2124,TransformOneToOne,Shutdown,MWU63601,false,
US,UD3_Chempax_MAFCO,UD3_Chempax,U3,DetailCostCenter,Everyone,30-10-6490-2127,TransformOneToOne,Shutdown,MWU63601,false,
US,UD3_Chempax_MAFCO,UD3_Chempax,U3,DetailCostCenter,Everyone,30-10-6490-2128,TransformOneToOne,Shutdown,MWU63601,false,
US,UD3_Chempax_MAFCO,UD3_Chempax,U3,DetailCostCenter,Everyone,30-10-6490-2200,TransformOneToOne,Shutdown,MWU63601,false,
US,UD3_Chempax_MAFCO,UD3_Chempax,U3,DetailCostCenter,Everyone,30-10-6490-2201,TransformOneToOne,Shutdown,MWU63601,false,
US,UD3_Chempax_MAFCO,UD3_Chempax,U3,DetailCostCenter,Everyone,30-10-6490-5091,TransformOneToOne,Shutdown,MWU73545,false,
US,UD3_Chempax_MAFCO,UD3_Chempax,U3,DetailCostCenter,Everyone,30-10-6490-5094,TransformOneToOne,Shutdown,MWU73550,false,
US,UD3_Chempax_MAFCO,UD3_Chempax,U3,DetailCostCenter,Everyone,30-10-6490-5130,TransformOneToOne,Shutdown,MWU72055,false,
US,UD3_Chempax_MAFCO,UD3_Chempax,U3,DetailCostCenter,Everyone,30-10-6500-2040,TransformOneToOne,Contribution Exp,MWU66121,false,
US,UD3_Chempax_MAFCO,UD3_Chempax,U3,DetailCostCenter,Everyone,30-10-6500-2050,TransformOneToOne,Contribution Exp,MWU63601,false,
US,UD3_Chempax_MAFCO,UD3_Chempax,U3,DetailCostCenter,Everyone,30-10-6500-2055,TransformOneToOne,Contribution Exp,MWU63601,false,
US,UD3_Chempax_MAFCO,UD3_Chempax,U3,DetailCostCenter,Everyone,30-10-6500-2058,TransformOneToOne,Contribution Exp,MWU63601,false,
US,UD3_Chempax_MAFCO,UD3_Chempax,U3,DetailCostCenter,Everyone,30-10-6500-2059,TransformOneToOne,Contribution Exp,MWU63601,false,
US,UD3_Chempax_MAFCO,UD3_Chempax,U3,DetailCostCenter,Everyone,30-10-6500-2060,TransformOneToOne,Contribution Exp,MWU62000,false,
US,UD3_Chempax_MAFCO,UD3_Chempax,U3,DetailCostCenter,Everyone,30-10-6500-2061,TransformOneToOne,Contribution Exp,MWU63601,false,
US,UD3_Chempax_MAFCO,UD3_Chempax,U3,DetailCostCenter,Everyone,30-10-6500-2062,TransformOneToOne,Contribution Exp,MWU63601,false,
US,UD3_Chempax_MAFCO,UD3_Chempax,U3,DetailCostCenter,Everyone,30-10-6500-2063,TransformOneToOne,Contribution Exp,MWU63601,false,
US,UD3_Chempax_MAFCO,UD3_Chempax,U3,DetailCostCenter,Everyone,30-10-6500-2088,TransformOneToOne,Contribution Exp,MWU63601,false,
US,UD3_Chempax_MAFCO,UD3_Chempax,U3,DetailCostCenter,Everyone,30-10-6500-2101,TransformOneToOne,Contribution Exp,MWU63601,false,
US,UD3_Chempax_MAFCO,UD3_Chempax,U3,DetailCostCenter,Everyone,30-10-6500-2102,TransformOneToOne,Contribution Exp,MWU63601,false,
US,UD3_Chempax_MAFCO,UD3_Chempax,U3,DetailCostCenter,Everyone,30-10-6500-2103,TransformOneToOne,Contribution Exp,MWU63601,false,
US,UD3_Chempax_MAFCO,UD3_Chempax,U3,DetailCostCenter,Everyone,30-10-6500-2104,TransformOneToOne,Contribution Exp,MWU63601,false,
US,UD3_Chempax_MAFCO,UD3_Chempax,U3,DetailCostCenter,Everyone,30-10-6500-2105,TransformOneToOne,Contribution Exp,MWU63601,false,
US,UD3_Chempax_MAFCO,UD3_Chempax,U3,DetailCostCenter,Everyone,30-10-6500-2106,TransformOneToOne,Contribution Exp,MWU63601,false,
US,UD3_Chempax_MAFCO,UD3_Chempax,U3,DetailCostCenter,Everyone,30-10-6500-2109,TransformOneToOne,Contribution Exp,MWU63602,false,
US,UD3_Chempax_MAFCO,UD3_Chempax,U3,DetailCostCenter,Everyone,30-10-6500-2115,TransformOneToOne,Contribution Exp,MWU63601,false,
US,UD3_Chempax_MAFCO,UD3_Chempax,U3,DetailCostCenter,Everyone,30-10-6500-2117,TransformOneToOne,Contribution Exp,MWU63601,false,
US,UD3_Chempax_MAFCO,UD3_Chempax,U3,DetailCostCenter,Everyone,30-10-6500-2118,TransformOneToOne,Contribution Exp,MWU63601,false,
US,UD3_Chempax_MAFCO,UD3_Chempax,U3,DetailCostCenter,Everyone,30-10-6500-2121,TransformOneToOne,Contribution Exp,MWU63601,false,
US,UD3_Chempax_MAFCO,UD3_Chempax,U3,DetailCostCenter,Everyone,30-10-6500-2122,TransformOneToOne,Contribution Exp,MWU63601,false,
US,UD3_Chempax_MAFCO,UD3_Chempax,U3,DetailCostCenter,Everyone,30-10-6500-2124,TransformOneToOne,Contribution Exp,MWU63601,false,
US,UD3_Chempax_MAFCO,UD3_Chempax,U3,DetailCostCenter,Everyone,30-10-6500-2127,TransformOneToOne,Contribution Exp,MWU63601,false,
US,UD3_Chempax_MAFCO,UD3_Chempax,U3,DetailCostCenter,Everyone,30-10-6500-2128,TransformOneToOne,Contribution Exp,MWU63601,false,
US,UD3_Chempax_MAFCO,UD3_Chempax,U3,DetailCostCenter,Everyone,30-10-6500-2200,TransformOneToOne,Contribution Exp,MWU63601,false,
US,UD3_Chempax_MAFCO,UD3_Chempax,U3,DetailCostCenter,Everyone,30-10-6500-2201,TransformOneToOne,Contribution Exp,MWU63601,false,
US,UD3_Chempax_MAFCO,UD3_Chempax,U3,DetailCostCenter,Everyone,30-10-6500-5091,TransformOneToOne,Contribution Exp,MWU73545,false,
US,UD3_Chempax_MAFCO,UD3_Chempax,U3,DetailCostCenter,Everyone,30-10-6500-5094,TransformOneToOne,Contribution Exp,MWU73550,false,
US,UD3_Chempax_MAFCO,UD3_Chempax,U3,DetailCostCenter,Everyone,30-10-6500-5130,TransformOneToOne,Contribution Exp,MWU72055,false,
US,UD3_Chempax_MAFCO,UD3_Chempax,U3,DetailCostCenter,Everyone,30-10-6510-2040,TransformOneToOne,Bank Fees,MWU66121,false,
US,UD3_Chempax_MAFCO,UD3_Chempax,U3,DetailCostCenter,Everyone,30-10-6510-2050,TransformOneToOne,Bank Fees,MWU63601,false,
US,UD3_Chempax_MAFCO,UD3_Chempax,U3,DetailCostCenter,Everyone,30-10-6510-2055,TransformOneToOne,Bank Fees,MWU63601,false,
US,UD3_Chempax_MAFCO,UD3_Chempax,U3,DetailCostCenter,Everyone,30-10-6510-2058,TransformOneToOne,Bank Fees,MWU63601,false,
US,UD3_Chempax_MAFCO,UD3_Chempax,U3,DetailCostCenter,Everyone,30-10-6510-2059,TransformOneToOne,Bank Fees,MWU63601,false,
US,UD3_Chempax_MAFCO,UD3_Chempax,U3,DetailCostCenter,Everyone,30-10-6510-2060,TransformOneToOne,Bank Fees,MWU62000,false,
US,UD3_Chempax_MAFCO,UD3_Chempax,U3,DetailCostCenter,Everyone,30-10-6510-2061,TransformOneToOne,Bank Fees,MWU63601,false,
US,UD3_Chempax_MAFCO,UD3_Chempax,U3,DetailCostCenter,Everyone,30-10-6510-2062,TransformOneToOne,Bank Fees,MWU63601,false,
US,UD3_Chempax_MAFCO,UD3_Chempax,U3,DetailCostCenter,Everyone,30-10-6510-2063,TransformOneToOne,Bank Fees,MWU63601,false,
US,UD3_Chempax_MAFCO,UD3_Chempax,U3,DetailCostCenter,Everyone,30-10-6510-2088,TransformOneToOne,Bank Fees,MWU63601,false,
US,UD3_Chempax_MAFCO,UD3_Chempax,U3,DetailCostCenter,Everyone,30-10-6510-2101,TransformOneToOne,Bank Fees,MWU63601,false,
US,UD3_Chempax_MAFCO,UD3_Chempax,U3,DetailCostCenter,Everyone,30-10-6510-2102,TransformOneToOne,Bank Fees,MWU63601,false,
US,UD3_Chempax_MAFCO,UD3_Chempax,U3,DetailCostCenter,Everyone,30-10-6510-2103,TransformOneToOne,Bank Fees,MWU63601,false,
US,UD3_Chempax_MAFCO,UD3_Chempax,U3,DetailCostCenter,Everyone,30-10-6510-2104,TransformOneToOne,Bank Fees,MWU63601,false,
US,UD3_Chempax_MAFCO,UD3_Chempax,U3,DetailCostCenter,Everyone,30-10-6510-2105,TransformOneToOne,Bank Fees,MWU63601,false,
US,UD3_Chempax_MAFCO,UD3_Chempax,U3,DetailCostCenter,Everyone,30-10-6510-2106,TransformOneToOne,Bank Fees,MWU63601,false,
US,UD3_Chempax_MAFCO,UD3_Chempax,U3,DetailCostCenter,Everyone,30-10-6510-2109,TransformOneToOne,Bank Fees,MWU63602,false,
US,UD3_Chempax_MAFCO,UD3_Chempax,U3,DetailCostCenter,Everyone,30-10-6510-2115,TransformOneToOne,Bank Fees,MWU63601,false,
US,UD3_Chempax_MAFCO,UD3_Chempax,U3,DetailCostCenter,Everyone,30-10-6510-2117,TransformOneToOne,Bank Fees,MWU63601,false,
US,UD3_Chempax_MAFCO,UD3_Chempax,U3,DetailCostCenter,Everyone,30-10-6510-2118,TransformOneToOne,Bank Fees,MWU63601,false,
US,UD3_Chempax_MAFCO,UD3_Chempax,U3,DetailCostCenter,Everyone,30-10-6510-2121,TransformOneToOne,Bank Fees,MWU63601,false,
US,UD3_Chempax_MAFCO,UD3_Chempax,U3,DetailCostCenter,Everyone,30-10-6510-2122,TransformOneToOne,Bank Fees,MWU63601,false,
US,UD3_Chempax_MAFCO,UD3_Chempax,U3,DetailCostCenter,Everyone,30-10-6510-2124,TransformOneToOne,Bank Fees,MWU63601,false,
US,UD3_Chempax_MAFCO,UD3_Chempax,U3,DetailCostCenter,Everyone,30-10-6510-2127,TransformOneToOne,Bank Fees,MWU63601,false,
US,UD3_Chempax_MAFCO,UD3_Chempax,U3,DetailCostCenter,Everyone,30-10-6510-2128,TransformOneToOne,Bank Fees,MWU63601,false,
US,UD3_Chempax_MAFCO,UD3_Chempax,U3,DetailCostCenter,Everyone,30-10-6510-2200,TransformOneToOne,Bank Fees,MWU63601,false,
US,UD3_Chempax_MAFCO,UD3_Chempax,U3,DetailCostCenter,Everyone,30-10-6510-2201,TransformOneToOne,Bank Fees,MWU63601,false,
US,UD3_Chempax_MAFCO,UD3_Chempax,U3,DetailCostCenter,Everyone,30-10-6510-5001,TransformOneToOne,Bank Fees,MWU73900,false,
US,UD3_Chempax_MAFCO,UD3_Chempax,U3,DetailCostCenter,Everyone,30-10-6510-5002,TransformOneToOne,Bank Fees,MWU73710,false,
US,UD3_Chempax_MAFCO,UD3_Chempax,U3,DetailCostCenter,Everyone,30-10-6510-5004,TransformOneToOne,Bank Fees,MWU73550,false,
US,UD3_Chempax_MAFCO,UD3_Chempax,U3,DetailCostCenter,Everyone,30-10-6510-5007,TransformOneToOne,Bank Fees,MWU73545,false,
US,UD3_Chempax_MAFCO,UD3_Chempax,U3,DetailCostCenter,Everyone,30-10-6510-5091,TransformOneToOne,Bank Fees,MWU73545,false,
US,UD3_Chempax_MAFCO,UD3_Chempax,U3,DetailCostCenter,Everyone,30-10-6510-5094,TransformOneToOne,Bank Fees,MWU73550,false,
US,UD3_Chempax_MAFCO,UD3_Chempax,U3,DetailCostCenter,Everyone,30-10-6510-5130,TransformOneToOne,Bank Fees,MWU72055,false,
US,UD3_Chempax_MAFCO,UD3_Chempax,U3,DetailCostCenter,Everyone,30-10-6520-2040,TransformOneToOne,Education Exp,MWU66121,false,
US,UD3_Chempax_MAFCO,UD3_Chempax,U3,DetailCostCenter,Everyone,30-10-6520-2050,TransformOneToOne,Education Exp,MWU63601,false,
US,UD3_Chempax_MAFCO,UD3_Chempax,U3,DetailCostCenter,Everyone,30-10-6520-2055,TransformOneToOne,Education Exp,MWU63601,false,
US,UD3_Chempax_MAFCO,UD3_Chempax,U3,DetailCostCenter,Everyone,30-10-6520-2058,TransformOneToOne,Education Exp,MWU63601,false,
US,UD3_Chempax_MAFCO,UD3_Chempax,U3,DetailCostCenter,Everyone,30-10-6520-2059,TransformOneToOne,Education Exp,MWU63601,false,
US,UD3_Chempax_MAFCO,UD3_Chempax,U3,DetailCostCenter,Everyone,30-10-6520-2060,TransformOneToOne,Education Exp,MWU62000,false,
US,UD3_Chempax_MAFCO,UD3_Chempax,U3,DetailCostCenter,Everyone,30-10-6520-2061,TransformOneToOne,Education Exp,MWU63601,false,
US,UD3_Chempax_MAFCO,UD3_Chempax,U3,DetailCostCenter,Everyone,30-10-6520-2062,TransformOneToOne,Education Exp,MWU63601,false,
US,UD3_Chempax_MAFCO,UD3_Chempax,U3,DetailCostCenter,Everyone,30-10-6520-2063,TransformOneToOne,Education Exp,MWU63601,false,
US,UD3_Chempax_MAFCO,UD3_Chempax,U3,DetailCostCenter,Everyone,30-10-6520-2088,TransformOneToOne,Education Exp,MWU63601,false,
US,UD3_Chempax_MAFCO,UD3_Chempax,U3,DetailCostCenter,Everyone,30-10-6520-2101,TransformOneToOne,Education Exp,MWU63601,false,
US,UD3_Chempax_MAFCO,UD3_Chempax,U3,DetailCostCenter,Everyone,30-10-6520-2102,TransformOneToOne,Education Exp,MWU63601,false,
US,UD3_Chempax_MAFCO,UD3_Chempax,U3,DetailCostCenter,Everyone,30-10-6520-2103,TransformOneToOne,Education Exp,MWU63601,false,
US,UD3_Chempax_MAFCO,UD3_Chempax,U3,DetailCostCenter,Everyone,30-10-6520-2104,TransformOneToOne,Education Exp,MWU63601,false,
US,UD3_Chempax_MAFCO,UD3_Chempax,U3,DetailCostCenter,Everyone,30-10-6520-2105,TransformOneToOne,Education Exp,MWU63601,false,
US,UD3_Chempax_MAFCO,UD3_Chempax,U3,DetailCostCenter,Everyone,30-10-6520-2106,TransformOneToOne,Education Exp,MWU63601,false,
US,UD3_Chempax_MAFCO,UD3_Chempax,U3,DetailCostCenter,Everyone,30-10-6520-2109,TransformOneToOne,Education Exp,MWU63602,false,
US,UD3_Chempax_MAFCO,UD3_Chempax,U3,DetailCostCenter,Everyone,30-10-6520-2115,TransformOneToOne,Education Exp,MWU63601,false,
US,UD3_Chempax_MAFCO,UD3_Chempax,U3,DetailCostCenter,Everyone,30-10-6520-2117,TransformOneToOne,Education Exp,MWU63601,false,
US,UD3_Chempax_MAFCO,UD3_Chempax,U3,DetailCostCenter,Everyone,30-10-6520-2118,TransformOneToOne,Education Exp,MWU63601,false,
US,UD3_Chempax_MAFCO,UD3_Chempax,U3,DetailCostCenter,Everyone,30-10-6520-2121,TransformOneToOne,Education Exp,MWU63601,false,
US,UD3_Chempax_MAFCO,UD3_Chempax,U3,DetailCostCenter,Everyone,30-10-6520-2122,TransformOneToOne,Education Exp,MWU63601,false,
US,UD3_Chempax_MAFCO,UD3_Chempax,U3,DetailCostCenter,Everyone,30-10-6520-2124,TransformOneToOne,Education Exp,MWU63601,false,
US,UD3_Chempax_MAFCO,UD3_Chempax,U3,DetailCostCenter,Everyone,30-10-6520-2126,TransformOneToOne,Education Exp,MWU63601,false,
US,UD3_Chempax_MAFCO,UD3_Chempax,U3,DetailCostCenter,Everyone,30-10-6520-2127,TransformOneToOne,Education Exp,MWU63601,false,
US,UD3_Chempax_MAFCO,UD3_Chempax,U3,DetailCostCenter,Everyone,30-10-6520-2128,TransformOneToOne,Education Exp,MWU63601,false,
US,UD3_Chempax_MAFCO,UD3_Chempax,U3,DetailCostCenter,Everyone,30-10-6520-2200,TransformOneToOne,Education Exp,MWU63601,false,
US,UD3_Chempax_MAFCO,UD3_Chempax,U3,DetailCostCenter,Everyone,30-10-6520-2201,TransformOneToOne,Education Exp,MWU63601,false,
US,UD3_Chempax_MAFCO,UD3_Chempax,U3,DetailCostCenter,Everyone,30-10-6520-5001,TransformOneToOne,Education Exp,MWU73900,false,
US,UD3_Chempax_MAFCO,UD3_Chempax,U3,DetailCostCenter,Everyone,30-10-6520-5002,TransformOneToOne,Education Exp,MWU73710,false,
US,UD3_Chempax_MAFCO,UD3_Chempax,U3,DetailCostCenter,Everyone,30-10-6520-5004,TransformOneToOne,Education Exp,MWU73550,false,
US,UD3_Chempax_MAFCO,UD3_Chempax,U3,DetailCostCenter,Everyone,30-10-6520-5005,TransformOneToOne,Education Exp,MWU74100,false,
US,UD3_Chempax_MAFCO,UD3_Chempax,U3,DetailCostCenter,Everyone,30-10-6520-5006,TransformOneToOne,Education Exp,MWU74700,false,
US,UD3_Chempax_MAFCO,UD3_Chempax,U3,DetailCostCenter,Everyone,30-10-6520-5090,TransformOneToOne,Education Exp,MWU73545,false,
US,UD3_Chempax_MAFCO,UD3_Chempax,U3,DetailCostCenter,Everyone,30-10-6520-5091,TransformOneToOne,Education Exp,MWU73545,false,
US,UD3_Chempax_MAFCO,UD3_Chempax,U3,DetailCostCenter,Everyone,30-10-6520-5094,TransformOneToOne,Education Exp,MWU73550,false,
US,UD3_Chempax_MAFCO,UD3_Chempax,U3,DetailCostCenter,Everyone,30-10-6520-5130,TransformOneToOne,Education Exp,MWU72055,false,
US,UD3_Chempax_MAFCO,UD3_Chempax,U3,DetailCostCenter,Everyone,30-10-6540-2040,TransformOneToOne,Enviro Exp,MWU66121,false,
US,UD3_Chempax_MAFCO,UD3_Chempax,U3,DetailCostCenter,Everyone,30-10-6540-2050,TransformOneToOne,Enviro Exp,MWU63601,false,
US,UD3_Chempax_MAFCO,UD3_Chempax,U3,DetailCostCenter,Everyone,30-10-6540-2055,TransformOneToOne,Enviro Exp,MWU63601,false,
US,UD3_Chempax_MAFCO,UD3_Chempax,U3,DetailCostCenter,Everyone,30-10-6540-2058,TransformOneToOne,Enviro Exp,MWU63601,false,
US,UD3_Chempax_MAFCO,UD3_Chempax,U3,DetailCostCenter,Everyone,30-10-6540-2059,TransformOneToOne,Enviro Exp,MWU63601,false,
US,UD3_Chempax_MAFCO,UD3_Chempax,U3,DetailCostCenter,Everyone,30-10-6540-2060,TransformOneToOne,Enviro Exp,MWU62000,false,
US,UD3_Chempax_MAFCO,UD3_Chempax,U3,DetailCostCenter,Everyone,30-10-6540-2061,TransformOneToOne,Enviro Exp,MWU63601,false,
US,UD3_Chempax_MAFCO,UD3_Chempax,U3,DetailCostCenter,Everyone,30-10-6540-2062,TransformOneToOne,Enviro Exp,MWU63601,false,
US,UD3_Chempax_MAFCO,UD3_Chempax,U3,DetailCostCenter,Everyone,30-10-6540-2063,TransformOneToOne,Enviro Exp,MWU63601,false,
US,UD3_Chempax_MAFCO,UD3_Chempax,U3,DetailCostCenter,Everyone,30-10-6540-2088,TransformOneToOne,Enviro Exp,MWU63601,false,
US,UD3_Chempax_MAFCO,UD3_Chempax,U3,DetailCostCenter,Everyone,30-10-6540-2101,TransformOneToOne,Enviro Exp,MWU63601,false,
US,UD3_Chempax_MAFCO,UD3_Chempax,U3,DetailCostCenter,Everyone,30-10-6540-2102,TransformOneToOne,Enviro Exp,MWU63601,false,
US,UD3_Chempax_MAFCO,UD3_Chempax,U3,DetailCostCenter,Everyone,30-10-6540-2103,TransformOneToOne,Enviro Exp,MWU63601,false,
US,UD3_Chempax_MAFCO,UD3_Chempax,U3,DetailCostCenter,Everyone,30-10-6540-2104,TransformOneToOne,Enviro Exp,MWU63601,false,
US,UD3_Chempax_MAFCO,UD3_Chempax,U3,DetailCostCenter,Everyone,30-10-6540-2105,TransformOneToOne,Enviro Exp,MWU63601,false,
US,UD3_Chempax_MAFCO,UD3_Chempax,U3,DetailCostCenter,Everyone,30-10-6540-2106,TransformOneToOne,Enviro Exp,MWU63601,false,
US,UD3_Chempax_MAFCO,UD3_Chempax,U3,DetailCostCenter,Everyone,30-10-6540-2109,TransformOneToOne,Enviro Exp,MWU63602,false,
US,UD3_Chempax_MAFCO,UD3_Chempax,U3,DetailCostCenter,Everyone,30-10-6540-2115,TransformOneToOne,Enviro Exp,MWU63601,false,
US,UD3_Chempax_MAFCO,UD3_Chempax,U3,DetailCostCenter,Everyone,30-10-6540-2117,TransformOneToOne,Enviro Exp,MWU63601,false,
US,UD3_Chempax_MAFCO,UD3_Chempax,U3,DetailCostCenter,Everyone,30-10-6540-2118,TransformOneToOne,Enviro Exp,MWU63601,false,
US,UD3_Chempax_MAFCO,UD3_Chempax,U3,DetailCostCenter,Everyone,30-10-6540-2121,TransformOneToOne,Enviro Exp,MWU63601,false,
US,UD3_Chempax_MAFCO,UD3_Chempax,U3,DetailCostCenter,Everyone,30-10-6540-2122,TransformOneToOne,Enviro Exp,MWU63601,false,
US,UD3_Chempax_MAFCO,UD3_Chempax,U3,DetailCostCenter,Everyone,30-10-6540-2124,TransformOneToOne,Enviro Exp,MWU63601,false,
US,UD3_Chempax_MAFCO,UD3_Chempax,U3,DetailCostCenter,Everyone,30-10-6540-2127,TransformOneToOne,Enviro Exp,MWU63601,false,
US,UD3_Chempax_MAFCO,UD3_Chempax,U3,DetailCostCenter,Everyone,30-10-6540-2128,TransformOneToOne,Enviro Exp,MWU63601,false,
US,UD3_Chempax_MAFCO,UD3_Chempax,U3,DetailCostCenter,Everyone,30-10-6540-2200,TransformOneToOne,Enviro Exp,MWU63601,false,
US,UD3_Chempax_MAFCO,UD3_Chempax,U3,DetailCostCenter,Everyone,30-10-6540-2201,TransformOneToOne,Enviro Exp,MWU63601,false,
US,UD3_Chempax_MAFCO,UD3_Chempax,U3,DetailCostCenter,Everyone,30-10-6540-5091,TransformOneToOne,Enviro Exp,MWU73545,false,
US,UD3_Chempax_MAFCO,UD3_Chempax,U3,DetailCostCenter,Everyone,30-10-6540-5094,TransformOneToOne,Enviro Exp,MWU73550,false,
US,UD3_Chempax_MAFCO,UD3_Chempax,U3,DetailCostCenter,Everyone,30-10-6540-5130,TransformOneToOne,Enviro Exp,MWU72055,false,
US,UD3_Chempax_MAFCO,UD3_Chempax,U3,DetailCostCenter,Everyone,30-10-6550-2040,TransformOneToOne,Alarm System,MWU66121,false,
US,UD3_Chempax_MAFCO,UD3_Chempax,U3,DetailCostCenter,Everyone,30-10-6550-2050,TransformOneToOne,Alarm System,MWU63601,false,
US,UD3_Chempax_MAFCO,UD3_Chempax,U3,DetailCostCenter,Everyone,30-10-6550-2055,TransformOneToOne,Alarm System,MWU63601,false,
US,UD3_Chempax_MAFCO,UD3_Chempax,U3,DetailCostCenter,Everyone,30-10-6550-2058,TransformOneToOne,Alarm System,MWU63601,false,
US,UD3_Chempax_MAFCO,UD3_Chempax,U3,DetailCostCenter,Everyone,30-10-6550-2059,TransformOneToOne,Alarm System,MWU63601,false,
US,UD3_Chempax_MAFCO,UD3_Chempax,U3,DetailCostCenter,Everyone,30-10-6550-2060,TransformOneToOne,Alarm System,MWU62000,false,
US,UD3_Chempax_MAFCO,UD3_Chempax,U3,DetailCostCenter,Everyone,30-10-6550-2061,TransformOneToOne,Alarm System,MWU63601,false,
US,UD3_Chempax_MAFCO,UD3_Chempax,U3,DetailCostCenter,Everyone,30-10-6550-2062,TransformOneToOne,Alarm System,MWU63601,false,
US,UD3_Chempax_MAFCO,UD3_Chempax,U3,DetailCostCenter,Everyone,30-10-6550-2063,TransformOneToOne,Alarm System,MWU63601,false,
US,UD3_Chempax_MAFCO,UD3_Chempax,U3,DetailCostCenter,Everyone,30-10-6550-2088,TransformOneToOne,Alarm System,MWU63601,false,
US,UD3_Chempax_MAFCO,UD3_Chempax,U3,DetailCostCenter,Everyone,30-10-6550-2101,TransformOneToOne,Alarm System,MWU63601,false,
US,UD3_Chempax_MAFCO,UD3_Chempax,U3,DetailCostCenter,Everyone,30-10-6550-2102,TransformOneToOne,Alarm System,MWU63601,false,
US,UD3_Chempax_MAFCO,UD3_Chempax,U3,DetailCostCenter,Everyone,30-10-6550-2103,TransformOneToOne,Alarm System,MWU63601,false,
US,UD3_Chempax_MAFCO,UD3_Chempax,U3,DetailCostCenter,Everyone,30-10-6550-2104,TransformOneToOne,Alarm System,MWU63601,false,
US,UD3_Chempax_MAFCO,UD3_Chempax,U3,DetailCostCenter,Everyone,30-10-6550-2105,TransformOneToOne,Alarm System,MWU63601,false,
US,UD3_Chempax_MAFCO,UD3_Chempax,U3,DetailCostCenter,Everyone,30-10-6550-2106,TransformOneToOne,Alarm System,MWU63601,false,
US,UD3_Chempax_MAFCO,UD3_Chempax,U3,DetailCostCenter,Everyone,30-10-6550-2109,TransformOneToOne,Alarm System,MWU63602,false,
US,UD3_Chempax_MAFCO,UD3_Chempax,U3,DetailCostCenter,Everyone,30-10-6550-2115,TransformOneToOne,Alarm System,MWU63601,false,
US,UD3_Chempax_MAFCO,UD3_Chempax,U3,DetailCostCenter,Everyone,30-10-6550-2117,TransformOneToOne,Alarm System,MWU63601,false,
US,UD3_Chempax_MAFCO,UD3_Chempax,U3,DetailCostCenter,Everyone,30-10-6550-2118,TransformOneToOne,Alarm System,MWU63601,false,
US,UD3_Chempax_MAFCO,UD3_Chempax,U3,DetailCostCenter,Everyone,30-10-6550-2121,TransformOneToOne,Alarm System,MWU63601,false,
US,UD3_Chempax_MAFCO,UD3_Chempax,U3,DetailCostCenter,Everyone,30-10-6550-2122,TransformOneToOne,Alarm System,MWU63601,false,
US,UD3_Chempax_MAFCO,UD3_Chempax,U3,DetailCostCenter,Everyone,30-10-6550-2124,TransformOneToOne,Alarm System,MWU63601,false,
US,UD3_Chempax_MAFCO,UD3_Chempax,U3,DetailCostCenter,Everyone,30-10-6550-2127,TransformOneToOne,Alarm System,MWU63601,false,
US,UD3_Chempax_MAFCO,UD3_Chempax,U3,DetailCostCenter,Everyone,30-10-6550-2128,TransformOneToOne,Alarm System,MWU63601,false,
US,UD3_Chempax_MAFCO,UD3_Chempax,U3,DetailCostCenter,Everyone,30-10-6550-2200,TransformOneToOne,Alarm System,MWU63601,false,
US,UD3_Chempax_MAFCO,UD3_Chempax,U3,DetailCostCenter,Everyone,30-10-6550-2201,TransformOneToOne,Alarm System,MWU63601,false,
US,UD3_Chempax_MAFCO,UD3_Chempax,U3,DetailCostCenter,Everyone,30-10-6550-5091,TransformOneToOne,Alarm System,MWU73545,false,
US,UD3_Chempax_MAFCO,UD3_Chempax,U3,DetailCostCenter,Everyone,30-10-6550-5094,TransformOneToOne,Alarm System,MWU73550,false,
US,UD3_Chempax_MAFCO,UD3_Chempax,U3,DetailCostCenter,Everyone,30-10-6550-5130,TransformOneToOne,Alarm System,MWU72055,false,
US,UD3_Chempax_MAFCO,UD3_Chempax,U3,DetailCostCenter,Everyone,30-10-6600-2128,TransformOneToOne,Emission,MWU63601,false,
US,UD3_Chempax_MAFCO,UD3_Chempax,U3,DetailCostCenter,Everyone,30-10-6720-2040,TransformOneToOne,CC Alloc,MWU66121,false,
US,UD3_Chempax_MAFCO,UD3_Chempax,U3,DetailCostCenter,Everyone,30-10-6720-2050,TransformOneToOne,CC Alloc,MWU63601,false,
US,UD3_Chempax_MAFCO,UD3_Chempax,U3,DetailCostCenter,Everyone,30-10-6720-2055,TransformOneToOne,CC Alloc,MWU63601,false,
US,UD3_Chempax_MAFCO,UD3_Chempax,U3,DetailCostCenter,Everyone,30-10-6720-2058,TransformOneToOne,CC Alloc,MWU63601,false,
US,UD3_Chempax_MAFCO,UD3_Chempax,U3,DetailCostCenter,Everyone,30-10-6720-2059,TransformOneToOne,CC Alloc,MWU63601,false,
US,UD3_Chempax_MAFCO,UD3_Chempax,U3,DetailCostCenter,Everyone,30-10-6720-2060,TransformOneToOne,CC Alloc,MWU62000,false,
US,UD3_Chempax_MAFCO,UD3_Chempax,U3,DetailCostCenter,Everyone,30-10-6720-2061,TransformOneToOne,CC Alloc,MWU63601,false,
US,UD3_Chempax_MAFCO,UD3_Chempax,U3,DetailCostCenter,Everyone,30-10-6720-2062,TransformOneToOne,CC Alloc,MWU63601,false,
US,UD3_Chempax_MAFCO,UD3_Chempax,U3,DetailCostCenter,Everyone,30-10-6720-2063,TransformOneToOne,CC Alloc,MWU63601,false,
US,UD3_Chempax_MAFCO,UD3_Chempax,U3,DetailCostCenter,Everyone,30-10-6720-2088,TransformOneToOne,CC Alloc,MWU63601,false,
US,UD3_Chempax_MAFCO,UD3_Chempax,U3,DetailCostCenter,Everyone,30-10-6720-2100,TransformOneToOne,CC Alloc,MWU63601,false,
US,UD3_Chempax_MAFCO,UD3_Chempax,U3,DetailCostCenter,Everyone,30-10-6720-2101,TransformOneToOne,CC Alloc,MWU63601,false,
US,UD3_Chempax_MAFCO,UD3_Chempax,U3,DetailCostCenter,Everyone,30-10-6720-2102,TransformOneToOne,CC Alloc,MWU63601,false,
US,UD3_Chempax_MAFCO,UD3_Chempax,U3,DetailCostCenter,Everyone,30-10-6720-2103,TransformOneToOne,CC Alloc,MWU63601,false,
US,UD3_Chempax_MAFCO,UD3_Chempax,U3,DetailCostCenter,Everyone,30-10-6720-2104,TransformOneToOne,CC Alloc,MWU63601,false,
US,UD3_Chempax_MAFCO,UD3_Chempax,U3,DetailCostCenter,Everyone,30-10-6720-2105,TransformOneToOne,CC Alloc,MWU63601,false,
US,UD3_Chempax_MAFCO,UD3_Chempax,U3,DetailCostCenter,Everyone,30-10-6720-2106,TransformOneToOne,CC Alloc,MWU63601,false,
US,UD3_Chempax_MAFCO,UD3_Chempax,U3,DetailCostCenter,Everyone,30-10-6720-2109,TransformOneToOne,CC Alloc,MWU63602,false,
US,UD3_Chempax_MAFCO,UD3_Chempax,U3,DetailCostCenter,Everyone,30-10-6720-2115,TransformOneToOne,CC Alloc,MWU63601,false,
US,UD3_Chempax_MAFCO,UD3_Chempax,U3,DetailCostCenter,Everyone,30-10-6720-2117,TransformOneToOne,CC Alloc,MWU63601,false,
US,UD3_Chempax_MAFCO,UD3_Chempax,U3,DetailCostCenter,Everyone,30-10-6720-2118,TransformOneToOne,CC Alloc,MWU63601,false,
US,UD3_Chempax_MAFCO,UD3_Chempax,U3,DetailCostCenter,Everyone,30-10-6720-2121,TransformOneToOne,CC Alloc,MWU63601,false,
US,UD3_Chempax_MAFCO,UD3_Chempax,U3,DetailCostCenter,Everyone,30-10-6720-2122,TransformOneToOne,CC Alloc,MWU63601,false,
US,UD3_Chempax_MAFCO,UD3_Chempax,U3,DetailCostCenter,Everyone,30-10-6720-2124,TransformOneToOne,CC Alloc,MWU63601,false,
US,UD3_Chempax_MAFCO,UD3_Chempax,U3,DetailCostCenter,Everyone,30-10-6720-2127,TransformOneToOne,CC Alloc,MWU63601,false,
US,UD3_Chempax_MAFCO,UD3_Chempax,U3,DetailCostCenter,Everyone,30-10-6720-2128,TransformOneToOne,CC Alloc,MWU63601,false,
US,UD3_Chempax_MAFCO,UD3_Chempax,U3,DetailCostCenter,Everyone,30-10-6720-2200,TransformOneToOne,CC Alloc,MWU63601,false,
US,UD3_Chempax_MAFCO,UD3_Chempax,U3,DetailCostCenter,Everyone,30-10-6720-2201,TransformOneToOne,CC Alloc,MWU63601,false,
US,UD3_Chempax_MAFCO,UD3_Chempax,U3,DetailCostCenter,Everyone,30-10-6720-2500,TransformOneToOne,CC Alloc,MWU63601,false,
US,UD3_Chempax_MAFCO,UD3_Chempax,U3,DetailCostCenter,Everyone,30-10-6720-2626,TransformOneToOne,CC Alloc,MWU63601,false,
US,UD3_Chempax_MAFCO,UD3_Chempax,U3,DetailCostCenter,Everyone,30-10-6720-2706,TransformOneToOne,CC Alloc,MWU63601,false,
US,UD3_Chempax_MAFCO,UD3_Chempax,U3,DetailCostCenter,Everyone,30-10-6720-5091,TransformOneToOne,CC Alloc,MWU73545,false,
US,UD3_Chempax_MAFCO,UD3_Chempax,U3,DetailCostCenter,Everyone,30-10-6720-5094,TransformOneToOne,CC Alloc,MWU73550,false,
US,UD3_Chempax_MAFCO,UD3_Chempax,U3,DetailCostCenter,Everyone,30-10-6720-5130,TransformOneToOne,CC Alloc,MWU72055,false,
US,UD3_Chempax_MAFCO,UD3_Chempax,U3,DetailCostCenter,Everyone,30-10-6730-2058,TransformOneToOne,Substation Alloc,MWU63601,false,
US,UD3_Chempax_MAFCO,UD3_Chempax,U3,DetailCostCenter,Everyone,30-10-6730-2059,TransformOneToOne,Substation Alloc,MWU63601,false,
US,UD3_Chempax_MAFCO,UD3_Chempax,U3,DetailCostCenter,Everyone,30-10-6750-0091,TransformOneToOne,Interest Exp/Inc Interco - EVD,CC_NonOpAccts,false,
US,UD3_Chempax_MAFCO,UD3_Chempax,U3,DetailCostCenter,Everyone,30-10-6751-,TransformOneToOne,Interest Income,CC_NonOpAccts,false,
US,UD3_Chempax_MAFCO,UD3_Chempax,U3,DetailCostCenter,Everyone,30-10-6800-5005,TransformOneToOne,Other Exp,MWU74100,false,
US,UD3_Chempax_MAFCO,UD3_Chempax,U3,DetailCostCenter,Everyone,30-10-6800-5091,TransformOneToOne,Miscellaneous Expense,MWU73545,false,
US,UD3_Chempax_MAFCO,UD3_Chempax,U3,DetailCostCenter,Everyone,30-10-6801-5091,TransformOneToOne,Miscellaneous Expense,MWU73545,false,
US,UD3_Chempax_MAFCO,UD3_Chempax,U3,DetailCostCenter,Everyone,30-10-6810-5001,TransformOneToOne,Finance,MWU73900,false,
US,UD3_Chempax_MAFCO,UD3_Chempax,U3,DetailCostCenter,Everyone,30-10-6870-0091,TransformOneToOne,Asset impairment,MWU73545,false,
US,UD3_Chempax_MAFCO,UD3_Chempax,U3,DetailCostCenter,Everyone,30-10-6870-5001,TransformOneToOne,Bad Debt,MWU73900,false,
US,UD3_Chempax_MAFCO,UD3_Chempax,U3,DetailCostCenter,Everyone,30-10-6870-5091,TransformOneToOne,Bad Debt,MWU73545,false,
US,UD3_Chempax_MAFCO,UD3_Chempax,U3,DetailCostCenter,Everyone,30-10-6870-5095,TransformOneToOne,Asset Impair Camden,MWU74502,false,
US,UD3_Chempax_MAFCO,UD3_Chempax,U3,DetailCostCenter,Everyone,30-10-6876-0091,TransformOneToOne,Footprint Project,MWU73545,false,
US,UD3_Chempax_MAFCO,UD3_Chempax,U3,DetailCostCenter,Everyone,30-10-6877-0091,TransformOneToOne,M&F Projects,MWU73545,false,
US,UD3_Chempax_MAFCO,UD3_Chempax,U3,DetailCostCenter,Everyone,30-10-6880-5506,TransformOneToOne,Alloc Admin,MWU72055,false,
US,UD3_Chempax_MAFCO,UD3_Chempax,U3,DetailCostCenter,Everyone,30-10-7690-,TransformOneToOne,Amortz Loan Fees,MWU74000,false,
US,UD3_Chempax_MAFCO,UD3_Chempax,U3,DetailCostCenter,Everyone,30-10-7750-5091,TransformOneToOne,Credit Fees,MWU73545,false,
US,UD3_Chempax_MAFCO,UD3_Chempax,U3,DetailCostCenter,Everyone,30-10-8010-2015,TransformOneToOne,FICA Exp,MWU66121,false,
US,UD3_Chempax_MAFCO,UD3_Chempax,U3,DetailCostCenter,Everyone,30-10-8010-5014,TransformOneToOne,FICA Exp,MWU73545,false,
US,UD3_Chempax_MAFCO,UD3_Chempax,U3,DetailCostCenter,Everyone,30-10-8020-2015,TransformOneToOne,FUTA Exp,MWU66121,false,
US,UD3_Chempax_MAFCO,UD3_Chempax,U3,DetailCostCenter,Everyone,30-10-8020-5014,TransformOneToOne,FUTA Exp,MWU73545,false,
US,UD3_Chempax_MAFCO,UD3_Chempax,U3,DetailCostCenter,Everyone,30-10-8030-2015,TransformOneToOne,Unemployment Exp,MWU66121,false,
US,UD3_Chempax_MAFCO,UD3_Chempax,U3,DetailCostCenter,Everyone,30-10-8030-5014,TransformOneToOne,Unemployment Exp,MWU73545,false,
US,UD3_Chempax_MAFCO,UD3_Chempax,U3,DetailCostCenter,Everyone,30-10-8031-2015,TransformOneToOne,NJ Disability Employ,MWU66121,false,
US,UD3_Chempax_MAFCO,UD3_Chempax,U3,DetailCostCenter,Everyone,30-10-8031-5014,TransformOneToOne,NJ Disability Employ,MWU73545,false,
US,UD3_Chempax_MAFCO,UD3_Chempax,U3,DetailCostCenter,Everyone,30-10-8032-2015,TransformOneToOne,Training Tax,MWU66121,false,
US,UD3_Chempax_MAFCO,UD3_Chempax,U3,DetailCostCenter,Everyone,30-10-8032-5014,TransformOneToOne,Training Tax,MWU73545,false,
US,UD3_Chempax_MAFCO,UD3_Chempax,U3,DetailCostCenter,Everyone,30-10-8033-5014,TransformOneToOne,Other Employee Costs,MWU73545,false,
US,UD3_Chempax_MAFCO,UD3_Chempax,U3,DetailCostCenter,Everyone,30-10-8050-2015,TransformOneToOne,Wrkman Comp Exp,MWU66121,false,
US,UD3_Chempax_MAFCO,UD3_Chempax,U3,DetailCostCenter,Everyone,30-10-8050-5014,TransformOneToOne,Wrkman Comp Exp,MWU73545,false,
US,UD3_Chempax_MAFCO,UD3_Chempax,U3,DetailCostCenter,Everyone,30-10-8090-2015,TransformOneToOne,Wages-Other,MWU66121,false,
US,UD3_Chempax_MAFCO,UD3_Chempax,U3,DetailCostCenter,Everyone,30-10-8090-5014,TransformOneToOne,Wages-Other,MWU73545,false,
US,UD3_Chempax_MAFCO,UD3_Chempax,U3,DetailCostCenter,Everyone,30-10-8120-2015,TransformOneToOne,Vacation Exp,MWU66121,false,
US,UD3_Chempax_MAFCO,UD3_Chempax,U3,DetailCostCenter,Everyone,30-10-8120-5014,TransformOneToOne,Vacation Exp,MWU73545,false,
US,UD3_Chempax_MAFCO,UD3_Chempax,U3,DetailCostCenter,Everyone,30-10-8120-5091,TransformOneToOne,Vacation Exp,MWU73545,false,
US,UD3_Chempax_MAFCO,UD3_Chempax,U3,DetailCostCenter,Everyone,30-10-8130-2015,TransformOneToOne,Pension Restoration,MWU66121,false,
US,UD3_Chempax_MAFCO,UD3_Chempax,U3,DetailCostCenter,Everyone,30-10-8130-5014,TransformOneToOne,Pension Restoration,MWU73545,false,
US,UD3_Chempax_MAFCO,UD3_Chempax,U3,DetailCostCenter,Everyone,30-10-8140-2015,TransformOneToOne,Pension Exp,MWU66121,false,
US,UD3_Chempax_MAFCO,UD3_Chempax,U3,DetailCostCenter,Everyone,30-10-8140-5014,TransformOneToOne,Pension Exp,MWU73545,false,
US,UD3_Chempax_MAFCO,UD3_Chempax,U3,DetailCostCenter,Everyone,30-10-8150-2015,TransformOneToOne,401K ROTH expense,MWU66121,false,
US,UD3_Chempax_MAFCO,UD3_Chempax,U3,DetailCostCenter,Everyone,30-10-8155-2015,TransformOneToOne,401K Match Hourly,MWU66121,false,
US,UD3_Chempax_MAFCO,UD3_Chempax,U3,DetailCostCenter,Everyone,30-10-8155-5014,TransformOneToOne,401K Match Salary,MWU73545,false,
US,UD3_Chempax_MAFCO,UD3_Chempax,U3,DetailCostCenter,Everyone,30-10-8160-2015,TransformOneToOne,Fringe-Other,MWU66121,false,
US,UD3_Chempax_MAFCO,UD3_Chempax,U3,DetailCostCenter,Everyone,30-10-8160-5014,TransformOneToOne,Fringe-Other,MWU73545,false,
US,UD3_Chempax_MAFCO,UD3_Chempax,U3,DetailCostCenter,Everyone,30-10-8170-2015,TransformOneToOne,Health & Life Ins Ex,MWU66121,false,
US,UD3_Chempax_MAFCO,UD3_Chempax,U3,DetailCostCenter,Everyone,30-10-8170-5014,TransformOneToOne,Health & Life Ins Ex,MWU73545,false,
US,UD3_Chempax_MAFCO,UD3_Chempax,U3,DetailCostCenter,Everyone,30-10-8170-5091,TransformOneToOne,Life Insur - Demutua,MWU73545,false,
US,UD3_Chempax_MAFCO,UD3_Chempax,U3,DetailCostCenter,Everyone,30-10-8175-2015,TransformOneToOne,Insur Opt-Out Hourly,MWU66121,false,
US,UD3_Chempax_MAFCO,UD3_Chempax,U3,DetailCostCenter,Everyone,30-10-8175-5014,TransformOneToOne,Insur Opt-Out Salary,MWU73545,false,
US,UD3_Chempax_MAFCO,UD3_Chempax,U3,DetailCostCenter,Everyone,30-10-8180-5014,TransformOneToOne,Pension Exp Purch-Sa,MWU73545,false,
US,UD3_Chempax_MAFCO,UD3_Chempax,U3,DetailCostCenter,Everyone,30-10-8200-2015,TransformOneToOne,Fringe Alloc-Neal,MWU66121,false,
US,UD3_Chempax_MAFCO,UD3_Chempax,U3,DetailCostCenter,Everyone,30-10-8200-5014,TransformOneToOne,Fringe Alloc-Neal,MWU73545,false,
US,UD3_Chempax_MAFCO,UD3_Chempax,U3,DetailCostCenter,Everyone,30-10-8210-5014,TransformOneToOne,Fringe Alloc-Pneumo,MWU73545,false,
US,UD3_Chempax_MAFCO,UD3_Chempax,U3,DetailCostCenter,Everyone,30-10-8250-2015,TransformOneToOne,Fringe Alloc,MWU66121,false,
US,UD3_Chempax_MAFCO,UD3_Chempax,U3,DetailCostCenter,Everyone,30-10-8250-2050,TransformOneToOne,Fringe Alloc,MWU63601,false,
US,UD3_Chempax_MAFCO,UD3_Chempax,U3,DetailCostCenter,Everyone,30-10-8250-2055,TransformOneToOne,Fringe Alloc,MWU63601,false,
US,UD3_Chempax_MAFCO,UD3_Chempax,U3,DetailCostCenter,Everyone,30-10-8250-2058,TransformOneToOne,Fringe Alloc,MWU63601,false,
US,UD3_Chempax_MAFCO,UD3_Chempax,U3,DetailCostCenter,Everyone,30-10-8250-2059,TransformOneToOne,Fringe Alloc,MWU63601,false,
US,UD3_Chempax_MAFCO,UD3_Chempax,U3,DetailCostCenter,Everyone,30-10-8250-2060,TransformOneToOne,Fringe Alloc,MWU62000,false,
US,UD3_Chempax_MAFCO,UD3_Chempax,U3,DetailCostCenter,Everyone,30-10-8250-2061,TransformOneToOne,Fringe Alloc,MWU63601,false,
US,UD3_Chempax_MAFCO,UD3_Chempax,U3,DetailCostCenter,Everyone,30-10-8250-2062,TransformOneToOne,Fringe Alloc,MWU63601,false,
US,UD3_Chempax_MAFCO,UD3_Chempax,U3,DetailCostCenter,Everyone,30-10-8250-2063,TransformOneToOne,Fringe Alloc,MWU63601,false,
US,UD3_Chempax_MAFCO,UD3_Chempax,U3,DetailCostCenter,Everyone,30-10-8250-2088,TransformOneToOne,Fringe Alloc,MWU63601,false,
US,UD3_Chempax_MAFCO,UD3_Chempax,U3,DetailCostCenter,Everyone,30-10-8250-2101,TransformOneToOne,Fringe Alloc,MWU63601,false,
US,UD3_Chempax_MAFCO,UD3_Chempax,U3,DetailCostCenter,Everyone,30-10-8250-2102,TransformOneToOne,Fringe Alloc,MWU63601,false,
US,UD3_Chempax_MAFCO,UD3_Chempax,U3,DetailCostCenter,Everyone,30-10-8250-2103,TransformOneToOne,Fringe Alloc,MWU63601,false,
US,UD3_Chempax_MAFCO,UD3_Chempax,U3,DetailCostCenter,Everyone,30-10-8250-2104,TransformOneToOne,Fringe Alloc,MWU63601,false,
US,UD3_Chempax_MAFCO,UD3_Chempax,U3,DetailCostCenter,Everyone,30-10-8250-2105,TransformOneToOne,Fringe Alloc,MWU63601,false,
US,UD3_Chempax_MAFCO,UD3_Chempax,U3,DetailCostCenter,Everyone,30-10-8250-2106,TransformOneToOne,Fringe Alloc,MWU63601,false,
US,UD3_Chempax_MAFCO,UD3_Chempax,U3,DetailCostCenter,Everyone,30-10-8250-2109,TransformOneToOne,Fringe Alloc,MWU63602,false,
US,UD3_Chempax_MAFCO,UD3_Chempax,U3,DetailCostCenter,Everyone,30-10-8250-2115,TransformOneToOne,Fringe Alloc,MWU63601,false,
US,UD3_Chempax_MAFCO,UD3_Chempax,U3,DetailCostCenter,Everyone,30-10-8250-2117,TransformOneToOne,Fringe Alloc,MWU63601,false,
US,UD3_Chempax_MAFCO,UD3_Chempax,U3,DetailCostCenter,Everyone,30-10-8250-2118,TransformOneToOne,Fringe Alloc,MWU63601,false,
US,UD3_Chempax_MAFCO,UD3_Chempax,U3,DetailCostCenter,Everyone,30-10-8250-2121,TransformOneToOne,Fringe Alloc,MWU63601,false,
US,UD3_Chempax_MAFCO,UD3_Chempax,U3,DetailCostCenter,Everyone,30-10-8250-2122,TransformOneToOne,Fringe Alloc,MWU63601,false,
US,UD3_Chempax_MAFCO,UD3_Chempax,U3,DetailCostCenter,Everyone,30-10-8250-2124,TransformOneToOne,Fringe Alloc,MWU63601,false,
US,UD3_Chempax_MAFCO,UD3_Chempax,U3,DetailCostCenter,Everyone,30-10-8250-2127,TransformOneToOne,Fringe Alloc,MWU63601,false,
US,UD3_Chempax_MAFCO,UD3_Chempax,U3,DetailCostCenter,Everyone,30-10-8250-2128,TransformOneToOne,Fringe Alloc,MWU63601,false,
US,UD3_Chempax_MAFCO,UD3_Chempax,U3,DetailCostCenter,Everyone,30-10-8250-2200,TransformOneToOne,Fringe Alloc,MWU63601,false,
US,UD3_Chempax_MAFCO,UD3_Chempax,U3,DetailCostCenter,Everyone,30-10-8250-2201,TransformOneToOne,Fringe Alloc,MWU63601,false,
US,UD3_Chempax_MAFCO,UD3_Chempax,U3,DetailCostCenter,Everyone,30-10-8250-5014,TransformOneToOne,Fringe Alloc,MWU73545,false,
US,UD3_Chempax_MAFCO,UD3_Chempax,U3,DetailCostCenter,Everyone,30-10-8250-5091,TransformOneToOne,Fringe Alloc,MWU73545,false,
US,UD3_Chempax_MAFCO,UD3_Chempax,U3,DetailCostCenter,Everyone,30-10-8250-5094,TransformOneToOne,Fringe Alloc,MWU73550,false,
US,UD3_Chempax_MAFCO,UD3_Chempax,U3,DetailCostCenter,Everyone,30-10-8250-5130,TransformOneToOne,Fringe Alloc,MWU72055,false,
US,UD3_Chempax_MAFCO,UD3_Chempax,U3,DetailCostCenter,Everyone,30-10-8300-2105,TransformOneToOne,Cap Cargo Cost-inter,MWU60160,false,
US,UD3_Chempax_MAFCO,UD3_Chempax,U3,DetailCostCenter,Everyone,30-10-9900-,TransformOneToOne,Extraordinary Item-N,MWU73545,false,
US,UD3_Chempax_MAFCO,UD3_Chempax,U3,DetailCostCenter,Everyone,30-11-5040-2503,TransformOneToOne,Packaging materials,MWU63601,false,
US,UD3_Chempax_MAFCO,UD3_Chempax,U3,DetailCostCenter,Everyone,30-11-5900-2500,TransformOneToOne,Inv Adjust-GP,MWU63601,false,
US,UD3_Chempax_MAFCO,UD3_Chempax,U3,DetailCostCenter,Everyone,30-11-5910-2500,TransformOneToOne,Mfg vs Std-GP,MWU66995,false,
US,UD3_Chempax_MAFCO,UD3_Chempax,U3,DetailCostCenter,Everyone,30-11-5940-2500,TransformOneToOne,Purchase Var-GP,MWU67900,false,
US,UD3_Chempax_MAFCO,UD3_Chempax,U3,DetailCostCenter,Everyone,30-11-6070-2504,TransformOneToOne,Freight in,MWU60160,false,
US,UD3_Chempax_MAFCO,UD3_Chempax,U3,DetailCostCenter,Everyone,30-11-6070-5040,TransformOneToOne,Freight in,MWU60160,false,
US,UD3_Chempax_MAFCO,UD3_Chempax,U3,DetailCostCenter,Everyone,30-11-6080-2501,TransformOneToOne,Operating Supplies,MWU66995,false,
US,UD3_Chempax_MAFCO,UD3_Chempax,U3,DetailCostCenter,Everyone,30-11-6080-2503,TransformOneToOne,Operating Supplies,MWU66995,false,
US,UD3_Chempax_MAFCO,UD3_Chempax,U3,DetailCostCenter,Everyone,30-11-6080-5506,TransformOneToOne,Operating Supplies,MWU72055,false,
US,UD3_Chempax_MAFCO,UD3_Chempax,U3,DetailCostCenter,Everyone,30-11-6090-2501,TransformOneToOne,Water & Sewer,MWU66500,false,
US,UD3_Chempax_MAFCO,UD3_Chempax,U3,DetailCostCenter,Everyone,30-11-6090-2503,TransformOneToOne,Water & Sewer,MWU66500,false,
US,UD3_Chempax_MAFCO,UD3_Chempax,U3,DetailCostCenter,Everyone,30-11-6090-5506,TransformOneToOne,Water & Sewer,MWU72055,false,
US,UD3_Chempax_MAFCO,UD3_Chempax,U3,DetailCostCenter,Everyone,30-11-6100-2501,TransformOneToOne,Steam Cost,MWU66500,false,
US,UD3_Chempax_MAFCO,UD3_Chempax,U3,DetailCostCenter,Everyone,30-11-6100-2503,TransformOneToOne,Steam Cost,MWU66500,false,
US,UD3_Chempax_MAFCO,UD3_Chempax,U3,DetailCostCenter,Everyone,30-11-6100-5506,TransformOneToOne,Steam Cost,MWU72055,false,
US,UD3_Chempax_MAFCO,UD3_Chempax,U3,DetailCostCenter,Everyone,30-11-6110-2501,TransformOneToOne,Electricity,MWU66500,false,
US,UD3_Chempax_MAFCO,UD3_Chempax,U3,DetailCostCenter,Everyone,30-11-6110-2503,TransformOneToOne,Electricity,MWU66500,false,
US,UD3_Chempax_MAFCO,UD3_Chempax,U3,DetailCostCenter,Everyone,30-11-6110-5506,TransformOneToOne,Electricity,MWU72055,false,
US,UD3_Chempax_MAFCO,UD3_Chempax,U3,DetailCostCenter,Everyone,30-11-6120-2501,TransformOneToOne,Gas Used,MWU66500,false,
US,UD3_Chempax_MAFCO,UD3_Chempax,U3,DetailCostCenter,Everyone,30-11-6120-2503,TransformOneToOne,Gas Used,MWU66500,false,
US,UD3_Chempax_MAFCO,UD3_Chempax,U3,DetailCostCenter,Everyone,30-11-6120-5506,TransformOneToOne,Gas Used,MWU72055,false,
US,UD3_Chempax_MAFCO,UD3_Chempax,U3,DetailCostCenter,Everyone,30-11-6130-2501,TransformOneToOne,Fuel Used,MWU66500,false,
US,UD3_Chempax_MAFCO,UD3_Chempax,U3,DetailCostCenter,Everyone,30-11-6130-2503,TransformOneToOne,Fuel Used,MWU66500,false,
US,UD3_Chempax_MAFCO,UD3_Chempax,U3,DetailCostCenter,Everyone,30-11-6130-5506,TransformOneToOne,Fuel Used,MWU72055,false,
US,UD3_Chempax_MAFCO,UD3_Chempax,U3,DetailCostCenter,Everyone,30-11-6140-2501,TransformOneToOne,Power Purchased,MWU66500,false,
US,UD3_Chempax_MAFCO,UD3_Chempax,U3,DetailCostCenter,Everyone,30-11-6140-2503,TransformOneToOne,Power Purchased,MWU66500,false,
US,UD3_Chempax_MAFCO,UD3_Chempax,U3,DetailCostCenter,Everyone,30-11-6140-5506,TransformOneToOne,Power Purchased,MWU72055,false,
US,UD3_Chempax_MAFCO,UD3_Chempax,U3,DetailCostCenter,Everyone,30-11-6150-2501,TransformOneToOne,Repair Material,MWU66995,false,
US,UD3_Chempax_MAFCO,UD3_Chempax,U3,DetailCostCenter,Everyone,30-11-6150-2503,TransformOneToOne,Repair Material,MWU66995,false,
US,UD3_Chempax_MAFCO,UD3_Chempax,U3,DetailCostCenter,Everyone,30-11-6150-5506,TransformOneToOne,Repair Material,MWU72055,false,
US,UD3_Chempax_MAFCO,UD3_Chempax,U3,DetailCostCenter,Everyone,30-11-6160-2501,TransformOneToOne,Repair Service,MWU66995,false,
US,UD3_Chempax_MAFCO,UD3_Chempax,U3,DetailCostCenter,Everyone,30-11-6160-2503,TransformOneToOne,Repair Service,MWU66995,false,
US,UD3_Chempax_MAFCO,UD3_Chempax,U3,DetailCostCenter,Everyone,30-11-6160-5506,TransformOneToOne,Repair Service,MWU72055,false,
US,UD3_Chempax_MAFCO,UD3_Chempax,U3,DetailCostCenter,Everyone,30-11-6170-2501,TransformOneToOne,Repair Mafco Labor,MWU66995,false,
US,UD3_Chempax_MAFCO,UD3_Chempax,U3,DetailCostCenter,Everyone,30-11-6170-2503,TransformOneToOne,Repair Mafco Labor,MWU66995,false,
US,UD3_Chempax_MAFCO,UD3_Chempax,U3,DetailCostCenter,Everyone,30-11-6170-5506,TransformOneToOne,Repair Mafco Labor,MWU72055,false,
US,UD3_Chempax_MAFCO,UD3_Chempax,U3,DetailCostCenter,Everyone,30-11-6200-2501,TransformOneToOne,Travel No Ded,MWU63601,false,
US,UD3_Chempax_MAFCO,UD3_Chempax,U3,DetailCostCenter,Everyone,30-11-6200-2503,TransformOneToOne,Travel No Ded,MWU63601,false,
US,UD3_Chempax_MAFCO,UD3_Chempax,U3,DetailCostCenter,Everyone,30-11-6200-5506,TransformOneToOne,Travel No Ded,MWU72055,false,
US,UD3_Chempax_MAFCO,UD3_Chempax,U3,DetailCostCenter,Everyone,30-11-6210-2501,TransformOneToOne,Labor,MWU63601,false,
US,UD3_Chempax_MAFCO,UD3_Chempax,U3,DetailCostCenter,Everyone,30-11-6210-2503,TransformOneToOne,Labor,MWU63601,false,
US,UD3_Chempax_MAFCO,UD3_Chempax,U3,DetailCostCenter,Everyone,30-11-6210-5506,TransformOneToOne,Labor,MWU72055,false,
US,UD3_Chempax_MAFCO,UD3_Chempax,U3,DetailCostCenter,Everyone,30-11-6220-2501,TransformOneToOne,Labor Fringe,MWU63601,false,
US,UD3_Chempax_MAFCO,UD3_Chempax,U3,DetailCostCenter,Everyone,30-11-6220-2503,TransformOneToOne,Labor Fringe,MWU63601,false,
US,UD3_Chempax_MAFCO,UD3_Chempax,U3,DetailCostCenter,Everyone,30-11-6220-5506,TransformOneToOne,Labor Fringe,MWU72055,false,
US,UD3_Chempax_MAFCO,UD3_Chempax,U3,DetailCostCenter,Everyone,30-11-6270-2501,TransformOneToOne,Salary Exp,MWU63601,false,
US,UD3_Chempax_MAFCO,UD3_Chempax,U3,DetailCostCenter,Everyone,30-11-6270-2503,TransformOneToOne,Salary Exp,MWU63601,false,
US,UD3_Chempax_MAFCO,UD3_Chempax,U3,DetailCostCenter,Everyone,30-11-6270-5506,TransformOneToOne,Salary Exp,MWU72055,false,
US,UD3_Chempax_MAFCO,UD3_Chempax,U3,DetailCostCenter,Everyone,30-11-6280-2501,TransformOneToOne,Salary Fringe,MWU63601,false,
US,UD3_Chempax_MAFCO,UD3_Chempax,U3,DetailCostCenter,Everyone,30-11-6280-2503,TransformOneToOne,Salary Fringe,MWU63601,false,
US,UD3_Chempax_MAFCO,UD3_Chempax,U3,DetailCostCenter,Everyone,30-11-6280-5506,TransformOneToOne,Salary Fringe,MWU72055,false,
US,UD3_Chempax_MAFCO,UD3_Chempax,U3,DetailCostCenter,Everyone,30-11-6290-2501,TransformOneToOne,Club Dues,MWU63601,false,
US,UD3_Chempax_MAFCO,UD3_Chempax,U3,DetailCostCenter,Everyone,30-11-6290-2503,TransformOneToOne,Club Dues,MWU63601,false,
US,UD3_Chempax_MAFCO,UD3_Chempax,U3,DetailCostCenter,Everyone,30-11-6290-5506,TransformOneToOne,Club Dues,MWU72055,false,
US,UD3_Chempax_MAFCO,UD3_Chempax,U3,DetailCostCenter,Everyone,30-11-6310-2501,TransformOneToOne,Safety Exp,MWU66995,false,
US,UD3_Chempax_MAFCO,UD3_Chempax,U3,DetailCostCenter,Everyone,30-11-6310-5506,TransformOneToOne,Safety Exp,MWU72055,false,
US,UD3_Chempax_MAFCO,UD3_Chempax,U3,DetailCostCenter,Everyone,30-11-6320-2501,TransformOneToOne,Occup Alloc,MWU66500,false,
US,UD3_Chempax_MAFCO,UD3_Chempax,U3,DetailCostCenter,Everyone,30-11-6320-2503,TransformOneToOne,Occup Alloc,MWU66500,false,
US,UD3_Chempax_MAFCO,UD3_Chempax,U3,DetailCostCenter,Everyone,30-11-6320-5506,TransformOneToOne,Occup Alloc,MWU72055,false,
US,UD3_Chempax_MAFCO,UD3_Chempax,U3,DetailCostCenter,Everyone,30-11-6330-2501,TransformOneToOne,Rent,MWU63601,false,
US,UD3_Chempax_MAFCO,UD3_Chempax,U3,DetailCostCenter,Everyone,30-11-6330-2503,TransformOneToOne,Rent,MWU63601,false,
US,UD3_Chempax_MAFCO,UD3_Chempax,U3,DetailCostCenter,Everyone,30-11-6330-5506,TransformOneToOne,Rent,MWU72055,false,
US,UD3_Chempax_MAFCO,UD3_Chempax,U3,DetailCostCenter,Everyone,30-11-6340-2201,TransformOneToOne,Depreciation,MWU63601,false,
US,UD3_Chempax_MAFCO,UD3_Chempax,U3,DetailCostCenter,Everyone,30-11-6340-2501,TransformOneToOne,Depreciation,MWU63601,false,
US,UD3_Chempax_MAFCO,UD3_Chempax,U3,DetailCostCenter,Everyone,30-11-6340-2503,TransformOneToOne,Depreciation,MWU63601,false,
US,UD3_Chempax_MAFCO,UD3_Chempax,U3,DetailCostCenter,Everyone,30-11-6340-5506,TransformOneToOne,Depreciation,MWU72055,false,
US,UD3_Chempax_MAFCO,UD3_Chempax,U3,DetailCostCenter,Everyone,30-11-6350-2501,TransformOneToOne,Taxes & Lic,MWU63601,false,
US,UD3_Chempax_MAFCO,UD3_Chempax,U3,DetailCostCenter,Everyone,30-11-6350-2503,TransformOneToOne,Taxes & Lic,MWU63601,false,
US,UD3_Chempax_MAFCO,UD3_Chempax,U3,DetailCostCenter,Everyone,30-11-6350-5506,TransformOneToOne,Taxes & Lic,MWU72055,false,
US,UD3_Chempax_MAFCO,UD3_Chempax,U3,DetailCostCenter,Everyone,30-11-6360-2501,TransformOneToOne,Insurance,MWU66121,false,
US,UD3_Chempax_MAFCO,UD3_Chempax,U3,DetailCostCenter,Everyone,30-11-6360-2503,TransformOneToOne,Insurance,MWU66121,false,
US,UD3_Chempax_MAFCO,UD3_Chempax,U3,DetailCostCenter,Everyone,30-11-6360-5506,TransformOneToOne,Insurance,MWU72055,false,
US,UD3_Chempax_MAFCO,UD3_Chempax,U3,DetailCostCenter,Everyone,30-11-6370-2501,TransformOneToOne,Travel Nonded,MWU63601,false,
US,UD3_Chempax_MAFCO,UD3_Chempax,U3,DetailCostCenter,Everyone,30-11-6370-2503,TransformOneToOne,Travel Nonded,MWU63601,false,
US,UD3_Chempax_MAFCO,UD3_Chempax,U3,DetailCostCenter,Everyone,30-11-6370-5506,TransformOneToOne,Travel Nonded,MWU72055,false,
US,UD3_Chempax_MAFCO,UD3_Chempax,U3,DetailCostCenter,Everyone,30-11-6380-2501,TransformOneToOne,Prof Svcs,MWU63601,false,
US,UD3_Chempax_MAFCO,UD3_Chempax,U3,DetailCostCenter,Everyone,30-11-6380-2503,TransformOneToOne,Prof Svcs,MWU63601,false,
US,UD3_Chempax_MAFCO,UD3_Chempax,U3,DetailCostCenter,Everyone,30-11-6380-5506,TransformOneToOne,Prof Svcs,MWU72055,false,
US,UD3_Chempax_MAFCO,UD3_Chempax,U3,DetailCostCenter,Everyone,30-11-6390-2501,TransformOneToOne,Other Exp,MWU63601,false,
US,UD3_Chempax_MAFCO,UD3_Chempax,U3,DetailCostCenter,Everyone,30-11-6390-2503,TransformOneToOne,Other Exp,MWU63601,false,
US,UD3_Chempax_MAFCO,UD3_Chempax,U3,DetailCostCenter,Everyone,30-11-6390-5506,TransformOneToOne,Other Exp,MWU72055,false,
US,UD3_Chempax_MAFCO,UD3_Chempax,U3,DetailCostCenter,Everyone,30-11-6400-2501,TransformOneToOne,Meal Allow,MWU63601,false,
US,UD3_Chempax_MAFCO,UD3_Chempax,U3,DetailCostCenter,Everyone,30-11-6400-2503,TransformOneToOne,Meal Allow,MWU63601,false,
US,UD3_Chempax_MAFCO,UD3_Chempax,U3,DetailCostCenter,Everyone,30-11-6400-5506,TransformOneToOne,Meal Allow,MWU72055,false,
US,UD3_Chempax_MAFCO,UD3_Chempax,U3,DetailCostCenter,Everyone,30-11-6410-2501,TransformOneToOne,Advertisment,MWU72400,false,
US,UD3_Chempax_MAFCO,UD3_Chempax,U3,DetailCostCenter,Everyone,30-11-6410-2503,TransformOneToOne,Advertisment,MWU72400,false,
US,UD3_Chempax_MAFCO,UD3_Chempax,U3,DetailCostCenter,Everyone,30-11-6410-5506,TransformOneToOne,Advertisment,MWU72400,false,
US,UD3_Chempax_MAFCO,UD3_Chempax,U3,DetailCostCenter,Everyone,30-11-6420-2501,TransformOneToOne,Guard Svc,MWU63601,false,
US,UD3_Chempax_MAFCO,UD3_Chempax,U3,DetailCostCenter,Everyone,30-11-6420-2503,TransformOneToOne,Guard Svc,MWU63601,false,
US,UD3_Chempax_MAFCO,UD3_Chempax,U3,DetailCostCenter,Everyone,30-11-6420-5506,TransformOneToOne,Guard Svc,MWU72055,false,
US,UD3_Chempax_MAFCO,UD3_Chempax,U3,DetailCostCenter,Everyone,30-11-6430-2501,TransformOneToOne,Travel,MWU63601,false,
US,UD3_Chempax_MAFCO,UD3_Chempax,U3,DetailCostCenter,Everyone,30-11-6430-2503,TransformOneToOne,Travel,MWU63601,false,
US,UD3_Chempax_MAFCO,UD3_Chempax,U3,DetailCostCenter,Everyone,30-11-6430-5506,TransformOneToOne,Travel,MWU72055,false,
US,UD3_Chempax_MAFCO,UD3_Chempax,U3,DetailCostCenter,Everyone,30-11-6440-2501,TransformOneToOne,Stationery Supply,MWU63601,false,
US,UD3_Chempax_MAFCO,UD3_Chempax,U3,DetailCostCenter,Everyone,30-11-6440-2503,TransformOneToOne,Stationery Supply,MWU63601,false,
US,UD3_Chempax_MAFCO,UD3_Chempax,U3,DetailCostCenter,Everyone,30-11-6440-5506,TransformOneToOne,Stationery Supply,MWU72055,false,
US,UD3_Chempax_MAFCO,UD3_Chempax,U3,DetailCostCenter,Everyone,30-11-6450-2501,TransformOneToOne,Commission Inc,MWU63601,false,
US,UD3_Chempax_MAFCO,UD3_Chempax,U3,DetailCostCenter,Everyone,30-11-6450-2503,TransformOneToOne,Commission Inc,MWU63601,false,
US,UD3_Chempax_MAFCO,UD3_Chempax,U3,DetailCostCenter,Everyone,30-11-6450-5506,TransformOneToOne,Commission Inc,MWU72055,false,
US,UD3_Chempax_MAFCO,UD3_Chempax,U3,DetailCostCenter,Everyone,30-11-6460-2501,TransformOneToOne,Communication,MWU63601,false,
US,UD3_Chempax_MAFCO,UD3_Chempax,U3,DetailCostCenter,Everyone,30-11-6460-2503,TransformOneToOne,Communication,MWU63601,false,
US,UD3_Chempax_MAFCO,UD3_Chempax,U3,DetailCostCenter,Everyone,30-11-6460-5506,TransformOneToOne,Communication,MWU72055,false,
US,UD3_Chempax_MAFCO,UD3_Chempax,U3,DetailCostCenter,Everyone,30-11-6470-2501,TransformOneToOne,Commission Exp,MWU63601,false,
US,UD3_Chempax_MAFCO,UD3_Chempax,U3,DetailCostCenter,Everyone,30-11-6470-2503,TransformOneToOne,Commission Exp,MWU63601,false,
US,UD3_Chempax_MAFCO,UD3_Chempax,U3,DetailCostCenter,Everyone,30-11-6470-5506,TransformOneToOne,Commission Exp,MWU72055,false,
US,UD3_Chempax_MAFCO,UD3_Chempax,U3,DetailCostCenter,Everyone,30-11-6480-2501,TransformOneToOne,Dues & Subsc,MWU63601,false,
US,UD3_Chempax_MAFCO,UD3_Chempax,U3,DetailCostCenter,Everyone,30-11-6480-2503,TransformOneToOne,Dues & Subsc,MWU63601,false,
US,UD3_Chempax_MAFCO,UD3_Chempax,U3,DetailCostCenter,Everyone,30-11-6480-5506,TransformOneToOne,Dues & Subsc,MWU72055,false,
US,UD3_Chempax_MAFCO,UD3_Chempax,U3,DetailCostCenter,Everyone,30-11-6490-2501,TransformOneToOne,Shutdown,MWU63601,false,
US,UD3_Chempax_MAFCO,UD3_Chempax,U3,DetailCostCenter,Everyone,30-11-6490-2503,TransformOneToOne,Shutdown,MWU63601,false,
US,UD3_Chempax_MAFCO,UD3_Chempax,U3,DetailCostCenter,Everyone,30-11-6490-5506,TransformOneToOne,Shutdown,MWU72055,false,
US,UD3_Chempax_MAFCO,UD3_Chempax,U3,DetailCostCenter,Everyone,30-11-6500-2501,TransformOneToOne,Contribution Exp,MWU63601,false,
US,UD3_Chempax_MAFCO,UD3_Chempax,U3,DetailCostCenter,Everyone,30-11-6500-2503,TransformOneToOne,Contribution Exp,MWU63601,false,
US,UD3_Chempax_MAFCO,UD3_Chempax,U3,DetailCostCenter,Everyone,30-11-6500-5506,TransformOneToOne,Contribution Exp,MWU72055,false,
US,UD3_Chempax_MAFCO,UD3_Chempax,U3,DetailCostCenter,Everyone,30-11-6510-2501,TransformOneToOne,Bank Fees,MWU63601,false,
US,UD3_Chempax_MAFCO,UD3_Chempax,U3,DetailCostCenter,Everyone,30-11-6510-2503,TransformOneToOne,Bank Fees,MWU63601,false,
US,UD3_Chempax_MAFCO,UD3_Chempax,U3,DetailCostCenter,Everyone,30-11-6510-5506,TransformOneToOne,Bank Fees,MWU72055,false,
US,UD3_Chempax_MAFCO,UD3_Chempax,U3,DetailCostCenter,Everyone,30-11-6520-2501,TransformOneToOne,Education Exp,MWU63601,false,
US,UD3_Chempax_MAFCO,UD3_Chempax,U3,DetailCostCenter,Everyone,30-11-6520-2503,TransformOneToOne,Education Exp,MWU63601,false,
US,UD3_Chempax_MAFCO,UD3_Chempax,U3,DetailCostCenter,Everyone,30-11-6520-5506,TransformOneToOne,Education Exp,MWU72055,false,
US,UD3_Chempax_MAFCO,UD3_Chempax,U3,DetailCostCenter,Everyone,30-11-6540-2501,TransformOneToOne,Enviro Exp,MWU63601,false,
US,UD3_Chempax_MAFCO,UD3_Chempax,U3,DetailCostCenter,Everyone,30-11-6540-2503,TransformOneToOne,Enviro Exp,MWU63601,false,
US,UD3_Chempax_MAFCO,UD3_Chempax,U3,DetailCostCenter,Everyone,30-11-6540-5506,TransformOneToOne,Enviro Exp,MWU72055,false,
US,UD3_Chempax_MAFCO,UD3_Chempax,U3,DetailCostCenter,Everyone,30-11-6550-2501,TransformOneToOne,Alarm System,MWU63601,false,
US,UD3_Chempax_MAFCO,UD3_Chempax,U3,DetailCostCenter,Everyone,30-11-6550-2503,TransformOneToOne,Alarm System,MWU63601,false,
US,UD3_Chempax_MAFCO,UD3_Chempax,U3,DetailCostCenter,Everyone,30-11-6550-5506,TransformOneToOne,Alarm System,MWU72055,false,
US,UD3_Chempax_MAFCO,UD3_Chempax,U3,DetailCostCenter,Everyone,30-11-6720-2500,TransformOneToOne,CC Alloc,MWU63601,false,
US,UD3_Chempax_MAFCO,UD3_Chempax,U3,DetailCostCenter,Everyone,30-11-6720-2501,TransformOneToOne,CC Alloc,MWU63601,false,
US,UD3_Chempax_MAFCO,UD3_Chempax,U3,DetailCostCenter,Everyone,30-11-6720-2503,TransformOneToOne,CC Alloc,MWU63601,false,
US,UD3_Chempax_MAFCO,UD3_Chempax,U3,DetailCostCenter,Everyone,30-11-6720-5506,TransformOneToOne,CC Alloc,MWU72055,false,
US,UD3_Chempax_MAFCO,UD3_Chempax,U3,DetailCostCenter,Everyone,30-11-6880-5506,TransformOneToOne,Alloc Admin,MWU72055,false,
US,UD3_Chempax_MAFCO,UD3_Chempax,U3,DetailCostCenter,Everyone,30-11-8250-2501,TransformOneToOne,Fringe Alloc,MWU63601,false,
US,UD3_Chempax_MAFCO,UD3_Chempax,U3,DetailCostCenter,Everyone,30-11-8250-2503,TransformOneToOne,Fringe Alloc,MWU63601,false,
US,UD3_Chempax_MAFCO,UD3_Chempax,U3,DetailCostCenter,Everyone,30-11-8250-5506,TransformOneToOne,Fringe Alloc,MWU72055,false,
US,UD3_Chempax_MAFCO,UD3_Chempax,U3,DetailCostCenter,Everyone,30-13-6150-2770,TransformOneToOne,Repair Material,MWU66995,false,
US,UD3_Chempax_MAFCO,UD3_Chempax,U3,DetailCostCenter,Everyone,30-13-6390-2770,TransformOneToOne,Other Exp,MWU63601,false,
US,UD3_Chempax_MAFCO,UD3_Chempax,U3,DetailCostCenter,Everyone,30-13-6440-2770,TransformOneToOne,Stationery Supply,MWU63601,false,
US,UD3_Chempax_MAFCO,UD3_Chempax,U3,DetailCostCenter,Everyone,30-13-6460-2770,TransformOneToOne,Communication,MWU63601,false,
US,UD3_Chempax_MAFCO,UD3_Chempax,U3,DetailCostCenter,Everyone,30-13-6870-2770,TransformOneToOne,Bad Debt,MWU63601,false,
US,UD3_Chempax_MAFCO,UD3_Chempax,U3,DetailCostCenter,Everyone,30-14-1841-,TransformOneToOne,CC_BalSheet,CC_BalSheet,false,
US,UD3_Chempax_MAFCO,UD3_Chempax,U3,DetailCostCenter,Everyone,30-14-1846,TransformOneToOne,CC_BalSheet,CC_BalSheet,false,
US,UD3_Chempax_MAFCO,UD3_Chempax,U3,DetailCostCenter,Everyone,30-14-3040-,TransformOneToOne,Freight Out,MWU63602,false,
US,UD3_Chempax_MAFCO,UD3_Chempax,U3,DetailCostCenter,Everyone,30-14-5040-2109,TransformOneToOne,Packaging materials,MWU63602,false,
US,UD3_Chempax_MAFCO,UD3_Chempax,U3,DetailCostCenter,Everyone,30-14-5901-2109,TransformOneToOne,Inv Adjust-MAG COGS,MWU63602,false,
US,UD3_Chempax_MAFCO,UD3_Chempax,U3,DetailCostCenter,Everyone,30-14-5906-2109,TransformOneToOne,Inv Adjust-MAG RM CO,MWU63602,false,
US,UD3_Chempax_MAFCO,UD3_Chempax,U3,DetailCostCenter,Everyone,30-14-5920-2109,TransformOneToOne,Mfg vs Std-MAG COGS,MWU66995,false,
US,UD3_Chempax_MAFCO,UD3_Chempax,U3,DetailCostCenter,Everyone,30-14-5935-2109,TransformOneToOne,Magnasweet,MWU63602,false,
US,UD3_Chempax_MAFCO,UD3_Chempax,U3,DetailCostCenter,Everyone,30-14-5940-2109,TransformOneToOne,Purchase Variance,MWU67900,false,
US,UD3_Chempax_MAFCO,UD3_Chempax,U3,DetailCostCenter,Everyone,30-14-6070-2088,TransformOneToOne,Freight in,MWU63602,false,
US,UD3_Chempax_MAFCO,UD3_Chempax,U3,DetailCostCenter,Everyone,30-14-6070-2109,TransformOneToOne,Freight in,MWU60160,false,
US,UD3_Chempax_MAFCO,UD3_Chempax,U3,DetailCostCenter,Everyone,30-14-6080-2088,TransformOneToOne,Operating Supplies,MWU63602,false,
US,UD3_Chempax_MAFCO,UD3_Chempax,U3,DetailCostCenter,Everyone,30-14-6080-2095,TransformOneToOne,Operating Supplies-Mag Restr.,MWU66113,false,
US,UD3_Chempax_MAFCO,UD3_Chempax,U3,DetailCostCenter,Everyone,30-14-6080-2109,TransformOneToOne,Operating Supplies,MWU63602,false,
US,UD3_Chempax_MAFCO,UD3_Chempax,U3,DetailCostCenter,Everyone,30-14-6080-2706,TransformOneToOne,Adjust-MAG Other Exp,MWU63602,false,
US,UD3_Chempax_MAFCO,UD3_Chempax,U3,DetailCostCenter,Everyone,30-14-6080-5088,TransformOneToOne,R&D ,MWU76011,false,
US,UD3_Chempax_MAFCO,UD3_Chempax,U3,DetailCostCenter,Everyone,30-14-6090-2088,TransformOneToOne,Water & Sewer,MWU63602,false,
US,UD3_Chempax_MAFCO,UD3_Chempax,U3,DetailCostCenter,Everyone,30-14-6090-2109,TransformOneToOne,Water and Sewer,MWU63602,false,
US,UD3_Chempax_MAFCO,UD3_Chempax,U3,DetailCostCenter,Everyone,30-14-6100-2088,TransformOneToOne,Steam Cost,MWU63602,false,
US,UD3_Chempax_MAFCO,UD3_Chempax,U3,DetailCostCenter,Everyone,30-14-6110-2088,TransformOneToOne,Electricity,MWU63602,false,
US,UD3_Chempax_MAFCO,UD3_Chempax,U3,DetailCostCenter,Everyone,30-14-6110-2109,TransformOneToOne,Electric,MWU63602,false,
US,UD3_Chempax_MAFCO,UD3_Chempax,U3,DetailCostCenter,Everyone,30-14-6120-2088,TransformOneToOne,Gas Used,MWU63602,false,
US,UD3_Chempax_MAFCO,UD3_Chempax,U3,DetailCostCenter,Everyone,30-14-6120-2109,TransformOneToOne,Gas,MWU63602,false,
US,UD3_Chempax_MAFCO,UD3_Chempax,U3,DetailCostCenter,Everyone,30-14-6130-2088,TransformOneToOne,Fuel Used,MWU63602,false,
US,UD3_Chempax_MAFCO,UD3_Chempax,U3,DetailCostCenter,Everyone,30-14-6140-2088,TransformOneToOne,Power Purchased,MWU63602,false,
US,UD3_Chempax_MAFCO,UD3_Chempax,U3,DetailCostCenter,Everyone,30-14-6150-2088,TransformOneToOne,Repair Material,MWU63602,false,
US,UD3_Chempax_MAFCO,UD3_Chempax,U3,DetailCostCenter,Everyone,30-14-6150-2109,TransformOneToOne,Repair Material,MWU63602,false,
US,UD3_Chempax_MAFCO,UD3_Chempax,U3,DetailCostCenter,Everyone,30-14-6160-2088,TransformOneToOne,Repair Service,MWU63602,false,
US,UD3_Chempax_MAFCO,UD3_Chempax,U3,DetailCostCenter,Everyone,30-14-6160-2109,TransformOneToOne,Repair Service,MWU66995,false,
US,UD3_Chempax_MAFCO,UD3_Chempax,U3,DetailCostCenter,Everyone,30-14-6170-2088,TransformOneToOne,Repair Mafco Labor,MWU63602,false,
US,UD3_Chempax_MAFCO,UD3_Chempax,U3,DetailCostCenter,Everyone,30-14-6170-2109,TransformOneToOne,Repair Mafco Labor,MWU63602,false,
US,UD3_Chempax_MAFCO,UD3_Chempax,U3,DetailCostCenter,Everyone,30-14-6210-2088,TransformOneToOne,Labor,MWU63602,false,
US,UD3_Chempax_MAFCO,UD3_Chempax,U3,DetailCostCenter,Everyone,30-14-6210-2095,TransformOneToOne,Labor - Mag Restr,MWU66113,false,
US,UD3_Chempax_MAFCO,UD3_Chempax,U3,DetailCostCenter,Everyone,30-14-6210-2109,TransformOneToOne,Labor,MWU63602,false,
US,UD3_Chempax_MAFCO,UD3_Chempax,U3,DetailCostCenter,Everyone,30-14-6220-2088,TransformOneToOne,Labor Fringe,MWU63602,false,
US,UD3_Chempax_MAFCO,UD3_Chempax,U3,DetailCostCenter,Everyone,30-14-6220-2095,TransformOneToOne,Labor Fringe,MWU66113,false,
US,UD3_Chempax_MAFCO,UD3_Chempax,U3,DetailCostCenter,Everyone,30-14-6220-2109,TransformOneToOne,Labor Fringe,MWU63602,false,
US,UD3_Chempax_MAFCO,UD3_Chempax,U3,DetailCostCenter,Everyone,30-14-6270-2088,TransformOneToOne,Salary Exp,MWU63602,false,
US,UD3_Chempax_MAFCO,UD3_Chempax,U3,DetailCostCenter,Everyone,30-14-6270-2109,TransformOneToOne,Salary Exp,MWU63602,false,
US,UD3_Chempax_MAFCO,UD3_Chempax,U3,DetailCostCenter,Everyone,30-14-6270-5088,TransformOneToOne,Salary Exp,MWU76011,false,
US,UD3_Chempax_MAFCO,UD3_Chempax,U3,DetailCostCenter,Everyone,30-14-6270-5095,TransformOneToOne,Salaries – Mag Restr,MWU74502,false,
US,UD3_Chempax_MAFCO,UD3_Chempax,U3,DetailCostCenter,Everyone,30-14-6270-5109,TransformOneToOne,Sal Exp MAG Selling,MWU74102,false,
US,UD3_Chempax_MAFCO,UD3_Chempax,U3,DetailCostCenter,Everyone,30-14-6274-2109,TransformOneToOne,Annual Incentive Plan,MWU63602,false,
US,UD3_Chempax_MAFCO,UD3_Chempax,U3,DetailCostCenter,Everyone,30-14-6274-5088,TransformOneToOne,Annual Incentive Plan,MWU76011,false,
US,UD3_Chempax_MAFCO,UD3_Chempax,U3,DetailCostCenter,Everyone,30-14-6274-5109,TransformOneToOne,Annual Incentive Plan,MWU74102,false,
US,UD3_Chempax_MAFCO,UD3_Chempax,U3,DetailCostCenter,Everyone,30-14-6275-2109,TransformOneToOne,Severance,MWU63602,false,
US,UD3_Chempax_MAFCO,UD3_Chempax,U3,DetailCostCenter,Everyone,30-14-6280-2088,TransformOneToOne,Salary Fringe,MWU63602,false,
US,UD3_Chempax_MAFCO,UD3_Chempax,U3,DetailCostCenter,Everyone,30-14-6280-2109,TransformOneToOne,Salary Fringe,MWU63602,false,
US,UD3_Chempax_MAFCO,UD3_Chempax,U3,DetailCostCenter,Everyone,30-14-6280-5088,TransformOneToOne,Salary Fringe,MWU76011,false,
US,UD3_Chempax_MAFCO,UD3_Chempax,U3,DetailCostCenter,Everyone,30-14-6280-5095,TransformOneToOne,Salary Fringe,MWU74502,false,
US,UD3_Chempax_MAFCO,UD3_Chempax,U3,DetailCostCenter,Everyone,30-14-6280-5109,TransformOneToOne,Salary Frng MAG Sell,MWU74102,false,
US,UD3_Chempax_MAFCO,UD3_Chempax,U3,DetailCostCenter,Everyone,30-14-6290-2088,TransformOneToOne,Club Dues,MWU63602,false,
US,UD3_Chempax_MAFCO,UD3_Chempax,U3,DetailCostCenter,Everyone,30-14-6310-2088,TransformOneToOne,Safety Exp,MWU63602,false,
US,UD3_Chempax_MAFCO,UD3_Chempax,U3,DetailCostCenter,Everyone,30-14-6320-2088,TransformOneToOne,Occup Alloc,MWU63602,false,
US,UD3_Chempax_MAFCO,UD3_Chempax,U3,DetailCostCenter,Everyone,30-14-6320-2109,TransformOneToOne,Occup Alloc,MWU63602,false,
US,UD3_Chempax_MAFCO,UD3_Chempax,U3,DetailCostCenter,Everyone,30-14-6330-2088,TransformOneToOne,Rent,MWU63602,false,
US,UD3_Chempax_MAFCO,UD3_Chempax,U3,DetailCostCenter,Everyone,30-14-6330-2109,TransformOneToOne,Rent,MWU63602,false,
US,UD3_Chempax_MAFCO,UD3_Chempax,U3,DetailCostCenter,Everyone,30-14-6330-5109,TransformOneToOne,Rent,MWU74102,false,
US,UD3_Chempax_MAFCO,UD3_Chempax,U3,DetailCostCenter,Everyone,30-14-6330-5720,TransformOneToOne,Adj-Mag Other Exp,MWU73545,false,
US,UD3_Chempax_MAFCO,UD3_Chempax,U3,DetailCostCenter,Everyone,30-14-6334-,TransformOneToOne,ASC 842-Operating Le,MWU63603,false,
US,UD3_Chempax_MAFCO,UD3_Chempax,U3,DetailCostCenter,Everyone,30-14-6334-2109,TransformOneToOne,ASC 842 Operating Lease,MWU63602,false,
US,UD3_Chempax_MAFCO,UD3_Chempax,U3,DetailCostCenter,Everyone,30-14-6337-2095,TransformOneToOne,Rent-Leased property Camden,MWU66113,false,
US,UD3_Chempax_MAFCO,UD3_Chempax,U3,DetailCostCenter,Everyone,30-14-6337-2109,TransformOneToOne,Rent-Leased Property,MWU63602,false,
US,UD3_Chempax_MAFCO,UD3_Chempax,U3,DetailCostCenter,Everyone,30-14-6340-2088,TransformOneToOne,Depreciation,MWU63602,false,
US,UD3_Chempax_MAFCO,UD3_Chempax,U3,DetailCostCenter,Everyone,30-14-6340-2109,TransformOneToOne,Depreciation,MWU63602,false,
US,UD3_Chempax_MAFCO,UD3_Chempax,U3,DetailCostCenter,Everyone,30-14-6350-2088,TransformOneToOne,Taxes & Lic,MWU63602,false,
US,UD3_Chempax_MAFCO,UD3_Chempax,U3,DetailCostCenter,Everyone,30-14-6350-2109,TransformOneToOne,Taxes & Lic,MWU63601,false,
US,UD3_Chempax_MAFCO,UD3_Chempax,U3,DetailCostCenter,Everyone,30-14-6360-2088,TransformOneToOne,Insurance,MWU63602,false,
US,UD3_Chempax_MAFCO,UD3_Chempax,U3,DetailCostCenter,Everyone,30-14-6370-2088,TransformOneToOne,Travel Nonded,MWU63602,false,
US,UD3_Chempax_MAFCO,UD3_Chempax,U3,DetailCostCenter,Everyone,30-14-6370-5109,TransformOneToOne,Travel Nonded,MWU74102,false,
US,UD3_Chempax_MAFCO,UD3_Chempax,U3,DetailCostCenter,Everyone,30-14-6370-5720,TransformOneToOne,Adjust-MAG Other Exp,MWU73545,false,
US,UD3_Chempax_MAFCO,UD3_Chempax,U3,DetailCostCenter,Everyone,30-14-6380-2088,TransformOneToOne,Prof Svcs R&D,MWU63602,false,
US,UD3_Chempax_MAFCO,UD3_Chempax,U3,DetailCostCenter,Everyone,30-14-6380-2095,TransformOneToOne,Prof Svcs,MWU66113,false,
US,UD3_Chempax_MAFCO,UD3_Chempax,U3,DetailCostCenter,Everyone,30-14-6380-2109,TransformOneToOne,Prof Svcs Mag COP,MWU63602,false,
US,UD3_Chempax_MAFCO,UD3_Chempax,U3,DetailCostCenter,Everyone,30-14-6380-5088,TransformOneToOne,Other Outside Services,MWU76011,false,
US,UD3_Chempax_MAFCO,UD3_Chempax,U3,DetailCostCenter,Everyone,30-14-6380-5109,TransformOneToOne,Prof Svcs,MWU74102,false,
US,UD3_Chempax_MAFCO,UD3_Chempax,U3,DetailCostCenter,Everyone,30-14-6380-5720,TransformOneToOne,Adjust-MAG Other Exp,MWU73545,false,
US,UD3_Chempax_MAFCO,UD3_Chempax,U3,DetailCostCenter,Everyone,30-14-6381-2095,TransformOneToOne,Prof Svcs – Legal,MWU66113,false,
US,UD3_Chempax_MAFCO,UD3_Chempax,U3,DetailCostCenter,Everyone,30-14-6381-5109,TransformOneToOne,Prof serv Legal MAG,MWU74102,false,
US,UD3_Chempax_MAFCO,UD3_Chempax,U3,DetailCostCenter,Everyone,30-14-6390-2088,TransformOneToOne,Other Exp,MWU63602,false,
US,UD3_Chempax_MAFCO,UD3_Chempax,U3,DetailCostCenter,Everyone,30-14-6390-2109,TransformOneToOne,Other Exp,MWU63602,false,
US,UD3_Chempax_MAFCO,UD3_Chempax,U3,DetailCostCenter,Everyone,30-14-6390-5088,TransformOneToOne,Other Exp,MWU76011,false,
US,UD3_Chempax_MAFCO,UD3_Chempax,U3,DetailCostCenter,Everyone,30-14-6390-5109,TransformOneToOne,Other Exp,MWU73545,false,
US,UD3_Chempax_MAFCO,UD3_Chempax,U3,DetailCostCenter,Everyone,30-14-6400-2088,TransformOneToOne,Meal Allow,MWU63602,false,
US,UD3_Chempax_MAFCO,UD3_Chempax,U3,DetailCostCenter,Everyone,30-14-6410-2088,TransformOneToOne,Advertisment,MWU63602,false,
US,UD3_Chempax_MAFCO,UD3_Chempax,U3,DetailCostCenter,Everyone,30-14-6410-2109,TransformOneToOne,Advertisment,MWU63602,false,
US,UD3_Chempax_MAFCO,UD3_Chempax,U3,DetailCostCenter,Everyone,30-14-6410-5088,TransformOneToOne,Advertisment,MWU76011,false,
US,UD3_Chempax_MAFCO,UD3_Chempax,U3,DetailCostCenter,Everyone,30-14-6410-5109,TransformOneToOne,Advertisment MAG,MWU72400,false,
US,UD3_Chempax_MAFCO,UD3_Chempax,U3,DetailCostCenter,Everyone,30-14-6420-2088,TransformOneToOne,Guard Svc,MWU63602,false,
US,UD3_Chempax_MAFCO,UD3_Chempax,U3,DetailCostCenter,Everyone,30-14-6420-2109,TransformOneToOne,Guard Svc,MWU63602,false,
US,UD3_Chempax_MAFCO,UD3_Chempax,U3,DetailCostCenter,Everyone,30-14-6430-2088,TransformOneToOne,Travel,MWU63602,false,
US,UD3_Chempax_MAFCO,UD3_Chempax,U3,DetailCostCenter,Everyone,30-14-6430-2095,TransformOneToOne,Travel Restr,MWU66113,false,
US,UD3_Chempax_MAFCO,UD3_Chempax,U3,DetailCostCenter,Everyone,30-14-6430-2109,TransformOneToOne,Travel,MWU63602,false,
US,UD3_Chempax_MAFCO,UD3_Chempax,U3,DetailCostCenter,Everyone,30-14-6430-5088,TransformOneToOne,R&D Travel,MWU76011,false,
US,UD3_Chempax_MAFCO,UD3_Chempax,U3,DetailCostCenter,Everyone,30-14-6430-5109,TransformOneToOne,Travel,MWU74102,false,
US,UD3_Chempax_MAFCO,UD3_Chempax,U3,DetailCostCenter,Everyone,30-14-6430-5720,TransformOneToOne,Adjust-MAG Other Exp,MWU73545,false,
US,UD3_Chempax_MAFCO,UD3_Chempax,U3,DetailCostCenter,Everyone,30-14-6440-2088,TransformOneToOne,Stationery Supply,MWU63602,false,
US,UD3_Chempax_MAFCO,UD3_Chempax,U3,DetailCostCenter,Everyone,30-14-6440-2109,TransformOneToOne,Stationery Supply,MWU63602,false,
US,UD3_Chempax_MAFCO,UD3_Chempax,U3,DetailCostCenter,Everyone,30-14-6440-5088,TransformOneToOne,Stationery Supply,MWU76011,false,
US,UD3_Chempax_MAFCO,UD3_Chempax,U3,DetailCostCenter,Everyone,30-14-6440-5109,TransformOneToOne,Stationery Supply,MWU74102,false,
US,UD3_Chempax_MAFCO,UD3_Chempax,U3,DetailCostCenter,Everyone,30-14-6450-2088,TransformOneToOne,Commission Inc,MWU63602,false,
US,UD3_Chempax_MAFCO,UD3_Chempax,U3,DetailCostCenter,Everyone,30-14-6460-2088,TransformOneToOne,Communication,MWU63602,false,
US,UD3_Chempax_MAFCO,UD3_Chempax,U3,DetailCostCenter,Everyone,30-14-6460-5088,TransformOneToOne,Communication,MWU76011,false,
US,UD3_Chempax_MAFCO,UD3_Chempax,U3,DetailCostCenter,Everyone,30-14-6470-2088,TransformOneToOne,Commission Exp,MWU63602,false,
US,UD3_Chempax_MAFCO,UD3_Chempax,U3,DetailCostCenter,Everyone,30-14-6480-2088,TransformOneToOne,Dues & Subsc,MWU63602,false,
US,UD3_Chempax_MAFCO,UD3_Chempax,U3,DetailCostCenter,Everyone,30-14-6480-5088,TransformOneToOne,Dues & Subsc,MWU76011,false,
US,UD3_Chempax_MAFCO,UD3_Chempax,U3,DetailCostCenter,Everyone,30-14-6480-5109,TransformOneToOne,Dues & Subscriptions,MWU74102,false,
US,UD3_Chempax_MAFCO,UD3_Chempax,U3,DetailCostCenter,Everyone,30-14-6490-2088,TransformOneToOne,Shutdown,MWU63602,false,
US,UD3_Chempax_MAFCO,UD3_Chempax,U3,DetailCostCenter,Everyone,30-14-6500-2088,TransformOneToOne,Contribution Exp,MWU63602,false,
US,UD3_Chempax_MAFCO,UD3_Chempax,U3,DetailCostCenter,Everyone,30-14-6510-2088,TransformOneToOne,Bank Fees,MWU63602,false,
US,UD3_Chempax_MAFCO,UD3_Chempax,U3,DetailCostCenter,Everyone,30-14-6510-5088,TransformOneToOne,Bank Fees,MWU76011,false,
US,UD3_Chempax_MAFCO,UD3_Chempax,U3,DetailCostCenter,Everyone,30-14-6510-5109,TransformOneToOne,Bank Fees,MWU74102,false,
US,UD3_Chempax_MAFCO,UD3_Chempax,U3,DetailCostCenter,Everyone,30-14-6520-2088,TransformOneToOne,Education Exp,MWU63602,false,
US,UD3_Chempax_MAFCO,UD3_Chempax,U3,DetailCostCenter,Everyone,30-14-6520-5109,TransformOneToOne,Education Exp,MWU74102,false,
US,UD3_Chempax_MAFCO,UD3_Chempax,U3,DetailCostCenter,Everyone,30-14-6540-2088,TransformOneToOne,Enviro Exp,MWU63602,false,
US,UD3_Chempax_MAFCO,UD3_Chempax,U3,DetailCostCenter,Everyone,30-14-6540-2109,TransformOneToOne,Enviro Exp,MWU63602,false,
US,UD3_Chempax_MAFCO,UD3_Chempax,U3,DetailCostCenter,Everyone,30-14-6550-2088,TransformOneToOne,Alarm System,MWU63602,false,
US,UD3_Chempax_MAFCO,UD3_Chempax,U3,DetailCostCenter,Everyone,30-14-6720-2088,TransformOneToOne,CC Alloc,MWU63602,false,
US,UD3_Chempax_MAFCO,UD3_Chempax,U3,DetailCostCenter,Everyone,30-14-6810-2095,TransformOneToOne,Fixed Asset Retire,MWU74502,false,
US,UD3_Chempax_MAFCO,UD3_Chempax,U3,DetailCostCenter,Everyone,30-14-8155-2015,TransformOneToOne,Employer 401K Contributions,MWU66121,false,
US,UD3_Chempax_MAFCO,UD3_Chempax,U3,DetailCostCenter,Everyone,30-14-8250-2015,TransformOneToOne,Fringe Alloc,MWU66121,false,
US,UD3_Chempax_MAFCO,UD3_Chempax,U3,DetailCostCenter,Everyone,30-14-8250-2088,TransformOneToOne,Fringe Alloc,MWU63602,false,
US,UD3_Chempax_MAFCO,UD3_Chempax,U3,DetailCostCenter,Everyone,30-14-8250-2095,TransformOneToOne,Fringe Alloc – Mag Restr,MWU66113,false,
US,UD3_Chempax_MAFCO,UD3_Chempax,U3,DetailCostCenter,Everyone,30-14-8250-5088,TransformOneToOne,Fringe Alloc,MWU76011,false,
US,UD3_Chempax_MAFCO,UD3_Chempax,U3,DetailCostCenter,Everyone,30-15-6270-5093,TransformOneToOne,Salary Exp,MWU73545,false,
US,UD3_Chempax_MAFCO,UD3_Chempax,U3,DetailCostCenter,Everyone,30-15-6280-5093,TransformOneToOne,Salary Fringe,MWU73545,false,
US,UD3_Chempax_MAFCO,UD3_Chempax,U3,DetailCostCenter,Everyone,30-15-6340-2000,TransformOneToOne,Depreciation,MWU63601,false,
US,UD3_Chempax_MAFCO,UD3_Chempax,U3,DetailCostCenter,Everyone,30-15-6340-2090,TransformOneToOne,Depreciation,MWU63601,false,
US,UD3_Chempax_MAFCO,UD3_Chempax,U3,DetailCostCenter,Everyone,30-15-6350-5093,TransformOneToOne,Taxes & Lic,MWU73545,false,
US,UD3_Chempax_MAFCO,UD3_Chempax,U3,DetailCostCenter,Everyone,30-15-6360-5093,TransformOneToOne,Insurance,MWU73545,false,
US,UD3_Chempax_MAFCO,UD3_Chempax,U3,DetailCostCenter,Everyone,30-15-6370-5093,TransformOneToOne,Travel Nonded,MWU73545,false,
US,UD3_Chempax_MAFCO,UD3_Chempax,U3,DetailCostCenter,Everyone,30-15-6380-5093,TransformOneToOne,Prof Svcs,MWU73545,false,
US,UD3_Chempax_MAFCO,UD3_Chempax,U3,DetailCostCenter,Everyone,30-15-6381-5093,TransformOneToOne,Prof Svcs - Legal,MWU73545,false,
US,UD3_Chempax_MAFCO,UD3_Chempax,U3,DetailCostCenter,Everyone,30-15-6382-5093,TransformOneToOne,Prof serv - audit,MWU73545,false,
US,UD3_Chempax_MAFCO,UD3_Chempax,U3,DetailCostCenter,Everyone,30-15-6390-,TransformOneToOne,Other Expense,MWU73545,false,
US,UD3_Chempax_MAFCO,UD3_Chempax,U3,DetailCostCenter,Everyone,30-15-6390-0093,TransformOneToOne,Other Exp,MWU73545,false,
US,UD3_Chempax_MAFCO,UD3_Chempax,U3,DetailCostCenter,Everyone,30-15-6390-5093,TransformOneToOne,Other Exp Pneumo,MWU73545,false,
US,UD3_Chempax_MAFCO,UD3_Chempax,U3,DetailCostCenter,Everyone,30-15-6430-5093,TransformOneToOne,Travel,MWU73545,false,
US,UD3_Chempax_MAFCO,UD3_Chempax,U3,DetailCostCenter,Everyone,30-15-6500-5093,TransformOneToOne,Contribution Exp,MWU73545,false,
US,UD3_Chempax_MAFCO,UD3_Chempax,U3,DetailCostCenter,Everyone,30-15-6510-5093,TransformOneToOne,Bank Fees Pneumo,MWU73545,false,
US,UD3_Chempax_MAFCO,UD3_Chempax,U3,DetailCostCenter,Everyone,30-15-6880-5093,TransformOneToOne,Alloc Admin,MWU73545,false,
US,UD3_Chempax_MAFCO,UD3_Chempax,U3,DetailCostCenter,Everyone,30-15-6881-,TransformOneToOne,,MWU73545,false,
US,UD3_Chempax_MAFCO,UD3_Chempax,U3,DetailCostCenter,Everyone,30-15-6881-5094,TransformOneToOne,IC Beneficial Services,MWU73545,false,
US,UD3_Chempax_MAFCO,UD3_Chempax,U3,DetailCostCenter,Everyone,30-15-6882-,TransformOneToOne,,MWU73545,false,
US,UD3_Chempax_MAFCO,UD3_Chempax,U3,DetailCostCenter,Everyone,30-15-6883-,TransformOneToOne,,MWU73545,false,
US,UD3_Chempax_MAFCO,UD3_Chempax,U3,DetailCostCenter,Everyone,30-15-6884-,TransformOneToOne,,MWU73545,false,
US,UD3_Chempax_MAFCO,UD3_Chempax,U3,DetailCostCenter,Everyone,30-15-6885-,TransformOneToOne,,MWU73545,false,
US,UD3_Chempax_MAFCO,UD3_Chempax,U3,DetailCostCenter,Everyone,30-15-6886-,TransformOneToOne,,MWU73545,false,
US,UD3_Chempax_MAFCO,UD3_Chempax,U3,DetailCostCenter,Everyone,30-15-7900-5093,TransformOneToOne,Pension Top Hat,MWU73545,false,
US,UD3_Chempax_MAFCO,UD3_Chempax,U3,DetailCostCenter,Everyone,30-15-8010-5093,TransformOneToOne,FICA Exp,MWU73545,false,
US,UD3_Chempax_MAFCO,UD3_Chempax,U3,DetailCostCenter,Everyone,30-15-8030-5093,TransformOneToOne,Unemployment Exp,MWU73545,false,
US,UD3_Chempax_MAFCO,UD3_Chempax,U3,DetailCostCenter,Everyone,30-15-8120-5093,TransformOneToOne,Vacation Exp,MWU73545,false,
US,UD3_Chempax_MAFCO,UD3_Chempax,U3,DetailCostCenter,Everyone,30-15-8140-5093,TransformOneToOne,Pension Exp,MWU73545,false,
US,UD3_Chempax_MAFCO,UD3_Chempax,U3,DetailCostCenter,Everyone,30-16-6340-2000,TransformOneToOne,Depreciation,MWU63601,false,
US,UD3_Chempax_MAFCO,UD3_Chempax,U3,DetailCostCenter,Everyone,30-16-6340-2090,TransformOneToOne,Depreciation,MWU63601,false,
US,UD3_Chempax_MAFCO,UD3_Chempax,U3,DetailCostCenter,Everyone,30-16-6340-5090,TransformOneToOne,Depreciation,MWU73545,false,
US,UD3_Chempax_MAFCO,UD3_Chempax,U3,DetailCostCenter,Everyone,30-16-6820-0090,TransformOneToOne,Amortz Goodwill,MWU73545,false,
US,UD3_Chempax_MAFCO,UD3_Chempax,U3,DetailCostCenter,Everyone,30-16-6830-0090,TransformOneToOne,Amortz Prod Formula,MWU73545,false,
US,UD3_Chempax_MAFCO,UD3_Chempax,U3,DetailCostCenter,Everyone,30-16-8170-5090,TransformOneToOne,Health & Life Ins Ex,MWU73545,false,
US,UD3_Chempax_MAFCO,UD3_Chempax,U3,DetailCostCenter,Everyone,30-16-8180-5090,TransformOneToOne,Pension Exp Purch-Sa,MWU73545,false,
US,UD3_Chempax_MAFCO,UD3_Chempax,U3,DetailCostCenter,Everyone,30-16-8200-2090,TransformOneToOne,Fringe Alloc-Neal,MWU63601,false,
US,UD3_Chempax_MAFCO,UD3_Chempax,U3,DetailCostCenter,Everyone,30-16-8200-5090,TransformOneToOne,Fringe Alloc-Neal,MWU73545,false,
US,UD3_Chempax_MAFCO,UD3_Chempax,U3,DetailCostCenter,Everyone,30-20-1646-,TransformOneToOne,Deposits-Long Term,CC_BalSheet,false,
US,UD3_Chempax_MAFCO,UD3_Chempax,U3,DetailCostCenter,Everyone,30-20-1821-,TransformOneToOne,LHI Asset,CC_BalSheet,false,
US,UD3_Chempax_MAFCO,UD3_Chempax,U3,DetailCostCenter,Everyone,30-20-1826,TransformOneToOne,LHI Accumulated Depreciation,CC_BalSheet,false,
US,UD3_Chempax_MAFCO,UD3_Chempax,U3,DetailCostCenter,Everyone,30-20-3040-,TransformOneToOne,Freight Out,MWU63603,false,
US,UD3_Chempax_MAFCO,UD3_Chempax,U3,DetailCostCenter,Everyone,30-20-3040-2095,TransformOneToOne,Freight Restr,MWU66113,false,
US,UD3_Chempax_MAFCO,UD3_Chempax,U3,DetailCostCenter,Everyone,30-20-4200-2626,TransformOneToOne,Cost of sales other,MWU63603,false,
US,UD3_Chempax_MAFCO,UD3_Chempax,U3,DetailCostCenter,Everyone,30-20-5020-2626,TransformOneToOne,Raw Matls Used,MWU63603,false,
US,UD3_Chempax_MAFCO,UD3_Chempax,U3,DetailCostCenter,Everyone,30-20-5030-2100,TransformOneToOne,Don't Use,MWU63603,false,
US,UD3_Chempax_MAFCO,UD3_Chempax,U3,DetailCostCenter,Everyone,30-20-5030-2626,TransformOneToOne,Proc Matl Used-Lic,MWU63603,false,
US,UD3_Chempax_MAFCO,UD3_Chempax,U3,DetailCostCenter,Everyone,30-20-5040-2626,TransformOneToOne,Packaging materials,MWU63603,false,
US,UD3_Chempax_MAFCO,UD3_Chempax,U3,DetailCostCenter,Everyone,30-20-5500-2626,TransformOneToOne,Drayage,MWU63603,false,
US,UD3_Chempax_MAFCO,UD3_Chempax,U3,DetailCostCenter,Everyone,30-20-5510-2626,TransformOneToOne,Demurage,MWU63603,false,
US,UD3_Chempax_MAFCO,UD3_Chempax,U3,DetailCostCenter,Everyone,30-20-5900-2626,TransformOneToOne,Inv Adjust-NP,MWU63603,false,
US,UD3_Chempax_MAFCO,UD3_Chempax,U3,DetailCostCenter,Everyone,30-20-5910-2626,TransformOneToOne,Mfg vs Std-NP,MWU66995,false,
US,UD3_Chempax_MAFCO,UD3_Chempax,U3,DetailCostCenter,Everyone,30-20-5940-2626,TransformOneToOne,Purchase Var-NP,MWU67900,false,
US,UD3_Chempax_MAFCO,UD3_Chempax,U3,DetailCostCenter,Everyone,30-20-6070-2626,TransformOneToOne,Freight in,MWU60160,false,
US,UD3_Chempax_MAFCO,UD3_Chempax,U3,DetailCostCenter,Everyone,30-20-6070-6262,TransformOneToOne,Use 6070-2626,MWU60160,false,
US,UD3_Chempax_MAFCO,UD3_Chempax,U3,DetailCostCenter,Everyone,30-20-6080-2127,TransformOneToOne,Operat Supplies QA,MWU63603,false,
US,UD3_Chempax_MAFCO,UD3_Chempax,U3,DetailCostCenter,Everyone,30-20-6080-2626,TransformOneToOne,Operating Supplies,MWU63603,false,
US,UD3_Chempax_MAFCO,UD3_Chempax,U3,DetailCostCenter,Everyone,30-20-6090-2626,TransformOneToOne,Water & Sewer,MWU66500,false,
US,UD3_Chempax_MAFCO,UD3_Chempax,U3,DetailCostCenter,Everyone,30-20-6110-2626,TransformOneToOne,Electricity,MWU66500,false,
US,UD3_Chempax_MAFCO,UD3_Chempax,U3,DetailCostCenter,Everyone,30-20-6120-2626,TransformOneToOne,Gas Used,MWU66500,false,
US,UD3_Chempax_MAFCO,UD3_Chempax,U3,DetailCostCenter,Everyone,30-20-6130-2626,TransformOneToOne,Fuel Used,MWU66500,false,
US,UD3_Chempax_MAFCO,UD3_Chempax,U3,DetailCostCenter,Everyone,30-20-6140-2626,TransformOneToOne,Power Purchased,MWU66500,false,
US,UD3_Chempax_MAFCO,UD3_Chempax,U3,DetailCostCenter,Everyone,30-20-6150-2127,TransformOneToOne,Repair Material,MWU66110,false,
US,UD3_Chempax_MAFCO,UD3_Chempax,U3,DetailCostCenter,Everyone,30-20-6150-2626,TransformOneToOne,Repair Material,MWU63603,false,
US,UD3_Chempax_MAFCO,UD3_Chempax,U3,DetailCostCenter,Everyone,30-20-6150-5632,TransformOneToOne,Repair Material,MWU73545,false,
US,UD3_Chempax_MAFCO,UD3_Chempax,U3,DetailCostCenter,Everyone,30-20-6160-2059,TransformOneToOne,Repair Service,MWU66995,false,
US,UD3_Chempax_MAFCO,UD3_Chempax,U3,DetailCostCenter,Everyone,30-20-6160-2626,TransformOneToOne,Repair Service,MWU63603,false,
US,UD3_Chempax_MAFCO,UD3_Chempax,U3,DetailCostCenter,Everyone,30-20-6160-5632,TransformOneToOne,Repair Service,MWU73545,false,
US,UD3_Chempax_MAFCO,UD3_Chempax,U3,DetailCostCenter,Everyone,30-20-6170-2626,TransformOneToOne,Repair Mafco Labor,MWU63603,false,
US,UD3_Chempax_MAFCO,UD3_Chempax,U3,DetailCostCenter,Everyone,30-20-6210-2626,TransformOneToOne,Labor,MWU63603,false,
US,UD3_Chempax_MAFCO,UD3_Chempax,U3,DetailCostCenter,Everyone,30-20-6211-2626,TransformOneToOne,Overtime - hourly,MWU63603,false,
US,UD3_Chempax_MAFCO,UD3_Chempax,U3,DetailCostCenter,Everyone,30-20-6215-2626,TransformOneToOne,Annual Incentive Plan Hourly,MWU63603,false,
US,UD3_Chempax_MAFCO,UD3_Chempax,U3,DetailCostCenter,Everyone,30-20-6220-2626,TransformOneToOne,Labor Fringe,MWU63603,false,
US,UD3_Chempax_MAFCO,UD3_Chempax,U3,DetailCostCenter,Everyone,30-20-6270-2127,TransformOneToOne,Salary Exp,MWU66110,false,
US,UD3_Chempax_MAFCO,UD3_Chempax,U3,DetailCostCenter,Everyone,30-20-6270-2626,TransformOneToOne,Salary Exp,MWU63603,false,
US,UD3_Chempax_MAFCO,UD3_Chempax,U3,DetailCostCenter,Everyone,30-20-6270-5632,TransformOneToOne,Salary Exp,MWU73545,false,
US,UD3_Chempax_MAFCO,UD3_Chempax,U3,DetailCostCenter,Everyone,30-20-6274-2101,TransformOneToOne,Annual Incentive Plan,MWU63603,false,
US,UD3_Chempax_MAFCO,UD3_Chempax,U3,DetailCostCenter,Everyone,30-20-6274-2127,TransformOneToOne,Annual Incentive Plan,MWU66110,false,
US,UD3_Chempax_MAFCO,UD3_Chempax,U3,DetailCostCenter,Everyone,30-20-6274-2626,TransformOneToOne,Annual Incentive Plan,MWU63603,false,
US,UD3_Chempax_MAFCO,UD3_Chempax,U3,DetailCostCenter,Everyone,30-20-6280-2127,TransformOneToOne,Salary Fringe,MWU66110,false,
US,UD3_Chempax_MAFCO,UD3_Chempax,U3,DetailCostCenter,Everyone,30-20-6280-2626,TransformOneToOne,Salary Fringe,MWU63603,false,
US,UD3_Chempax_MAFCO,UD3_Chempax,U3,DetailCostCenter,Everyone,30-20-6280-5632,TransformOneToOne,Salary Fringe,MWU73545,false,
US,UD3_Chempax_MAFCO,UD3_Chempax,U3,DetailCostCenter,Everyone,30-20-6290-2626,TransformOneToOne,Club Dues,MWU63603,false,
US,UD3_Chempax_MAFCO,UD3_Chempax,U3,DetailCostCenter,Everyone,30-20-6310-2626,TransformOneToOne,Safety Exp,MWU63603,false,
US,UD3_Chempax_MAFCO,UD3_Chempax,U3,DetailCostCenter,Everyone,30-20-6320-2626,TransformOneToOne,Occup Alloc,MWU66500,false,
US,UD3_Chempax_MAFCO,UD3_Chempax,U3,DetailCostCenter,Everyone,30-20-6330-2626,TransformOneToOne,Rent,MWU63603,false,
US,UD3_Chempax_MAFCO,UD3_Chempax,U3,DetailCostCenter,Everyone,30-20-6330-5632,TransformOneToOne,Rent,MWU73545,false,
US,UD3_Chempax_MAFCO,UD3_Chempax,U3,DetailCostCenter,Everyone,30-20-6334-,TransformOneToOne,Operat Lease-Fixed,MWU73545,false,
US,UD3_Chempax_MAFCO,UD3_Chempax,U3,DetailCostCenter,Everyone,30-20-6334-2626,TransformOneToOne,ASC 842 Operating Lease ,MWU63603,false,
US,UD3_Chempax_MAFCO,UD3_Chempax,U3,DetailCostCenter,Everyone,30-20-6335-,TransformOneToOne,Oper Lease-Variable,MWU73900,false,
US,UD3_Chempax_MAFCO,UD3_Chempax,U3,DetailCostCenter,Everyone,30-20-6335-2626,TransformOneToOne,Oper Lease-Variable ,MWU63603,false,
US,UD3_Chempax_MAFCO,UD3_Chempax,U3,DetailCostCenter,Everyone,30-20-6337-2626,TransformOneToOne,Rent-Leased Property,MWU63603,false,
US,UD3_Chempax_MAFCO,UD3_Chempax,U3,DetailCostCenter,Everyone,30-20-6340-0091,TransformOneToOne,Depreciation,MWU73545,false,
US,UD3_Chempax_MAFCO,UD3_Chempax,U3,DetailCostCenter,Everyone,30-20-6340-2059,TransformOneToOne,Depreciation,MWU63601,false,
US,UD3_Chempax_MAFCO,UD3_Chempax,U3,DetailCostCenter,Everyone,30-20-6340-2061,TransformOneToOne,Depreciation,MWU63603,false,
US,UD3_Chempax_MAFCO,UD3_Chempax,U3,DetailCostCenter,Everyone,30-20-6340-2105,TransformOneToOne,Depreciation,MWU63603,false,
US,UD3_Chempax_MAFCO,UD3_Chempax,U3,DetailCostCenter,Everyone,30-20-6340-2109,TransformOneToOne,Depreciation,MWU63602,false,
US,UD3_Chempax_MAFCO,UD3_Chempax,U3,DetailCostCenter,Everyone,30-20-6340-2121,TransformOneToOne,Depreciation,MWU63603,false,
US,UD3_Chempax_MAFCO,UD3_Chempax,U3,DetailCostCenter,Everyone,30-20-6340-2124,TransformOneToOne,Depreciation,MWU63603,false,
US,UD3_Chempax_MAFCO,UD3_Chempax,U3,DetailCostCenter,Everyone,30-20-6340-2127,TransformOneToOne,Depreciation,MWU63603,false,
US,UD3_Chempax_MAFCO,UD3_Chempax,U3,DetailCostCenter,Everyone,30-20-6340-2128,TransformOneToOne,Depreciation,MWU63603,false,
US,UD3_Chempax_MAFCO,UD3_Chempax,U3,DetailCostCenter,Everyone,30-20-6340-2200,TransformOneToOne,Depreciation Buildin,MWU63603,false,
US,UD3_Chempax_MAFCO,UD3_Chempax,U3,DetailCostCenter,Everyone,30-20-6340-2201,TransformOneToOne,Depreciation,MWU63603,false,
US,UD3_Chempax_MAFCO,UD3_Chempax,U3,DetailCostCenter,Everyone,30-20-6340-2626,TransformOneToOne,Depreciation,MWU63603,false,
US,UD3_Chempax_MAFCO,UD3_Chempax,U3,DetailCostCenter,Everyone,30-20-6340-5091,TransformOneToOne,Depreciation,MWU73545,false,
US,UD3_Chempax_MAFCO,UD3_Chempax,U3,DetailCostCenter,Everyone,30-20-6340-5632,TransformOneToOne,Depreciation,MWU73545,false,
US,UD3_Chempax_MAFCO,UD3_Chempax,U3,DetailCostCenter,Everyone,30-20-6350-2626,TransformOneToOne,Taxes & Lic,MWU63603,false,
US,UD3_Chempax_MAFCO,UD3_Chempax,U3,DetailCostCenter,Everyone,30-20-6350-5632,TransformOneToOne,Taxes & Lic,MWU73545,false,
US,UD3_Chempax_MAFCO,UD3_Chempax,U3,DetailCostCenter,Everyone,30-20-6360-2626,TransformOneToOne,Insurance,MWU66121,false,
US,UD3_Chempax_MAFCO,UD3_Chempax,U3,DetailCostCenter,Everyone,30-20-6360-5632,TransformOneToOne,Insurance,MWU73545,false,
US,UD3_Chempax_MAFCO,UD3_Chempax,U3,DetailCostCenter,Everyone,30-20-6370-2626,TransformOneToOne,Travel Nonded,MWU63603,false,
US,UD3_Chempax_MAFCO,UD3_Chempax,U3,DetailCostCenter,Everyone,30-20-6370-5632,TransformOneToOne,Travel Nonded,MWU73545,false,
US,UD3_Chempax_MAFCO,UD3_Chempax,U3,DetailCostCenter,Everyone,30-20-6380-2127,TransformOneToOne,Prof Svcs QA,MWU63603,false,
US,UD3_Chempax_MAFCO,UD3_Chempax,U3,DetailCostCenter,Everyone,30-20-6380-2626,TransformOneToOne,Prof Svcs,MWU63603,false,
US,UD3_Chempax_MAFCO,UD3_Chempax,U3,DetailCostCenter,Everyone,30-20-6380-5088,TransformOneToOne,Senez Consulting charges,MWU76011,false,
US,UD3_Chempax_MAFCO,UD3_Chempax,U3,DetailCostCenter,Everyone,30-20-6380-5632,TransformOneToOne,Prof Svcs,MWU73545,false,
US,UD3_Chempax_MAFCO,UD3_Chempax,U3,DetailCostCenter,Everyone,30-20-6381-5632,TransformOneToOne,Prof Svcs - Legal,MWU73545,false,
US,UD3_Chempax_MAFCO,UD3_Chempax,U3,DetailCostCenter,Everyone,30-20-6383-2626,TransformOneToOne,Prof Serv IT,MWU63603,false,
US,UD3_Chempax_MAFCO,UD3_Chempax,U3,DetailCostCenter,Everyone,30-20-6390-2127,TransformOneToOne,Other Exp,MWU66110,false,
US,UD3_Chempax_MAFCO,UD3_Chempax,U3,DetailCostCenter,Everyone,30-20-6390-2626,TransformOneToOne,Other Exp,MWU63603,false,
US,UD3_Chempax_MAFCO,UD3_Chempax,U3,DetailCostCenter,Everyone,30-20-6390-5014,TransformOneToOne,Other Exp,MWU73545,false,
US,UD3_Chempax_MAFCO,UD3_Chempax,U3,DetailCostCenter,Everyone,30-20-6390-5632,TransformOneToOne,Other Exp,MWU73545,false,
US,UD3_Chempax_MAFCO,UD3_Chempax,U3,DetailCostCenter,Everyone,30-20-6400-2626,TransformOneToOne,Meal Allow,MWU63603,false,
US,UD3_Chempax_MAFCO,UD3_Chempax,U3,DetailCostCenter,Everyone,30-20-6410-2626,TransformOneToOne,Advertisement,MWU72400,false,
US,UD3_Chempax_MAFCO,UD3_Chempax,U3,DetailCostCenter,Everyone,30-20-6410-5632,TransformOneToOne,Advertisement,MWU72400,false,
US,UD3_Chempax_MAFCO,UD3_Chempax,U3,DetailCostCenter,Everyone,30-20-6420-2626,TransformOneToOne,Guard Svc,MWU63603,false,
US,UD3_Chempax_MAFCO,UD3_Chempax,U3,DetailCostCenter,Everyone,30-20-6430-2127,TransformOneToOne,Travel,MWU66110,false,
US,UD3_Chempax_MAFCO,UD3_Chempax,U3,DetailCostCenter,Everyone,30-20-6430-2626,TransformOneToOne,Travel,MWU63603,false,
US,UD3_Chempax_MAFCO,UD3_Chempax,U3,DetailCostCenter,Everyone,30-20-6430-5004,TransformOneToOne,Travel,MWU73550,false,
US,UD3_Chempax_MAFCO,UD3_Chempax,U3,DetailCostCenter,Everyone,30-20-6430-5632,TransformOneToOne,Travel,MWU73545,false,
US,UD3_Chempax_MAFCO,UD3_Chempax,U3,DetailCostCenter,Everyone,30-20-6440-2127,TransformOneToOne,Stationary Supply,MWU66110,false,
US,UD3_Chempax_MAFCO,UD3_Chempax,U3,DetailCostCenter,Everyone,30-20-6440-2626,TransformOneToOne,Stationery Supply,MWU63603,false,
US,UD3_Chempax_MAFCO,UD3_Chempax,U3,DetailCostCenter,Everyone,30-20-6440-5632,TransformOneToOne,Stationery Supply,MWU73545,false,
US,UD3_Chempax_MAFCO,UD3_Chempax,U3,DetailCostCenter,Everyone,30-20-6460-5006,TransformOneToOne,Communication,MWU74700,false,
US,UD3_Chempax_MAFCO,UD3_Chempax,U3,DetailCostCenter,Everyone,30-20-6460-5632,TransformOneToOne,Communication,MWU73545,false,
US,UD3_Chempax_MAFCO,UD3_Chempax,U3,DetailCostCenter,Everyone,30-20-6470-5632,TransformOneToOne,Commission Exp,MWU73545,false,
US,UD3_Chempax_MAFCO,UD3_Chempax,U3,DetailCostCenter,Everyone,30-20-6480-2626,TransformOneToOne,Memberships and Subscriptions,MWU63603,false,
US,UD3_Chempax_MAFCO,UD3_Chempax,U3,DetailCostCenter,Everyone,30-20-6480-5632,TransformOneToOne,Dues & Subsc,MWU73545,false,
US,UD3_Chempax_MAFCO,UD3_Chempax,U3,DetailCostCenter,Everyone,30-20-6490-5632,TransformOneToOne,Shutdown,MWU73545,false,
US,UD3_Chempax_MAFCO,UD3_Chempax,U3,DetailCostCenter,Everyone,30-20-6500-5632,TransformOneToOne,Contribution Exp,MWU73545,false,
US,UD3_Chempax_MAFCO,UD3_Chempax,U3,DetailCostCenter,Everyone,30-20-6510-2127,TransformOneToOne,Bank Fees,MWU66110,false,
US,UD3_Chempax_MAFCO,UD3_Chempax,U3,DetailCostCenter,Everyone,30-20-6510-5632,TransformOneToOne,Bank Fees,MWU73545,false,
US,UD3_Chempax_MAFCO,UD3_Chempax,U3,DetailCostCenter,Everyone,30-20-6520-5632,TransformOneToOne,Education Exp,MWU73545,false,
US,UD3_Chempax_MAFCO,UD3_Chempax,U3,DetailCostCenter,Everyone,30-20-6720-2626,TransformOneToOne,CC Alloc,MWU63603,false,
US,UD3_Chempax_MAFCO,UD3_Chempax,U3,DetailCostCenter,Everyone,30-20-6870-5632,TransformOneToOne,Bad Debt,MWU73545,false,
US,UD3_Chempax_MAFCO,UD3_Chempax,U3,DetailCostCenter,Everyone,30-20-8010-2015,TransformOneToOne,FICA Exp,MWU66121,false,
US,UD3_Chempax_MAFCO,UD3_Chempax,U3,DetailCostCenter,Everyone,30-20-8010-2626,TransformOneToOne,FICA Exp,MWU63603,false,
US,UD3_Chempax_MAFCO,UD3_Chempax,U3,DetailCostCenter,Everyone,30-20-8010-5014,TransformOneToOne,FICA Exp,MWU73545,false,
US,UD3_Chempax_MAFCO,UD3_Chempax,U3,DetailCostCenter,Everyone,30-20-8010-5632,TransformOneToOne,FICA Exp,MWU73545,false,
US,UD3_Chempax_MAFCO,UD3_Chempax,U3,DetailCostCenter,Everyone,30-20-8020-2015,TransformOneToOne,FUTA Exp,MWU66121,false,
US,UD3_Chempax_MAFCO,UD3_Chempax,U3,DetailCostCenter,Everyone,30-20-8020-2626,TransformOneToOne,FUTA Exp,MWU63603,false,
US,UD3_Chempax_MAFCO,UD3_Chempax,U3,DetailCostCenter,Everyone,30-20-8020-5014,TransformOneToOne,FUTA Exp,MWU73545,false,
US,UD3_Chempax_MAFCO,UD3_Chempax,U3,DetailCostCenter,Everyone,30-20-8020-5632,TransformOneToOne,FUTA Exp,MWU73545,false,
US,UD3_Chempax_MAFCO,UD3_Chempax,U3,DetailCostCenter,Everyone,30-20-8030-2015,TransformOneToOne,Unemployment Exp,MWU66121,false,
US,UD3_Chempax_MAFCO,UD3_Chempax,U3,DetailCostCenter,Everyone,30-20-8030-2626,TransformOneToOne,Unemployment Exp,MWU63603,false,
US,UD3_Chempax_MAFCO,UD3_Chempax,U3,DetailCostCenter,Everyone,30-20-8030-5014,TransformOneToOne,Unemployment Exp,MWU73545,false,
US,UD3_Chempax_MAFCO,UD3_Chempax,U3,DetailCostCenter,Everyone,30-20-8030-5632,TransformOneToOne,Unemployment Exp,MWU73545,false,
US,UD3_Chempax_MAFCO,UD3_Chempax,U3,DetailCostCenter,Everyone,30-20-8050-2015,TransformOneToOne,Wrkman Comp Exp,MWU66121,false,
US,UD3_Chempax_MAFCO,UD3_Chempax,U3,DetailCostCenter,Everyone,30-20-8050-2626,TransformOneToOne,Wrkman Comp Exp,MWU63603,false,
US,UD3_Chempax_MAFCO,UD3_Chempax,U3,DetailCostCenter,Everyone,30-20-8050-5632,TransformOneToOne,Wrkman Comp Exp,MWU73545,false,
US,UD3_Chempax_MAFCO,UD3_Chempax,U3,DetailCostCenter,Everyone,30-20-8090-2015,TransformOneToOne,Wages-Other,MWU66121,false,
US,UD3_Chempax_MAFCO,UD3_Chempax,U3,DetailCostCenter,Everyone,30-20-8090-2626,TransformOneToOne,Wages-Other,MWU63603,false,
US,UD3_Chempax_MAFCO,UD3_Chempax,U3,DetailCostCenter,Everyone,30-20-8090-5632,TransformOneToOne,Wages-Other,MWU73545,false,
US,UD3_Chempax_MAFCO,UD3_Chempax,U3,DetailCostCenter,Everyone,30-20-8120-2015,TransformOneToOne,Vacation Exp,MWU66121,false,
US,UD3_Chempax_MAFCO,UD3_Chempax,U3,DetailCostCenter,Everyone,30-20-8120-2626,TransformOneToOne,Vacation Exp,MWU63603,false,
US,UD3_Chempax_MAFCO,UD3_Chempax,U3,DetailCostCenter,Everyone,30-20-8120-5014,TransformOneToOne,Vacation Exp,MWU73545,false,
US,UD3_Chempax_MAFCO,UD3_Chempax,U3,DetailCostCenter,Everyone,30-20-8120-5632,TransformOneToOne,Vacation Exp,MWU73545,false,
US,UD3_Chempax_MAFCO,UD3_Chempax,U3,DetailCostCenter,Everyone,30-20-8130-2626,TransformOneToOne,Pension Restoration,MWU63603,false,
US,UD3_Chempax_MAFCO,UD3_Chempax,U3,DetailCostCenter,Everyone,30-20-8130-5632,TransformOneToOne,Pension Restoration,MWU73545,false,
US,UD3_Chempax_MAFCO,UD3_Chempax,U3,DetailCostCenter,Everyone,30-20-8140-2015,TransformOneToOne,Pension Exp,MWU66121,false,
US,UD3_Chempax_MAFCO,UD3_Chempax,U3,DetailCostCenter,Everyone,30-20-8140-2626,TransformOneToOne,Pension Exp,MWU63603,false,
US,UD3_Chempax_MAFCO,UD3_Chempax,U3,DetailCostCenter,Everyone,30-20-8140-5632,TransformOneToOne,Pension Exp,MWU73545,false,
US,UD3_Chempax_MAFCO,UD3_Chempax,U3,DetailCostCenter,Everyone,30-20-8150-2015,TransformOneToOne,401K ROTH Exp,MWU66121,false,
US,UD3_Chempax_MAFCO,UD3_Chempax,U3,DetailCostCenter,Everyone,30-20-8150-2626,TransformOneToOne,401K Exp,MWU63603,false,
US,UD3_Chempax_MAFCO,UD3_Chempax,U3,DetailCostCenter,Everyone,30-20-8150-5014,TransformOneToOne,401K ROTH Exp,MWU73545,false,
US,UD3_Chempax_MAFCO,UD3_Chempax,U3,DetailCostCenter,Everyone,30-20-8150-5632,TransformOneToOne,401K Exp,MWU73545,false,
US,UD3_Chempax_MAFCO,UD3_Chempax,U3,DetailCostCenter,Everyone,30-20-8155-2626,TransformOneToOne,401K Match Exp,MWU63603,false,
US,UD3_Chempax_MAFCO,UD3_Chempax,U3,DetailCostCenter,Everyone,30-20-8160-2626,TransformOneToOne,Fringe-Other,MWU63603,false,
US,UD3_Chempax_MAFCO,UD3_Chempax,U3,DetailCostCenter,Everyone,30-20-8160-5632,TransformOneToOne,Fringe-Other,MWU73545,false,
US,UD3_Chempax_MAFCO,UD3_Chempax,U3,DetailCostCenter,Everyone,30-20-8170-2015,TransformOneToOne,Health & Life Ins Ex,MWU66121,false,
US,UD3_Chempax_MAFCO,UD3_Chempax,U3,DetailCostCenter,Everyone,30-20-8170-2626,TransformOneToOne,Health & Life Ins Ex,MWU63603,false,
US,UD3_Chempax_MAFCO,UD3_Chempax,U3,DetailCostCenter,Everyone,30-20-8170-5014,TransformOneToOne,Health & Life Ins Ex,MWU73545,false,
US,UD3_Chempax_MAFCO,UD3_Chempax,U3,DetailCostCenter,Everyone,30-20-8170-5632,TransformOneToOne,Health & Life Ins Ex,MWU73545,false,
US,UD3_Chempax_MAFCO,UD3_Chempax,U3,DetailCostCenter,Everyone,30-20-8180-2626,TransformOneToOne,Pension Exp Purch-Sa,MWU63603,false,
US,UD3_Chempax_MAFCO,UD3_Chempax,U3,DetailCostCenter,Everyone,30-20-8180-5632,TransformOneToOne,Pension Exp Purch-Sa,MWU73545,false,
US,UD3_Chempax_MAFCO,UD3_Chempax,U3,DetailCostCenter,Everyone,30-20-8200-5014,TransformOneToOne,Fringe Alloc-Neal,MWU73545,false,
US,UD3_Chempax_MAFCO,UD3_Chempax,U3,DetailCostCenter,Everyone,30-20-8200-5632,TransformOneToOne,Fringe Alloc-Neal,MWU73545,false,
US,UD3_Chempax_MAFCO,UD3_Chempax,U3,DetailCostCenter,Everyone,30-20-8250-2015,TransformOneToOne,Fringe Alloc,MWU66121,false,
US,UD3_Chempax_MAFCO,UD3_Chempax,U3,DetailCostCenter,Everyone,30-20-8250-2626,TransformOneToOne,Fringe Alloc,MWU63603,false,
US,UD3_Chempax_MAFCO,UD3_Chempax,U3,DetailCostCenter,Everyone,30-20-8250-5014,TransformOneToOne,Fringe Alloc,MWU73545,false,
US,UD3_Chempax_MAFCO,UD3_Chempax,U3,DetailCostCenter,Everyone,30-20-8250-5632,TransformOneToOne,Fringe Alloc,MWU73545,false,
US,UD3_Chempax_MAFCO,UD3_Chempax,U3,DetailCostCenter,Everyone,30-80-6370-5094,TransformOneToOne,Travel Nonded,MWU72500,false,
US,UD3_Chempax_MAFCO,UD3_Chempax,U3,DetailCostCenter,Everyone,30-80-6380-5094,TransformOneToOne,Prof Svcs,MWU72500,false,
US,UD3_Chempax_MAFCO,UD3_Chempax,U3,DetailCostCenter,Everyone,30-80-6390-5094,TransformOneToOne,Other Exp,MWU72500,false,
US,UD3_Chempax_MAFCO,UD3_Chempax,U3,DetailCostCenter,Everyone,30-80-6430-5094,TransformOneToOne,Travel,MWU72500,false,
US,UD3_Chempax_MAFCO,UD3_Chempax,U3,DetailCostCenter,Everyone,30-80-6880-5093,TransformOneToOne,Allocated M&F Exp,MWU73545,false,
US,UD3_Chempax_MAFCO,UD3_Chempax,U3,DetailCostCenter,Everyone,50-  -6340-,TransformOneToOne,Depreciation Purch,MWH73545,false,
US,UD3_Chempax_MAFCO,UD3_Chempax,U3,DetailCostCenter,Everyone,70-  -6340-5091,TransformOneToOne,Depreciation Purchas,MWC73545,false,
US,UD3_Chempax_MAFCO,UD3_Chempax,U3,DetailCostCenter,Everyone,70-  -6380-5094,TransformOneToOne,Prof Serv Fanzhi,MWC72500,false,
US,UD3_Chempax_MAFCO,UD3_Chempax,U3,DetailCostCenter,Everyone,70-  -6390-5091,TransformOneToOne,Other Exp,MWC73545,false,
US,UD3_Chempax_MAFCO,UD3_Chempax,U3,DetailCostCenter,Everyone,70-  -6410-5770,TransformOneToOne,Advertisment,MWC72400,false,
US,UD3_Chempax_MAFCO,UD3_Chempax,U3,DetailCostCenter,Everyone,70-  -6510-5091,TransformOneToOne,Bank Fees,MWC73545,false,
US,UD3_Chempax_MAFCO,UD3_Chempax,U3,DetailCostCenter,Everyone,70-  -6830-2090,TransformOneToOne,Amortz intang asset,MWC63601,false,
US,UD3_Chempax_MAFCO,UD3_Chempax,U3,DetailCostCenter,Everyone,70-  -9900-,TransformOneToOne,Extraordinary Item-N,MWC73545,false,
US,UD3_Chempax_MAFCO,UD3_Chempax,U3,DetailCostCenter,Everyone,70-70-6270-5770,TransformOneToOne,Salary Exp MS Dubai,MWC72500,false,
US,UD3_Chempax_MAFCO,UD3_Chempax,U3,DetailCostCenter,Everyone,70-70-6280-5770,TransformOneToOne,Salary Fringe,MWC72500,false,
US,UD3_Chempax_MAFCO,UD3_Chempax,U3,DetailCostCenter,Everyone,70-70-6330-5770,TransformOneToOne,Rent,MWC72500,false,
US,UD3_Chempax_MAFCO,UD3_Chempax,U3,DetailCostCenter,Everyone,70-70-6340-5770,TransformOneToOne,Depreciation,MWC72500,false,
US,UD3_Chempax_MAFCO,UD3_Chempax,U3,DetailCostCenter,Everyone,70-70-6350-5770,TransformOneToOne,Taxes & Lic,MWC72500,false,
US,UD3_Chempax_MAFCO,UD3_Chempax,U3,DetailCostCenter,Everyone,70-70-6360-5770,TransformOneToOne,Insurance,MWC72500,false,
US,UD3_Chempax_MAFCO,UD3_Chempax,U3,DetailCostCenter,Everyone,70-70-6370-5770,TransformOneToOne,Travel Nonded,MWC72500,false,
US,UD3_Chempax_MAFCO,UD3_Chempax,U3,DetailCostCenter,Everyone,70-70-6380-5770,TransformOneToOne,Prof Svcs,MWC72500,false,
US,UD3_Chempax_MAFCO,UD3_Chempax,U3,DetailCostCenter,Everyone,70-70-6390-5770,TransformOneToOne,Other Exp,MWC72500,false,
US,UD3_Chempax_MAFCO,UD3_Chempax,U3,DetailCostCenter,Everyone,70-70-6430-5770,TransformOneToOne,Travel,MWC72500,false,
US,UD3_Chempax_MAFCO,UD3_Chempax,U3,DetailCostCenter,Everyone,70-70-6440-5770,TransformOneToOne,Stationery Supply,MWC72500,false,
US,UD3_Chempax_MAFCO,UD3_Chempax,U3,DetailCostCenter,Everyone,70-70-6460-5770,TransformOneToOne,Communication,MWC72500,false,
US,UD3_Chempax_MAFCO,UD3_Chempax,U3,DetailCostCenter,Everyone,80-80-6270-5880,TransformOneToOne,Salary Exp,MWG73545,false,
US,UD3_Chempax_MAFCO,UD3_Chempax,U3,DetailCostCenter,Everyone,80-80-6330-5880,TransformOneToOne,Rent,MWG73545,false,
US,UD3_Chempax_MAFCO,UD3_Chempax,U3,DetailCostCenter,Everyone,80-80-6340-5880,TransformOneToOne,Depreciation,MWG73545,false,
US,UD3_Chempax_MAFCO,UD3_Chempax,U3,DetailCostCenter,Everyone,80-80-6350-5880,TransformOneToOne,Taxes & Lic,MWG73545,false,
US,UD3_Chempax_MAFCO,UD3_Chempax,U3,DetailCostCenter,Everyone,80-80-6360-5880,TransformOneToOne,Insurance,MWG73545,false,
US,UD3_Chempax_MAFCO,UD3_Chempax,U3,DetailCostCenter,Everyone,80-80-6370-5880,TransformOneToOne,Travel Nonded,MWG73545,false,
US,UD3_Chempax_MAFCO,UD3_Chempax,U3,DetailCostCenter,Everyone,80-80-6380-5880,TransformOneToOne,Prof Svcs,MWG73545,false,
US,UD3_Chempax_MAFCO,UD3_Chempax,U3,DetailCostCenter,Everyone,80-80-6390-5880,TransformOneToOne,Other Exp,MWG73545,false,
US,UD3_Chempax_MAFCO,UD3_Chempax,U3,DetailCostCenter,Everyone,80-80-6390-5881,TransformOneToOne,Bank Fees,MWG73545,false,
US,UD3_Chempax_MAFCO,UD3_Chempax,U3,DetailCostCenter,Everyone,80-80-6430-5880,TransformOneToOne,Travel,MWG73545,false,
US,UD3_Chempax_MAFCO,UD3_Chempax,U3,DetailCostCenter,Everyone,80-80-6440-5880,TransformOneToOne,Stationery Supply,MWG73545,false,
US,UD3_Chempax_MAFCO,UD3_Chempax,U3,DetailCostCenter,Everyone,80-80-6460-5880,TransformOneToOne,Communication,MWG73545,false,
US,UD3_Chempax_MAFCO,UD3_Chempax,U3,DetailCostCenter,Everyone,Mask,TransformMask,,(Unassigned),false,*
WEIFENG,UD3_Chempax_WF,UD3_Chempax_WF,U3,DetailCostCenter,Everyone,74-75-50302-,TransformOneToOne,Purchase Price Variance - Raw Materials,MFB67900,false,
WEIFENG,UD3_Chempax_WF,UD3_Chempax_WF,U3,DetailCostCenter,Everyone,74-75-50311-,TransformOneToOne,Inventory Revaluation - Raw Materials,MFB63601,false,
WEIFENG,UD3_Chempax_WF,UD3_Chempax_WF,U3,DetailCostCenter,Everyone,74-75-51101-,TransformOneToOne,Salaries,MFB73545,false,
WEIFENG,UD3_Chempax_WF,UD3_Chempax_WF,U3,DetailCostCenter,Everyone,74-75-51111-,TransformOneToOne,Provision for Doubtful Accounts,MFB75001,false,
WEIFENG,UD3_Chempax_WF,UD3_Chempax_WF,U3,DetailCostCenter,Everyone,74-75-51115-,TransformOneToOne,Miscellaneous Expense,MFB73545,false,
WEIFENG,UD3_Chempax_WF,UD3_Chempax_WF,U3,DetailCostCenter,Everyone,74-75-51115-5091,TransformOneToOne,Miscellaneous Expense,MFB73545,false,
WEIFENG,UD3_Chempax_WF,UD3_Chempax_WF,U3,DetailCostCenter,Everyone,74-75-51142-,TransformOneToOne,Other Outside Services,MFB73545,false,
WEIFENG,UD3_Chempax_WF,UD3_Chempax_WF,U3,DetailCostCenter,Everyone,74-75-51143-,TransformOneToOne,Other Outside Services,MFB73545,false,
WEIFENG,UD3_Chempax_WF,UD3_Chempax_WF,U3,DetailCostCenter,Everyone,77-75-11907-,TransformOneToOne,Miscellaneous Receivable,CC_BalSheet,false,
WEIFENG,UD3_Chempax_WF,UD3_Chempax_WF,U3,DetailCostCenter,Everyone,77-75-40301-,TransformOneToOne,FREIGHT OUT,MFH61170,false,
WEIFENG,UD3_Chempax_WF,UD3_Chempax_WF,U3,DetailCostCenter,Everyone,77-75-40302-,TransformOneToOne,FREIGHT REIMBURSEMENT,MFH61170,false,
WEIFENG,UD3_Chempax_WF,UD3_Chempax_WF,U3,DetailCostCenter,Everyone,77-75-40303-,TransformOneToOne,Distribution Inbound Freight,MFH61170,false,
WEIFENG,UD3_Chempax_WF,UD3_Chempax_WF,U3,DetailCostCenter,Everyone,77-75-40304-,TransformOneToOne,PPV,MFH67900,false,
WEIFENG,UD3_Chempax_WF,UD3_Chempax_WF,U3,DetailCostCenter,Everyone,77-75-40306-,TransformOneToOne,FREIGHT,MFH61170,false,
WEIFENG,UD3_Chempax_WF,UD3_Chempax_WF,U3,DetailCostCenter,Everyone,77-75-50301-,TransformOneToOne,PURCHASE VAR.-ROOT,MFH67900,false,
WEIFENG,UD3_Chempax_WF,UD3_Chempax_WF,U3,DetailCostCenter,Everyone,77-75-50302-,TransformOneToOne,PURCHASE VAR.-REMELT,MFH67900,false,
WEIFENG,UD3_Chempax_WF,UD3_Chempax_WF,U3,DetailCostCenter,Everyone,77-75-50303-,TransformOneToOne,PURCHASE VAR.-DEVRIV,MFH67900,false,
WEIFENG,UD3_Chempax_WF,UD3_Chempax_WF,U3,DetailCostCenter,Everyone,77-75-50311-,TransformOneToOne,INV.ADJ.-ROOT,MFH67900,false,
WEIFENG,UD3_Chempax_WF,UD3_Chempax_WF,U3,DetailCostCenter,Everyone,77-75-50312-,TransformOneToOne,INV.ADJ.-REMELTS,MFH67900,false,
WEIFENG,UD3_Chempax_WF,UD3_Chempax_WF,U3,DetailCostCenter,Everyone,77-75-50313-,TransformOneToOne,INV.ADJ.-DERIVATIVES,MFH67900,false,
WEIFENG,UD3_Chempax_WF,UD3_Chempax_WF,U3,DetailCostCenter,Everyone,77-75-50314-,TransformOneToOne,WAREHOUSE TRANSFER-(,MFH67900,false,
WEIFENG,UD3_Chempax_WF,UD3_Chempax_WF,U3,DetailCostCenter,Everyone,77-75-50321-,TransformOneToOne,PT-ACCURED VS.ACTUAL,MFH67900,false,
WEIFENG,UD3_Chempax_WF,UD3_Chempax_WF,U3,DetailCostCenter,Everyone,77-75-51101-,TransformOneToOne,SALARIES,MFH73710,false,
WEIFENG,UD3_Chempax_WF,UD3_Chempax_WF,U3,DetailCostCenter,Everyone,77-75-51102-,TransformOneToOne,WELFARES,MFH73710,false,
WEIFENG,UD3_Chempax_WF,UD3_Chempax_WF,U3,DetailCostCenter,Everyone,77-75-51104-5091,TransformOneToOne,RENTAL EXPENSE-ADMIN,MFH73545,false,
WEIFENG,UD3_Chempax_WF,UD3_Chempax_WF,U3,DetailCostCenter,Everyone,77-75-51105-5091,TransformOneToOne,INSURANCE - ADMIN,MFH73545,false,
WEIFENG,UD3_Chempax_WF,UD3_Chempax_WF,U3,DetailCostCenter,Everyone,77-75-51106-5091,TransformOneToOne,OFFICE EXP.-ADMIN,MFH73545,false,
WEIFENG,UD3_Chempax_WF,UD3_Chempax_WF,U3,DetailCostCenter,Everyone,77-75-51107-,TransformOneToOne,Other Outside Services,MFH73545,false,
WEIFENG,UD3_Chempax_WF,UD3_Chempax_WF,U3,DetailCostCenter,Everyone,77-75-51107-5091,TransformOneToOne,PRO. SRVS.-ADMIN,MFH73545,false,
WEIFENG,UD3_Chempax_WF,UD3_Chempax_WF,U3,DetailCostCenter,Everyone,77-75-51107-5130,TransformOneToOne,Consultant - Selling,MFH72500,false,
WEIFENG,UD3_Chempax_WF,UD3_Chempax_WF,U3,DetailCostCenter,Everyone,77-75-51108-5130,TransformOneToOne,Consulting-Travel Exp,MFH72500,false,
WEIFENG,UD3_Chempax_WF,UD3_Chempax_WF,U3,DetailCostCenter,Everyone,77-75-51111-,TransformOneToOne,BAD DEBT,MFH73545,false,
WEIFENG,UD3_Chempax_WF,UD3_Chempax_WF,U3,DetailCostCenter,Everyone,77-75-51112-5130,TransformOneToOne,COMMISSIONS,MFH72700,false,
WEIFENG,UD3_Chempax_WF,UD3_Chempax_WF,U3,DetailCostCenter,Everyone,77-75-51113-,TransformOneToOne,MISCELLANEOUS,MFH73545,false,
WEIFENG,UD3_Chempax_WF,UD3_Chempax_WF,U3,DetailCostCenter,Everyone,77-75-51113-5091,TransformOneToOne,MISCELLANEOUS,MFH73545,false,
WEIFENG,UD3_Chempax_WF,UD3_Chempax_WF,U3,DetailCostCenter,Everyone,77-75-51125-2310,TransformOneToOne,Storage,MFH63601,false,
WEIFENG,UD3_Chempax_WF,UD3_Chempax_WF,U3,DetailCostCenter,Everyone,77-75-51125-5091,TransformOneToOne,GEN ADMIN.,MFH73545,false,
WEIFENG,UD3_Chempax_WF,UD3_Chempax_WF,U3,DetailCostCenter,Everyone,77-75-51131-5001,TransformOneToOne,AUDIT FEE-FINANCE,MFH73900,false,
WEIFENG,UD3_Chempax_WF,UD3_Chempax_WF,U3,DetailCostCenter,Everyone,77-75-51142-,TransformOneToOne,IC BENEFICIAL SERVIC,MFH73545,false,
WEIFENG,UD3_Chempax_WF,UD3_Chempax_WF,U3,DetailCostCenter,Everyone,77-75-51143-,TransformOneToOne,MF BENEFICIAL SERVIC,MFH73545,false,
WEIFENG,UD3_Chempax_WF,UD3_Chempax_WF,U3,DetailCostCenter,Everyone,77-75-51200-0002,TransformOneToOne,IC Beneficial Servic - US,MFH73545,false,
WEIFENG,UD3_Chempax_WF,UD3_Chempax_WF,U3,DetailCostCenter,Everyone,77-75-51200-0022,TransformOneToOne,IC Beneficial Servic - SMB,MFH73545,false,
WEIFENG,UD3_Chempax_WF,UD3_Chempax_WF,U3,DetailCostCenter,Everyone,77-75-51200-5091,TransformOneToOne,IC Beneficial Services,MFH73545,false,
WEIFENG,UD3_Chempax_WF,UD3_Chempax_WF,U3,DetailCostCenter,Everyone,77-75-51201-0002,TransformOneToOne,IC Beneficial Servic - US,MFH73545,false,
WEIFENG,UD3_Chempax_WF,UD3_Chempax_WF,U3,DetailCostCenter,Everyone,77-75-51201-0022,TransformOneToOne,IC Beneficial Servic - SMB,MFH73545,false,
WEIFENG,UD3_Chempax_WF,UD3_Chempax_WF,U3,DetailCostCenter,Everyone,77-75-51201-5091,TransformOneToOne,IC Beneficial Services,MFH73545,false,
WEIFENG,UD3_Chempax_WF,UD3_Chempax_WF,U3,DetailCostCenter,Everyone,77-75-52202-,TransformOneToOne,BANK CHARGES,MFH73900,false,
WEIFENG,UD3_Chempax_WF,UD3_Chempax_WF,U3,DetailCostCenter,Everyone,77-76-51104-5091,TransformOneToOne,Rental Expense – Admin,MFH73545,false,
WEIFENG,UD3_Chempax_WF,UD3_Chempax_WF,U3,DetailCostCenter,Everyone,77-76-51125-0001,TransformOneToOne,OPT LEASE EXP. FIXED,MFH73545,false,
WEIFENG,UD3_Chempax_WF,UD3_Chempax_WF,U3,DetailCostCenter,Everyone,77-76-51125-0002,TransformOneToOne,OPT LEASE EXP. VARI,MFH73545,false,
WEIFENG,UD3_Chempax_WF,UD3_Chempax_WF,U3,DetailCostCenter,Everyone,Mask,TransformMask,,(Unassigned),false,*
