database,group_name,group_description,group_stageDimName,group_financeDimName,group_accessGroup,name,type,description,outputValue,flipSign,ruleExpression
CHILE,A_Chempax_Chile,A_Chempax_Chile,Ac,DetailAccount,Everyone,35-20-1010-,TransformOneToOne,Banco Chile - CLP,1100010,false,
CHILE,A_Chempax_Chile,A_Chempax_Chile,Ac,DetailAccount,Everyone,35-20-1020-,TransformOneToOne,Banco Chile - USD,1100010,false,
CHILE,A_Chempax_Chile,A_Chempax_Chile,Ac,DetailAccount,Everyone,35-20-1840-,TransformOneToOne,Construction in prog,1510000,false,
CHILE,A_Chempax_Chile,A_Chempax_Chile,Ac,DetailAccount,Everyone,35-20-2010-,TransformOneToOne,Accounts Payable - T,2150000,true,
CHILE,A_Chempax_Chile,A_Chempax_Chile,Ac,DetailAccount,Everyone,35-20-2020-,TransformOneToOne,Accrued Liabilities,2150000,true,
CHILE,A_Chempax_Chile,A_Chempax_Chile,Ac,DetailAccount,Everyone,35-20-2270-0002,TransformOneToOne,IC A/P Non-Trade - M,2381000,true,
CHILE,A_Chempax_Chile,A_Chempax_Chile,Ac,DetailAccount,Everyone,35-20-2910-,TransformOneToOne,Paid in Capital,3101000,true,
CHILE,A_Chempax_Chile,A_Chempax_Chile,Ac,DetailAccount,Everyone,35-20-6380-5128,TransformOneToOne,Prof Services,6310100,false,
CHILE,A_Chempax_Chile,A_Chempax_Chile,Ac,DetailAccount,Everyone,35-20-6385-5128,TransformOneToOne,Bank Fees,6610140,false,
CHILE,A_Chempax_Chile,A_Chempax_Chile,Ac,DetailAccount,Everyone,35-20-6390-5128,TransformOneToOne,Other Exp,6610070,false,
CHILE,A_Chempax_Chile,A_Chempax_Chile,Ac,DetailAccount,Everyone,35-20-6520-0128,TransformOneToOne,Foreign Exchange,8110100,false,
CHILE,A_Chempax_Chile,A_Chempax_Chile,Ac,DetailAccount,Everyone,X0-00-0000-0000,TransformOneToOne,Suspense,Suspense,false,
CHINA,A_Chempax_China,A_Chempax_China,Ac,DetailAccount,Everyone,72-70-10101-,TransformOneToOne,CASH ON HAND,1100000,false,
CHINA,A_Chempax_China,A_Chempax_China,Ac,DetailAccount,Everyone,72-70-10201-,TransformOneToOne,CASH-BANK(USD-CAPIT),1100060,false,
CHINA,A_Chempax_China,A_Chempax_China,Ac,DetailAccount,Everyone,72-70-10201-0001,TransformOneToOne,CASH IN BANK BC(USD),1100060,false,
CHINA,A_Chempax_China,A_Chempax_China,Ac,DetailAccount,Everyone,72-70-10202-,TransformOneToOne,CASH IN BANK(RMB),1100060,false,
CHINA,A_Chempax_China,A_Chempax_China,Ac,DetailAccount,Everyone,72-70-10202-0001,TransformOneToOne,CASH IN BANK BC(RMB),1100060,false,
CHINA,A_Chempax_China,A_Chempax_China,Ac,DetailAccount,Everyone,72-70-10204-,TransformOneToOne,CASH-BANK (USD REG),1100060,false,
CHINA,A_Chempax_China,A_Chempax_China,Ac,DetailAccount,Everyone,72-70-10206-,TransformOneToOne,CASH IN BANK-CMB,1100000,false,
CHINA,A_Chempax_China,A_Chempax_China,Ac,DetailAccount,Everyone,72-70-11301-,TransformOneToOne,A/R-THIRD PARTY,1150000,false,
CHINA,A_Chempax_China,A_Chempax_China,Ac,DetailAccount,Everyone,72-70-11301-0001,TransformOneToOne,A/R JV INTERCO,1160000,false,
CHINA,A_Chempax_China,A_Chempax_China,Ac,DetailAccount,Everyone,72-70-11301-0002,TransformOneToOne,A/R-MAF INTERCO,1160000,false,
CHINA,A_Chempax_China,A_Chempax_China,Ac,DetailAccount,Everyone,72-70-11301-0003,TransformOneToOne,A/R-CURRENCY,1100060,false,
CHINA,A_Chempax_China,A_Chempax_China,Ac,DetailAccount,Everyone,72-70-11301-0004,TransformOneToOne,A/R-EVD,1160000,false,
CHINA,A_Chempax_China,A_Chempax_China,Ac,DetailAccount,Everyone,72-70-11301-0023,TransformOneToOne,A/R JV INTERCO - WF,1160000,false,
CHINA,A_Chempax_China,A_Chempax_China,Ac,DetailAccount,Everyone,72-70-11302-,TransformOneToOne,OTHER RECEIVABLES,1300900,false,
CHINA,A_Chempax_China,A_Chempax_China,Ac,DetailAccount,Everyone,72-70-11302-12,TransformOneToOne,OTHER REC-EMPLOYEE,1153000,false,
CHINA,A_Chempax_China,A_Chempax_China,Ac,DetailAccount,Everyone,72-70-11302-13,TransformOneToOne,OTHER REC-ROYAL OAK,1160000,false,
CHINA,A_Chempax_China,A_Chempax_China,Ac,DetailAccount,Everyone,72-70-11401-,TransformOneToOne,BAD DEBT RESERVE,1151000,false,
CHINA,A_Chempax_China,A_Chempax_China,Ac,DetailAccount,Everyone,72-70-11805-,TransformOneToOne,ADV. TO WEIFENG HK,1160000,false,
CHINA,A_Chempax_China,A_Chempax_China,Ac,DetailAccount,Everyone,72-70-11908-,TransformOneToOne,PREPAID EXPENSES,1250900,false,
CHINA,A_Chempax_China,A_Chempax_China,Ac,DetailAccount,Everyone,72-70-11909-,TransformOneToOne,PREPAID TOLLING FEE,1250900,false,
CHINA,A_Chempax_China,A_Chempax_China,Ac,DetailAccount,Everyone,72-70-12101-,TransformOneToOne,SPARE PARTS AND TOOL,1201400,false,
CHINA,A_Chempax_China,A_Chempax_China,Ac,DetailAccount,Everyone,72-70-12102-,TransformOneToOne,PACKAGING MATERIAL,1201400,false,
CHINA,A_Chempax_China,A_Chempax_China,Ac,DetailAccount,Everyone,72-70-12102-2010,TransformOneToOne,PACKAGE PURCHASE,1201400,false,
CHINA,A_Chempax_China,A_Chempax_China,Ac,DetailAccount,Everyone,72-70-12102-2011,TransformOneToOne,PACKAGE USAGE,1201400,false,
CHINA,A_Chempax_China,A_Chempax_China,Ac,DetailAccount,Everyone,72-70-12102-2012,TransformOneToOne,PACKAGE ADJUST,1201400,false,
CHINA,A_Chempax_China,A_Chempax_China,Ac,DetailAccount,Everyone,72-70-12104-,TransformOneToOne,CHEMICALS,1201400,false,
CHINA,A_Chempax_China,A_Chempax_China,Ac,DetailAccount,Everyone,72-70-12104-2010,TransformOneToOne,CHEMICALS PURCHASE,1201400,false,
CHINA,A_Chempax_China,A_Chempax_China,Ac,DetailAccount,Everyone,72-70-12104-2011,TransformOneToOne,CHEMICALS USAGE,1201400,false,
CHINA,A_Chempax_China,A_Chempax_China,Ac,DetailAccount,Everyone,72-70-12104-2012,TransformOneToOne,CHEMICALS ADJUST,1201400,false,
CHINA,A_Chempax_China,A_Chempax_China,Ac,DetailAccount,Everyone,72-70-12301-,TransformOneToOne,RAW MATERIALS - EXTR,1201000,false,
CHINA,A_Chempax_China,A_Chempax_China,Ac,DetailAccount,Everyone,72-70-12301-2010,TransformOneToOne,EXTRACT PURCHASE,1201000,false,
CHINA,A_Chempax_China,A_Chempax_China,Ac,DetailAccount,Everyone,72-70-12301-2011,TransformOneToOne,EXTRACT USAGE,1201000,false,
CHINA,A_Chempax_China,A_Chempax_China,Ac,DetailAccount,Everyone,72-70-12301-2012,TransformOneToOne,EXTRACT ADJUST,1201000,false,
CHINA,A_Chempax_China,A_Chempax_China,Ac,DetailAccount,Everyone,72-70-12301-2013,TransformOneToOne,EXTRACT OUTPUT,1201000,false,
CHINA,A_Chempax_China,A_Chempax_China,Ac,DetailAccount,Everyone,72-70-12301-2014,TransformOneToOne,EXTRACT SALES,1201000,false,
CHINA,A_Chempax_China,A_Chempax_China,Ac,DetailAccount,Everyone,72-70-12302-2010,TransformOneToOne,ROOT PURCHASE,1201000,false,
CHINA,A_Chempax_China,A_Chempax_China,Ac,DetailAccount,Everyone,72-70-12302-2011,TransformOneToOne,ROOT USAGE,1201000,false,
CHINA,A_Chempax_China,A_Chempax_China,Ac,DetailAccount,Everyone,72-70-12302-2012,TransformOneToOne,ROOT ADJUST,1201000,false,
CHINA,A_Chempax_China,A_Chempax_China,Ac,DetailAccount,Everyone,72-70-12302-2014,TransformOneToOne,ROOT SALES,1201000,false,
CHINA,A_Chempax_China,A_Chempax_China,Ac,DetailAccount,Everyone,72-70-12303-,TransformOneToOne,RAW MATERIALS - OTHE,1201400,false,
CHINA,A_Chempax_China,A_Chempax_China,Ac,DetailAccount,Everyone,72-70-12303-2010,TransformOneToOne,RM-OTHE PURCHASE,1201400,false,
CHINA,A_Chempax_China,A_Chempax_China,Ac,DetailAccount,Everyone,72-70-12303-2011,TransformOneToOne,RM-OTHE USAGE,1201400,false,
CHINA,A_Chempax_China,A_Chempax_China,Ac,DetailAccount,Everyone,72-70-12303-2012,TransformOneToOne,RM-OTHE ADJUST,1201400,false,
CHINA,A_Chempax_China,A_Chempax_China,Ac,DetailAccount,Everyone,72-70-12304-2010,TransformOneToOne,CMAG PURCHASE,1201000,false,
CHINA,A_Chempax_China,A_Chempax_China,Ac,DetailAccount,Everyone,72-70-12304-2011,TransformOneToOne,CMAG USAGE,1201000,false,
CHINA,A_Chempax_China,A_Chempax_China,Ac,DetailAccount,Everyone,72-70-12304-2012,TransformOneToOne,CMAG ADJUST,1201000,false,
CHINA,A_Chempax_China,A_Chempax_China,Ac,DetailAccount,Everyone,72-70-12304-2013,TransformOneToOne,CMAG OUTPUT,1201000,false,
CHINA,A_Chempax_China,A_Chempax_China,Ac,DetailAccount,Everyone,72-70-12304-2014,TransformOneToOne,CMAG SALES,1201000,false,
CHINA,A_Chempax_China,A_Chempax_China,Ac,DetailAccount,Everyone,72-70-12305-2010,TransformOneToOne,CWAE PURCHASE,1201000,false,
CHINA,A_Chempax_China,A_Chempax_China,Ac,DetailAccount,Everyone,72-70-12305-2011,TransformOneToOne,CWAE USAGE,1201000,false,
CHINA,A_Chempax_China,A_Chempax_China,Ac,DetailAccount,Everyone,72-70-12305-2012,TransformOneToOne,CWAE ADJUST,1201000,false,
CHINA,A_Chempax_China,A_Chempax_China,Ac,DetailAccount,Everyone,72-70-12305-2013,TransformOneToOne,CWAE OUTPUT,1203000,false,
CHINA,A_Chempax_China,A_Chempax_China,Ac,DetailAccount,Everyone,72-70-12305-2014,TransformOneToOne,CWAE SALES,1203000,false,
CHINA,A_Chempax_China,A_Chempax_China,Ac,DetailAccount,Everyone,72-70-12501-,TransformOneToOne,INTERMEDIATE PRODUCT,1201000,false,
CHINA,A_Chempax_China,A_Chempax_China,Ac,DetailAccount,Everyone,72-70-12501-2010,TransformOneToOne,INTER-PROD PURCHASE,1201000,false,
CHINA,A_Chempax_China,A_Chempax_China,Ac,DetailAccount,Everyone,72-70-12501-2011,TransformOneToOne,INTER-PROD USAGE,1201000,false,
CHINA,A_Chempax_China,A_Chempax_China,Ac,DetailAccount,Everyone,72-70-12501-2012,TransformOneToOne,INTER-PROD ADJUST,1201000,false,
CHINA,A_Chempax_China,A_Chempax_China,Ac,DetailAccount,Everyone,72-70-12501-2013,TransformOneToOne,INTER-PROD OUTPUT,1201000,false,
CHINA,A_Chempax_China,A_Chempax_China,Ac,DetailAccount,Everyone,72-70-12501-2014,TransformOneToOne,INTER-PROD SALES,1201000,false,
CHINA,A_Chempax_China,A_Chempax_China,Ac,DetailAccount,Everyone,72-70-12502-,TransformOneToOne,INTERM PROD FG - CGA,1201000,false,
CHINA,A_Chempax_China,A_Chempax_China,Ac,DetailAccount,Everyone,72-70-12502-2010,TransformOneToOne,INTERM PROD FG PURCH,1201000,false,
CHINA,A_Chempax_China,A_Chempax_China,Ac,DetailAccount,Everyone,72-70-12502-2011,TransformOneToOne,INTERM PROD FG USAGE,1201000,false,
CHINA,A_Chempax_China,A_Chempax_China,Ac,DetailAccount,Everyone,72-70-12502-2012,TransformOneToOne,INTERM PROD FG ADJUS,1201000,false,
CHINA,A_Chempax_China,A_Chempax_China,Ac,DetailAccount,Everyone,72-70-12502-2013,TransformOneToOne,INTERM PROD FG OUTPU,1201000,false,
CHINA,A_Chempax_China,A_Chempax_China,Ac,DetailAccount,Everyone,72-70-12502-2014,TransformOneToOne,INTERM PROD FG SALES,1203000,false,
CHINA,A_Chempax_China,A_Chempax_China,Ac,DetailAccount,Everyone,72-70-12701-,TransformOneToOne,FINISHED GOODS - MAG,1201000,false,
CHINA,A_Chempax_China,A_Chempax_China,Ac,DetailAccount,Everyone,72-70-12701-2010,TransformOneToOne,MAG PURCHASE,1201000,false,
CHINA,A_Chempax_China,A_Chempax_China,Ac,DetailAccount,Everyone,72-70-12701-2011,TransformOneToOne,MAG USAGE,1201000,false,
CHINA,A_Chempax_China,A_Chempax_China,Ac,DetailAccount,Everyone,72-70-12701-2012,TransformOneToOne,MAG ADJUST,1201000,false,
CHINA,A_Chempax_China,A_Chempax_China,Ac,DetailAccount,Everyone,72-70-12701-2013,TransformOneToOne,MAG OUTPUT,1201000,false,
CHINA,A_Chempax_China,A_Chempax_China,Ac,DetailAccount,Everyone,72-70-12701-2014,TransformOneToOne,MAG SALES,1201000,false,
CHINA,A_Chempax_China,A_Chempax_China,Ac,DetailAccount,Everyone,72-70-12702-,TransformOneToOne,FINISHED GOODS-LIC E,1203000,false,
CHINA,A_Chempax_China,A_Chempax_China,Ac,DetailAccount,Everyone,72-70-12702-2010,TransformOneToOne,FG-LIC EXT PURCHASE,1203000,false,
CHINA,A_Chempax_China,A_Chempax_China,Ac,DetailAccount,Everyone,72-70-12702-2011,TransformOneToOne,FG-LIC EXT USAGE,1203000,false,
CHINA,A_Chempax_China,A_Chempax_China,Ac,DetailAccount,Everyone,72-70-12702-2012,TransformOneToOne,FG-LIC EXT ADJUST,1203000,false,
CHINA,A_Chempax_China,A_Chempax_China,Ac,DetailAccount,Everyone,72-70-12702-2013,TransformOneToOne,FG-LIC EXT OUTPUT,1203000,false,
CHINA,A_Chempax_China,A_Chempax_China,Ac,DetailAccount,Everyone,72-70-12702-2014,TransformOneToOne,FG-LIC EXT SALES,1203000,false,
CHINA,A_Chempax_China,A_Chempax_China,Ac,DetailAccount,Everyone,72-70-12703-2010,TransformOneToOne,GYE/R21 PURCHASE,1201400,false,
CHINA,A_Chempax_China,A_Chempax_China,Ac,DetailAccount,Everyone,72-70-12703-2011,TransformOneToOne,GYE/R21 USAGE,1201400,false,
CHINA,A_Chempax_China,A_Chempax_China,Ac,DetailAccount,Everyone,72-70-12703-2012,TransformOneToOne,GYE/R21 ADJUST,1201400,false,
CHINA,A_Chempax_China,A_Chempax_China,Ac,DetailAccount,Everyone,72-70-12703-2013,TransformOneToOne,GYE/R21 OUTPUT,1201400,false,
CHINA,A_Chempax_China,A_Chempax_China,Ac,DetailAccount,Everyone,72-70-12703-2014,TransformOneToOne,GYE/R21 SALES,1201400,false,
CHINA,A_Chempax_China,A_Chempax_China,Ac,DetailAccount,Everyone,72-70-12706-,TransformOneToOne,RESERVE-CONSIGNED PR,1202510,false,
CHINA,A_Chempax_China,A_Chempax_China,Ac,DetailAccount,Everyone,72-70-12750-,TransformOneToOne,PHYSICAL INV. RESERV,1202510,false,
CHINA,A_Chempax_China,A_Chempax_China,Ac,DetailAccount,Everyone,72-70-12803-,TransformOneToOne,IT INVENTORY,1201010,false,
CHINA,A_Chempax_China,A_Chempax_China,Ac,DetailAccount,Everyone,72-70-12806-,TransformOneToOne,INVENTORY ABSORPTION,1201000,false,
CHINA,A_Chempax_China,A_Chempax_China,Ac,DetailAccount,Everyone,72-70-12806-2340,TransformOneToOne,Cap Variances – Derivatives,1203000,false,
CHINA,A_Chempax_China,A_Chempax_China,Ac,DetailAccount,Everyone,72-70-12806-2341,TransformOneToOne,Cap Variances - AG cake,1203000,false,
CHINA,A_Chempax_China,A_Chempax_China,Ac,DetailAccount,Everyone,72-70-12806-2342,TransformOneToOne,Cap Variances - Dry/Wet Blend,1203000,false,
CHINA,A_Chempax_China,A_Chempax_China,Ac,DetailAccount,Everyone,72-70-12901-,TransformOneToOne,WORK IN PROCESS INVE,1202000,false,
CHINA,A_Chempax_China,A_Chempax_China,Ac,DetailAccount,Everyone,72-70-12901-0001,TransformOneToOne,WORK IN PROCESS TOLL,1202000,false,
CHINA,A_Chempax_China,A_Chempax_China,Ac,DetailAccount,Everyone,72-70-13001-1,TransformOneToOne,Prepaid Other,1250900,false,
CHINA,A_Chempax_China,A_Chempax_China,Ac,DetailAccount,Everyone,72-70-13001-30,TransformOneToOne,PREPAID EXPENSE,1250900,false,
CHINA,A_Chempax_China,A_Chempax_China,Ac,DetailAccount,Everyone,72-70-15902-,TransformOneToOne,EASY WORN ITEMS,1201400,false,
CHINA,A_Chempax_China,A_Chempax_China,Ac,DetailAccount,Everyone,72-70-16102-,TransformOneToOne,FIXED ASSETS - BUILD,1530000,false,
CHINA,A_Chempax_China,A_Chempax_China,Ac,DetailAccount,Everyone,72-70-16108-,TransformOneToOne,FIXED ASSETS-WASTEWA,1530000,false,
CHINA,A_Chempax_China,A_Chempax_China,Ac,DetailAccount,Everyone,72-70-16300-,TransformOneToOne,FIXED ASSETS CGA PRO,1520000,false,
CHINA,A_Chempax_China,A_Chempax_China,Ac,DetailAccount,Everyone,72-70-16302-,TransformOneToOne,FIXED ASSETS MAG PRO,1520000,false,
CHINA,A_Chempax_China,A_Chempax_China,Ac,DetailAccount,Everyone,72-70-16303-,TransformOneToOne,FIXED ASSETS OTHER P,1520900,false,
CHINA,A_Chempax_China,A_Chempax_China,Ac,DetailAccount,Everyone,72-70-16304-,TransformOneToOne,FIXED ASSETS LAB EQU,1520020,false,
CHINA,A_Chempax_China,A_Chempax_China,Ac,DetailAccount,Everyone,72-70-16305-,TransformOneToOne,FIXED ASSETS OFFICE,1520030,false,
CHINA,A_Chempax_China,A_Chempax_China,Ac,DetailAccount,Everyone,72-70-16306-,TransformOneToOne,FIXED ASSETS IDLE AS,1520900,false,
CHINA,A_Chempax_China,A_Chempax_China,Ac,DetailAccount,Everyone,72-70-16307-,TransformOneToOne,FIXED ASSETS LAND RI,1500000,false,
CHINA,A_Chempax_China,A_Chempax_China,Ac,DetailAccount,Everyone,72-70-16308-,TransformOneToOne,FIXED ASSETS-CAR,1520050,false,
CHINA,A_Chempax_China,A_Chempax_China,Ac,DetailAccount,Everyone,72-70-16501-,TransformOneToOne,CUMULATIVE DEPRECIAT,1599000,false,
CHINA,A_Chempax_China,A_Chempax_China,Ac,DetailAccount,Everyone,72-70-16502-,TransformOneToOne,LAND RIGHT DEPRECIAT,1599000,false,
CHINA,A_Chempax_China,A_Chempax_China,Ac,DetailAccount,Everyone,72-70-16601-,TransformOneToOne,RESERVE FOR FIXED AS,1599000,false,
CHINA,A_Chempax_China,A_Chempax_China,Ac,DetailAccount,Everyone,72-70-16901-,TransformOneToOne,CONSTRUCTION IN PROC,1510000,false,
CHINA,A_Chempax_China,A_Chempax_China,Ac,DetailAccount,Everyone,72-70-16901-1002,TransformOneToOne,CIP TRANSFER OUT,1510000,false,
CHINA,A_Chempax_China,A_Chempax_China,Ac,DetailAccount,Everyone,72-70-17101-,TransformOneToOne,INTANGIBLE ASSETS,1870100,false,
CHINA,A_Chempax_China,A_Chempax_China,Ac,DetailAccount,Everyone,72-70-17102-,TransformOneToOne,INTANG-LAND RIGHTS,1729000,false,
CHINA,A_Chempax_China,A_Chempax_China,Ac,DetailAccount,Everyone,72-70-17104-,TransformOneToOne,INTANGIBLE ASST. AMO,1870100,false,
CHINA,A_Chempax_China,A_Chempax_China,Ac,DetailAccount,Everyone,72-70-20101-,TransformOneToOne,SHORT TERM BORROW,2106000,true,
CHINA,A_Chempax_China,A_Chempax_China,Ac,DetailAccount,Everyone,72-70-20102-,TransformOneToOne,INTERESTS PAYABLE,2153900,true,
CHINA,A_Chempax_China,A_Chempax_China,Ac,DetailAccount,Everyone,72-70-20301-,TransformOneToOne,A/P THIRD PARTY,2150000,true,
CHINA,A_Chempax_China,A_Chempax_China,Ac,DetailAccount,Everyone,72-70-20301-0001,TransformOneToOne,A/P-JV INTERCO,2381000,true,
CHINA,A_Chempax_China,A_Chempax_China,Ac,DetailAccount,Everyone,72-70-20301-0002,TransformOneToOne,A/P-MAF INTERCO,2381000,true,
CHINA,A_Chempax_China,A_Chempax_China,Ac,DetailAccount,Everyone,72-70-20301-0004,TransformOneToOne,PAYABLE S/L-TOLL PRO,2150000,true,
CHINA,A_Chempax_China,A_Chempax_China,Ac,DetailAccount,Everyone,72-70-20301-0006,TransformOneToOne,A/P-EVD,2381000,true,
CHINA,A_Chempax_China,A_Chempax_China,Ac,DetailAccount,Everyone,72-70-20301-0022,TransformOneToOne,A/P-JV INTERCO- SMB,1150000,false,
CHINA,A_Chempax_China,A_Chempax_China,Ac,DetailAccount,Everyone,72-70-20301-0023,TransformOneToOne,A/P-JV INTERCO - WF,2381000,true,
CHINA,A_Chempax_China,A_Chempax_China,Ac,DetailAccount,Everyone,72-70-20301-0034,TransformOneToOne,A/P-JV INTERCO- EVD,2381000,true,
CHINA,A_Chempax_China,A_Chempax_China,Ac,DetailAccount,Everyone,72-70-20302-,TransformOneToOne,A/P-OTHER,2310620,true,
CHINA,A_Chempax_China,A_Chempax_China,Ac,DetailAccount,Everyone,72-70-20304-,TransformOneToOne,OTHER PAYABLES HOUSI,2150000,true,
CHINA,A_Chempax_China,A_Chempax_China,Ac,DetailAccount,Everyone,72-70-20305-,TransformOneToOne,OTHER PAY-TRADE UNIO,2320090,true,
CHINA,A_Chempax_China,A_Chempax_China,Ac,DetailAccount,Everyone,72-70-20311-4,TransformOneToOne,OTHER PAYABLES-EMPLO,2153000,true,
CHINA,A_Chempax_China,A_Chempax_China,Ac,DetailAccount,Everyone,72-70-20401-,TransformOneToOne,ADVANCE FM WEI FENG,2381000,true,
CHINA,A_Chempax_China,A_Chempax_China,Ac,DetailAccount,Everyone,72-70-20401-1,TransformOneToOne,ADVANCE PMT FM MAFCO,2381000,true,
CHINA,A_Chempax_China,A_Chempax_China,Ac,DetailAccount,Everyone,72-70-20401-3,TransformOneToOne,ADV PMT FM EVD,2381000,true,
CHINA,A_Chempax_China,A_Chempax_China,Ac,DetailAccount,Everyone,72-70-20401-4,TransformOneToOne,ADV PMT FM 3RD PARTY,2150000,true,
CHINA,A_Chempax_China,A_Chempax_China,Ac,DetailAccount,Everyone,72-70-20501-,TransformOneToOne,ACCT PAYABLE ACCURAL,2153900,true,
CHINA,A_Chempax_China,A_Chempax_China,Ac,DetailAccount,Everyone,72-70-20701-,TransformOneToOne,LTM PAYABLE-SAFETY A,2320090,true,
CHINA,A_Chempax_China,A_Chempax_China,Ac,DetailAccount,Everyone,72-70-20702-,TransformOneToOne,LTM PAYABLE-SAFETY U,2320090,true,
CHINA,A_Chempax_China,A_Chempax_China,Ac,DetailAccount,Everyone,72-70-21101-,TransformOneToOne,ACCURED PAYROLL,2311000,true,
CHINA,A_Chempax_China,A_Chempax_China,Ac,DetailAccount,Everyone,72-70-21102-,TransformOneToOne,ACCURED BONUS,2311010,true,
CHINA,A_Chempax_China,A_Chempax_China,Ac,DetailAccount,Everyone,72-70-21103-,TransformOneToOne,ACCRUED FREIGHT,2320010,true,
CHINA,A_Chempax_China,A_Chempax_China,Ac,DetailAccount,Everyone,72-70-21201-,TransformOneToOne,ACCRUED EXPENSE,2320090,true,
CHINA,A_Chempax_China,A_Chempax_China,Ac,DetailAccount,Everyone,72-70-21202-,TransformOneToOne,ACCRUED VAT -TRUE UP,2320090,true,
CHINA,A_Chempax_China,A_Chempax_China,Ac,DetailAccount,Everyone,72-70-21401-,TransformOneToOne,ACCURED WELFARE FUND,2320090,true,
CHINA,A_Chempax_China,A_Chempax_China,Ac,DetailAccount,Everyone,72-70-21403-,TransformOneToOne,ACCURED WELFARE-HOUS,2320090,true,
CHINA,A_Chempax_China,A_Chempax_China,Ac,DetailAccount,Everyone,72-70-22101-,TransformOneToOne,STAMP TAX PAYABLE,2310690,true,
CHINA,A_Chempax_China,A_Chempax_China,Ac,DetailAccount,Everyone,72-70-22101-0001,TransformOneToOne,URBAN TAX PAYABLE,2310690,true,
CHINA,A_Chempax_China,A_Chempax_China,Ac,DetailAccount,Everyone,72-70-22102-,TransformOneToOne,TAX PAYABLE,2310620,true,
CHINA,A_Chempax_China,A_Chempax_China,Ac,DetailAccount,Everyone,72-70-22102-0001,TransformOneToOne,INPUT VAT TURN OUT,2310620,true,
CHINA,A_Chempax_China,A_Chempax_China,Ac,DetailAccount,Everyone,72-70-22102-0002,TransformOneToOne,VAT RETURN FOR EXPOR,2310620,true,
CHINA,A_Chempax_China,A_Chempax_China,Ac,DetailAccount,Everyone,72-70-22102-0003,TransformOneToOne,OUTPUT VAT,2310620,true,
CHINA,A_Chempax_China,A_Chempax_China,Ac,DetailAccount,Everyone,72-70-22102-0004,TransformOneToOne,PAID VAT,2310620,true,
CHINA,A_Chempax_China,A_Chempax_China,Ac,DetailAccount,Everyone,72-70-22103-,TransformOneToOne,VAT SALES,2310620,true,
CHINA,A_Chempax_China,A_Chempax_China,Ac,DetailAccount,Everyone,72-70-22104-,TransformOneToOne,PERSONAL INCOME TAX,2312000,true,
CHINA,A_Chempax_China,A_Chempax_China,Ac,DetailAccount,Everyone,72-70-22107-,TransformOneToOne,INCOME TAX PAYABLES,2200020,true,
CHINA,A_Chempax_China,A_Chempax_China,Ac,DetailAccount,Everyone,72-70-24101-,TransformOneToOne,LONG TERM BORROWINGS,2506000,true,
CHINA,A_Chempax_China,A_Chempax_China,Ac,DetailAccount,Everyone,72-70-30101-,TransformOneToOne,CAPITAL CONTRIBUTION,3101000,true,
CHINA,A_Chempax_China,A_Chempax_China,Ac,DetailAccount,Everyone,72-70-31101-,TransformOneToOne,CAPITAL CUMULATION F,3101000,true,
CHINA,A_Chempax_China,A_Chempax_China,Ac,DetailAccount,Everyone,72-70-31301-,TransformOneToOne,Retained Earnings,3500000,true,
CHINA,A_Chempax_China,A_Chempax_China,Ac,DetailAccount,Everyone,72-70-31501-,TransformOneToOne,Statutory Surplus Re,3500000,true,
CHINA,A_Chempax_China,A_Chempax_China,Ac,DetailAccount,Everyone,72-70-32201-,TransformOneToOne,UNDISTRIBUTE PROFIT,3500000,true,
CHINA,A_Chempax_China,A_Chempax_China,Ac,DetailAccount,Everyone,72-70-40101-,TransformOneToOne,SALES-LIC/AG/DGLE,4000010,true,
CHINA,A_Chempax_China,A_Chempax_China,Ac,DetailAccount,Everyone,72-70-40102-,TransformOneToOne,SALES-MAG,4000010,true,
CHINA,A_Chempax_China,A_Chempax_China,Ac,DetailAccount,Everyone,72-70-40103-,TransformOneToOne,SALES - OTHER,4000010,true,
CHINA,A_Chempax_China,A_Chempax_China,Ac,DetailAccount,Everyone,72-70-40104-,TransformOneToOne,SALES-JV INTERCO,4800000,true,
CHINA,A_Chempax_China,A_Chempax_China,Ac,DetailAccount,Everyone,72-70-40104-0022,TransformOneToOne,SALES-JV INTERCO - SMB,4800000,true,
CHINA,A_Chempax_China,A_Chempax_China,Ac,DetailAccount,Everyone,72-70-40104-0023,TransformOneToOne,SALES-JV INTERCO - WF,4800000,true,
CHINA,A_Chempax_China,A_Chempax_China,Ac,DetailAccount,Everyone,72-70-40106-,TransformOneToOne,SALES-SAMPLES,4005990,true,
CHINA,A_Chempax_China,A_Chempax_China,Ac,DetailAccount,Everyone,72-70-40107-,TransformOneToOne,SALES-MAF INTERCO,4800000,true,
CHINA,A_Chempax_China,A_Chempax_China,Ac,DetailAccount,Everyone,72-70-40108-,TransformOneToOne,Sales - Other JV,4800000,true,
CHINA,A_Chempax_China,A_Chempax_China,Ac,DetailAccount,Everyone,72-70-40202-,TransformOneToOne,SALES DISCOUNTS,4100020,true,
CHINA,A_Chempax_China,A_Chempax_China,Ac,DetailAccount,Everyone,72-70-40301-,TransformOneToOne,FREIGHT OUT,6010000,false,
CHINA,A_Chempax_China,A_Chempax_China,Ac,DetailAccount,Everyone,72-70-40302-,TransformOneToOne,MISC - INVOICE REVEN,6010000,false,
CHINA,A_Chempax_China,A_Chempax_China,Ac,DetailAccount,Everyone,72-70-40303-,TransformOneToOne,FREIGHT IN,6010000,false,
CHINA,A_Chempax_China,A_Chempax_China,Ac,DetailAccount,Everyone,72-70-40304-,TransformOneToOne,SELLING EXP.- SAMPLE,6520050,false,
CHINA,A_Chempax_China,A_Chempax_China,Ac,DetailAccount,Everyone,72-70-40304-5130,TransformOneToOne,SELLING EXP. - SAMPL,6520050,false,
CHINA,A_Chempax_China,A_Chempax_China,Ac,DetailAccount,Everyone,72-70-40305-5130,TransformOneToOne,SELLING EXP. - TRADE,6520070,false,
CHINA,A_Chempax_China,A_Chempax_China,Ac,DetailAccount,Everyone,72-70-40306-,TransformOneToOne,FREIGHT OUT (CIF),6010000,false,
CHINA,A_Chempax_China,A_Chempax_China,Ac,DetailAccount,Everyone,72-70-40307-5130,TransformOneToOne,SELLING EXP. - SALAR,6210000,false,
CHINA,A_Chempax_China,A_Chempax_China,Ac,DetailAccount,Everyone,72-70-40308-5130,TransformOneToOne,SELLING EXP. - WELFA,6210030,false,
CHINA,A_Chempax_China,A_Chempax_China,Ac,DetailAccount,Everyone,72-70-40309-5130,TransformOneToOne,SELLING EXP. - TRAVE,6220010,false,
CHINA,A_Chempax_China,A_Chempax_China,Ac,DetailAccount,Everyone,72-70-40310-5130,TransformOneToOne,SELLING EXP. - ENTER,6220030,false,
CHINA,A_Chempax_China,A_Chempax_China,Ac,DetailAccount,Everyone,72-70-40311-5130,TransformOneToOne,SELLING EXP. -QUOTA,6420020,false,
CHINA,A_Chempax_China,A_Chempax_China,Ac,DetailAccount,Everyone,72-70-40312-5130,TransformOneToOne,SELLING EXP. - PACKA,6520050,false,
CHINA,A_Chempax_China,A_Chempax_China,Ac,DetailAccount,Everyone,72-70-50101-,TransformOneToOne,COGS-LIC/AG/DGLE,5000000,false,
CHINA,A_Chempax_China,A_Chempax_China,Ac,DetailAccount,Everyone,72-70-50102-,TransformOneToOne,COGS-MAG,5000000,false,
CHINA,A_Chempax_China,A_Chempax_China,Ac,DetailAccount,Everyone,72-70-50103-,TransformOneToOne,COGS-OTHER,5000000,false,
CHINA,A_Chempax_China,A_Chempax_China,Ac,DetailAccount,Everyone,72-70-50104-,TransformOneToOne,COS-JV INTERCO,5800000,false,
CHINA,A_Chempax_China,A_Chempax_China,Ac,DetailAccount,Everyone,72-70-50104-0001,TransformOneToOne,Cost of Sales - Duty,6010010,false,
CHINA,A_Chempax_China,A_Chempax_China,Ac,DetailAccount,Everyone,72-70-50104-0022,TransformOneToOne,COS-JV INTERCO - SMB,5800000,false,
CHINA,A_Chempax_China,A_Chempax_China,Ac,DetailAccount,Everyone,72-70-50104-0023,TransformOneToOne,COS-JV INTERCO - WF,5800000,false,
CHINA,A_Chempax_China,A_Chempax_China,Ac,DetailAccount,Everyone,72-70-50105-,TransformOneToOne,COST OF SALES-Toll,5800000,false,
CHINA,A_Chempax_China,A_Chempax_China,Ac,DetailAccount,Everyone,72-70-50106-,TransformOneToOne,COST OF SALES-VAT,5000000,false,
CHINA,A_Chempax_China,A_Chempax_China,Ac,DetailAccount,Everyone,72-70-50107-,TransformOneToOne,COST OF SALES-MAF IN,5800000,false,
CHINA,A_Chempax_China,A_Chempax_China,Ac,DetailAccount,Everyone,72-70-50108-,TransformOneToOne,COGS-TAX&ASSO.CHARGE,6420000,false,
CHINA,A_Chempax_China,A_Chempax_China,Ac,DetailAccount,Everyone,72-70-50108-0001,TransformOneToOne,TAX,6420000,false,
CHINA,A_Chempax_China,A_Chempax_China,Ac,DetailAccount,Everyone,72-70-50200-2300,TransformOneToOne,WATER-MAG-CGA,6120020,false,
CHINA,A_Chempax_China,A_Chempax_China,Ac,DetailAccount,Everyone,72-70-50200-2301,TransformOneToOne,WATER-CGA-CWAE,6120020,false,
CHINA,A_Chempax_China,A_Chempax_China,Ac,DetailAccount,Everyone,72-70-50200-2307,TransformOneToOne,WATER USED-MAG,6120020,false,
CHINA,A_Chempax_China,A_Chempax_China,Ac,DetailAccount,Everyone,72-70-50200-2308,TransformOneToOne,WATER USED-FD,6120020,false,
CHINA,A_Chempax_China,A_Chempax_China,Ac,DetailAccount,Everyone,72-70-50200-2309,TransformOneToOne,WATER USED-Blend,6120020,false,
CHINA,A_Chempax_China,A_Chempax_China,Ac,DetailAccount,Everyone,72-70-50200-2310,TransformOneToOne,WATER-GEN O/H,6120020,false,
CHINA,A_Chempax_China,A_Chempax_China,Ac,DetailAccount,Everyone,72-70-50200-2311,TransformOneToOne,WATER-CGA-CA,6120020,false,
CHINA,A_Chempax_China,A_Chempax_China,Ac,DetailAccount,Everyone,72-70-50200-2312,TransformOneToOne,WATER-CGA-EXT,6120020,false,
CHINA,A_Chempax_China,A_Chempax_China,Ac,DetailAccount,Everyone,72-70-50200-2313,TransformOneToOne,WATER-AG-CWAE,6120020,false,
CHINA,A_Chempax_China,A_Chempax_China,Ac,DetailAccount,Everyone,72-70-50200-2314,TransformOneToOne,WATER-AG-EXT,6120020,false,
CHINA,A_Chempax_China,A_Chempax_China,Ac,DetailAccount,Everyone,72-70-50200-2315,TransformOneToOne,WATER-CMAG-CGA,6120020,false,
CHINA,A_Chempax_China,A_Chempax_China,Ac,DetailAccount,Everyone,72-70-50200-2316,TransformOneToOne,WATER-MAG-CMAG,6120020,false,
CHINA,A_Chempax_China,A_Chempax_China,Ac,DetailAccount,Everyone,72-70-50200-2317,TransformOneToOne,WATER-DTDG-CGA,6120020,false,
CHINA,A_Chempax_China,A_Chempax_China,Ac,DetailAccount,Everyone,72-70-50200-2318,TransformOneToOne,WATER-DTDG-CMAG,6120020,false,
CHINA,A_Chempax_China,A_Chempax_China,Ac,DetailAccount,Everyone,72-70-50200-2319,TransformOneToOne,WATER-GACA-CGA,6120020,false,
CHINA,A_Chempax_China,A_Chempax_China,Ac,DetailAccount,Everyone,72-70-50200-2320,TransformOneToOne,WATER-FD-DTDG,6120020,false,
CHINA,A_Chempax_China,A_Chempax_China,Ac,DetailAccount,Everyone,72-70-50200-2321,TransformOneToOne,WATER-FD-GACA,6120020,false,
CHINA,A_Chempax_China,A_Chempax_China,Ac,DetailAccount,Everyone,72-70-50200-2322,TransformOneToOne,WATER-MSW-MDTDG,6120020,false,
CHINA,A_Chempax_China,A_Chempax_China,Ac,DetailAccount,Everyone,72-70-50200-2323,TransformOneToOne,WATER-DGLE,6120020,false,
CHINA,A_Chempax_China,A_Chempax_China,Ac,DetailAccount,Everyone,72-70-50200-2324,TransformOneToOne,WATER-WETBLEND,6120020,false,
CHINA,A_Chempax_China,A_Chempax_China,Ac,DetailAccount,Everyone,72-70-50200-2325,TransformOneToOne,WATER-DRYBLEND,6120020,false,
CHINA,A_Chempax_China,A_Chempax_China,Ac,DetailAccount,Everyone,72-70-50200-2326,TransformOneToOne,WATER-GYE/R21LIQ,6120020,false,
CHINA,A_Chempax_China,A_Chempax_China,Ac,DetailAccount,Everyone,72-70-50200-2327,TransformOneToOne,WATER-GYE/R21SD,6120020,false,
CHINA,A_Chempax_China,A_Chempax_China,Ac,DetailAccount,Everyone,72-70-50200-2328,TransformOneToOne,WATER-CGA BLD,6120020,false,
CHINA,A_Chempax_China,A_Chempax_China,Ac,DetailAccount,Everyone,72-70-50200-2329,TransformOneToOne,WATER-MDTDG BLD,6120020,false,
CHINA,A_Chempax_China,A_Chempax_China,Ac,DetailAccount,Everyone,72-70-50200-2330,TransformOneToOne,WATER-TOLL DTDG,6120020,false,
CHINA,A_Chempax_China,A_Chempax_China,Ac,DetailAccount,Everyone,72-70-50200-2331,TransformOneToOne,WATER-TOLL OTHERDTDG,6120020,false,
CHINA,A_Chempax_China,A_Chempax_China,Ac,DetailAccount,Everyone,72-70-50202-2300,TransformOneToOne,STEAM-MAG-CGA,6120010,false,
CHINA,A_Chempax_China,A_Chempax_China,Ac,DetailAccount,Everyone,72-70-50202-2301,TransformOneToOne,STEAM-CGA-CWAE,6120010,false,
CHINA,A_Chempax_China,A_Chempax_China,Ac,DetailAccount,Everyone,72-70-50202-2307,TransformOneToOne,STEAM USED-MAG,6120010,false,
CHINA,A_Chempax_China,A_Chempax_China,Ac,DetailAccount,Everyone,72-70-50202-2309,TransformOneToOne,STEAM USED-BLEND,6120010,false,
CHINA,A_Chempax_China,A_Chempax_China,Ac,DetailAccount,Everyone,72-70-50202-2310,TransformOneToOne,STEAM-GEN O/H,6120010,false,
CHINA,A_Chempax_China,A_Chempax_China,Ac,DetailAccount,Everyone,72-70-50202-2311,TransformOneToOne,STEAM-CGA-CA,6120010,false,
CHINA,A_Chempax_China,A_Chempax_China,Ac,DetailAccount,Everyone,72-70-50202-2312,TransformOneToOne,STEAM-CGA-EXT,6120010,false,
CHINA,A_Chempax_China,A_Chempax_China,Ac,DetailAccount,Everyone,72-70-50202-2313,TransformOneToOne,STEAM-AG-CWAE,6120010,false,
CHINA,A_Chempax_China,A_Chempax_China,Ac,DetailAccount,Everyone,72-70-50202-2314,TransformOneToOne,STEAM-AG-EXT,6120010,false,
CHINA,A_Chempax_China,A_Chempax_China,Ac,DetailAccount,Everyone,72-70-50202-2315,TransformOneToOne,STEAM-CMAG-CGA,6120010,false,
CHINA,A_Chempax_China,A_Chempax_China,Ac,DetailAccount,Everyone,72-70-50202-2316,TransformOneToOne,STEAM-MAG-CMAG,6120010,false,
CHINA,A_Chempax_China,A_Chempax_China,Ac,DetailAccount,Everyone,72-70-50202-2317,TransformOneToOne,STEAM-DTDG-CGA,6120010,false,
CHINA,A_Chempax_China,A_Chempax_China,Ac,DetailAccount,Everyone,72-70-50202-2318,TransformOneToOne,STEAM-DTDG-CMAG,6120010,false,
CHINA,A_Chempax_China,A_Chempax_China,Ac,DetailAccount,Everyone,72-70-50202-2319,TransformOneToOne,STEAM-GACA-CGA,6120010,false,
CHINA,A_Chempax_China,A_Chempax_China,Ac,DetailAccount,Everyone,72-70-50202-2320,TransformOneToOne,STEAM-FD-DTDG,6120010,false,
CHINA,A_Chempax_China,A_Chempax_China,Ac,DetailAccount,Everyone,72-70-50202-2321,TransformOneToOne,STEAM-FD-GACA,6120010,false,
CHINA,A_Chempax_China,A_Chempax_China,Ac,DetailAccount,Everyone,72-70-50202-2322,TransformOneToOne,STEAM-MSW-MDTDG,6120010,false,
CHINA,A_Chempax_China,A_Chempax_China,Ac,DetailAccount,Everyone,72-70-50202-2323,TransformOneToOne,STEAM-DGLE,6120010,false,
CHINA,A_Chempax_China,A_Chempax_China,Ac,DetailAccount,Everyone,72-70-50202-2324,TransformOneToOne,STEAM-WETBLEND,6120010,false,
CHINA,A_Chempax_China,A_Chempax_China,Ac,DetailAccount,Everyone,72-70-50202-2325,TransformOneToOne,STEAM-DRYBLEND,6120010,false,
CHINA,A_Chempax_China,A_Chempax_China,Ac,DetailAccount,Everyone,72-70-50202-2326,TransformOneToOne,STEAM-GYE/R21LIQ,6120010,false,
CHINA,A_Chempax_China,A_Chempax_China,Ac,DetailAccount,Everyone,72-70-50202-2327,TransformOneToOne,STEAM-GYE/R21SD,6120010,false,
CHINA,A_Chempax_China,A_Chempax_China,Ac,DetailAccount,Everyone,72-70-50202-2328,TransformOneToOne,STEAM-CGA BLD,6120010,false,
CHINA,A_Chempax_China,A_Chempax_China,Ac,DetailAccount,Everyone,72-70-50202-2329,TransformOneToOne,STEAM-MDTDG BLD,6120010,false,
CHINA,A_Chempax_China,A_Chempax_China,Ac,DetailAccount,Everyone,72-70-50202-2330,TransformOneToOne,STEAM-TOLL DTDG,6120010,false,
CHINA,A_Chempax_China,A_Chempax_China,Ac,DetailAccount,Everyone,72-70-50202-2331,TransformOneToOne,STEAM-TOLL OTHERDTDG,6120010,false,
CHINA,A_Chempax_China,A_Chempax_China,Ac,DetailAccount,Everyone,72-70-50203-2300,TransformOneToOne,ELECTRIC-MAG-CGA,6120000,false,
CHINA,A_Chempax_China,A_Chempax_China,Ac,DetailAccount,Everyone,72-70-50203-2301,TransformOneToOne,ELECTRIC-CGA-CWAE,6120000,false,
CHINA,A_Chempax_China,A_Chempax_China,Ac,DetailAccount,Everyone,72-70-50203-2307,TransformOneToOne,ELECTRICITY-MAG,6120000,false,
CHINA,A_Chempax_China,A_Chempax_China,Ac,DetailAccount,Everyone,72-70-50203-2308,TransformOneToOne,ELECTRICITY-FD,6120000,false,
CHINA,A_Chempax_China,A_Chempax_China,Ac,DetailAccount,Everyone,72-70-50203-2309,TransformOneToOne,ELECTRICITYF-BLEND,6120000,false,
CHINA,A_Chempax_China,A_Chempax_China,Ac,DetailAccount,Everyone,72-70-50203-2310,TransformOneToOne,ELECTRIC-GEN O/H,6120000,false,
CHINA,A_Chempax_China,A_Chempax_China,Ac,DetailAccount,Everyone,72-70-50203-2311,TransformOneToOne,ELECTRIC-CGA-CA,6120000,false,
CHINA,A_Chempax_China,A_Chempax_China,Ac,DetailAccount,Everyone,72-70-50203-2312,TransformOneToOne,ELECTRIC-CGA-EXT,6120000,false,
CHINA,A_Chempax_China,A_Chempax_China,Ac,DetailAccount,Everyone,72-70-50203-2313,TransformOneToOne,ELECTRIC-AG-CWAE,6120000,false,
CHINA,A_Chempax_China,A_Chempax_China,Ac,DetailAccount,Everyone,72-70-50203-2314,TransformOneToOne,ELECTRIC-AG-EXT,6120000,false,
CHINA,A_Chempax_China,A_Chempax_China,Ac,DetailAccount,Everyone,72-70-50203-2315,TransformOneToOne,ELECTRIC-CMAG-CGA,6120000,false,
CHINA,A_Chempax_China,A_Chempax_China,Ac,DetailAccount,Everyone,72-70-50203-2316,TransformOneToOne,ELECTRIC-MAG-CMAG,6120000,false,
CHINA,A_Chempax_China,A_Chempax_China,Ac,DetailAccount,Everyone,72-70-50203-2317,TransformOneToOne,ELECTRIC-DTDG-CGA,6120000,false,
CHINA,A_Chempax_China,A_Chempax_China,Ac,DetailAccount,Everyone,72-70-50203-2318,TransformOneToOne,ELECTRIC-DTDG-CMAG,6120000,false,
CHINA,A_Chempax_China,A_Chempax_China,Ac,DetailAccount,Everyone,72-70-50203-2319,TransformOneToOne,ELECTRIC-GACA-CGA,6120000,false,
CHINA,A_Chempax_China,A_Chempax_China,Ac,DetailAccount,Everyone,72-70-50203-2320,TransformOneToOne,ELECTRIC-FD-DTDG,6120000,false,
CHINA,A_Chempax_China,A_Chempax_China,Ac,DetailAccount,Everyone,72-70-50203-2321,TransformOneToOne,ELECTRIC-FD-GACA,6120000,false,
CHINA,A_Chempax_China,A_Chempax_China,Ac,DetailAccount,Everyone,72-70-50203-2322,TransformOneToOne,ELECTRIC-MSW-MDTDG,6120000,false,
CHINA,A_Chempax_China,A_Chempax_China,Ac,DetailAccount,Everyone,72-70-50203-2323,TransformOneToOne,ELECTRIC-DGLE,6120000,false,
CHINA,A_Chempax_China,A_Chempax_China,Ac,DetailAccount,Everyone,72-70-50203-2324,TransformOneToOne,ELECTRIC-WETBLEND,6120000,false,
CHINA,A_Chempax_China,A_Chempax_China,Ac,DetailAccount,Everyone,72-70-50203-2325,TransformOneToOne,ELECTRIC-DRYBLEND,6120000,false,
CHINA,A_Chempax_China,A_Chempax_China,Ac,DetailAccount,Everyone,72-70-50203-2326,TransformOneToOne,ELECTRIC-GYE/R21LIQ,6120000,false,
CHINA,A_Chempax_China,A_Chempax_China,Ac,DetailAccount,Everyone,72-70-50203-2327,TransformOneToOne,ELECTRIC-GYE/R21SD,6120000,false,
CHINA,A_Chempax_China,A_Chempax_China,Ac,DetailAccount,Everyone,72-70-50203-2328,TransformOneToOne,ELECTRIC-CGA BLD,6120000,false,
CHINA,A_Chempax_China,A_Chempax_China,Ac,DetailAccount,Everyone,72-70-50203-2329,TransformOneToOne,ELECTRIC-MDTDG BLD,6120000,false,
CHINA,A_Chempax_China,A_Chempax_China,Ac,DetailAccount,Everyone,72-70-50203-2330,TransformOneToOne,ELECTRIC-TOLL-DTDG,6120000,false,
CHINA,A_Chempax_China,A_Chempax_China,Ac,DetailAccount,Everyone,72-70-50203-2331,TransformOneToOne,ELECTRIC-TOLL OTHERD,6120000,false,
CHINA,A_Chempax_China,A_Chempax_China,Ac,DetailAccount,Everyone,72-70-50204-2095,TransformOneToOne,Repairs and Maintenance,6330010,false,
CHINA,A_Chempax_China,A_Chempax_China,Ac,DetailAccount,Everyone,72-70-50204-2300,TransformOneToOne,REPA&MAIN-MAG-CGA,6330010,false,
CHINA,A_Chempax_China,A_Chempax_China,Ac,DetailAccount,Everyone,72-70-50204-2301,TransformOneToOne,REPA&MAIN-CGA-CWAE,6330010,false,
CHINA,A_Chempax_China,A_Chempax_China,Ac,DetailAccount,Everyone,72-70-50204-2307,TransformOneToOne,REPA&MAIN-MAG FAC,6330010,false,
CHINA,A_Chempax_China,A_Chempax_China,Ac,DetailAccount,Everyone,72-70-50204-2308,TransformOneToOne,REPA&MAIN-CGA FAC,6330010,false,
CHINA,A_Chempax_China,A_Chempax_China,Ac,DetailAccount,Everyone,72-70-50204-2309,TransformOneToOne,REPA&MAIN-BLD FAC,6330010,false,
CHINA,A_Chempax_China,A_Chempax_China,Ac,DetailAccount,Everyone,72-70-50204-2310,TransformOneToOne,REPA&MAIN-GEN O/H,6330010,false,
CHINA,A_Chempax_China,A_Chempax_China,Ac,DetailAccount,Everyone,72-70-50204-2311,TransformOneToOne,REPA&MAIN-CGA-CA,6330010,false,
CHINA,A_Chempax_China,A_Chempax_China,Ac,DetailAccount,Everyone,72-70-50204-2312,TransformOneToOne,REPA&MAIN-CGA-EXT,6330010,false,
CHINA,A_Chempax_China,A_Chempax_China,Ac,DetailAccount,Everyone,72-70-50204-2313,TransformOneToOne,REPA&MAIN-AG-CWAE,6330010,false,
CHINA,A_Chempax_China,A_Chempax_China,Ac,DetailAccount,Everyone,72-70-50204-2314,TransformOneToOne,REPA&MAIN-AG-EXT,6330010,false,
CHINA,A_Chempax_China,A_Chempax_China,Ac,DetailAccount,Everyone,72-70-50204-2315,TransformOneToOne,REPA&MAIN-CMAG-CGA,6330010,false,
CHINA,A_Chempax_China,A_Chempax_China,Ac,DetailAccount,Everyone,72-70-50204-2316,TransformOneToOne,REPA&MAIN-MAG-CMAG,6330010,false,
CHINA,A_Chempax_China,A_Chempax_China,Ac,DetailAccount,Everyone,72-70-50204-2317,TransformOneToOne,REPA&MAIN-DTDG-CGA,6330010,false,
CHINA,A_Chempax_China,A_Chempax_China,Ac,DetailAccount,Everyone,72-70-50204-2318,TransformOneToOne,REPA&MAIN-DTDG-CMAG,6330010,false,
CHINA,A_Chempax_China,A_Chempax_China,Ac,DetailAccount,Everyone,72-70-50204-2319,TransformOneToOne,REPA&MAIN-GACA-CGA,6330010,false,
CHINA,A_Chempax_China,A_Chempax_China,Ac,DetailAccount,Everyone,72-70-50204-2320,TransformOneToOne,REPA&MAIN-FD-DTDG,6330010,false,
CHINA,A_Chempax_China,A_Chempax_China,Ac,DetailAccount,Everyone,72-70-50204-2321,TransformOneToOne,REPA&MAIN-FD-GACA,6330010,false,
CHINA,A_Chempax_China,A_Chempax_China,Ac,DetailAccount,Everyone,72-70-50204-2322,TransformOneToOne,REPA&MAIN-MSW-MDTDG,6330010,false,
CHINA,A_Chempax_China,A_Chempax_China,Ac,DetailAccount,Everyone,72-70-50204-2323,TransformOneToOne,REPA&MAIN-DGLE,6330010,false,
CHINA,A_Chempax_China,A_Chempax_China,Ac,DetailAccount,Everyone,72-70-50204-2324,TransformOneToOne,REPA&MAIN-WETBLEND,6330010,false,
CHINA,A_Chempax_China,A_Chempax_China,Ac,DetailAccount,Everyone,72-70-50204-2325,TransformOneToOne,REPA&MAIN-DRYBLEND,6330010,false,
CHINA,A_Chempax_China,A_Chempax_China,Ac,DetailAccount,Everyone,72-70-50204-2326,TransformOneToOne,REPA&MAIN-GYE/R21LIQ,6330010,false,
CHINA,A_Chempax_China,A_Chempax_China,Ac,DetailAccount,Everyone,72-70-50204-2327,TransformOneToOne,REPA&MAIN-GYE/R21SD,6330010,false,
CHINA,A_Chempax_China,A_Chempax_China,Ac,DetailAccount,Everyone,72-70-50204-2328,TransformOneToOne,REPA&MAIN-CGA BLD,6330010,false,
CHINA,A_Chempax_China,A_Chempax_China,Ac,DetailAccount,Everyone,72-70-50204-2329,TransformOneToOne,REPA&MAIN-MDTDG BLD,6330010,false,
CHINA,A_Chempax_China,A_Chempax_China,Ac,DetailAccount,Everyone,72-70-50204-2330,TransformOneToOne,REPA&MAIN-TOLL DTDG,6330010,false,
CHINA,A_Chempax_China,A_Chempax_China,Ac,DetailAccount,Everyone,72-70-50204-2331,TransformOneToOne,REPA&MAIN-TOLL OTHER,6330010,false,
CHINA,A_Chempax_China,A_Chempax_China,Ac,DetailAccount,Everyone,72-70-50205-2095,TransformOneToOne,ZFTZ Direct Labor salary,6210000,false,
CHINA,A_Chempax_China,A_Chempax_China,Ac,DetailAccount,Everyone,72-70-50205-2300,TransformOneToOne,FAC-LABOR-MAG-CGA,6210000,false,
CHINA,A_Chempax_China,A_Chempax_China,Ac,DetailAccount,Everyone,72-70-50205-2301,TransformOneToOne,FAC-LABOR-CGA-CWAE,6210000,false,
CHINA,A_Chempax_China,A_Chempax_China,Ac,DetailAccount,Everyone,72-70-50205-2307,TransformOneToOne,FAC-LABOR-MAG FAC,6210000,false,
CHINA,A_Chempax_China,A_Chempax_China,Ac,DetailAccount,Everyone,72-70-50205-2308,TransformOneToOne,FAC-LABOR-CGA FAC,6210000,false,
CHINA,A_Chempax_China,A_Chempax_China,Ac,DetailAccount,Everyone,72-70-50205-2309,TransformOneToOne,FAC-LABOR-BLD FAC,6210000,false,
CHINA,A_Chempax_China,A_Chempax_China,Ac,DetailAccount,Everyone,72-70-50205-2310,TransformOneToOne,FAC-LABOR-GEN O/H,6210000,false,
CHINA,A_Chempax_China,A_Chempax_China,Ac,DetailAccount,Everyone,72-70-50205-2311,TransformOneToOne,FAC-LABOR-CGA-CA,6210000,false,
CHINA,A_Chempax_China,A_Chempax_China,Ac,DetailAccount,Everyone,72-70-50205-2312,TransformOneToOne,FAC-LABOR-CGA-EXT,6210000,false,
CHINA,A_Chempax_China,A_Chempax_China,Ac,DetailAccount,Everyone,72-70-50205-2313,TransformOneToOne,FAC-LABOR-AG-CWAE,6210000,false,
CHINA,A_Chempax_China,A_Chempax_China,Ac,DetailAccount,Everyone,72-70-50205-2314,TransformOneToOne,FAC-LABOR-AG-EXT,6210000,false,
CHINA,A_Chempax_China,A_Chempax_China,Ac,DetailAccount,Everyone,72-70-50205-2315,TransformOneToOne,FAC-LABOR-CMAG-CGA,6210000,false,
CHINA,A_Chempax_China,A_Chempax_China,Ac,DetailAccount,Everyone,72-70-50205-2316,TransformOneToOne,FAC-LABOR-MAG-CMAG,6210000,false,
CHINA,A_Chempax_China,A_Chempax_China,Ac,DetailAccount,Everyone,72-70-50205-2317,TransformOneToOne,FAC-LABOR-DTDG-CGA,6210000,false,
CHINA,A_Chempax_China,A_Chempax_China,Ac,DetailAccount,Everyone,72-70-50205-2318,TransformOneToOne,FAC-LABOR-DTDG-CMAG,6210000,false,
CHINA,A_Chempax_China,A_Chempax_China,Ac,DetailAccount,Everyone,72-70-50205-2319,TransformOneToOne,FAC-LABOR-GACA-CGA,6210000,false,
CHINA,A_Chempax_China,A_Chempax_China,Ac,DetailAccount,Everyone,72-70-50205-2320,TransformOneToOne,FAC-LABOR-FD-DTDG,6210000,false,
CHINA,A_Chempax_China,A_Chempax_China,Ac,DetailAccount,Everyone,72-70-50205-2321,TransformOneToOne,FAC-LABOR-FD-GACA,6210000,false,
CHINA,A_Chempax_China,A_Chempax_China,Ac,DetailAccount,Everyone,72-70-50205-2322,TransformOneToOne,FAC-LABOR-MSW-MDTDG,6210000,false,
CHINA,A_Chempax_China,A_Chempax_China,Ac,DetailAccount,Everyone,72-70-50205-2323,TransformOneToOne,FAC-LABOR-DGLE,6210000,false,
CHINA,A_Chempax_China,A_Chempax_China,Ac,DetailAccount,Everyone,72-70-50205-2324,TransformOneToOne,FAC-LABOR-WETBLEND,6210000,false,
CHINA,A_Chempax_China,A_Chempax_China,Ac,DetailAccount,Everyone,72-70-50205-2325,TransformOneToOne,FAC-LABOR-DRYBLEND,6210000,false,
CHINA,A_Chempax_China,A_Chempax_China,Ac,DetailAccount,Everyone,72-70-50205-2326,TransformOneToOne,FAC-LABOR-GYE/R21LIQ,6210000,false,
CHINA,A_Chempax_China,A_Chempax_China,Ac,DetailAccount,Everyone,72-70-50205-2327,TransformOneToOne,FAC-LABOR-GYE/R21SD,6210000,false,
CHINA,A_Chempax_China,A_Chempax_China,Ac,DetailAccount,Everyone,72-70-50205-2328,TransformOneToOne,FAC-LABOR-CGA BLD,6210000,false,
CHINA,A_Chempax_China,A_Chempax_China,Ac,DetailAccount,Everyone,72-70-50205-2329,TransformOneToOne,FAC-LABOR-MDTDG BLD,6210000,false,
CHINA,A_Chempax_China,A_Chempax_China,Ac,DetailAccount,Everyone,72-70-50205-2330,TransformOneToOne,FAC-LABOR-TOLL DTDG,6210000,false,
CHINA,A_Chempax_China,A_Chempax_China,Ac,DetailAccount,Everyone,72-70-50205-2331,TransformOneToOne,FAC-LABOR-TOLL OTHER,6210000,false,
CHINA,A_Chempax_China,A_Chempax_China,Ac,DetailAccount,Everyone,72-70-50206-2095,TransformOneToOne,ZFTZ Direct Labor welfare,6210030,false,
CHINA,A_Chempax_China,A_Chempax_China,Ac,DetailAccount,Everyone,72-70-50206-2300,TransformOneToOne,FAC-WELF-MAG-CGA,6210030,false,
CHINA,A_Chempax_China,A_Chempax_China,Ac,DetailAccount,Everyone,72-70-50206-2301,TransformOneToOne,FAC-WELF-CGA-CWAE,6210030,false,
CHINA,A_Chempax_China,A_Chempax_China,Ac,DetailAccount,Everyone,72-70-50206-2307,TransformOneToOne,FAC-WELF-MAG FAC,6210030,false,
CHINA,A_Chempax_China,A_Chempax_China,Ac,DetailAccount,Everyone,72-70-50206-2308,TransformOneToOne,FAC-WELF-CGA FAC,6210030,false,
CHINA,A_Chempax_China,A_Chempax_China,Ac,DetailAccount,Everyone,72-70-50206-2309,TransformOneToOne,FAC-WELF-BLD FAC,6210030,false,
CHINA,A_Chempax_China,A_Chempax_China,Ac,DetailAccount,Everyone,72-70-50206-2310,TransformOneToOne,FAC-WELF-GEN O/H,6210030,false,
CHINA,A_Chempax_China,A_Chempax_China,Ac,DetailAccount,Everyone,72-70-50206-2311,TransformOneToOne,FAC-WELF-CGA-CA,6210030,false,
CHINA,A_Chempax_China,A_Chempax_China,Ac,DetailAccount,Everyone,72-70-50206-2312,TransformOneToOne,FAC-WELF-CGA-EXT,6210030,false,
CHINA,A_Chempax_China,A_Chempax_China,Ac,DetailAccount,Everyone,72-70-50206-2313,TransformOneToOne,FAC-WELF-AG-CWAE,6210030,false,
CHINA,A_Chempax_China,A_Chempax_China,Ac,DetailAccount,Everyone,72-70-50206-2314,TransformOneToOne,FAC-WELF-AG-EXT,6210030,false,
CHINA,A_Chempax_China,A_Chempax_China,Ac,DetailAccount,Everyone,72-70-50206-2315,TransformOneToOne,FAC-WELF-CMAG-CGA,6210030,false,
CHINA,A_Chempax_China,A_Chempax_China,Ac,DetailAccount,Everyone,72-70-50206-2316,TransformOneToOne,FAC-WELF-MAG-CMAG,6210030,false,
CHINA,A_Chempax_China,A_Chempax_China,Ac,DetailAccount,Everyone,72-70-50206-2317,TransformOneToOne,FAC-WELF-DTDG-CGA,6210030,false,
CHINA,A_Chempax_China,A_Chempax_China,Ac,DetailAccount,Everyone,72-70-50206-2318,TransformOneToOne,FAC-WELF-DTDG-CMAG,6210030,false,
CHINA,A_Chempax_China,A_Chempax_China,Ac,DetailAccount,Everyone,72-70-50206-2319,TransformOneToOne,FAC-WELF-GACA-CGA,6210030,false,
CHINA,A_Chempax_China,A_Chempax_China,Ac,DetailAccount,Everyone,72-70-50206-2320,TransformOneToOne,FAC-WELF-FD-DTDG,6210030,false,
CHINA,A_Chempax_China,A_Chempax_China,Ac,DetailAccount,Everyone,72-70-50206-2321,TransformOneToOne,FAC-WELF-FD-GACA,6210030,false,
CHINA,A_Chempax_China,A_Chempax_China,Ac,DetailAccount,Everyone,72-70-50206-2322,TransformOneToOne,FAC-WELF-MSW-MDTDG,6210030,false,
CHINA,A_Chempax_China,A_Chempax_China,Ac,DetailAccount,Everyone,72-70-50206-2323,TransformOneToOne,FAC-WELF-DGLE,6210030,false,
CHINA,A_Chempax_China,A_Chempax_China,Ac,DetailAccount,Everyone,72-70-50206-2324,TransformOneToOne,FAC-WELF-WETBLEND,6210030,false,
CHINA,A_Chempax_China,A_Chempax_China,Ac,DetailAccount,Everyone,72-70-50206-2325,TransformOneToOne,FAC-WELF-DRYBLEND,6210030,false,
CHINA,A_Chempax_China,A_Chempax_China,Ac,DetailAccount,Everyone,72-70-50206-2326,TransformOneToOne,FAC-WELF-GYE/R21LIQ,6210030,false,
CHINA,A_Chempax_China,A_Chempax_China,Ac,DetailAccount,Everyone,72-70-50206-2327,TransformOneToOne,FAC-WELF-GYE/R21SD,6210030,false,
CHINA,A_Chempax_China,A_Chempax_China,Ac,DetailAccount,Everyone,72-70-50206-2328,TransformOneToOne,FAC-WELF-CGA BLD,6210030,false,
CHINA,A_Chempax_China,A_Chempax_China,Ac,DetailAccount,Everyone,72-70-50206-2329,TransformOneToOne,FAC-WELF-MDTDG BLD,6210030,false,
CHINA,A_Chempax_China,A_Chempax_China,Ac,DetailAccount,Everyone,72-70-50206-2330,TransformOneToOne,FAC-WELF-TOLL DTDG,6210030,false,
CHINA,A_Chempax_China,A_Chempax_China,Ac,DetailAccount,Everyone,72-70-50206-2331,TransformOneToOne,FAC-WELF-TOLL OTHERD,6210030,false,
CHINA,A_Chempax_China,A_Chempax_China,Ac,DetailAccount,Everyone,72-70-50207-2300,TransformOneToOne,DEPRECIA-MAG-CGA,6710000,false,
CHINA,A_Chempax_China,A_Chempax_China,Ac,DetailAccount,Everyone,72-70-50207-2301,TransformOneToOne,DEPRECIA-CGA-CWAE,6710000,false,
CHINA,A_Chempax_China,A_Chempax_China,Ac,DetailAccount,Everyone,72-70-50207-2307,TransformOneToOne,DEPRECIA-MAG FAC,6710000,false,
CHINA,A_Chempax_China,A_Chempax_China,Ac,DetailAccount,Everyone,72-70-50207-2308,TransformOneToOne,DEPRECIA-CGA FAC,6710000,false,
CHINA,A_Chempax_China,A_Chempax_China,Ac,DetailAccount,Everyone,72-70-50207-2309,TransformOneToOne,DEPRECIA-BLD FAC,6710000,false,
CHINA,A_Chempax_China,A_Chempax_China,Ac,DetailAccount,Everyone,72-70-50207-2310,TransformOneToOne,DEPRECIA-GEN O/H,6710000,false,
CHINA,A_Chempax_China,A_Chempax_China,Ac,DetailAccount,Everyone,72-70-50207-2311,TransformOneToOne,DEPRECIA-CGA-CA,6710000,false,
CHINA,A_Chempax_China,A_Chempax_China,Ac,DetailAccount,Everyone,72-70-50207-2312,TransformOneToOne,DEPRECIA-CGA-EXT,6710000,false,
CHINA,A_Chempax_China,A_Chempax_China,Ac,DetailAccount,Everyone,72-70-50207-2313,TransformOneToOne,DEPRECIA-AG-CWAE,6710000,false,
CHINA,A_Chempax_China,A_Chempax_China,Ac,DetailAccount,Everyone,72-70-50207-2314,TransformOneToOne,DEPRECIA-AG-EXT,6710000,false,
CHINA,A_Chempax_China,A_Chempax_China,Ac,DetailAccount,Everyone,72-70-50207-2315,TransformOneToOne,DEPRECIA-CMAG-CGA,6710000,false,
CHINA,A_Chempax_China,A_Chempax_China,Ac,DetailAccount,Everyone,72-70-50207-2316,TransformOneToOne,DEPRECIA-MAG-CMAG,6710000,false,
CHINA,A_Chempax_China,A_Chempax_China,Ac,DetailAccount,Everyone,72-70-50207-2317,TransformOneToOne,DEPRECIA-DTDG-CGA,6710000,false,
CHINA,A_Chempax_China,A_Chempax_China,Ac,DetailAccount,Everyone,72-70-50207-2318,TransformOneToOne,DEPRECIA-DTDG-CMAG,6710000,false,
CHINA,A_Chempax_China,A_Chempax_China,Ac,DetailAccount,Everyone,72-70-50207-2319,TransformOneToOne,DEPRECIA-GACA-CGA,6710000,false,
CHINA,A_Chempax_China,A_Chempax_China,Ac,DetailAccount,Everyone,72-70-50207-2320,TransformOneToOne,DEPRECIA-FD-DTDG,6710000,false,
CHINA,A_Chempax_China,A_Chempax_China,Ac,DetailAccount,Everyone,72-70-50207-2321,TransformOneToOne,DEPRECIA-FD-GACA,6710000,false,
CHINA,A_Chempax_China,A_Chempax_China,Ac,DetailAccount,Everyone,72-70-50207-2322,TransformOneToOne,DEPRECIA-MSW-MDTDG,6710000,false,
CHINA,A_Chempax_China,A_Chempax_China,Ac,DetailAccount,Everyone,72-70-50207-2323,TransformOneToOne,DEPRECIA-DGLE,6710000,false,
CHINA,A_Chempax_China,A_Chempax_China,Ac,DetailAccount,Everyone,72-70-50207-2324,TransformOneToOne,DEPRECIA-WETBLEND,6710000,false,
CHINA,A_Chempax_China,A_Chempax_China,Ac,DetailAccount,Everyone,72-70-50207-2325,TransformOneToOne,DEPRECIA-DRYBLEND,6710000,false,
CHINA,A_Chempax_China,A_Chempax_China,Ac,DetailAccount,Everyone,72-70-50207-2326,TransformOneToOne,DEPRECIA-GYE/R21LIQ,6710000,false,
CHINA,A_Chempax_China,A_Chempax_China,Ac,DetailAccount,Everyone,72-70-50207-2327,TransformOneToOne,DEPRECIA-GYE/R21SD,6710000,false,
CHINA,A_Chempax_China,A_Chempax_China,Ac,DetailAccount,Everyone,72-70-50207-2328,TransformOneToOne,DEPRECIA-CGA BLD,6710000,false,
CHINA,A_Chempax_China,A_Chempax_China,Ac,DetailAccount,Everyone,72-70-50207-2329,TransformOneToOne,DEPRECIA-MDTDG BLD,6710000,false,
CHINA,A_Chempax_China,A_Chempax_China,Ac,DetailAccount,Everyone,72-70-50207-2330,TransformOneToOne,DEPRECIA-TOLL DTDG,6710000,false,
CHINA,A_Chempax_China,A_Chempax_China,Ac,DetailAccount,Everyone,72-70-50207-2331,TransformOneToOne,DEPRECIA-TOLL OTHERD,6710000,false,
CHINA,A_Chempax_China,A_Chempax_China,Ac,DetailAccount,Everyone,72-70-50208-2307,TransformOneToOne,RENT-WH-MAG,6320020,false,
CHINA,A_Chempax_China,A_Chempax_China,Ac,DetailAccount,Everyone,72-70-50208-2308,TransformOneToOne,RENT-WH-FD,6320020,false,
CHINA,A_Chempax_China,A_Chempax_China,Ac,DetailAccount,Everyone,72-70-50208-2309,TransformOneToOne,RENT-WH-Blend,6320020,false,
CHINA,A_Chempax_China,A_Chempax_China,Ac,DetailAccount,Everyone,72-70-50208-2314,TransformOneToOne,RENT-AG Cake,6130060,false,
CHINA,A_Chempax_China,A_Chempax_China,Ac,DetailAccount,Everyone,72-70-50208-2315,TransformOneToOne,RENT-CGA to CMAG,6130060,false,
CHINA,A_Chempax_China,A_Chempax_China,Ac,DetailAccount,Everyone,72-70-50208-2316,TransformOneToOne,RENT-CMAG to MAG,6130060,false,
CHINA,A_Chempax_China,A_Chempax_China,Ac,DetailAccount,Everyone,72-70-50208-2318,TransformOneToOne,RENT-CMAG to DPG/MAG,6130060,false,
CHINA,A_Chempax_China,A_Chempax_China,Ac,DetailAccount,Everyone,72-70-50208-2320,TransformOneToOne,RENT-FD-DTDG,6130060,false,
CHINA,A_Chempax_China,A_Chempax_China,Ac,DetailAccount,Everyone,72-70-50208-2321,TransformOneToOne,RENT-WH-FD-GACA,6130060,false,
CHINA,A_Chempax_China,A_Chempax_China,Ac,DetailAccount,Everyone,72-70-50208-2322,TransformOneToOne,RENT-Magnasweet,6130060,false,
CHINA,A_Chempax_China,A_Chempax_China,Ac,DetailAccount,Everyone,72-70-50208-2324,TransformOneToOne,RENT-Casing/Wet BLD/,6130060,false,
CHINA,A_Chempax_China,A_Chempax_China,Ac,DetailAccount,Everyone,72-70-50208-2325,TransformOneToOne,RENT-Casing/Wet BLD/,6130060,false,
CHINA,A_Chempax_China,A_Chempax_China,Ac,DetailAccount,Everyone,72-70-50208-2329,TransformOneToOne,RENT-Dry Blend,6130060,false,
CHINA,A_Chempax_China,A_Chempax_China,Ac,DetailAccount,Everyone,72-70-50210-2095,TransformOneToOne,PROFESSIONAL SERVICE,6310100,false,
CHINA,A_Chempax_China,A_Chempax_China,Ac,DetailAccount,Everyone,72-70-50210-2300,TransformOneToOne,PROF-SERV-MAG-CGA,6310100,false,
CHINA,A_Chempax_China,A_Chempax_China,Ac,DetailAccount,Everyone,72-70-50210-2301,TransformOneToOne,PROF-SERV-CGA-CWAE,6310100,false,
CHINA,A_Chempax_China,A_Chempax_China,Ac,DetailAccount,Everyone,72-70-50210-2307,TransformOneToOne,PROF-HSW-MAG,6310100,false,
CHINA,A_Chempax_China,A_Chempax_China,Ac,DetailAccount,Everyone,72-70-50210-2310,TransformOneToOne,PROF-SERV-GEN O/H,6310100,false,
CHINA,A_Chempax_China,A_Chempax_China,Ac,DetailAccount,Everyone,72-70-50210-2311,TransformOneToOne,PROF-SERV-CGA-CA,6310100,false,
CHINA,A_Chempax_China,A_Chempax_China,Ac,DetailAccount,Everyone,72-70-50210-2312,TransformOneToOne,PROF-SERV-CGA-EXT,6310100,false,
CHINA,A_Chempax_China,A_Chempax_China,Ac,DetailAccount,Everyone,72-70-50210-2313,TransformOneToOne,PROF-SERV-AG-CWAE,6310100,false,
CHINA,A_Chempax_China,A_Chempax_China,Ac,DetailAccount,Everyone,72-70-50210-2314,TransformOneToOne,PROF-SERV-AG-EXT,6310100,false,
CHINA,A_Chempax_China,A_Chempax_China,Ac,DetailAccount,Everyone,72-70-50210-2315,TransformOneToOne,PROF-SERV-CMAG-CGA,6310100,false,
CHINA,A_Chempax_China,A_Chempax_China,Ac,DetailAccount,Everyone,72-70-50210-2316,TransformOneToOne,PROF-SERV-MAG-CMAG,6310100,false,
CHINA,A_Chempax_China,A_Chempax_China,Ac,DetailAccount,Everyone,72-70-50210-2317,TransformOneToOne,PROF-SERV-DTDG-CGA,6310100,false,
CHINA,A_Chempax_China,A_Chempax_China,Ac,DetailAccount,Everyone,72-70-50210-2318,TransformOneToOne,PROF-SERV-DTDG-CMAG,6310100,false,
CHINA,A_Chempax_China,A_Chempax_China,Ac,DetailAccount,Everyone,72-70-50210-2319,TransformOneToOne,PROF-SERV-GACA-CGA,6310100,false,
CHINA,A_Chempax_China,A_Chempax_China,Ac,DetailAccount,Everyone,72-70-50210-2320,TransformOneToOne,PROF-SERV-FD-DTDG,6310100,false,
CHINA,A_Chempax_China,A_Chempax_China,Ac,DetailAccount,Everyone,72-70-50210-2321,TransformOneToOne,PROF-SERV-FD-GACA,6310100,false,
CHINA,A_Chempax_China,A_Chempax_China,Ac,DetailAccount,Everyone,72-70-50210-2322,TransformOneToOne,PROF-SERV-MSW-MDTDG,6310100,false,
CHINA,A_Chempax_China,A_Chempax_China,Ac,DetailAccount,Everyone,72-70-50210-2323,TransformOneToOne,PROF-SERV-DGLE,6310100,false,
CHINA,A_Chempax_China,A_Chempax_China,Ac,DetailAccount,Everyone,72-70-50210-2324,TransformOneToOne,PROF-SERV-WETBLEND,6310100,false,
CHINA,A_Chempax_China,A_Chempax_China,Ac,DetailAccount,Everyone,72-70-50210-2325,TransformOneToOne,PROF-SERV-DRYBLEND,6310100,false,
CHINA,A_Chempax_China,A_Chempax_China,Ac,DetailAccount,Everyone,72-70-50210-2326,TransformOneToOne,PROF-SERV-GYE/R21LIQ,6310100,false,
CHINA,A_Chempax_China,A_Chempax_China,Ac,DetailAccount,Everyone,72-70-50210-2327,TransformOneToOne,PROF-SERV-GYE/R21SD,6310100,false,
CHINA,A_Chempax_China,A_Chempax_China,Ac,DetailAccount,Everyone,72-70-50210-2328,TransformOneToOne,PROF-SERV-CGA BLD,6310100,false,
CHINA,A_Chempax_China,A_Chempax_China,Ac,DetailAccount,Everyone,72-70-50210-2329,TransformOneToOne,PROF-SERV-MDTDG BLD,6310100,false,
CHINA,A_Chempax_China,A_Chempax_China,Ac,DetailAccount,Everyone,72-70-50210-2330,TransformOneToOne,PROF-SERV-TOLL DTDG,6310100,false,
CHINA,A_Chempax_China,A_Chempax_China,Ac,DetailAccount,Everyone,72-70-50210-2331,TransformOneToOne,PROF-SERV-TOLL OTHER,6310100,false,
CHINA,A_Chempax_China,A_Chempax_China,Ac,DetailAccount,Everyone,72-70-50211-2304,TransformOneToOne,OTHER-PROD-GEN O/H,6310100,false,
CHINA,A_Chempax_China,A_Chempax_China,Ac,DetailAccount,Everyone,72-70-50211-2307,TransformOneToOne,PROF-Testing-MAG,6410020,false,
CHINA,A_Chempax_China,A_Chempax_China,Ac,DetailAccount,Everyone,72-70-50211-2308,TransformOneToOne,PROF-Testing-FD,6410020,false,
CHINA,A_Chempax_China,A_Chempax_China,Ac,DetailAccount,Everyone,72-70-50211-2309,TransformOneToOne,PROF-Testing-Blend,6410020,false,
CHINA,A_Chempax_China,A_Chempax_China,Ac,DetailAccount,Everyone,72-70-50211-2314,TransformOneToOne,PROF-AG Cake,6310100,false,
CHINA,A_Chempax_China,A_Chempax_China,Ac,DetailAccount,Everyone,72-70-50211-2315,TransformOneToOne,PROF-CGA to CMAG,6310100,false,
CHINA,A_Chempax_China,A_Chempax_China,Ac,DetailAccount,Everyone,72-70-50211-2316,TransformOneToOne,RENT-DTDG/MAG BLD,6310100,false,
CHINA,A_Chempax_China,A_Chempax_China,Ac,DetailAccount,Everyone,72-70-50211-2318,TransformOneToOne,PROF-CMAG to MAG,6310100,false,
CHINA,A_Chempax_China,A_Chempax_China,Ac,DetailAccount,Everyone,72-70-50211-2320,TransformOneToOne,PROF-FD-DTDG,6310100,false,
CHINA,A_Chempax_China,A_Chempax_China,Ac,DetailAccount,Everyone,72-70-50211-2321,TransformOneToOne,PROF-FD-GACA,6310100,false,
CHINA,A_Chempax_China,A_Chempax_China,Ac,DetailAccount,Everyone,72-70-50211-2322,TransformOneToOne,PROF-Magnasweet,6310100,false,
CHINA,A_Chempax_China,A_Chempax_China,Ac,DetailAccount,Everyone,72-70-50211-2324,TransformOneToOne,PROF-Casing/Wet BLD/,6310100,false,
CHINA,A_Chempax_China,A_Chempax_China,Ac,DetailAccount,Everyone,72-70-50211-2325,TransformOneToOne,PROF-Dry Blend,6310100,false,
CHINA,A_Chempax_China,A_Chempax_China,Ac,DetailAccount,Everyone,72-70-50211-2329,TransformOneToOne,PROF-DTDG/MAG BLD,6310100,false,
CHINA,A_Chempax_China,A_Chempax_China,Ac,DetailAccount,Everyone,72-70-50214-2095,TransformOneToOne,ZFTZ Indirect Labor salary,6210000,false,
CHINA,A_Chempax_China,A_Chempax_China,Ac,DetailAccount,Everyone,72-70-50214-2300,TransformOneToOne,SUP-SALAR-MAG-CGA,6210000,false,
CHINA,A_Chempax_China,A_Chempax_China,Ac,DetailAccount,Everyone,72-70-50214-2301,TransformOneToOne,SUP-SALAR-CGA-CWAE,6210000,false,
CHINA,A_Chempax_China,A_Chempax_China,Ac,DetailAccount,Everyone,72-70-50214-2307,TransformOneToOne,SUP-SALAR-MAG,6210040,false,
CHINA,A_Chempax_China,A_Chempax_China,Ac,DetailAccount,Everyone,72-70-50214-2308,TransformOneToOne,SUP-SALAR-FD,6210040,false,
CHINA,A_Chempax_China,A_Chempax_China,Ac,DetailAccount,Everyone,72-70-50214-2309,TransformOneToOne,SUP-SALAR-GEN O/H,6210040,false,
CHINA,A_Chempax_China,A_Chempax_China,Ac,DetailAccount,Everyone,72-70-50214-2310,TransformOneToOne,SUP-SALAR-GEN O/H,6210000,false,
CHINA,A_Chempax_China,A_Chempax_China,Ac,DetailAccount,Everyone,72-70-50214-2311,TransformOneToOne,SUP-SALAR-CGA-CA,6210000,false,
CHINA,A_Chempax_China,A_Chempax_China,Ac,DetailAccount,Everyone,72-70-50214-2312,TransformOneToOne,SUP-SALAR-CGA-EXT,6210000,false,
CHINA,A_Chempax_China,A_Chempax_China,Ac,DetailAccount,Everyone,72-70-50214-2313,TransformOneToOne,SUP-SALAR-AG-CWAE,6210000,false,
CHINA,A_Chempax_China,A_Chempax_China,Ac,DetailAccount,Everyone,72-70-50214-2314,TransformOneToOne,SUP-SALAR-AG-EXT,6210000,false,
CHINA,A_Chempax_China,A_Chempax_China,Ac,DetailAccount,Everyone,72-70-50214-2315,TransformOneToOne,SUP-SALAR-CMAG-CGA,6210000,false,
CHINA,A_Chempax_China,A_Chempax_China,Ac,DetailAccount,Everyone,72-70-50214-2316,TransformOneToOne,SUP-SALAR-MAG-CMAG,6210000,false,
CHINA,A_Chempax_China,A_Chempax_China,Ac,DetailAccount,Everyone,72-70-50214-2317,TransformOneToOne,SUP-SALAR-DTDG-CGA,6210000,false,
CHINA,A_Chempax_China,A_Chempax_China,Ac,DetailAccount,Everyone,72-70-50214-2318,TransformOneToOne,SUP-SALAR-DTDG-CMAG,6210000,false,
CHINA,A_Chempax_China,A_Chempax_China,Ac,DetailAccount,Everyone,72-70-50214-2319,TransformOneToOne,SUP-SALAR-GACA-CGA,6210000,false,
CHINA,A_Chempax_China,A_Chempax_China,Ac,DetailAccount,Everyone,72-70-50214-2320,TransformOneToOne,SUP-SALAR-FD-DTDG,6210000,false,
CHINA,A_Chempax_China,A_Chempax_China,Ac,DetailAccount,Everyone,72-70-50214-2321,TransformOneToOne,SUP-SALAR-FD-GACA,6210000,false,
CHINA,A_Chempax_China,A_Chempax_China,Ac,DetailAccount,Everyone,72-70-50214-2322,TransformOneToOne,SUP-SALAR-MSW-MDTDG,6210000,false,
CHINA,A_Chempax_China,A_Chempax_China,Ac,DetailAccount,Everyone,72-70-50214-2323,TransformOneToOne,SUP-SALAR-DGLE,6210000,false,
CHINA,A_Chempax_China,A_Chempax_China,Ac,DetailAccount,Everyone,72-70-50214-2324,TransformOneToOne,SUP-SALAR-WETBLEND,6210000,false,
CHINA,A_Chempax_China,A_Chempax_China,Ac,DetailAccount,Everyone,72-70-50214-2325,TransformOneToOne,SUP-SALAR-DRYBLEND,6210000,false,
CHINA,A_Chempax_China,A_Chempax_China,Ac,DetailAccount,Everyone,72-70-50214-2326,TransformOneToOne,SUP-SALAR-GYE/R21LIQ,6210000,false,
CHINA,A_Chempax_China,A_Chempax_China,Ac,DetailAccount,Everyone,72-70-50214-2327,TransformOneToOne,SUP-SALAR-GYE/R21SD,6210000,false,
CHINA,A_Chempax_China,A_Chempax_China,Ac,DetailAccount,Everyone,72-70-50214-2328,TransformOneToOne,SUP-SALAR-CGA BLD,6210000,false,
CHINA,A_Chempax_China,A_Chempax_China,Ac,DetailAccount,Everyone,72-70-50214-2329,TransformOneToOne,SUP-SALAR-MDTDG BLD,6210000,false,
CHINA,A_Chempax_China,A_Chempax_China,Ac,DetailAccount,Everyone,72-70-50214-2330,TransformOneToOne,SUP-SALAR-TOLL DTDG,6210000,false,
CHINA,A_Chempax_China,A_Chempax_China,Ac,DetailAccount,Everyone,72-70-50214-2331,TransformOneToOne,SUP-SALAR-TOLL OYHER,6210000,false,
CHINA,A_Chempax_China,A_Chempax_China,Ac,DetailAccount,Everyone,72-70-50215-2095,TransformOneToOne,ZFTZ Indirect Labor welfare,6210030,false,
CHINA,A_Chempax_China,A_Chempax_China,Ac,DetailAccount,Everyone,72-70-50215-2300,TransformOneToOne,SUP-WELF-MAG-CGA,6210030,false,
CHINA,A_Chempax_China,A_Chempax_China,Ac,DetailAccount,Everyone,72-70-50215-2301,TransformOneToOne,SUP-WELF-CGA-CWAE,6210030,false,
CHINA,A_Chempax_China,A_Chempax_China,Ac,DetailAccount,Everyone,72-70-50215-2307,TransformOneToOne,SUP-WELF-MAG,6210030,false,
CHINA,A_Chempax_China,A_Chempax_China,Ac,DetailAccount,Everyone,72-70-50215-2308,TransformOneToOne,SUP-WELF-FD,6210030,false,
CHINA,A_Chempax_China,A_Chempax_China,Ac,DetailAccount,Everyone,72-70-50215-2309,TransformOneToOne,SUP-WELF-Blend,6210030,false,
CHINA,A_Chempax_China,A_Chempax_China,Ac,DetailAccount,Everyone,72-70-50215-2310,TransformOneToOne,SUP-WELF-GEN O/H,6210030,false,
CHINA,A_Chempax_China,A_Chempax_China,Ac,DetailAccount,Everyone,72-70-50215-2311,TransformOneToOne,SUP-WELF-CGA-CA,6210030,false,
CHINA,A_Chempax_China,A_Chempax_China,Ac,DetailAccount,Everyone,72-70-50215-2312,TransformOneToOne,SUP-WELF-CGA-EXT,6210030,false,
CHINA,A_Chempax_China,A_Chempax_China,Ac,DetailAccount,Everyone,72-70-50215-2313,TransformOneToOne,SUP-WELF-AG-CWAE,6210030,false,
CHINA,A_Chempax_China,A_Chempax_China,Ac,DetailAccount,Everyone,72-70-50215-2314,TransformOneToOne,SUP-WELF-AG-EXT,6210030,false,
CHINA,A_Chempax_China,A_Chempax_China,Ac,DetailAccount,Everyone,72-70-50215-2315,TransformOneToOne,SUP-WELF-CMAG-CGA,6210030,false,
CHINA,A_Chempax_China,A_Chempax_China,Ac,DetailAccount,Everyone,72-70-50215-2316,TransformOneToOne,SUP-WELF-MAG-CMAG,6210030,false,
CHINA,A_Chempax_China,A_Chempax_China,Ac,DetailAccount,Everyone,72-70-50215-2317,TransformOneToOne,SUP-WELF-DTDG-CGA,6210030,false,
CHINA,A_Chempax_China,A_Chempax_China,Ac,DetailAccount,Everyone,72-70-50215-2318,TransformOneToOne,SUP-WELF-DTDG-CMAG,6210030,false,
CHINA,A_Chempax_China,A_Chempax_China,Ac,DetailAccount,Everyone,72-70-50215-2319,TransformOneToOne,SUP-WELF-GACA-CGA,6210030,false,
CHINA,A_Chempax_China,A_Chempax_China,Ac,DetailAccount,Everyone,72-70-50215-2320,TransformOneToOne,SUP-WELF-FD-DTDG,6210030,false,
CHINA,A_Chempax_China,A_Chempax_China,Ac,DetailAccount,Everyone,72-70-50215-2321,TransformOneToOne,SUP-WELF-FD-GACA,6210030,false,
CHINA,A_Chempax_China,A_Chempax_China,Ac,DetailAccount,Everyone,72-70-50215-2322,TransformOneToOne,SUP-WELF-MSW-MDTDG,6210030,false,
CHINA,A_Chempax_China,A_Chempax_China,Ac,DetailAccount,Everyone,72-70-50215-2323,TransformOneToOne,SUP-WELF-DGLE,6210030,false,
CHINA,A_Chempax_China,A_Chempax_China,Ac,DetailAccount,Everyone,72-70-50215-2324,TransformOneToOne,SUP-WELF-WETBLEND,6210030,false,
CHINA,A_Chempax_China,A_Chempax_China,Ac,DetailAccount,Everyone,72-70-50215-2325,TransformOneToOne,SUP-WELF-DRYBLEND,6210030,false,
CHINA,A_Chempax_China,A_Chempax_China,Ac,DetailAccount,Everyone,72-70-50215-2326,TransformOneToOne,SUP-WELF-GYE/R21LIQ,6210030,false,
CHINA,A_Chempax_China,A_Chempax_China,Ac,DetailAccount,Everyone,72-70-50215-2327,TransformOneToOne,SUP-WELF-GYE/R21SD,6210030,false,
CHINA,A_Chempax_China,A_Chempax_China,Ac,DetailAccount,Everyone,72-70-50215-2328,TransformOneToOne,SUP-WELF-CGA BLD,6210030,false,
CHINA,A_Chempax_China,A_Chempax_China,Ac,DetailAccount,Everyone,72-70-50215-2329,TransformOneToOne,SUP-WELF-MDTDG BLD,6210030,false,
CHINA,A_Chempax_China,A_Chempax_China,Ac,DetailAccount,Everyone,72-70-50215-2330,TransformOneToOne,SUP-WELF-TOLL DTDG,6210030,false,
CHINA,A_Chempax_China,A_Chempax_China,Ac,DetailAccount,Everyone,72-70-50215-2331,TransformOneToOne,SUP-WELF-TOLL OYHERD,6210030,false,
CHINA,A_Chempax_China,A_Chempax_China,Ac,DetailAccount,Everyone,72-70-50217-2300,TransformOneToOne,PACKAGE-MAG-CGA,6410010,false,
CHINA,A_Chempax_China,A_Chempax_China,Ac,DetailAccount,Everyone,72-70-50217-2301,TransformOneToOne,PACKAGE-CGA-CWAE,6410010,false,
CHINA,A_Chempax_China,A_Chempax_China,Ac,DetailAccount,Everyone,72-70-50217-2307,TransformOneToOne,PACKAGE-MAG FAC,6410010,false,
CHINA,A_Chempax_China,A_Chempax_China,Ac,DetailAccount,Everyone,72-70-50217-2308,TransformOneToOne,PACKAGE-CGA FAC,6410010,false,
CHINA,A_Chempax_China,A_Chempax_China,Ac,DetailAccount,Everyone,72-70-50217-2309,TransformOneToOne,PACKAGE-BLD FAC,6410010,false,
CHINA,A_Chempax_China,A_Chempax_China,Ac,DetailAccount,Everyone,72-70-50217-2310,TransformOneToOne,PACKAGE-GEN O/H,6410010,false,
CHINA,A_Chempax_China,A_Chempax_China,Ac,DetailAccount,Everyone,72-70-50217-2311,TransformOneToOne,PACKAGE-CGA-CA,6410010,false,
CHINA,A_Chempax_China,A_Chempax_China,Ac,DetailAccount,Everyone,72-70-50217-2312,TransformOneToOne,PACKAGE-CGA-EXT,6410010,false,
CHINA,A_Chempax_China,A_Chempax_China,Ac,DetailAccount,Everyone,72-70-50217-2313,TransformOneToOne,PACKAGE-AG-CWAE,6410010,false,
CHINA,A_Chempax_China,A_Chempax_China,Ac,DetailAccount,Everyone,72-70-50217-2314,TransformOneToOne,PACKAGE-AG-EXT,6410010,false,
CHINA,A_Chempax_China,A_Chempax_China,Ac,DetailAccount,Everyone,72-70-50217-2315,TransformOneToOne,PACKAGE-CMAG-CGA,6410010,false,
CHINA,A_Chempax_China,A_Chempax_China,Ac,DetailAccount,Everyone,72-70-50217-2316,TransformOneToOne,PACKAGE-MAG-CMAG,6410010,false,
CHINA,A_Chempax_China,A_Chempax_China,Ac,DetailAccount,Everyone,72-70-50217-2317,TransformOneToOne,PACKAGE-DTDG-CGA,6410010,false,
CHINA,A_Chempax_China,A_Chempax_China,Ac,DetailAccount,Everyone,72-70-50217-2318,TransformOneToOne,PACKAGE-DTDG-CMAG,6410010,false,
CHINA,A_Chempax_China,A_Chempax_China,Ac,DetailAccount,Everyone,72-70-50217-2319,TransformOneToOne,PACKAGE-GACA-CGA,6410010,false,
CHINA,A_Chempax_China,A_Chempax_China,Ac,DetailAccount,Everyone,72-70-50217-2320,TransformOneToOne,PACKAGE-FD-DTDG,6410010,false,
CHINA,A_Chempax_China,A_Chempax_China,Ac,DetailAccount,Everyone,72-70-50217-2321,TransformOneToOne,PACKAGE-FD-GACA,6410010,false,
CHINA,A_Chempax_China,A_Chempax_China,Ac,DetailAccount,Everyone,72-70-50217-2322,TransformOneToOne,PACKAGE-MSW-MDTDG,6410010,false,
CHINA,A_Chempax_China,A_Chempax_China,Ac,DetailAccount,Everyone,72-70-50217-2323,TransformOneToOne,PACKAGE-DGLE,6410010,false,
CHINA,A_Chempax_China,A_Chempax_China,Ac,DetailAccount,Everyone,72-70-50217-2324,TransformOneToOne,PACKAGE-WETBLEND,6410010,false,
CHINA,A_Chempax_China,A_Chempax_China,Ac,DetailAccount,Everyone,72-70-50217-2325,TransformOneToOne,PACKAGE-DRYBLEND,6410010,false,
CHINA,A_Chempax_China,A_Chempax_China,Ac,DetailAccount,Everyone,72-70-50217-2326,TransformOneToOne,PACKAGE-GYE/R21LIQ,6410010,false,
CHINA,A_Chempax_China,A_Chempax_China,Ac,DetailAccount,Everyone,72-70-50217-2327,TransformOneToOne,PACKAGE-GYE/R21SD,6410010,false,
CHINA,A_Chempax_China,A_Chempax_China,Ac,DetailAccount,Everyone,72-70-50217-2328,TransformOneToOne,PACKAGE-CGA BLD,6410010,false,
CHINA,A_Chempax_China,A_Chempax_China,Ac,DetailAccount,Everyone,72-70-50217-2329,TransformOneToOne,PACKAGE-MDTDG BLD,6410010,false,
CHINA,A_Chempax_China,A_Chempax_China,Ac,DetailAccount,Everyone,72-70-50217-2330,TransformOneToOne,PACKAGE-TOLL DTDG,6410010,false,
CHINA,A_Chempax_China,A_Chempax_China,Ac,DetailAccount,Everyone,72-70-50217-2331,TransformOneToOne,PACKAGE-TOLL OTHERDT,6410010,false,
CHINA,A_Chempax_China,A_Chempax_China,Ac,DetailAccount,Everyone,72-70-50221-2095,TransformOneToOne,Safety Expenses,6410020,false,
CHINA,A_Chempax_China,A_Chempax_China,Ac,DetailAccount,Everyone,72-70-50221-2307,TransformOneToOne,SAFETY EXPENSES-MAG,6410010,false,
CHINA,A_Chempax_China,A_Chempax_China,Ac,DetailAccount,Everyone,72-70-50221-2308,TransformOneToOne,SAFETY EXPENSES-FD,6410010,false,
CHINA,A_Chempax_China,A_Chempax_China,Ac,DetailAccount,Everyone,72-70-50221-2309,TransformOneToOne,SAFETY EXPENSES-Blen,6410010,false,
CHINA,A_Chempax_China,A_Chempax_China,Ac,DetailAccount,Everyone,72-70-50221-2310,TransformOneToOne,Safety Expenses,6410020,false,
CHINA,A_Chempax_China,A_Chempax_China,Ac,DetailAccount,Everyone,72-70-50221-2314,TransformOneToOne,SAFETY-AG Cake,6410020,false,
CHINA,A_Chempax_China,A_Chempax_China,Ac,DetailAccount,Everyone,72-70-50221-2315,TransformOneToOne,SAFETY-CGA to CMAG,6410020,false,
CHINA,A_Chempax_China,A_Chempax_China,Ac,DetailAccount,Everyone,72-70-50221-2316,TransformOneToOne,SAFETY-CMAG to MAG,6410020,false,
CHINA,A_Chempax_China,A_Chempax_China,Ac,DetailAccount,Everyone,72-70-50221-2318,TransformOneToOne,SAFETY-CMAG to DPG/M,6410020,false,
CHINA,A_Chempax_China,A_Chempax_China,Ac,DetailAccount,Everyone,72-70-50221-2320,TransformOneToOne,SAFETY-FD-DTDG,6410020,false,
CHINA,A_Chempax_China,A_Chempax_China,Ac,DetailAccount,Everyone,72-70-50221-2321,TransformOneToOne,SAFETY-FD-GACA,6410020,false,
CHINA,A_Chempax_China,A_Chempax_China,Ac,DetailAccount,Everyone,72-70-50221-2322,TransformOneToOne,SAFETY-Magnasweet,6410020,false,
CHINA,A_Chempax_China,A_Chempax_China,Ac,DetailAccount,Everyone,72-70-50221-2324,TransformOneToOne,SAFETY-Casing/Wet BL,6410020,false,
CHINA,A_Chempax_China,A_Chempax_China,Ac,DetailAccount,Everyone,72-70-50221-2325,TransformOneToOne,SAFETY-Dry Blend,6410020,false,
CHINA,A_Chempax_China,A_Chempax_China,Ac,DetailAccount,Everyone,72-70-50221-2329,TransformOneToOne,SAFETY-DTDG/MAG BLD,6410020,false,
CHINA,A_Chempax_China,A_Chempax_China,Ac,DetailAccount,Everyone,72-70-50222-2300,TransformOneToOne,PRD-OFFIC-MAG-CGA,6410000,false,
CHINA,A_Chempax_China,A_Chempax_China,Ac,DetailAccount,Everyone,72-70-50222-2301,TransformOneToOne,PRD-OFFIC-CGA-CWAE,6410000,false,
CHINA,A_Chempax_China,A_Chempax_China,Ac,DetailAccount,Everyone,72-70-50222-2307,TransformOneToOne,PRD-OFFIC-MAG FAC,6410000,false,
CHINA,A_Chempax_China,A_Chempax_China,Ac,DetailAccount,Everyone,72-70-50222-2308,TransformOneToOne,PRD-OFFIC-CGA FAC,6410000,false,
CHINA,A_Chempax_China,A_Chempax_China,Ac,DetailAccount,Everyone,72-70-50222-2309,TransformOneToOne,PRD-OFFIC-BLD FAC,6410000,false,
CHINA,A_Chempax_China,A_Chempax_China,Ac,DetailAccount,Everyone,72-70-50222-2310,TransformOneToOne,PRD-OFFIC-GEN O/H,6410000,false,
CHINA,A_Chempax_China,A_Chempax_China,Ac,DetailAccount,Everyone,72-70-50222-2311,TransformOneToOne,PRD-OFFIC-CGA-CA,6410000,false,
CHINA,A_Chempax_China,A_Chempax_China,Ac,DetailAccount,Everyone,72-70-50222-2312,TransformOneToOne,PRD-OFFIC-CGA-EXT,6410000,false,
CHINA,A_Chempax_China,A_Chempax_China,Ac,DetailAccount,Everyone,72-70-50222-2313,TransformOneToOne,PRD-OFFIC-AG-CWAE,6410000,false,
CHINA,A_Chempax_China,A_Chempax_China,Ac,DetailAccount,Everyone,72-70-50222-2314,TransformOneToOne,PRD-OFFIC-AG-EXT,6410000,false,
CHINA,A_Chempax_China,A_Chempax_China,Ac,DetailAccount,Everyone,72-70-50222-2315,TransformOneToOne,PRD-OFFIC-CMAG-CGA,6410000,false,
CHINA,A_Chempax_China,A_Chempax_China,Ac,DetailAccount,Everyone,72-70-50222-2316,TransformOneToOne,PRD-OFFIC-MAG-CMAG,6410000,false,
CHINA,A_Chempax_China,A_Chempax_China,Ac,DetailAccount,Everyone,72-70-50222-2317,TransformOneToOne,PRD-OFFIC-DTDG-CGA,6410000,false,
CHINA,A_Chempax_China,A_Chempax_China,Ac,DetailAccount,Everyone,72-70-50222-2318,TransformOneToOne,PRD-OFFIC-DTDG-CMAG,6410000,false,
CHINA,A_Chempax_China,A_Chempax_China,Ac,DetailAccount,Everyone,72-70-50222-2319,TransformOneToOne,PRD-OFFIC-GACA-CGA,6410000,false,
CHINA,A_Chempax_China,A_Chempax_China,Ac,DetailAccount,Everyone,72-70-50222-2320,TransformOneToOne,PRD-OFFIC-FD-DTDG,6410000,false,
CHINA,A_Chempax_China,A_Chempax_China,Ac,DetailAccount,Everyone,72-70-50222-2321,TransformOneToOne,PRD-OFFIC-FD-GACA,6410000,false,
CHINA,A_Chempax_China,A_Chempax_China,Ac,DetailAccount,Everyone,72-70-50222-2322,TransformOneToOne,PRD-OFFIC-MSW-MDTDG,6410000,false,
CHINA,A_Chempax_China,A_Chempax_China,Ac,DetailAccount,Everyone,72-70-50222-2323,TransformOneToOne,PRD-OFFIC-DGLE,6410000,false,
CHINA,A_Chempax_China,A_Chempax_China,Ac,DetailAccount,Everyone,72-70-50222-2324,TransformOneToOne,PRD-OFFIC-WETBLEND,6410000,false,
CHINA,A_Chempax_China,A_Chempax_China,Ac,DetailAccount,Everyone,72-70-50222-2325,TransformOneToOne,PRD-OFFIC-DRYBLEND,6410000,false,
CHINA,A_Chempax_China,A_Chempax_China,Ac,DetailAccount,Everyone,72-70-50222-2326,TransformOneToOne,PRD-OFFIC-GYE/R21LIQ,6410000,false,
CHINA,A_Chempax_China,A_Chempax_China,Ac,DetailAccount,Everyone,72-70-50222-2327,TransformOneToOne,PRD-OFFIC-GYE/R21SD,6410000,false,
CHINA,A_Chempax_China,A_Chempax_China,Ac,DetailAccount,Everyone,72-70-50222-2328,TransformOneToOne,PRD-OFFIC-CGA BLD,6410000,false,
CHINA,A_Chempax_China,A_Chempax_China,Ac,DetailAccount,Everyone,72-70-50222-2329,TransformOneToOne,PRD-OFFIC-MDTDG BLD,6410000,false,
CHINA,A_Chempax_China,A_Chempax_China,Ac,DetailAccount,Everyone,72-70-50222-2330,TransformOneToOne,PRD-OFFIC-TOLL DTDG,6410000,false,
CHINA,A_Chempax_China,A_Chempax_China,Ac,DetailAccount,Everyone,72-70-50222-2331,TransformOneToOne,PRD-OFFIC-TOLL OTHER,6410000,false,
CHINA,A_Chempax_China,A_Chempax_China,Ac,DetailAccount,Everyone,72-70-50223-2300,TransformOneToOne,WST-WATER-MAG-CGA,6120020,false,
CHINA,A_Chempax_China,A_Chempax_China,Ac,DetailAccount,Everyone,72-70-50223-2301,TransformOneToOne,WST-WATER-CGA-CWAE,6120020,false,
CHINA,A_Chempax_China,A_Chempax_China,Ac,DetailAccount,Everyone,72-70-50223-2307,TransformOneToOne,WST-WATER-MAG FAC,6120020,false,
CHINA,A_Chempax_China,A_Chempax_China,Ac,DetailAccount,Everyone,72-70-50223-2308,TransformOneToOne,WST-WATER-CGA FAC,6120020,false,
CHINA,A_Chempax_China,A_Chempax_China,Ac,DetailAccount,Everyone,72-70-50223-2309,TransformOneToOne,WST-WATER-BLD FAC,6120020,false,
CHINA,A_Chempax_China,A_Chempax_China,Ac,DetailAccount,Everyone,72-70-50223-2310,TransformOneToOne,WST-WATER-GEN O/H,6120020,false,
CHINA,A_Chempax_China,A_Chempax_China,Ac,DetailAccount,Everyone,72-70-50223-2311,TransformOneToOne,WST-WATER-CGA-CA,6120020,false,
CHINA,A_Chempax_China,A_Chempax_China,Ac,DetailAccount,Everyone,72-70-50223-2312,TransformOneToOne,WST-WATER-CGA-EXT,6120020,false,
CHINA,A_Chempax_China,A_Chempax_China,Ac,DetailAccount,Everyone,72-70-50223-2313,TransformOneToOne,WST-WATER-AG-CWAE,6120020,false,
CHINA,A_Chempax_China,A_Chempax_China,Ac,DetailAccount,Everyone,72-70-50223-2314,TransformOneToOne,WST-WATER-AG-EXT,6120020,false,
CHINA,A_Chempax_China,A_Chempax_China,Ac,DetailAccount,Everyone,72-70-50223-2315,TransformOneToOne,WST-WATER-CMAG-CGA,6120020,false,
CHINA,A_Chempax_China,A_Chempax_China,Ac,DetailAccount,Everyone,72-70-50223-2316,TransformOneToOne,WST-WATER-MAG-CMAG,6120020,false,
CHINA,A_Chempax_China,A_Chempax_China,Ac,DetailAccount,Everyone,72-70-50223-2317,TransformOneToOne,WST-WATER-DTDG-CGA,6120020,false,
CHINA,A_Chempax_China,A_Chempax_China,Ac,DetailAccount,Everyone,72-70-50223-2318,TransformOneToOne,WST-WATER-DTDG-CMAG,6120020,false,
CHINA,A_Chempax_China,A_Chempax_China,Ac,DetailAccount,Everyone,72-70-50223-2319,TransformOneToOne,WST-WATER-GACA-CGA,6120020,false,
CHINA,A_Chempax_China,A_Chempax_China,Ac,DetailAccount,Everyone,72-70-50223-2320,TransformOneToOne,WST-WATER-FD-DTDG,6120020,false,
CHINA,A_Chempax_China,A_Chempax_China,Ac,DetailAccount,Everyone,72-70-50223-2321,TransformOneToOne,WST-WATER-FD-GACA,6120020,false,
CHINA,A_Chempax_China,A_Chempax_China,Ac,DetailAccount,Everyone,72-70-50223-2322,TransformOneToOne,WST-WATER-MSW-MDTDG,6120020,false,
CHINA,A_Chempax_China,A_Chempax_China,Ac,DetailAccount,Everyone,72-70-50223-2323,TransformOneToOne,WST-WATER-DGLE,6120020,false,
CHINA,A_Chempax_China,A_Chempax_China,Ac,DetailAccount,Everyone,72-70-50223-2324,TransformOneToOne,WST-WATER-WETBLEND,6120020,false,
CHINA,A_Chempax_China,A_Chempax_China,Ac,DetailAccount,Everyone,72-70-50223-2325,TransformOneToOne,WST-WATER-DRYBLEND,6120020,false,
CHINA,A_Chempax_China,A_Chempax_China,Ac,DetailAccount,Everyone,72-70-50223-2326,TransformOneToOne,WST-WATER-GYE/R21LIQ,6120020,false,
CHINA,A_Chempax_China,A_Chempax_China,Ac,DetailAccount,Everyone,72-70-50223-2327,TransformOneToOne,WST-WATER-GYE/R21SD,6120020,false,
CHINA,A_Chempax_China,A_Chempax_China,Ac,DetailAccount,Everyone,72-70-50223-2328,TransformOneToOne,WST-WATER-CGA BLD,6120020,false,
CHINA,A_Chempax_China,A_Chempax_China,Ac,DetailAccount,Everyone,72-70-50223-2329,TransformOneToOne,WST-WATER-MDTDG BLD,6120020,false,
CHINA,A_Chempax_China,A_Chempax_China,Ac,DetailAccount,Everyone,72-70-50223-2330,TransformOneToOne,WST-WATER-TOLL DTDG,6120020,false,
CHINA,A_Chempax_China,A_Chempax_China,Ac,DetailAccount,Everyone,72-70-50223-2331,TransformOneToOne,WST-WATER-TOLL OTHER,6120020,false,
CHINA,A_Chempax_China,A_Chempax_China,Ac,DetailAccount,Everyone,72-70-50224-2300,TransformOneToOne,LAB-EXP.-MAG-CGA,6410030,false,
CHINA,A_Chempax_China,A_Chempax_China,Ac,DetailAccount,Everyone,72-70-50224-2301,TransformOneToOne,LAB-EXP.-CGA-CWAE,6410030,false,
CHINA,A_Chempax_China,A_Chempax_China,Ac,DetailAccount,Everyone,72-70-50224-2307,TransformOneToOne,LAB-EXP.-MAG,6410030,false,
CHINA,A_Chempax_China,A_Chempax_China,Ac,DetailAccount,Everyone,72-70-50224-2308,TransformOneToOne,LAB-EXP.-FD,6410030,false,
CHINA,A_Chempax_China,A_Chempax_China,Ac,DetailAccount,Everyone,72-70-50224-2309,TransformOneToOne,LAB-EXP.-Blend,6410030,false,
CHINA,A_Chempax_China,A_Chempax_China,Ac,DetailAccount,Everyone,72-70-50224-2310,TransformOneToOne,LAB-EXP.-GEN O/H,6410030,false,
CHINA,A_Chempax_China,A_Chempax_China,Ac,DetailAccount,Everyone,72-70-50224-2311,TransformOneToOne,LAB-EXP.-CGA-CA,6410030,false,
CHINA,A_Chempax_China,A_Chempax_China,Ac,DetailAccount,Everyone,72-70-50224-2312,TransformOneToOne,LAB-EXP.-CGA-EXT,6410030,false,
CHINA,A_Chempax_China,A_Chempax_China,Ac,DetailAccount,Everyone,72-70-50224-2313,TransformOneToOne,LAB-EXP.-AG-CWAE,6410030,false,
CHINA,A_Chempax_China,A_Chempax_China,Ac,DetailAccount,Everyone,72-70-50224-2314,TransformOneToOne,LAB-EXP.-AG-EXT,6410030,false,
CHINA,A_Chempax_China,A_Chempax_China,Ac,DetailAccount,Everyone,72-70-50224-2315,TransformOneToOne,LAB-EXP.-CMAG-CGA,6410030,false,
CHINA,A_Chempax_China,A_Chempax_China,Ac,DetailAccount,Everyone,72-70-50224-2316,TransformOneToOne,LAB-EXP.-MAG-CMAG,6410030,false,
CHINA,A_Chempax_China,A_Chempax_China,Ac,DetailAccount,Everyone,72-70-50224-2317,TransformOneToOne,LAB-EXP.-DTDG-CGA,6410030,false,
CHINA,A_Chempax_China,A_Chempax_China,Ac,DetailAccount,Everyone,72-70-50224-2318,TransformOneToOne,LAB-EXP.-DTDG-CMAG,6410030,false,
CHINA,A_Chempax_China,A_Chempax_China,Ac,DetailAccount,Everyone,72-70-50224-2319,TransformOneToOne,LAB-EXP.-GACA-CGA,6410030,false,
CHINA,A_Chempax_China,A_Chempax_China,Ac,DetailAccount,Everyone,72-70-50224-2320,TransformOneToOne,LAB-EXP.-FD-DTDG,6410030,false,
CHINA,A_Chempax_China,A_Chempax_China,Ac,DetailAccount,Everyone,72-70-50224-2321,TransformOneToOne,LAB-EXP.-FD-GACA,6410030,false,
CHINA,A_Chempax_China,A_Chempax_China,Ac,DetailAccount,Everyone,72-70-50224-2322,TransformOneToOne,LAB-EXP.-MSW-MDTDG,6410030,false,
CHINA,A_Chempax_China,A_Chempax_China,Ac,DetailAccount,Everyone,72-70-50224-2323,TransformOneToOne,LAB-EXP.-DGLE,6410030,false,
CHINA,A_Chempax_China,A_Chempax_China,Ac,DetailAccount,Everyone,72-70-50224-2324,TransformOneToOne,LAB-EXP.-WETBLEND,6410030,false,
CHINA,A_Chempax_China,A_Chempax_China,Ac,DetailAccount,Everyone,72-70-50224-2325,TransformOneToOne,LAB-EXP.-DRYBLEND,6410030,false,
CHINA,A_Chempax_China,A_Chempax_China,Ac,DetailAccount,Everyone,72-70-50224-2326,TransformOneToOne,LAB-EXP.-GYE/R21LIQ,6410030,false,
CHINA,A_Chempax_China,A_Chempax_China,Ac,DetailAccount,Everyone,72-70-50224-2327,TransformOneToOne,LAB-EXP.-GYE/R21SD,6410030,false,
CHINA,A_Chempax_China,A_Chempax_China,Ac,DetailAccount,Everyone,72-70-50224-2328,TransformOneToOne,LAB-EXP.-CGA BLD,6410030,false,
CHINA,A_Chempax_China,A_Chempax_China,Ac,DetailAccount,Everyone,72-70-50224-2329,TransformOneToOne,LAB-EXP.-MDTDG BLD,6410030,false,
CHINA,A_Chempax_China,A_Chempax_China,Ac,DetailAccount,Everyone,72-70-50224-2330,TransformOneToOne,LAB-EXP.-TOLL DTDG,6410030,false,
CHINA,A_Chempax_China,A_Chempax_China,Ac,DetailAccount,Everyone,72-70-50224-2331,TransformOneToOne,LAB-EXP.-TOLL OTHERD,6410030,false,
CHINA,A_Chempax_China,A_Chempax_China,Ac,DetailAccount,Everyone,72-70-50225-2095,TransformOneToOne,Overhead on Idle Time,6610070,false,
CHINA,A_Chempax_China,A_Chempax_China,Ac,DetailAccount,Everyone,72-70-50304-2300,TransformOneToOne,PPV-MAG-CGA,6030010,false,
CHINA,A_Chempax_China,A_Chempax_China,Ac,DetailAccount,Everyone,72-70-50304-2301,TransformOneToOne,PPV-CGA-CWAE,6030010,false,
CHINA,A_Chempax_China,A_Chempax_China,Ac,DetailAccount,Everyone,72-70-50304-2310,TransformOneToOne,PPV-GEN O/H,6030010,false,
CHINA,A_Chempax_China,A_Chempax_China,Ac,DetailAccount,Everyone,72-70-50304-2311,TransformOneToOne,PPV-CGA-CA,6030010,false,
CHINA,A_Chempax_China,A_Chempax_China,Ac,DetailAccount,Everyone,72-70-50304-2312,TransformOneToOne,PPV-CGA-EXT,6030010,false,
CHINA,A_Chempax_China,A_Chempax_China,Ac,DetailAccount,Everyone,72-70-50304-2313,TransformOneToOne,PPV-AG-CWAE,6030010,false,
CHINA,A_Chempax_China,A_Chempax_China,Ac,DetailAccount,Everyone,72-70-50304-2314,TransformOneToOne,PPV-AG-EXT,6030010,false,
CHINA,A_Chempax_China,A_Chempax_China,Ac,DetailAccount,Everyone,72-70-50304-2315,TransformOneToOne,PPV-CMAG-CGA,6030010,false,
CHINA,A_Chempax_China,A_Chempax_China,Ac,DetailAccount,Everyone,72-70-50304-2316,TransformOneToOne,PPV-MAG-CMAG,6030010,false,
CHINA,A_Chempax_China,A_Chempax_China,Ac,DetailAccount,Everyone,72-70-50304-2317,TransformOneToOne,PPV-DTDG-CGA,6030010,false,
CHINA,A_Chempax_China,A_Chempax_China,Ac,DetailAccount,Everyone,72-70-50304-2318,TransformOneToOne,PPV-DTDG-CMAG,6030010,false,
CHINA,A_Chempax_China,A_Chempax_China,Ac,DetailAccount,Everyone,72-70-50304-2319,TransformOneToOne,PPV-GACA-CGA,6030010,false,
CHINA,A_Chempax_China,A_Chempax_China,Ac,DetailAccount,Everyone,72-70-50304-2320,TransformOneToOne,PPV-FD-DTDG,6030010,false,
CHINA,A_Chempax_China,A_Chempax_China,Ac,DetailAccount,Everyone,72-70-50304-2321,TransformOneToOne,PPV-FD-GACA,6030010,false,
CHINA,A_Chempax_China,A_Chempax_China,Ac,DetailAccount,Everyone,72-70-50304-2322,TransformOneToOne,PPV-MSW-MDTDG,6030010,false,
CHINA,A_Chempax_China,A_Chempax_China,Ac,DetailAccount,Everyone,72-70-50304-2323,TransformOneToOne,PPV-DGLE,6030010,false,
CHINA,A_Chempax_China,A_Chempax_China,Ac,DetailAccount,Everyone,72-70-50304-2324,TransformOneToOne,PPV-WETBLEND,6030010,false,
CHINA,A_Chempax_China,A_Chempax_China,Ac,DetailAccount,Everyone,72-70-50304-2325,TransformOneToOne,PPV-DRYBLEND,6030010,false,
CHINA,A_Chempax_China,A_Chempax_China,Ac,DetailAccount,Everyone,72-70-50304-2326,TransformOneToOne,PPV-GYE/R21LIQ,6030010,false,
CHINA,A_Chempax_China,A_Chempax_China,Ac,DetailAccount,Everyone,72-70-50304-2327,TransformOneToOne,PPV-GYE/R21SD,6030010,false,
CHINA,A_Chempax_China,A_Chempax_China,Ac,DetailAccount,Everyone,72-70-50304-2328,TransformOneToOne,PPV-EXP.-CGA BLD,6030010,false,
CHINA,A_Chempax_China,A_Chempax_China,Ac,DetailAccount,Everyone,72-70-50304-2329,TransformOneToOne,PPV-EXP.-MDTDG BLD,6030010,false,
CHINA,A_Chempax_China,A_Chempax_China,Ac,DetailAccount,Everyone,72-70-50304-2330,TransformOneToOne,PPV-TOLL DTDG,6030010,false,
CHINA,A_Chempax_China,A_Chempax_China,Ac,DetailAccount,Everyone,72-70-50304-2331,TransformOneToOne,PPV-TOLL OTHERDTDG,6030010,false,
CHINA,A_Chempax_China,A_Chempax_China,Ac,DetailAccount,Everyone,72-70-50318-2300,TransformOneToOne,INV-ADJ-MAG-CGA,6030030,false,
CHINA,A_Chempax_China,A_Chempax_China,Ac,DetailAccount,Everyone,72-70-50318-2301,TransformOneToOne,INV-ADJ-CGA-CWAE,6030030,false,
CHINA,A_Chempax_China,A_Chempax_China,Ac,DetailAccount,Everyone,72-70-50318-2310,TransformOneToOne,INV-ADJ-GEN O/H,6030030,false,
CHINA,A_Chempax_China,A_Chempax_China,Ac,DetailAccount,Everyone,72-70-50318-2311,TransformOneToOne,INV-ADJ-CGA-CA,6030030,false,
CHINA,A_Chempax_China,A_Chempax_China,Ac,DetailAccount,Everyone,72-70-50318-2312,TransformOneToOne,INV-ADJ-CGA-EXT,6030030,false,
CHINA,A_Chempax_China,A_Chempax_China,Ac,DetailAccount,Everyone,72-70-50318-2313,TransformOneToOne,INV-ADJ-AG-CWAE,6030030,false,
CHINA,A_Chempax_China,A_Chempax_China,Ac,DetailAccount,Everyone,72-70-50318-2314,TransformOneToOne,INV-ADJ-AG-EXT,6030030,false,
CHINA,A_Chempax_China,A_Chempax_China,Ac,DetailAccount,Everyone,72-70-50318-2315,TransformOneToOne,INV-ADJ-CMAG-CGA,6030030,false,
CHINA,A_Chempax_China,A_Chempax_China,Ac,DetailAccount,Everyone,72-70-50318-2316,TransformOneToOne,INV-ADJ-MAG-CMAG,6030030,false,
CHINA,A_Chempax_China,A_Chempax_China,Ac,DetailAccount,Everyone,72-70-50318-2317,TransformOneToOne,INV-ADJ-DTDG-CGA,6030030,false,
CHINA,A_Chempax_China,A_Chempax_China,Ac,DetailAccount,Everyone,72-70-50318-2318,TransformOneToOne,INV-ADJ-DTDG-CMAG,6030030,false,
CHINA,A_Chempax_China,A_Chempax_China,Ac,DetailAccount,Everyone,72-70-50318-2319,TransformOneToOne,INV-ADJ-GACA-CGA,6030030,false,
CHINA,A_Chempax_China,A_Chempax_China,Ac,DetailAccount,Everyone,72-70-50318-2320,TransformOneToOne,INV-ADJ-FD-DTDG,6030030,false,
CHINA,A_Chempax_China,A_Chempax_China,Ac,DetailAccount,Everyone,72-70-50318-2321,TransformOneToOne,INV-ADJ-FD-GACA,6030030,false,
CHINA,A_Chempax_China,A_Chempax_China,Ac,DetailAccount,Everyone,72-70-50318-2322,TransformOneToOne,INV-ADJ-MSW-MDTDG,6030030,false,
CHINA,A_Chempax_China,A_Chempax_China,Ac,DetailAccount,Everyone,72-70-50318-2323,TransformOneToOne,INV-ADJ-DGLE,6030030,false,
CHINA,A_Chempax_China,A_Chempax_China,Ac,DetailAccount,Everyone,72-70-50318-2324,TransformOneToOne,INV-ADJ-WETBLEND,6030030,false,
CHINA,A_Chempax_China,A_Chempax_China,Ac,DetailAccount,Everyone,72-70-50318-2325,TransformOneToOne,INV-ADJ-DRYBLEND,6030030,false,
CHINA,A_Chempax_China,A_Chempax_China,Ac,DetailAccount,Everyone,72-70-50318-2326,TransformOneToOne,INV-ADJ-GYE/R21LIQ,6030030,false,
CHINA,A_Chempax_China,A_Chempax_China,Ac,DetailAccount,Everyone,72-70-50318-2327,TransformOneToOne,INV-ADJ-GYE/R21SD,6030030,false,
CHINA,A_Chempax_China,A_Chempax_China,Ac,DetailAccount,Everyone,72-70-50318-2328,TransformOneToOne,INV-ADJ-CGA BLD,6030030,false,
CHINA,A_Chempax_China,A_Chempax_China,Ac,DetailAccount,Everyone,72-70-50318-2329,TransformOneToOne,INV-ADJ-MDTDG BLD,6030030,false,
CHINA,A_Chempax_China,A_Chempax_China,Ac,DetailAccount,Everyone,72-70-50318-2330,TransformOneToOne,INV-ADJ-TOLL DTDG,6030030,false,
CHINA,A_Chempax_China,A_Chempax_China,Ac,DetailAccount,Everyone,72-70-50318-2331,TransformOneToOne,INV-ADJ-TOLL OTHERDT,6030030,false,
CHINA,A_Chempax_China,A_Chempax_China,Ac,DetailAccount,Everyone,72-70-50321-2300,TransformOneToOne,MG-OH-MAG-CGA,6020035,false,
CHINA,A_Chempax_China,A_Chempax_China,Ac,DetailAccount,Everyone,72-70-50321-2301,TransformOneToOne,MG-OH-CGA-CWAE,6020035,false,
CHINA,A_Chempax_China,A_Chempax_China,Ac,DetailAccount,Everyone,72-70-50321-2311,TransformOneToOne,MG-OH-CGA-CA,6020035,false,
CHINA,A_Chempax_China,A_Chempax_China,Ac,DetailAccount,Everyone,72-70-50321-2312,TransformOneToOne,MG-OH-CGA-EXT,6020035,false,
CHINA,A_Chempax_China,A_Chempax_China,Ac,DetailAccount,Everyone,72-70-50321-2313,TransformOneToOne,MG-OH-AG-CWAE,6020035,false,
CHINA,A_Chempax_China,A_Chempax_China,Ac,DetailAccount,Everyone,72-70-50321-2314,TransformOneToOne,MG-OH-AG-EXT,6020035,false,
CHINA,A_Chempax_China,A_Chempax_China,Ac,DetailAccount,Everyone,72-70-50321-2315,TransformOneToOne,MG-OH-CMAG-CGA,6020035,false,
CHINA,A_Chempax_China,A_Chempax_China,Ac,DetailAccount,Everyone,72-70-50321-2316,TransformOneToOne,MG-OH-MAG-CMAG,6020035,false,
CHINA,A_Chempax_China,A_Chempax_China,Ac,DetailAccount,Everyone,72-70-50321-2317,TransformOneToOne,MG-OH-DTDG-CGA,6020035,false,
CHINA,A_Chempax_China,A_Chempax_China,Ac,DetailAccount,Everyone,72-70-50321-2318,TransformOneToOne,MG-OH-DTDG-CMAG,6020035,false,
CHINA,A_Chempax_China,A_Chempax_China,Ac,DetailAccount,Everyone,72-70-50321-2319,TransformOneToOne,MG-OH-GACA-CGA,6020035,false,
CHINA,A_Chempax_China,A_Chempax_China,Ac,DetailAccount,Everyone,72-70-50321-2320,TransformOneToOne,MG-OH-FD-DTDG,6020035,false,
CHINA,A_Chempax_China,A_Chempax_China,Ac,DetailAccount,Everyone,72-70-50321-2321,TransformOneToOne,MG-OH-FD-GACA,6020035,false,
CHINA,A_Chempax_China,A_Chempax_China,Ac,DetailAccount,Everyone,72-70-50321-2322,TransformOneToOne,MG-OH-MSW-MDTDG,6020035,false,
CHINA,A_Chempax_China,A_Chempax_China,Ac,DetailAccount,Everyone,72-70-50321-2323,TransformOneToOne,MG-OH-DGLE,6020035,false,
CHINA,A_Chempax_China,A_Chempax_China,Ac,DetailAccount,Everyone,72-70-50321-2324,TransformOneToOne,MG-OH-WETBLEND,6020035,false,
CHINA,A_Chempax_China,A_Chempax_China,Ac,DetailAccount,Everyone,72-70-50321-2325,TransformOneToOne,MG-OH-DRYBLEND,6020035,false,
CHINA,A_Chempax_China,A_Chempax_China,Ac,DetailAccount,Everyone,72-70-50321-2326,TransformOneToOne,MG-OH-GYE/R21LIQ,6020035,false,
CHINA,A_Chempax_China,A_Chempax_China,Ac,DetailAccount,Everyone,72-70-50321-2327,TransformOneToOne,MG-OH-GYE/R21SD,6020035,false,
CHINA,A_Chempax_China,A_Chempax_China,Ac,DetailAccount,Everyone,72-70-50321-2328,TransformOneToOne,MG-OH-CGA BLD,6020035,false,
CHINA,A_Chempax_China,A_Chempax_China,Ac,DetailAccount,Everyone,72-70-50321-2329,TransformOneToOne,MG-OH-MDTDG BLD,6020035,false,
CHINA,A_Chempax_China,A_Chempax_China,Ac,DetailAccount,Everyone,72-70-50321-2330,TransformOneToOne,MG-OH-TOLL DTDG,6020035,false,
CHINA,A_Chempax_China,A_Chempax_China,Ac,DetailAccount,Everyone,72-70-50321-2331,TransformOneToOne,MG-OH-TOLL OTHER,6020035,false,
CHINA,A_Chempax_China,A_Chempax_China,Ac,DetailAccount,Everyone,72-70-50321-2332,TransformOneToOne,Variances - Other,6020035,false,
CHINA,A_Chempax_China,A_Chempax_China,Ac,DetailAccount,Everyone,72-70-50334-,TransformOneToOne,O/H ABSORBTION ADJUS,6020035,false,
CHINA,A_Chempax_China,A_Chempax_China,Ac,DetailAccount,Everyone,72-70-50334-2340,TransformOneToOne,Cap Var Expense- Derivatives,6020036,false,
CHINA,A_Chempax_China,A_Chempax_China,Ac,DetailAccount,Everyone,72-70-50334-2341,TransformOneToOne,Cap Var Expense - AG cake,6020036,false,
CHINA,A_Chempax_China,A_Chempax_China,Ac,DetailAccount,Everyone,72-70-50334-2342,TransformOneToOne,Cap Var Expense - Dry/Wet Blend,6020036,false,
CHINA,A_Chempax_China,A_Chempax_China,Ac,DetailAccount,Everyone,72-70-51101-,TransformOneToOne,SALARIES,6210000,false,
CHINA,A_Chempax_China,A_Chempax_China,Ac,DetailAccount,Everyone,72-70-51101-5001,TransformOneToOne,SALARIES-FINANCE,6210040,false,
CHINA,A_Chempax_China,A_Chempax_China,Ac,DetailAccount,Everyone,72-70-51101-5091,TransformOneToOne,SALARIES-ADMIN,6210040,false,
CHINA,A_Chempax_China,A_Chempax_China,Ac,DetailAccount,Everyone,72-70-51104-5091,TransformOneToOne,RENTAL EXPENSE,6410000,false,
CHINA,A_Chempax_China,A_Chempax_China,Ac,DetailAccount,Everyone,72-70-51105-5091,TransformOneToOne,INSURANCE - ADMIN,6610130,false,
CHINA,A_Chempax_China,A_Chempax_China,Ac,DetailAccount,Everyone,72-70-51106-2126,TransformOneToOne,OFFICE EXP.-PURCHASE,6410000,false,
CHINA,A_Chempax_China,A_Chempax_China,Ac,DetailAccount,Everyone,72-70-51106-5001,TransformOneToOne,OFFICE EXP.-FINANCE,6410000,false,
CHINA,A_Chempax_China,A_Chempax_China,Ac,DetailAccount,Everyone,72-70-51106-5002,TransformOneToOne,OFFICE EXP.-HR,6410000,false,
CHINA,A_Chempax_China,A_Chempax_China,Ac,DetailAccount,Everyone,72-70-51106-5005,TransformOneToOne,OFFICE EXP.-LEGAL,6410000,false,
CHINA,A_Chempax_China,A_Chempax_China,Ac,DetailAccount,Everyone,72-70-51106-5006,TransformOneToOne,OFFICE EXP.-IT,6410000,false,
CHINA,A_Chempax_China,A_Chempax_China,Ac,DetailAccount,Everyone,72-70-51106-5091,TransformOneToOne,OFFICE EXP.-ADMIN,6410000,false,
CHINA,A_Chempax_China,A_Chempax_China,Ac,DetailAccount,Everyone,72-70-51106-5095,TransformOneToOne,Office Exp. - Restructuring,6410000,false,
CHINA,A_Chempax_China,A_Chempax_China,Ac,DetailAccount,Everyone,72-70-51106-5130,TransformOneToOne,OFFICE EXP.-SALES,6410000,false,
CHINA,A_Chempax_China,A_Chempax_China,Ac,DetailAccount,Everyone,72-70-51107-2126,TransformOneToOne,PRO. SRVS.-PURCHASE,6310100,false,
CHINA,A_Chempax_China,A_Chempax_China,Ac,DetailAccount,Everyone,72-70-51107-5001,TransformOneToOne,PRO. SRVS.-FINANCE,6310100,false,
CHINA,A_Chempax_China,A_Chempax_China,Ac,DetailAccount,Everyone,72-70-51107-5002,TransformOneToOne,PRO. SRVS.-HR,6310100,false,
CHINA,A_Chempax_China,A_Chempax_China,Ac,DetailAccount,Everyone,72-70-51107-5005,TransformOneToOne,PRO. SRVS.-LEGAL,6310100,false,
CHINA,A_Chempax_China,A_Chempax_China,Ac,DetailAccount,Everyone,72-70-51107-5006,TransformOneToOne,PRO. SRVS.-IT,6310100,false,
CHINA,A_Chempax_China,A_Chempax_China,Ac,DetailAccount,Everyone,72-70-51107-5091,TransformOneToOne,PRO. SRVS.-ADMIN,6310100,false,
CHINA,A_Chempax_China,A_Chempax_China,Ac,DetailAccount,Everyone,72-70-51107-5130,TransformOneToOne,PRO. SRVS.-SALES,6310100,false,
CHINA,A_Chempax_China,A_Chempax_China,Ac,DetailAccount,Everyone,72-70-51108-2126,TransformOneToOne,TRAVEL-PURCHASE,6220010,false,
CHINA,A_Chempax_China,A_Chempax_China,Ac,DetailAccount,Everyone,72-70-51108-5001,TransformOneToOne,TRAVEL-FINANCE,6220010,false,
CHINA,A_Chempax_China,A_Chempax_China,Ac,DetailAccount,Everyone,72-70-51108-5002,TransformOneToOne,TRAVEL-HR,6220010,false,
CHINA,A_Chempax_China,A_Chempax_China,Ac,DetailAccount,Everyone,72-70-51108-5005,TransformOneToOne,TRAVEL-LEGAL,6220010,false,
CHINA,A_Chempax_China,A_Chempax_China,Ac,DetailAccount,Everyone,72-70-51108-5006,TransformOneToOne,TRAVEL-IT,6220010,false,
CHINA,A_Chempax_China,A_Chempax_China,Ac,DetailAccount,Everyone,72-70-51108-5091,TransformOneToOne,TRAVEL-ADMIN,6220010,false,
CHINA,A_Chempax_China,A_Chempax_China,Ac,DetailAccount,Everyone,72-70-51108-5095,TransformOneToOne,TRAVEL-Restructure,6220010,false,
CHINA,A_Chempax_China,A_Chempax_China,Ac,DetailAccount,Everyone,72-70-51109-5091,TransformOneToOne,DEPRECIATION-ADMIN,6710000,false,
CHINA,A_Chempax_China,A_Chempax_China,Ac,DetailAccount,Everyone,72-70-51110-5091,TransformOneToOne,COMMUNICATION-ADMIN,6310030,false,
CHINA,A_Chempax_China,A_Chempax_China,Ac,DetailAccount,Everyone,72-70-51112-5130,TransformOneToOne,COMMISSION-SALES,6610070,false,
CHINA,A_Chempax_China,A_Chempax_China,Ac,DetailAccount,Everyone,72-70-51113-,TransformOneToOne,MISCELLANEOUS-G&A,6610070,false,
CHINA,A_Chempax_China,A_Chempax_China,Ac,DetailAccount,Everyone,72-70-51113-5091,TransformOneToOne,MISC.-ADMIN,6610070,false,
CHINA,A_Chempax_China,A_Chempax_China,Ac,DetailAccount,Everyone,72-70-51119-,TransformOneToOne,WELFARES,6210080,false,
CHINA,A_Chempax_China,A_Chempax_China,Ac,DetailAccount,Everyone,72-70-51119-5001,TransformOneToOne,WELFARES-FINANCE,6210080,false,
CHINA,A_Chempax_China,A_Chempax_China,Ac,DetailAccount,Everyone,72-70-51119-5091,TransformOneToOne,WELFARES-ADMIN,6210080,false,
CHINA,A_Chempax_China,A_Chempax_China,Ac,DetailAccount,Everyone,72-70-51119-5095,TransformOneToOne,SOCIAL SECURITY,6210080,false,
CHINA,A_Chempax_China,A_Chempax_China,Ac,DetailAccount,Everyone,72-70-51120-5091,TransformOneToOne,UNLOADING FEE-ADMIN,6610070,false,
CHINA,A_Chempax_China,A_Chempax_China,Ac,DetailAccount,Everyone,72-70-51120-5095,TransformOneToOne,UNLOADING CHARGES,6010020,false,
CHINA,A_Chempax_China,A_Chempax_China,Ac,DetailAccount,Everyone,72-70-51122-5091,TransformOneToOne,MAIL-ADMIN,6610050,false,
CHINA,A_Chempax_China,A_Chempax_China,Ac,DetailAccount,Everyone,72-70-51125-2095,TransformOneToOne,STORAGE CHARGES,6320020,false,
CHINA,A_Chempax_China,A_Chempax_China,Ac,DetailAccount,Everyone,72-70-51125-2310,TransformOneToOne,Storage,6320020,false,
CHINA,A_Chempax_China,A_Chempax_China,Ac,DetailAccount,Everyone,72-70-51125-5091,TransformOneToOne,STORAGE-ADMIN,6320020,false,
CHINA,A_Chempax_China,A_Chempax_China,Ac,DetailAccount,Everyone,72-70-51127-2126,TransformOneToOne,ENTERTAIN-PURCHASE,6220030,false,
CHINA,A_Chempax_China,A_Chempax_China,Ac,DetailAccount,Everyone,72-70-51127-5001,TransformOneToOne,ENTERTAIN-FINANCE,6220030,false,
CHINA,A_Chempax_China,A_Chempax_China,Ac,DetailAccount,Everyone,72-70-51127-5002,TransformOneToOne,ENTERTAIN-HR,6220030,false,
CHINA,A_Chempax_China,A_Chempax_China,Ac,DetailAccount,Everyone,72-70-51127-5005,TransformOneToOne,ENTERTAIN-LEGAL,6220030,false,
CHINA,A_Chempax_China,A_Chempax_China,Ac,DetailAccount,Everyone,72-70-51127-5006,TransformOneToOne,ENTERTAIN-IT,6220030,false,
CHINA,A_Chempax_China,A_Chempax_China,Ac,DetailAccount,Everyone,72-70-51127-5091,TransformOneToOne,ENTERTAIN-ADMIN,6220030,false,
CHINA,A_Chempax_China,A_Chempax_China,Ac,DetailAccount,Everyone,72-70-51134-5091,TransformOneToOne,SAFETY EXPENSE-ADMIN,6410020,false,
CHINA,A_Chempax_China,A_Chempax_China,Ac,DetailAccount,Everyone,72-70-51135-5091,TransformOneToOne,LANDRIGHT DEP.-ADMIN,6710000,false,
CHINA,A_Chempax_China,A_Chempax_China,Ac,DetailAccount,Everyone,72-70-51136-,TransformOneToOne,R&D EXPENSE,6620020,false,
CHINA,A_Chempax_China,A_Chempax_China,Ac,DetailAccount,Everyone,72-70-51136-5088,TransformOneToOne,R&D EXPENSE,6620020,false,
CHINA,A_Chempax_China,A_Chempax_China,Ac,DetailAccount,Everyone,72-70-51137-,TransformOneToOne,TRADE UNION,6610070,false,
CHINA,A_Chempax_China,A_Chempax_China,Ac,DetailAccount,Everyone,72-70-51139-5091,TransformOneToOne,CAR-ADMIN,6220000,false,
CHINA,A_Chempax_China,A_Chempax_China,Ac,DetailAccount,Everyone,72-70-51140-5091,TransformOneToOne,REORGANIZATION EXPEN,6210020,false,
CHINA,A_Chempax_China,A_Chempax_China,Ac,DetailAccount,Everyone,72-70-51141-5091,TransformOneToOne,ALLOWANCE-ADMIN,6610070,false,
CHINA,A_Chempax_China,A_Chempax_China,Ac,DetailAccount,Everyone,72-70-51142-,TransformOneToOne,IC BENEFICIAL SERVIC,6610090,false,
CHINA,A_Chempax_China,A_Chempax_China,Ac,DetailAccount,Everyone,72-70-51143-,TransformOneToOne,MF BENEFICIAL SERVIC,6610090,false,
CHINA,A_Chempax_China,A_Chempax_China,Ac,DetailAccount,Everyone,72-70-51148-5091,TransformOneToOne,INTANGIBLE AMO-ADMIN,6420020,false,
CHINA,A_Chempax_China,A_Chempax_China,Ac,DetailAccount,Everyone,72-70-51149-5095,TransformOneToOne,Overhead on Idle Time,6610070,false,
CHINA,A_Chempax_China,A_Chempax_China,Ac,DetailAccount,Everyone,72-70-51200-0022,TransformOneToOne,IC Beneficial Servic - SMB,6610150,false,
CHINA,A_Chempax_China,A_Chempax_China,Ac,DetailAccount,Everyone,72-70-51200-5091,TransformOneToOne,IC Beneficial Services,6610150,false,
CHINA,A_Chempax_China,A_Chempax_China,Ac,DetailAccount,Everyone,72-70-51201-0002,TransformOneToOne,IC Beneficial Servic - US,6610150,false,
CHINA,A_Chempax_China,A_Chempax_China,Ac,DetailAccount,Everyone,72-70-51201-5091,TransformOneToOne,IC Beneficial Services,6610150,false,
CHINA,A_Chempax_China,A_Chempax_China,Ac,DetailAccount,Everyone,72-70-52201-,TransformOneToOne,INTEREST EXPENSE,8410100,false,
CHINA,A_Chempax_China,A_Chempax_China,Ac,DetailAccount,Everyone,72-70-52202-,TransformOneToOne,BANK CHARGES,6610140,false,
CHINA,A_Chempax_China,A_Chempax_China,Ac,DetailAccount,Everyone,72-70-52203-,TransformOneToOne,INTEREST INCOME,8410100,false,
CHINA,A_Chempax_China,A_Chempax_China,Ac,DetailAccount,Everyone,72-70-52204-,TransformOneToOne,FOREIGN EXCHANGE (GA,8110100,false,
CHINA,A_Chempax_China,A_Chempax_China,Ac,DetailAccount,Everyone,72-70-53000-5091,TransformOneToOne,FIXED ASSET WRITE-OFF,6720000,false,
CHINA,A_Chempax_China,A_Chempax_China,Ac,DetailAccount,Everyone,72-70-53000-5095,TransformOneToOne,FIXED ASSET WRITE-OF,6720000,false,
CHINA,A_Chempax_China,A_Chempax_China,Ac,DetailAccount,Everyone,72-70-54101-,TransformOneToOne,NON-OPERATING INCOME,8190100,false,
CHINA,A_Chempax_China,A_Chempax_China,Ac,DetailAccount,Everyone,72-70-54101-0001,TransformOneToOne,FIXED-ASST DISP.GAIN,8150100,false,
CHINA,A_Chempax_China,A_Chempax_China,Ac,DetailAccount,Everyone,72-70-54102-,TransformOneToOne,NON-OPERATING EXPENS,8190100,false,
CHINA,A_Chempax_China,A_Chempax_China,Ac,DetailAccount,Everyone,72-70-54102-0001,TransformOneToOne,FIXED-ASST DISP.LOSS,8150100,false,
CHINA,A_Chempax_China,A_Chempax_China,Ac,DetailAccount,Everyone,72-70-54103-,TransformOneToOne,SUBSIDIZE REVENUE,8190100,false,
CHINA,A_Chempax_China,A_Chempax_China,Ac,DetailAccount,Everyone,72-70-55001-,TransformOneToOne,INCOME TAXES,8610000,false,
CHINA,A_Chempax_China,A_Chempax_China,Ac,DetailAccount,Everyone,72-76-11401-,TransformOneToOne,BAD DEBT RESERVE,1151000,false,
CHINA,A_Chempax_China,A_Chempax_China,Ac,DetailAccount,Everyone,72-76-16102-,TransformOneToOne,FIXED ASSETS - BUILD,1530000,false,
CHINA,A_Chempax_China,A_Chempax_China,Ac,DetailAccount,Everyone,72-76-16108-,TransformOneToOne,FIXED ASSETS-WASTEWA,1530000,false,
CHINA,A_Chempax_China,A_Chempax_China,Ac,DetailAccount,Everyone,72-76-16300-,TransformOneToOne,FIXED ASSETS CGA PRO,1520000,false,
CHINA,A_Chempax_China,A_Chempax_China,Ac,DetailAccount,Everyone,72-76-16302-,TransformOneToOne,FIXED ASSETS MAG PRO,1520000,false,
CHINA,A_Chempax_China,A_Chempax_China,Ac,DetailAccount,Everyone,72-76-16303-,TransformOneToOne,FIXED ASSETS OTHER P,1520900,false,
CHINA,A_Chempax_China,A_Chempax_China,Ac,DetailAccount,Everyone,72-76-16304-,TransformOneToOne,FIXED ASSETS LAB EQU,1520020,false,
CHINA,A_Chempax_China,A_Chempax_China,Ac,DetailAccount,Everyone,72-76-16305-,TransformOneToOne,FIXED ASSETS OFFICE,1520030,false,
CHINA,A_Chempax_China,A_Chempax_China,Ac,DetailAccount,Everyone,72-76-16307-,TransformOneToOne,FIXED ASSETS LAND RI,1500000,false,
CHINA,A_Chempax_China,A_Chempax_China,Ac,DetailAccount,Everyone,72-76-16308-,TransformOneToOne,FIXED ASSETS-CAR,1520050,false,
CHINA,A_Chempax_China,A_Chempax_China,Ac,DetailAccount,Everyone,72-76-16501-,TransformOneToOne,CUMULATIVE DEPRECIAT,1599000,false,
CHINA,A_Chempax_China,A_Chempax_China,Ac,DetailAccount,Everyone,72-76-16501-0001,TransformOneToOne,CUMULATIVE DEP-REV,1599000,false,
CHINA,A_Chempax_China,A_Chempax_China,Ac,DetailAccount,Everyone,72-76-16502-,TransformOneToOne,LAND RIGHT DEPRECIAT,1599000,false,
CHINA,A_Chempax_China,A_Chempax_China,Ac,DetailAccount,Everyone,72-76-16502-0001,TransformOneToOne,LAND RIGHT DEP-REV,1599000,false,
CHINA,A_Chempax_China,A_Chempax_China,Ac,DetailAccount,Everyone,72-76-16503-,TransformOneToOne,ACCUM.DEP.-BUILDING,1570000,false,
CHINA,A_Chempax_China,A_Chempax_China,Ac,DetailAccount,Everyone,72-76-16504-,TransformOneToOne,ACCUM.DEP.-EQUIPMENT,1560000,false,
CHINA,A_Chempax_China,A_Chempax_China,Ac,DetailAccount,Everyone,72-76-16505-,TransformOneToOne,ACCUM.DEP.-LAB,1560020,false,
CHINA,A_Chempax_China,A_Chempax_China,Ac,DetailAccount,Everyone,72-76-16506-,TransformOneToOne,ACCUM.DEP.-FURNITURE,1560030,false,
CHINA,A_Chempax_China,A_Chempax_China,Ac,DetailAccount,Everyone,72-76-16507-,TransformOneToOne,ACCUM.DEP.-CAR,1560050,false,
CHINA,A_Chempax_China,A_Chempax_China,Ac,DetailAccount,Everyone,72-76-16901-,TransformOneToOne,CONSTRUCTION IN PROC,1510000,false,
CHINA,A_Chempax_China,A_Chempax_China,Ac,DetailAccount,Everyone,72-76-17001-,TransformOneToOne,OPT LEASE ROU ASSETS,1701000,false,
CHINA,A_Chempax_China,A_Chempax_China,Ac,DetailAccount,Everyone,72-76-17002-,TransformOneToOne,WFHK-Lease ROU Asset,1701900,false,
CHINA,A_Chempax_China,A_Chempax_China,Ac,DetailAccount,Everyone,72-76-17301-,TransformOneToOne,INTAN.ASSET CUS-RELA,1721000,false,
CHINA,A_Chempax_China,A_Chempax_China,Ac,DetailAccount,Everyone,72-76-17301-0001,TransformOneToOne,ACCUM.AMORT. CUS-REL,1721050,false,
CHINA,A_Chempax_China,A_Chempax_China,Ac,DetailAccount,Everyone,72-76-17302-,TransformOneToOne,INTAN.ASSET CUS-BACK,1721000,false,
CHINA,A_Chempax_China,A_Chempax_China,Ac,DetailAccount,Everyone,72-76-17302-0001,TransformOneToOne,ACCUM.AMORT. CUS-BAC,1721050,false,
CHINA,A_Chempax_China,A_Chempax_China,Ac,DetailAccount,Everyone,72-76-17303-,TransformOneToOne,INTAN.ASSET TRADEMAR,1720000,false,
CHINA,A_Chempax_China,A_Chempax_China,Ac,DetailAccount,Everyone,72-76-17303-0001,TransformOneToOne,ACCUM.AMORT. TRADEMA,1720050,false,
CHINA,A_Chempax_China,A_Chempax_China,Ac,DetailAccount,Everyone,72-76-17304-,TransformOneToOne,GOODWILL - PPA,1710000,false,
CHINA,A_Chempax_China,A_Chempax_China,Ac,DetailAccount,Everyone,72-76-19900-,TransformOneToOne,DEFERRED TAX ASSET,1740000,false,
CHINA,A_Chempax_China,A_Chempax_China,Ac,DetailAccount,Everyone,72-76-19900-0002,TransformOneToOne,DFRRD TAX ASSET AMRT,1740000,false,
CHINA,A_Chempax_China,A_Chempax_China,Ac,DetailAccount,Everyone,72-76-22107-,TransformOneToOne,INCOME TAX PAYABLES,2200020,true,
CHINA,A_Chempax_China,A_Chempax_China,Ac,DetailAccount,Everyone,72-76-23101-,TransformOneToOne,OPT LEASE LIAB. CURR,2201000,true,
CHINA,A_Chempax_China,A_Chempax_China,Ac,DetailAccount,Everyone,72-76-23102-,TransformOneToOne,WFHK Lease Liab Current,2201900,true,
CHINA,A_Chempax_China,A_Chempax_China,Ac,DetailAccount,Everyone,72-76-25101-,TransformOneToOne,OPT LEASE LIAB. N-CU,2701000,true,
CHINA,A_Chempax_China,A_Chempax_China,Ac,DetailAccount,Everyone,72-76-25102-,TransformOneToOne,WFHK Lease Liab Non-Current,2701900,true,
CHINA,A_Chempax_China,A_Chempax_China,Ac,DetailAccount,Everyone,72-76-29900-0002,TransformOneToOne,DFRRD TAX LIAB,2651010,true,
CHINA,A_Chempax_China,A_Chempax_China,Ac,DetailAccount,Everyone,72-76-32200-,TransformOneToOne,Additional Contributed Capital,3101000,true,
CHINA,A_Chempax_China,A_Chempax_China,Ac,DetailAccount,Everyone,72-76-32201-,TransformOneToOne,RETAINED EARNINGS,3500000,true,
CHINA,A_Chempax_China,A_Chempax_China,Ac,DetailAccount,Everyone,72-76-50207-,TransformOneToOne,DEPRECIATION - OH,6710000,false,
CHINA,A_Chempax_China,A_Chempax_China,Ac,DetailAccount,Everyone,72-76-50207-0001,TransformOneToOne,DEPRECIATION-OH-REV,6710000,false,
CHINA,A_Chempax_China,A_Chempax_China,Ac,DetailAccount,Everyone,72-76-50211-2304,TransformOneToOne,OTHER-PRODUCTION,6610070,false,
CHINA,A_Chempax_China,A_Chempax_China,Ac,DetailAccount,Everyone,72-76-50321-,TransformOneToOne,MG-OVERHEAD,6020035,false,
CHINA,A_Chempax_China,A_Chempax_China,Ac,DetailAccount,Everyone,72-76-51109-,TransformOneToOne,DEPRECIATION - SGA,6710000,false,
CHINA,A_Chempax_China,A_Chempax_China,Ac,DetailAccount,Everyone,72-76-51109-0001,TransformOneToOne,DEPRECIATION-SGA-REV,6710000,false,
CHINA,A_Chempax_China,A_Chempax_China,Ac,DetailAccount,Everyone,72-76-51111-,TransformOneToOne,BAD DEBT EXPENSE,6610060,false,
CHINA,A_Chempax_China,A_Chempax_China,Ac,DetailAccount,Everyone,72-76-51125-0001,TransformOneToOne,OPT LEASE EXP. FIXED,6320020,false,
CHINA,A_Chempax_China,A_Chempax_China,Ac,DetailAccount,Everyone,72-76-51125-0002,TransformOneToOne,OPT LEASE EXP. VARI,6320030,false,
CHINA,A_Chempax_China,A_Chempax_China,Ac,DetailAccount,Everyone,72-76-51125-2310,TransformOneToOne,ASC 842 Operating Lease Expense – Fixed,6320020,false,
CHINA,A_Chempax_China,A_Chempax_China,Ac,DetailAccount,Everyone,72-76-51125-2311,TransformOneToOne,OPT LEASE EXP. FIXED,6320020,false,
CHINA,A_Chempax_China,A_Chempax_China,Ac,DetailAccount,Everyone,72-76-51126-5091,TransformOneToOne,TAX&ASSO.CHARGE,6210080,false,
CHINA,A_Chempax_China,A_Chempax_China,Ac,DetailAccount,Everyone,72-76-51149-,TransformOneToOne,AMORT.EXP. CUST-RELA,6910110,false,
CHINA,A_Chempax_China,A_Chempax_China,Ac,DetailAccount,Everyone,72-76-51150-,TransformOneToOne,AMORT.EXP. CUST-BACK,6910110,false,
CHINA,A_Chempax_China,A_Chempax_China,Ac,DetailAccount,Everyone,72-76-51151-,TransformOneToOne,AMORT.EXP. TRADEMARK,6910100,false,
CHINA,A_Chempax_China,A_Chempax_China,Ac,DetailAccount,Everyone,72-76-53000-5091,TransformOneToOne,Fixed Asset Write-off,6720000,false,
CHINA,A_Chempax_China,A_Chempax_China,Ac,DetailAccount,Everyone,72-76-54101-,TransformOneToOne,NON-OPERATING INCOME,8190100,false,
CHINA,A_Chempax_China,A_Chempax_China,Ac,DetailAccount,Everyone,72-76-54101-0001,TransformOneToOne,FIXED-ASST DISP.GAIN,8150100,false,
CHINA,A_Chempax_China,A_Chempax_China,Ac,DetailAccount,Everyone,72-76-54102-,TransformOneToOne,NON-OPERATING EXPENS,8190100,false,
CHINA,A_Chempax_China,A_Chempax_China,Ac,DetailAccount,Everyone,72-76-54102-0001,TransformOneToOne,FIXED-ASST DISP.LOSS,8150100,false,
CHINA,A_Chempax_China,A_Chempax_China,Ac,DetailAccount,Everyone,72-76-55001-,TransformOneToOne,INCOME TAXES,8610000,false,
CHINA,A_Chempax_China,A_Chempax_China,Ac,DetailAccount,Everyone,77-75-12803-,TransformOneToOne,Raw Materials Inventory,1201010,false,
CHINA,A_Chempax_China,A_Chempax_China,Ac,DetailAccount,Everyone,78-70-10101-,TransformOneToOne,CASH ON HAND,1100000,false,
CHINA,A_Chempax_China,A_Chempax_China,Ac,DetailAccount,Everyone,78-70-10201-,TransformOneToOne,CASH-BANK(USD-CAPIT),1100060,false,
CHINA,A_Chempax_China,A_Chempax_China,Ac,DetailAccount,Everyone,78-70-10201-0001,TransformOneToOne,CASH-BANK(RMB-MB),1100060,false,
CHINA,A_Chempax_China,A_Chempax_China,Ac,DetailAccount,Everyone,78-70-10201-0002,TransformOneToOne,CASH-BANK(RMB-BC),1100060,false,
CHINA,A_Chempax_China,A_Chempax_China,Ac,DetailAccount,Everyone,78-70-10201-0004,TransformOneToOne,CASH-BANK(RMB-CB),1100060,false,
CHINA,A_Chempax_China,A_Chempax_China,Ac,DetailAccount,Everyone,78-70-10201-0005,TransformOneToOne,CASH-BANK (RMB-BC),1100060,false,
CHINA,A_Chempax_China,A_Chempax_China,Ac,DetailAccount,Everyone,78-70-10202-0001,TransformOneToOne,CASH-BANK(USD-MB),1100060,false,
CHINA,A_Chempax_China,A_Chempax_China,Ac,DetailAccount,Everyone,78-70-10202-0002,TransformOneToOne,CASH-BANK(JPY-MB),1100060,false,
CHINA,A_Chempax_China,A_Chempax_China,Ac,DetailAccount,Everyone,78-70-10202-0003,TransformOneToOne,CAHK-BANK (USD-BC),1100060,false,
CHINA,A_Chempax_China,A_Chempax_China,Ac,DetailAccount,Everyone,78-70-10202-0004,TransformOneToOne,CASH IN BANK(LOAN),1100060,false,
CHINA,A_Chempax_China,A_Chempax_China,Ac,DetailAccount,Everyone,78-70-11301-,TransformOneToOne,A/R-THIRD PARTY,1150000,false,
CHINA,A_Chempax_China,A_Chempax_China,Ac,DetailAccount,Everyone,78-70-11301-0001,TransformOneToOne,A/R AFFILIATE,1160000,false,
CHINA,A_Chempax_China,A_Chempax_China,Ac,DetailAccount,Everyone,78-70-11301-0002,TransformOneToOne,A/R-MAF INTERCO,1160000,false,
CHINA,A_Chempax_China,A_Chempax_China,Ac,DetailAccount,Everyone,78-70-11301-0004,TransformOneToOne,A/R-EVD,1160000,false,
CHINA,A_Chempax_China,A_Chempax_China,Ac,DetailAccount,Everyone,78-70-11302-,TransformOneToOne,OTHER RECEIVABLES,1153000,false,
CHINA,A_Chempax_China,A_Chempax_China,Ac,DetailAccount,Everyone,78-70-11401-,TransformOneToOne,BAD DEBT RESERVE,1151000,false,
CHINA,A_Chempax_China,A_Chempax_China,Ac,DetailAccount,Everyone,78-70-11805-,TransformOneToOne,ADV. TO WEIFENG HK,1160000,false,
CHINA,A_Chempax_China,A_Chempax_China,Ac,DetailAccount,Everyone,78-70-11901-,TransformOneToOne,PREPAID EXPENSES,1250900,false,
CHINA,A_Chempax_China,A_Chempax_China,Ac,DetailAccount,Everyone,78-70-11908-,TransformOneToOne,AMORTIZATION EXPENSE,1250900,false,
CHINA,A_Chempax_China,A_Chempax_China,Ac,DetailAccount,Everyone,78-70-12101-,TransformOneToOne,SPARE PARTS AND TOOL,1201400,false,
CHINA,A_Chempax_China,A_Chempax_China,Ac,DetailAccount,Everyone,78-70-12102-,TransformOneToOne,PACKAGING MATERIAL,1201400,false,
CHINA,A_Chempax_China,A_Chempax_China,Ac,DetailAccount,Everyone,78-70-12102-2010,TransformOneToOne,PACKAGE PURCHASE,1201400,false,
CHINA,A_Chempax_China,A_Chempax_China,Ac,DetailAccount,Everyone,78-70-12102-2011,TransformOneToOne,PACKAGE USAGE,1201400,false,
CHINA,A_Chempax_China,A_Chempax_China,Ac,DetailAccount,Everyone,78-70-12102-2012,TransformOneToOne,PACKAGE ADJUST,1201400,false,
CHINA,A_Chempax_China,A_Chempax_China,Ac,DetailAccount,Everyone,78-70-12103-,TransformOneToOne,FUEL,1201400,false,
CHINA,A_Chempax_China,A_Chempax_China,Ac,DetailAccount,Everyone,78-70-12103-2010,TransformOneToOne,FUEL PURCHASE,1201400,false,
CHINA,A_Chempax_China,A_Chempax_China,Ac,DetailAccount,Everyone,78-70-12103-2011,TransformOneToOne,FUEL USAGE,1201400,false,
CHINA,A_Chempax_China,A_Chempax_China,Ac,DetailAccount,Everyone,78-70-12103-2012,TransformOneToOne,FUEL ADJUST,1201400,false,
CHINA,A_Chempax_China,A_Chempax_China,Ac,DetailAccount,Everyone,78-70-12104-,TransformOneToOne,CHEMICALS,1201400,false,
CHINA,A_Chempax_China,A_Chempax_China,Ac,DetailAccount,Everyone,78-70-12104-2010,TransformOneToOne,CHEMICAL PURCHASE,1201400,false,
CHINA,A_Chempax_China,A_Chempax_China,Ac,DetailAccount,Everyone,78-70-12104-2011,TransformOneToOne,CHEMICAL USAGE,1201400,false,
CHINA,A_Chempax_China,A_Chempax_China,Ac,DetailAccount,Everyone,78-70-12104-2012,TransformOneToOne,CHEMICAL ADJUST,1201400,false,
CHINA,A_Chempax_China,A_Chempax_China,Ac,DetailAccount,Everyone,78-70-12104-2014,TransformOneToOne,CHEMICALS SALES,1201400,false,
CHINA,A_Chempax_China,A_Chempax_China,Ac,DetailAccount,Everyone,78-70-12301-,TransformOneToOne,REMELTS/lic Fin,1201000,false,
CHINA,A_Chempax_China,A_Chempax_China,Ac,DetailAccount,Everyone,78-70-12301-2010,TransformOneToOne,REMELT PURCHASE,1201000,false,
CHINA,A_Chempax_China,A_Chempax_China,Ac,DetailAccount,Everyone,78-70-12301-2011,TransformOneToOne,REMELT USAGE,1201000,false,
CHINA,A_Chempax_China,A_Chempax_China,Ac,DetailAccount,Everyone,78-70-12301-2012,TransformOneToOne,REMELT ADJUST,1201000,false,
CHINA,A_Chempax_China,A_Chempax_China,Ac,DetailAccount,Everyone,78-70-12301-2013,TransformOneToOne,REMELT OUTPUT,1203000,false,
CHINA,A_Chempax_China,A_Chempax_China,Ac,DetailAccount,Everyone,78-70-12301-2014,TransformOneToOne,REMELT SALES,1201000,false,
CHINA,A_Chempax_China,A_Chempax_China,Ac,DetailAccount,Everyone,78-70-12304-2010,TransformOneToOne,CMAG PURCHASE,1201000,false,
CHINA,A_Chempax_China,A_Chempax_China,Ac,DetailAccount,Everyone,78-70-12304-2011,TransformOneToOne,CMAG USAGE,1201000,false,
CHINA,A_Chempax_China,A_Chempax_China,Ac,DetailAccount,Everyone,78-70-12304-2012,TransformOneToOne,CMAG ADJUST,1201000,false,
CHINA,A_Chempax_China,A_Chempax_China,Ac,DetailAccount,Everyone,78-70-12304-2013,TransformOneToOne,CMAG OUTPUT,1201000,false,
CHINA,A_Chempax_China,A_Chempax_China,Ac,DetailAccount,Everyone,78-70-12304-2014,TransformOneToOne,CMAG SALES,1201000,false,
CHINA,A_Chempax_China,A_Chempax_China,Ac,DetailAccount,Everyone,78-70-12501-,TransformOneToOne,CGA,1201400,false,
CHINA,A_Chempax_China,A_Chempax_China,Ac,DetailAccount,Everyone,78-70-12501-2010,TransformOneToOne,CGA PURCHASE,1201000,false,
CHINA,A_Chempax_China,A_Chempax_China,Ac,DetailAccount,Everyone,78-70-12501-2011,TransformOneToOne,CGA USAGE,1201000,false,
CHINA,A_Chempax_China,A_Chempax_China,Ac,DetailAccount,Everyone,78-70-12501-2012,TransformOneToOne,CGA ADJUST,1201000,false,
CHINA,A_Chempax_China,A_Chempax_China,Ac,DetailAccount,Everyone,78-70-12501-2013,TransformOneToOne,CGA OUTPUT,1201000,false,
CHINA,A_Chempax_China,A_Chempax_China,Ac,DetailAccount,Everyone,78-70-12501-2014,TransformOneToOne,CGA SALES,1201000,false,
CHINA,A_Chempax_China,A_Chempax_China,Ac,DetailAccount,Everyone,78-70-12502-,TransformOneToOne,INTERM PROD FG - CGA,1203000,false,
CHINA,A_Chempax_China,A_Chempax_China,Ac,DetailAccount,Everyone,78-70-12502-2010,TransformOneToOne,INTERM PROD FG PURCH,1203000,false,
CHINA,A_Chempax_China,A_Chempax_China,Ac,DetailAccount,Everyone,78-70-12502-2011,TransformOneToOne,INTERM PROD FG USAGE,1203000,false,
CHINA,A_Chempax_China,A_Chempax_China,Ac,DetailAccount,Everyone,78-70-12502-2012,TransformOneToOne,INTERM PROD FG ADJUS,1203000,false,
CHINA,A_Chempax_China,A_Chempax_China,Ac,DetailAccount,Everyone,78-70-12502-2013,TransformOneToOne,INTERM PROD FG OUTPU,1203000,false,
CHINA,A_Chempax_China,A_Chempax_China,Ac,DetailAccount,Everyone,78-70-12502-2014,TransformOneToOne,INTERM PROD FG SALES,1203000,false,
CHINA,A_Chempax_China,A_Chempax_China,Ac,DetailAccount,Everyone,78-70-12701-,TransformOneToOne,FINISHED GOODS - MAG,1201000,false,
CHINA,A_Chempax_China,A_Chempax_China,Ac,DetailAccount,Everyone,78-70-12701-2010,TransformOneToOne,MAG PURCHASE,1201000,false,
CHINA,A_Chempax_China,A_Chempax_China,Ac,DetailAccount,Everyone,78-70-12701-2011,TransformOneToOne,MAG USAGE,1201000,false,
CHINA,A_Chempax_China,A_Chempax_China,Ac,DetailAccount,Everyone,78-70-12701-2012,TransformOneToOne,MAG ADJUST,1201000,false,
CHINA,A_Chempax_China,A_Chempax_China,Ac,DetailAccount,Everyone,78-70-12701-2013,TransformOneToOne,MAG OUTPUT,1201000,false,
CHINA,A_Chempax_China,A_Chempax_China,Ac,DetailAccount,Everyone,78-70-12701-2014,TransformOneToOne,MAG SALES,1201000,false,
CHINA,A_Chempax_China,A_Chempax_China,Ac,DetailAccount,Everyone,78-70-12702-2010,TransformOneToOne,FG-LIC EXT PURCHASE,1203000,false,
CHINA,A_Chempax_China,A_Chempax_China,Ac,DetailAccount,Everyone,78-70-12702-2011,TransformOneToOne,FG-LIC EXT USAGE,1203000,false,
CHINA,A_Chempax_China,A_Chempax_China,Ac,DetailAccount,Everyone,78-70-12702-2012,TransformOneToOne,FG-LIC EXT ADJUST,1203000,false,
CHINA,A_Chempax_China,A_Chempax_China,Ac,DetailAccount,Everyone,78-70-12702-2013,TransformOneToOne,FG-LIC EXT OUTPUT,1203000,false,
CHINA,A_Chempax_China,A_Chempax_China,Ac,DetailAccount,Everyone,78-70-12702-2014,TransformOneToOne,FG-LIC EXT SALES,1203000,false,
CHINA,A_Chempax_China,A_Chempax_China,Ac,DetailAccount,Everyone,78-70-12703-2010,TransformOneToOne,GYE/R21 PURCHASE,1201400,false,
CHINA,A_Chempax_China,A_Chempax_China,Ac,DetailAccount,Everyone,78-70-12703-2011,TransformOneToOne,GYE/R21 USAGE,1201400,false,
CHINA,A_Chempax_China,A_Chempax_China,Ac,DetailAccount,Everyone,78-70-12703-2012,TransformOneToOne,GYE/R21 ADJUST,1201400,false,
CHINA,A_Chempax_China,A_Chempax_China,Ac,DetailAccount,Everyone,78-70-12703-2013,TransformOneToOne,GYE/R21 OUTPUT,1201400,false,
CHINA,A_Chempax_China,A_Chempax_China,Ac,DetailAccount,Everyone,78-70-12703-2014,TransformOneToOne,GYE/R21 SALES,1201400,false,
CHINA,A_Chempax_China,A_Chempax_China,Ac,DetailAccount,Everyone,78-70-12803-,TransformOneToOne,IT INVENTORY,1203010,false,
CHINA,A_Chempax_China,A_Chempax_China,Ac,DetailAccount,Everyone,78-70-12806-,TransformOneToOne,INVENTORY ABSORPTION,1201000,false,
CHINA,A_Chempax_China,A_Chempax_China,Ac,DetailAccount,Everyone,78-70-13001-0001,TransformOneToOne,ADV.PMT GANSU FANZHI,1250900,false,
CHINA,A_Chempax_China,A_Chempax_China,Ac,DetailAccount,Everyone,78-70-13001-1,TransformOneToOne,Prepaid Other,1250900,false,
CHINA,A_Chempax_China,A_Chempax_China,Ac,DetailAccount,Everyone,78-70-15902-,TransformOneToOne,EASY WORN ITEM,1201400,false,
CHINA,A_Chempax_China,A_Chempax_China,Ac,DetailAccount,Everyone,78-70-16102-,TransformOneToOne,FIXED ASSETS - BUILD,1530000,false,
CHINA,A_Chempax_China,A_Chempax_China,Ac,DetailAccount,Everyone,78-70-16300-,TransformOneToOne,FIXED ASSETS EQUIPME,1520000,false,
CHINA,A_Chempax_China,A_Chempax_China,Ac,DetailAccount,Everyone,78-70-16305-,TransformOneToOne,FIXED ASSETS OTHER,1520030,false,
CHINA,A_Chempax_China,A_Chempax_China,Ac,DetailAccount,Everyone,78-70-16308-,TransformOneToOne,FIXED ASSETS CAR,1520050,false,
CHINA,A_Chempax_China,A_Chempax_China,Ac,DetailAccount,Everyone,78-70-16501-,TransformOneToOne,CUMULATIVE DEPRECIAT,1599000,false,
CHINA,A_Chempax_China,A_Chempax_China,Ac,DetailAccount,Everyone,78-70-16901-,TransformOneToOne,CONSTRUCTION IN PROC,1510000,false,
CHINA,A_Chempax_China,A_Chempax_China,Ac,DetailAccount,Everyone,78-70-20101-,TransformOneToOne,SHORT TERM BORROW,2106000,true,
CHINA,A_Chempax_China,A_Chempax_China,Ac,DetailAccount,Everyone,78-70-20102-,TransformOneToOne,INTERESTS PAYABLE,2153900,true,
CHINA,A_Chempax_China,A_Chempax_China,Ac,DetailAccount,Everyone,78-70-20301-,TransformOneToOne,A/P THIRD PARTY,2150000,true,
CHINA,A_Chempax_China,A_Chempax_China,Ac,DetailAccount,Everyone,78-70-20301-0001,TransformOneToOne,A/P-AFFILIATE,2381000,true,
CHINA,A_Chempax_China,A_Chempax_China,Ac,DetailAccount,Everyone,78-70-20301-0002,TransformOneToOne,A/P-MAF INTERCO,2381000,true,
CHINA,A_Chempax_China,A_Chempax_China,Ac,DetailAccount,Everyone,78-70-20301-0004,TransformOneToOne,ACCU.P/T G.S.FANZHI,2381000,true,
CHINA,A_Chempax_China,A_Chempax_China,Ac,DetailAccount,Everyone,78-70-20301-0005,TransformOneToOne,ACCU.P/T ZFTZ,2381000,true,
CHINA,A_Chempax_China,A_Chempax_China,Ac,DetailAccount,Everyone,78-70-20301-0006,TransformOneToOne,A/P-EVD,2381000,true,
CHINA,A_Chempax_China,A_Chempax_China,Ac,DetailAccount,Everyone,78-70-20311-,TransformOneToOne,OTHER PAYABLES,2150000,true,
CHINA,A_Chempax_China,A_Chempax_China,Ac,DetailAccount,Everyone,78-70-20315-,TransformOneToOne,BEN.SERV.PAYABLE,2153000,true,
CHINA,A_Chempax_China,A_Chempax_China,Ac,DetailAccount,Everyone,78-70-20316-,TransformOneToOne,BEN.SERV.PAYABLE-RAY,2153000,true,
CHINA,A_Chempax_China,A_Chempax_China,Ac,DetailAccount,Everyone,78-70-20317-,TransformOneToOne,BEN.SERV. IIT - RAY,2153000,true,
CHINA,A_Chempax_China,A_Chempax_China,Ac,DetailAccount,Everyone,78-70-20401-,TransformOneToOne,ADV PMT FROM JV,2150000,true,
CHINA,A_Chempax_China,A_Chempax_China,Ac,DetailAccount,Everyone,78-70-20401-1,TransformOneToOne,ADVANCE PMT FM MAFCO,2150000,true,
CHINA,A_Chempax_China,A_Chempax_China,Ac,DetailAccount,Everyone,78-70-20401-4,TransformOneToOne,ADV PMT FM 3RD PARTY,2150000,true,
CHINA,A_Chempax_China,A_Chempax_China,Ac,DetailAccount,Everyone,78-70-20501-,TransformOneToOne,ACCT PAYABLE ACCURAL,2153900,true,
CHINA,A_Chempax_China,A_Chempax_China,Ac,DetailAccount,Everyone,78-70-21101-,TransformOneToOne,ACCURED PAYROLL,2311000,true,
CHINA,A_Chempax_China,A_Chempax_China,Ac,DetailAccount,Everyone,78-70-21102-,TransformOneToOne,ACCURED BONUS,2311020,true,
CHINA,A_Chempax_China,A_Chempax_China,Ac,DetailAccount,Everyone,78-70-21103-,TransformOneToOne,ACCRUED FREIGHT,2320010,true,
CHINA,A_Chempax_China,A_Chempax_China,Ac,DetailAccount,Everyone,78-70-21201-,TransformOneToOne,ACCRUED EXPENSE,2320090,true,
CHINA,A_Chempax_China,A_Chempax_China,Ac,DetailAccount,Everyone,78-70-21401-,TransformOneToOne,ACCURED WELFARE,2320090,true,
CHINA,A_Chempax_China,A_Chempax_China,Ac,DetailAccount,Everyone,78-70-22101-,TransformOneToOne,OTHER TAXES PAYABLES,2310690,true,
CHINA,A_Chempax_China,A_Chempax_China,Ac,DetailAccount,Everyone,78-70-22101-0001,TransformOneToOne,URBAN TAX PAYBALE,2310690,true,
CHINA,A_Chempax_China,A_Chempax_China,Ac,DetailAccount,Everyone,78-70-22102-,TransformOneToOne,TAX PAYABLE,2310620,true,
CHINA,A_Chempax_China,A_Chempax_China,Ac,DetailAccount,Everyone,78-70-22102-0001,TransformOneToOne,INPUT VAT TURN OUT,2310620,true,
CHINA,A_Chempax_China,A_Chempax_China,Ac,DetailAccount,Everyone,78-70-22102-0002,TransformOneToOne,VAT RETURN FOR EXPOR,2310620,true,
CHINA,A_Chempax_China,A_Chempax_China,Ac,DetailAccount,Everyone,78-70-22102-0003,TransformOneToOne,OUTPUT VAT,2310620,true,
CHINA,A_Chempax_China,A_Chempax_China,Ac,DetailAccount,Everyone,78-70-22102-0004,TransformOneToOne,PAID VAT,2310620,true,
CHINA,A_Chempax_China,A_Chempax_China,Ac,DetailAccount,Everyone,78-70-22104-,TransformOneToOne,PERSONAL INCOME TAX,2310690,true,
CHINA,A_Chempax_China,A_Chempax_China,Ac,DetailAccount,Everyone,78-70-22107-,TransformOneToOne,INCOME TAX PAYABLES,2200020,true,
CHINA,A_Chempax_China,A_Chempax_China,Ac,DetailAccount,Everyone,78-70-30101-,TransformOneToOne,CAPITAL CONTRIBUTION,3101000,true,
CHINA,A_Chempax_China,A_Chempax_China,Ac,DetailAccount,Everyone,78-70-31101-,TransformOneToOne,CAPITAL CUMULATION F,3301000,true,
CHINA,A_Chempax_China,A_Chempax_China,Ac,DetailAccount,Everyone,78-70-31501-,TransformOneToOne,Beginning Retained Earnings,3500000,true,
CHINA,A_Chempax_China,A_Chempax_China,Ac,DetailAccount,Everyone,78-70-32201-,TransformOneToOne,UNDISTRIBUTE PROFIT,3500000,true,
CHINA,A_Chempax_China,A_Chempax_China,Ac,DetailAccount,Everyone,78-70-40101-,TransformOneToOne,SALES-REMELT/LIC FIN,4000010,true,
CHINA,A_Chempax_China,A_Chempax_China,Ac,DetailAccount,Everyone,78-70-40102-,TransformOneToOne,SALES-MAG,4000010,true,
CHINA,A_Chempax_China,A_Chempax_China,Ac,DetailAccount,Everyone,78-70-40103-,TransformOneToOne,SALES - OTHER,4005990,true,
CHINA,A_Chempax_China,A_Chempax_China,Ac,DetailAccount,Everyone,78-70-40104-,TransformOneToOne,SALES-AFFILIATE,4800000,true,
CHINA,A_Chempax_China,A_Chempax_China,Ac,DetailAccount,Everyone,78-70-40107-,TransformOneToOne,SALES-MAF INTERCO,4800000,true,
CHINA,A_Chempax_China,A_Chempax_China,Ac,DetailAccount,Everyone,78-70-40201-,TransformOneToOne,SALES RETURNS AND AL,4100000,true,
CHINA,A_Chempax_China,A_Chempax_China,Ac,DetailAccount,Everyone,78-70-40202-,TransformOneToOne,SALES DISCOUNTS,4100020,true,
CHINA,A_Chempax_China,A_Chempax_China,Ac,DetailAccount,Everyone,78-70-40301-,TransformOneToOne,FREIGHT OUT,6010000,false,
CHINA,A_Chempax_China,A_Chempax_China,Ac,DetailAccount,Everyone,78-70-40302-,TransformOneToOne,MISC - INVOICE REVEN,6010000,false,
CHINA,A_Chempax_China,A_Chempax_China,Ac,DetailAccount,Everyone,78-70-40303-,TransformOneToOne,FREIGHT IN,6010000,false,
CHINA,A_Chempax_China,A_Chempax_China,Ac,DetailAccount,Everyone,78-70-40304-5130,TransformOneToOne,SELLING EXP. - SAMPL,6530000,false,
CHINA,A_Chempax_China,A_Chempax_China,Ac,DetailAccount,Everyone,78-70-40305-5130,TransformOneToOne,SELLING EXP. - TRADE,6520070,false,
CHINA,A_Chempax_China,A_Chempax_China,Ac,DetailAccount,Everyone,78-70-40306-,TransformOneToOne,FREIGHT,6010000,false,
CHINA,A_Chempax_China,A_Chempax_China,Ac,DetailAccount,Everyone,78-70-40307-5130,TransformOneToOne,SELLING EXP. - SALAR,6210000,false,
CHINA,A_Chempax_China,A_Chempax_China,Ac,DetailAccount,Everyone,78-70-40308-5130,TransformOneToOne,SELLING EXP. - WELFA,6210030,false,
CHINA,A_Chempax_China,A_Chempax_China,Ac,DetailAccount,Everyone,78-70-40309-5130,TransformOneToOne,SELLING EXP. - TRAVE,6220010,false,
CHINA,A_Chempax_China,A_Chempax_China,Ac,DetailAccount,Everyone,78-70-40310-5130,TransformOneToOne,SELLING EXP. - ENTER,6220030,false,
CHINA,A_Chempax_China,A_Chempax_China,Ac,DetailAccount,Everyone,78-70-40311-5130,TransformOneToOne,SELLING EXP. - QUOTA,6420020,false,
CHINA,A_Chempax_China,A_Chempax_China,Ac,DetailAccount,Everyone,78-70-50101-,TransformOneToOne,COGS-REMELTS/LIC FIN,5000000,false,
CHINA,A_Chempax_China,A_Chempax_China,Ac,DetailAccount,Everyone,78-70-50102-,TransformOneToOne,COST OF SALES - MAG,5000000,false,
CHINA,A_Chempax_China,A_Chempax_China,Ac,DetailAccount,Everyone,78-70-50103-,TransformOneToOne,COGS-OTHER,5800000,false,
CHINA,A_Chempax_China,A_Chempax_China,Ac,DetailAccount,Everyone,78-70-50104-,TransformOneToOne,COGS-AFFILIATE,5800000,false,
CHINA,A_Chempax_China,A_Chempax_China,Ac,DetailAccount,Everyone,78-70-50106-,TransformOneToOne,COST OF SALES-VAT,5000000,false,
CHINA,A_Chempax_China,A_Chempax_China,Ac,DetailAccount,Everyone,78-70-50107-,TransformOneToOne,COST OF SALES-MAF IN,5800000,false,
CHINA,A_Chempax_China,A_Chempax_China,Ac,DetailAccount,Everyone,78-70-50108-,TransformOneToOne,COGS-TAX&ASSO.CHARGE,6420020,false,
CHINA,A_Chempax_China,A_Chempax_China,Ac,DetailAccount,Everyone,78-70-50108-0001,TransformOneToOne,TAX,6420020,false,
CHINA,A_Chempax_China,A_Chempax_China,Ac,DetailAccount,Everyone,78-70-50110-,TransformOneToOne,COST of SALES-Packaging,6030021,false,
CHINA,A_Chempax_China,A_Chempax_China,Ac,DetailAccount,Everyone,78-70-50200-2300,TransformOneToOne,WATER USED,6120020,false,
CHINA,A_Chempax_China,A_Chempax_China,Ac,DetailAccount,Everyone,78-70-50202-2300,TransformOneToOne,GAS USED,6120010,false,
CHINA,A_Chempax_China,A_Chempax_China,Ac,DetailAccount,Everyone,78-70-50203-2300,TransformOneToOne,ELECTRICITY,6120000,false,
CHINA,A_Chempax_China,A_Chempax_China,Ac,DetailAccount,Everyone,78-70-50204-2300,TransformOneToOne,REPAIRS AND MAINTENA,6330010,false,
CHINA,A_Chempax_China,A_Chempax_China,Ac,DetailAccount,Everyone,78-70-50205-2095,TransformOneToOne,SMB Direct Labor salary,6210000,false,
CHINA,A_Chempax_China,A_Chempax_China,Ac,DetailAccount,Everyone,78-70-50205-2300,TransformOneToOne,FACTORY LABOR,6210000,false,
CHINA,A_Chempax_China,A_Chempax_China,Ac,DetailAccount,Everyone,78-70-50206-2095,TransformOneToOne,SMB Direct Labor welfare,6210030,false,
CHINA,A_Chempax_China,A_Chempax_China,Ac,DetailAccount,Everyone,78-70-50206-2300,TransformOneToOne,WELFARES-FACTORY,6210030,false,
CHINA,A_Chempax_China,A_Chempax_China,Ac,DetailAccount,Everyone,78-70-50207-2300,TransformOneToOne,DEPRECIATION,6710000,false,
CHINA,A_Chempax_China,A_Chempax_China,Ac,DetailAccount,Everyone,78-70-50210-2095,TransformOneToOne,PROFESSIONAL SERVICE,6310100,false,
CHINA,A_Chempax_China,A_Chempax_China,Ac,DetailAccount,Everyone,78-70-50210-2300,TransformOneToOne,PROFESSIONAL SERVICE,6310100,false,
CHINA,A_Chempax_China,A_Chempax_China,Ac,DetailAccount,Everyone,78-70-50211-2300,TransformOneToOne,OTHER-PRODUCTION,6310100,false,
CHINA,A_Chempax_China,A_Chempax_China,Ac,DetailAccount,Everyone,78-70-50214-2095,TransformOneToOne,SMB Indirect Labor salary,6210000,false,
CHINA,A_Chempax_China,A_Chempax_China,Ac,DetailAccount,Everyone,78-70-50214-2300,TransformOneToOne,SUPERVISOR SALARIES,6210000,false,
CHINA,A_Chempax_China,A_Chempax_China,Ac,DetailAccount,Everyone,78-70-50215-2095,TransformOneToOne,SMB Indirect Labor welfare,6210030,false,
CHINA,A_Chempax_China,A_Chempax_China,Ac,DetailAccount,Everyone,78-70-50215-2300,TransformOneToOne,SUPERVISOR WELFARE,6210030,false,
CHINA,A_Chempax_China,A_Chempax_China,Ac,DetailAccount,Everyone,78-70-50216-2300,TransformOneToOne,FREIGHT CHARGE,6010000,false,
CHINA,A_Chempax_China,A_Chempax_China,Ac,DetailAccount,Everyone,78-70-50217-2300,TransformOneToOne,PACKAGING USAGE MAG,6030021,false,
CHINA,A_Chempax_China,A_Chempax_China,Ac,DetailAccount,Everyone,78-70-50218-2300,TransformOneToOne,AMORTIZATION EXPENSE,6920120,false,
CHINA,A_Chempax_China,A_Chempax_China,Ac,DetailAccount,Everyone,78-70-50219-2300,TransformOneToOne,UNIFORM & SAFETY MAG,6410020,false,
CHINA,A_Chempax_China,A_Chempax_China,Ac,DetailAccount,Everyone,78-70-50221-2095,TransformOneToOne,Safety Expenses,6410020,false,
CHINA,A_Chempax_China,A_Chempax_China,Ac,DetailAccount,Everyone,78-70-50221-2300,TransformOneToOne,SAFETY EXPENSES,6410020,false,
CHINA,A_Chempax_China,A_Chempax_China,Ac,DetailAccount,Everyone,78-70-50224-2300,TransformOneToOne,LAB-EXPENSE,6210000,false,
CHINA,A_Chempax_China,A_Chempax_China,Ac,DetailAccount,Everyone,78-70-50225-2095,TransformOneToOne,Overhead on Idle Time,6610070,false,
CHINA,A_Chempax_China,A_Chempax_China,Ac,DetailAccount,Everyone,78-70-50302-,TransformOneToOne,PURCHASE VARIANCE-EX,6030010,false,
CHINA,A_Chempax_China,A_Chempax_China,Ac,DetailAccount,Everyone,78-70-50303-,TransformOneToOne,PURCHASE VARIANCE-OT,6030010,false,
CHINA,A_Chempax_China,A_Chempax_China,Ac,DetailAccount,Everyone,78-70-50311-,TransformOneToOne,INVENTORY ADJ-RAW MA,6020010,false,
CHINA,A_Chempax_China,A_Chempax_China,Ac,DetailAccount,Everyone,78-70-50313-,TransformOneToOne,INVENTORY ADJ-FINISH,6020010,false,
CHINA,A_Chempax_China,A_Chempax_China,Ac,DetailAccount,Everyone,78-70-50315-,TransformOneToOne,INVENTORY ADJ-PACKAG,6030030,false,
CHINA,A_Chempax_China,A_Chempax_China,Ac,DetailAccount,Everyone,78-70-50316-,TransformOneToOne,INVENTORY ADJ-CHEMIC,6020010,false,
CHINA,A_Chempax_China,A_Chempax_China,Ac,DetailAccount,Everyone,78-70-50317-,TransformOneToOne,INVENTORY ADJ-SPARE,6030030,false,
CHINA,A_Chempax_China,A_Chempax_China,Ac,DetailAccount,Everyone,78-70-50321-2300,TransformOneToOne,OVERHEAD ABSORBED MF,6020035,false,
CHINA,A_Chempax_China,A_Chempax_China,Ac,DetailAccount,Everyone,78-70-50334-,TransformOneToOne,O/H ABSORBTION ADJUS,6020035,false,
CHINA,A_Chempax_China,A_Chempax_China,Ac,DetailAccount,Everyone,78-70-51101-,TransformOneToOne,SALARIES,6210000,false,
CHINA,A_Chempax_China,A_Chempax_China,Ac,DetailAccount,Everyone,78-70-51101-5130,TransformOneToOne,SALARIES-SALES,6210000,false,
CHINA,A_Chempax_China,A_Chempax_China,Ac,DetailAccount,Everyone,78-70-51102-,TransformOneToOne,WELFARES,6210030,false,
CHINA,A_Chempax_China,A_Chempax_China,Ac,DetailAccount,Everyone,78-70-51102-5130,TransformOneToOne,WELFARES-SALES,6210030,false,
CHINA,A_Chempax_China,A_Chempax_China,Ac,DetailAccount,Everyone,78-70-51104-5130,TransformOneToOne,RENTAL EXP.-SALES,6320020,false,
CHINA,A_Chempax_China,A_Chempax_China,Ac,DetailAccount,Everyone,78-70-51105-5091,TransformOneToOne,INSURANCE-ADMIN,6610130,false,
CHINA,A_Chempax_China,A_Chempax_China,Ac,DetailAccount,Everyone,78-70-51105-5130,TransformOneToOne,INSURANCE-SALES,6610130,false,
CHINA,A_Chempax_China,A_Chempax_China,Ac,DetailAccount,Everyone,78-70-51106-2126,TransformOneToOne,OFFICE EXP.-PURCHASE,6410000,false,
CHINA,A_Chempax_China,A_Chempax_China,Ac,DetailAccount,Everyone,78-70-51106-5001,TransformOneToOne,OFFICE EXP.-FINANCE,6410000,false,
CHINA,A_Chempax_China,A_Chempax_China,Ac,DetailAccount,Everyone,78-70-51106-5002,TransformOneToOne,OFFICE EXP.-HR,6410000,false,
CHINA,A_Chempax_China,A_Chempax_China,Ac,DetailAccount,Everyone,78-70-51106-5005,TransformOneToOne,OFFICE EXP.-LEGAL,6410000,false,
CHINA,A_Chempax_China,A_Chempax_China,Ac,DetailAccount,Everyone,78-70-51106-5006,TransformOneToOne,OFFICE EXP.-IT,6410000,false,
CHINA,A_Chempax_China,A_Chempax_China,Ac,DetailAccount,Everyone,78-70-51106-5091,TransformOneToOne,OFFICE EXP.-ADMIN,6410000,false,
CHINA,A_Chempax_China,A_Chempax_China,Ac,DetailAccount,Everyone,78-70-51106-5130,TransformOneToOne,OFFICE EXP.-SALES,6410000,false,
CHINA,A_Chempax_China,A_Chempax_China,Ac,DetailAccount,Everyone,78-70-51107-2126,TransformOneToOne,PRO. SRVS.-PURCHASE,6310100,false,
CHINA,A_Chempax_China,A_Chempax_China,Ac,DetailAccount,Everyone,78-70-51107-5001,TransformOneToOne,PRO. SRVS.-FINANCE,6310100,false,
CHINA,A_Chempax_China,A_Chempax_China,Ac,DetailAccount,Everyone,78-70-51107-5002,TransformOneToOne,PRO. SRVS.-HR,6310100,false,
CHINA,A_Chempax_China,A_Chempax_China,Ac,DetailAccount,Everyone,78-70-51107-5005,TransformOneToOne,PRO. SRVS.-LEGAL,6310100,false,
CHINA,A_Chempax_China,A_Chempax_China,Ac,DetailAccount,Everyone,78-70-51107-5006,TransformOneToOne,PRO. SRVS.-IT,6310100,false,
CHINA,A_Chempax_China,A_Chempax_China,Ac,DetailAccount,Everyone,78-70-51107-5091,TransformOneToOne,PRO. SRVS.-ADMIN,6310100,false,
CHINA,A_Chempax_China,A_Chempax_China,Ac,DetailAccount,Everyone,78-70-51107-5130,TransformOneToOne,PRO. SRVS.-SALES,6310100,false,
CHINA,A_Chempax_China,A_Chempax_China,Ac,DetailAccount,Everyone,78-70-51108-2126,TransformOneToOne,TRAVEL-PURCHASE,6220010,false,
CHINA,A_Chempax_China,A_Chempax_China,Ac,DetailAccount,Everyone,78-70-51108-5001,TransformOneToOne,TRAVEL-FINANCE,6220010,false,
CHINA,A_Chempax_China,A_Chempax_China,Ac,DetailAccount,Everyone,78-70-51108-5002,TransformOneToOne,TRAVEL-HR,6220010,false,
CHINA,A_Chempax_China,A_Chempax_China,Ac,DetailAccount,Everyone,78-70-51108-5005,TransformOneToOne,TRAVEL-LEGAL,6220010,false,
CHINA,A_Chempax_China,A_Chempax_China,Ac,DetailAccount,Everyone,78-70-51108-5006,TransformOneToOne,TRAVEL-IT,6220010,false,
CHINA,A_Chempax_China,A_Chempax_China,Ac,DetailAccount,Everyone,78-70-51108-5091,TransformOneToOne,TRAVEL-ADMIN,6220010,false,
CHINA,A_Chempax_China,A_Chempax_China,Ac,DetailAccount,Everyone,78-70-51108-5130,TransformOneToOne,TRAVEL-SALES,6220010,false,
CHINA,A_Chempax_China,A_Chempax_China,Ac,DetailAccount,Everyone,78-70-51109-5091,TransformOneToOne,DEPRECIATION-ADMIN,6710000,false,
CHINA,A_Chempax_China,A_Chempax_China,Ac,DetailAccount,Everyone,78-70-51110-5091,TransformOneToOne,COMMUNICATION-ADMIN,6310030,false,
CHINA,A_Chempax_China,A_Chempax_China,Ac,DetailAccount,Everyone,78-70-51110-5130,TransformOneToOne,COMMUNICATIONS-SALES,6310030,false,
CHINA,A_Chempax_China,A_Chempax_China,Ac,DetailAccount,Everyone,78-70-51113-5091,TransformOneToOne,MISC.-ADMIN,6610070,false,
CHINA,A_Chempax_China,A_Chempax_China,Ac,DetailAccount,Everyone,78-70-51119-,TransformOneToOne,SOCIAL SECURITY,6610070,false,
CHINA,A_Chempax_China,A_Chempax_China,Ac,DetailAccount,Everyone,78-70-51119-5130,TransformOneToOne,SOCIAL SEC.-SALES,6610070,false,
CHINA,A_Chempax_China,A_Chempax_China,Ac,DetailAccount,Everyone,78-70-51120-5091,TransformOneToOne,UNLOADING FEE-ADMIN,6610070,false,
CHINA,A_Chempax_China,A_Chempax_China,Ac,DetailAccount,Everyone,78-70-51122-5091,TransformOneToOne,MAIL-ADMIN,6610050,false,
CHINA,A_Chempax_China,A_Chempax_China,Ac,DetailAccount,Everyone,78-70-51122-5130,TransformOneToOne,MAIL-SALES,6610050,false,
CHINA,A_Chempax_China,A_Chempax_China,Ac,DetailAccount,Everyone,78-70-51124-,TransformOneToOne,HOUSING FUND,6610070,false,
CHINA,A_Chempax_China,A_Chempax_China,Ac,DetailAccount,Everyone,78-70-51124-5130,TransformOneToOne,HOUSING FUND-SALES,6610070,false,
CHINA,A_Chempax_China,A_Chempax_China,Ac,DetailAccount,Everyone,78-70-51125-,TransformOneToOne,STORAGE CHARGE,6130060,false,
CHINA,A_Chempax_China,A_Chempax_China,Ac,DetailAccount,Everyone,78-70-51127-2126,TransformOneToOne,ENTERTAIN-PURCHASE,6220030,false,
CHINA,A_Chempax_China,A_Chempax_China,Ac,DetailAccount,Everyone,78-70-51127-5001,TransformOneToOne,ENTERTAIN-FINANCE,6220030,false,
CHINA,A_Chempax_China,A_Chempax_China,Ac,DetailAccount,Everyone,78-70-51127-5002,TransformOneToOne,ENTERTAIN-HR,6220030,false,
CHINA,A_Chempax_China,A_Chempax_China,Ac,DetailAccount,Everyone,78-70-51127-5005,TransformOneToOne,ENTERTAIN-LEGAL,6220030,false,
CHINA,A_Chempax_China,A_Chempax_China,Ac,DetailAccount,Everyone,78-70-51127-5006,TransformOneToOne,ENTERTAIN-IT,6220030,false,
CHINA,A_Chempax_China,A_Chempax_China,Ac,DetailAccount,Everyone,78-70-51127-5091,TransformOneToOne,ENTERTAIN-ADMIN,6220030,false,
CHINA,A_Chempax_China,A_Chempax_China,Ac,DetailAccount,Everyone,78-70-51127-5130,TransformOneToOne,ENTERTAIN-SALES,6220030,false,
CHINA,A_Chempax_China,A_Chempax_China,Ac,DetailAccount,Everyone,78-70-51137-,TransformOneToOne,TRADE UNION,6610070,false,
CHINA,A_Chempax_China,A_Chempax_China,Ac,DetailAccount,Everyone,78-70-51139-5091,TransformOneToOne,CAR-ADMIN,6220000,false,
CHINA,A_Chempax_China,A_Chempax_China,Ac,DetailAccount,Everyone,78-70-51139-5130,TransformOneToOne,CAR-SALES,6220000,false,
CHINA,A_Chempax_China,A_Chempax_China,Ac,DetailAccount,Everyone,78-70-51140-,TransformOneToOne,REORGANIZATION EXP.,6610070,false,
CHINA,A_Chempax_China,A_Chempax_China,Ac,DetailAccount,Everyone,78-70-51142-,TransformOneToOne,IC BENEFICIAL SERVIC,6610120,false,
CHINA,A_Chempax_China,A_Chempax_China,Ac,DetailAccount,Everyone,78-70-51143-,TransformOneToOne,MF BENEFICIAL SERVIC,6610120,false,
CHINA,A_Chempax_China,A_Chempax_China,Ac,DetailAccount,Everyone,78-70-51144-,TransformOneToOne,BEN. SERVICES INCOME,6610120,false,
CHINA,A_Chempax_China,A_Chempax_China,Ac,DetailAccount,Everyone,78-70-51145-,TransformOneToOne,FH BENEFICIAL SERVIC,6610120,false,
CHINA,A_Chempax_China,A_Chempax_China,Ac,DetailAccount,Everyone,78-70-51146-,TransformOneToOne,FH BEN. SERV. INCOME,6610120,false,
CHINA,A_Chempax_China,A_Chempax_China,Ac,DetailAccount,Everyone,78-70-51147-,TransformOneToOne,IC BEN.SER.-OTHER OP,6610120,false,
CHINA,A_Chempax_China,A_Chempax_China,Ac,DetailAccount,Everyone,78-70-51149-5095,TransformOneToOne,Overhead on Idle Time,6610070,false,
CHINA,A_Chempax_China,A_Chempax_China,Ac,DetailAccount,Everyone,78-70-51200-0024,TransformOneToOne,IC Beneficial Servic - ZFTZ,6610150,false,
CHINA,A_Chempax_China,A_Chempax_China,Ac,DetailAccount,Everyone,78-70-51200-5091,TransformOneToOne,IC Beneficial Services,6610150,false,
CHINA,A_Chempax_China,A_Chempax_China,Ac,DetailAccount,Everyone,78-70-51201-5091,TransformOneToOne,IC Beneficial Services,6610150,false,
CHINA,A_Chempax_China,A_Chempax_China,Ac,DetailAccount,Everyone,78-70-51202-5091,TransformOneToOne,IC Beneficial Services,6610150,false,
CHINA,A_Chempax_China,A_Chempax_China,Ac,DetailAccount,Everyone,78-70-52201-,TransformOneToOne,INTEREST EXPENSE,8410100,false,
CHINA,A_Chempax_China,A_Chempax_China,Ac,DetailAccount,Everyone,78-70-52202-,TransformOneToOne,BANK CHARGES,6610140,false,
CHINA,A_Chempax_China,A_Chempax_China,Ac,DetailAccount,Everyone,78-70-52203-,TransformOneToOne,INTEREST INCOME,8410100,false,
CHINA,A_Chempax_China,A_Chempax_China,Ac,DetailAccount,Everyone,78-70-52204-,TransformOneToOne,FOREIGN EXCHANGE (GA,8110100,false,
CHINA,A_Chempax_China,A_Chempax_China,Ac,DetailAccount,Everyone,78-70-53000-5091,TransformOneToOne,Asset Write-Off,6720000,false,
CHINA,A_Chempax_China,A_Chempax_China,Ac,DetailAccount,Everyone,78-70-54101-,TransformOneToOne,NON-OPERATING INCOME,8190100,false,
CHINA,A_Chempax_China,A_Chempax_China,Ac,DetailAccount,Everyone,78-70-54101-0001,TransformOneToOne,FIXED-ASST DISP.GAIN,8150100,false,
CHINA,A_Chempax_China,A_Chempax_China,Ac,DetailAccount,Everyone,78-70-54102-,TransformOneToOne,NON-OPERATING EXPENS,8190100,false,
CHINA,A_Chempax_China,A_Chempax_China,Ac,DetailAccount,Everyone,78-70-54102-0001,TransformOneToOne,FIXED-ASST DISP.LOSS,8150100,false,
CHINA,A_Chempax_China,A_Chempax_China,Ac,DetailAccount,Everyone,78-70-55001-,TransformOneToOne,INCOME TAXES,8610000,false,
CHINA,A_Chempax_China,A_Chempax_China,Ac,DetailAccount,Everyone,78-76-16102-,TransformOneToOne,FIXED ASSETS - BUILD,1530000,false,
CHINA,A_Chempax_China,A_Chempax_China,Ac,DetailAccount,Everyone,78-76-16300-,TransformOneToOne,FIXED ASSETS EQUIPME,1520000,false,
CHINA,A_Chempax_China,A_Chempax_China,Ac,DetailAccount,Everyone,78-76-16305-,TransformOneToOne,FIXED ASSETS OTHER,1520030,false,
CHINA,A_Chempax_China,A_Chempax_China,Ac,DetailAccount,Everyone,78-76-16307-,TransformOneToOne,FIXED ASSETS LAND RI,1500000,false,
CHINA,A_Chempax_China,A_Chempax_China,Ac,DetailAccount,Everyone,78-76-16308-,TransformOneToOne,FIXED ASSETS-CAR,1520050,false,
CHINA,A_Chempax_China,A_Chempax_China,Ac,DetailAccount,Everyone,78-76-16501-,TransformOneToOne,CUMULATIVE DEPRECIAT,1599000,false,
CHINA,A_Chempax_China,A_Chempax_China,Ac,DetailAccount,Everyone,78-76-16501-0001,TransformOneToOne,CUMULATIVE DEP-REV,1599000,false,
CHINA,A_Chempax_China,A_Chempax_China,Ac,DetailAccount,Everyone,78-76-16503-,TransformOneToOne,ACCUM.DEP.-BUILDING,1570000,false,
CHINA,A_Chempax_China,A_Chempax_China,Ac,DetailAccount,Everyone,78-76-16504-,TransformOneToOne,ACCUM.DEP.-EQUIPMENT,1560000,false,
CHINA,A_Chempax_China,A_Chempax_China,Ac,DetailAccount,Everyone,78-76-16505-,TransformOneToOne,ACCUM.DEP.-LAB,1560020,false,
CHINA,A_Chempax_China,A_Chempax_China,Ac,DetailAccount,Everyone,78-76-16506-,TransformOneToOne,ACCUM.DEP.-FURNITURE,1560030,false,
CHINA,A_Chempax_China,A_Chempax_China,Ac,DetailAccount,Everyone,78-76-16507-,TransformOneToOne,ACCUM.DEP.-CAR,1560050,false,
CHINA,A_Chempax_China,A_Chempax_China,Ac,DetailAccount,Everyone,78-76-16901-,TransformOneToOne,CONSTRUCTION IN PROC,1510000,false,
CHINA,A_Chempax_China,A_Chempax_China,Ac,DetailAccount,Everyone,78-76-17001-,TransformOneToOne,OPT LEASE ROU ASSETS,1701000,false,
CHINA,A_Chempax_China,A_Chempax_China,Ac,DetailAccount,Everyone,78-76-17304-,TransformOneToOne,GOODWILL - PPA,1710000,false,
CHINA,A_Chempax_China,A_Chempax_China,Ac,DetailAccount,Everyone,78-76-19900-,TransformOneToOne,DEFERRED TAX ASSET,1740000,false,
CHINA,A_Chempax_China,A_Chempax_China,Ac,DetailAccount,Everyone,78-76-22107-,TransformOneToOne,INCOME TAX PAYABLES,2200020,true,
CHINA,A_Chempax_China,A_Chempax_China,Ac,DetailAccount,Everyone,78-76-23101-,TransformOneToOne,OPT LEASE LIAB. CURR,2201000,true,
CHINA,A_Chempax_China,A_Chempax_China,Ac,DetailAccount,Everyone,78-76-25101-,TransformOneToOne,OPT LEASE LIAB. N-CU,2701000,true,
CHINA,A_Chempax_China,A_Chempax_China,Ac,DetailAccount,Everyone,78-76-29900-,TransformOneToOne,DEFERRED TAX LIAB,2651010,true,
CHINA,A_Chempax_China,A_Chempax_China,Ac,DetailAccount,Everyone,78-76-32200-,TransformOneToOne,Additional Contributed Capital,3101000,true,
CHINA,A_Chempax_China,A_Chempax_China,Ac,DetailAccount,Everyone,78-76-32201-,TransformOneToOne,RETAINED EARNINGS,3500000,true,
CHINA,A_Chempax_China,A_Chempax_China,Ac,DetailAccount,Everyone,78-76-50207-,TransformOneToOne,DEPRECIATION - OH,6710000,false,
CHINA,A_Chempax_China,A_Chempax_China,Ac,DetailAccount,Everyone,78-76-50207-0001,TransformOneToOne,DEPRECIATION-OH-REV,6710000,false,
CHINA,A_Chempax_China,A_Chempax_China,Ac,DetailAccount,Everyone,78-76-50211-2300,TransformOneToOne,OTHER-PRODUCTION,6610070,false,
CHINA,A_Chempax_China,A_Chempax_China,Ac,DetailAccount,Everyone,78-76-51109-,TransformOneToOne,DEPRECIATION - SGA,6710000,false,
CHINA,A_Chempax_China,A_Chempax_China,Ac,DetailAccount,Everyone,78-76-51109-0001,TransformOneToOne,DEPRECIATION-SGA-REV,6710000,false,
CHINA,A_Chempax_China,A_Chempax_China,Ac,DetailAccount,Everyone,78-76-51125-0001,TransformOneToOne,OPT LEASE EXP. FIXED,6320020,false,
CHINA,A_Chempax_China,A_Chempax_China,Ac,DetailAccount,Everyone,78-76-51125-0002,TransformOneToOne,OPT LEASE EXP. VARI,6320030,false,
CHINA,A_Chempax_China,A_Chempax_China,Ac,DetailAccount,Everyone,78-76-51126-5091,TransformOneToOne,TAX&ASSO.CHARGE,6210080,false,
CHINA,A_Chempax_China,A_Chempax_China,Ac,DetailAccount,Everyone,78-76-52204-,TransformOneToOne,FOREIGN EXCHANGE GAIN/LOSS,8110100,false,
CHINA,A_Chempax_China,A_Chempax_China,Ac,DetailAccount,Everyone,78-76-53000-5091,TransformOneToOne,Asset Write-Off,6720000,false,
CHINA,A_Chempax_China,A_Chempax_China,Ac,DetailAccount,Everyone,78-76-54101-,TransformOneToOne,NON-OPERATING INCOME,8190100,false,
CHINA,A_Chempax_China,A_Chempax_China,Ac,DetailAccount,Everyone,78-76-54101-0001,TransformOneToOne,FIXED-ASST DISP.GAIN,8150100,false,
CHINA,A_Chempax_China,A_Chempax_China,Ac,DetailAccount,Everyone,78-76-54102-,TransformOneToOne,NON-OPERATING EXPENS,8190100,false,
CHINA,A_Chempax_China,A_Chempax_China,Ac,DetailAccount,Everyone,78-76-54102-0001,TransformOneToOne,FIXED-ASST DISP.LOSS,8150100,false,
CHINA,A_Chempax_China,A_Chempax_China,Ac,DetailAccount,Everyone,78-76-55001-,TransformOneToOne,INCOME TAXES,8610000,false,
CHINA,A_Chempax_China,A_Chempax_China,Ac,DetailAccount,Everyone,Inactive,TransformMask,NA,(Bypass),false,70*
EVD,A_Chempax_EVD,A_Chempax_EVD,Ac,DetailAccount,Everyone,55-00-10100000-,TransformOneToOne,CAPITAL SOCIAL,3101000,true,
EVD,A_Chempax_EVD,A_Chempax_EVD,Ac,DetailAccount,Everyone,55-00-10420000-,TransformOneToOne,PRIME DE FUSION,3101000,true,
EVD,A_Chempax_EVD,A_Chempax_EVD,Ac,DetailAccount,Everyone,55-00-10610000-,TransformOneToOne,RESERVE LEGALE,3500000,true,
EVD,A_Chempax_EVD,A_Chempax_EVD,Ac,DetailAccount,Everyone,55-00-10640000-,TransformOneToOne,PLUS VALUE LT,3500000,true,
EVD,A_Chempax_EVD,A_Chempax_EVD,Ac,DetailAccount,Everyone,55-00-10641000-,TransformOneToOne,RESERVE SPECIALE PV,3500000,true,
EVD,A_Chempax_EVD,A_Chempax_EVD,Ac,DetailAccount,Everyone,55-00-10680000-,TransformOneToOne,RESERVES FACULTATIVE,3500000,true,
EVD,A_Chempax_EVD,A_Chempax_EVD,Ac,DetailAccount,Everyone,55-00-12000000-,TransformOneToOne,BENEFICE EXERCICE,3500000,true,
EVD,A_Chempax_EVD,A_Chempax_EVD,Ac,DetailAccount,Everyone,55-00-13915000-,TransformOneToOne,SUBVENTION INVESTISS,2820240,true,
EVD,A_Chempax_EVD,A_Chempax_EVD,Ac,DetailAccount,Everyone,55-00-15150000-,TransformOneToOne,PROV PERTE CHANGE,2320090,true,
EVD,A_Chempax_EVD,A_Chempax_EVD,Ac,DetailAccount,Everyone,55-00-15500000-,TransformOneToOne,PROVISION POUR IMPOT,2320020,true,
EVD,A_Chempax_EVD,A_Chempax_EVD,Ac,DetailAccount,Everyone,55-00-15800000-,TransformOneToOne,PROV CHARGES,2320090,true,
EVD,A_Chempax_EVD,A_Chempax_EVD,Ac,DetailAccount,Everyone,55-00-15820000-,TransformOneToOne,PROV CH SOC CP,2312510,true,
EVD,A_Chempax_EVD,A_Chempax_EVD,Ac,DetailAccount,Everyone,55-00-20500010-,TransformOneToOne,REACH,1520000,false,
EVD,A_Chempax_EVD,A_Chempax_EVD,Ac,DetailAccount,Everyone,55-00-20800000-,TransformOneToOne,LOGICIELS,1521000,false,
EVD,A_Chempax_EVD,A_Chempax_EVD,Ac,DetailAccount,Everyone,55-00-21150000-,TransformOneToOne,TERRAINS,1500000,false,
EVD,A_Chempax_EVD,A_Chempax_EVD,Ac,DetailAccount,Everyone,55-00-21310000-,TransformOneToOne,BATIMENTS,1530000,false,
EVD,A_Chempax_EVD,A_Chempax_EVD,Ac,DetailAccount,Everyone,55-00-21310000-2070,TransformOneToOne,BATIMENTS,1530000,false,
EVD,A_Chempax_EVD,A_Chempax_EVD,Ac,DetailAccount,Everyone,55-00-21350000-,TransformOneToOne,INSTALLATIONS GENERA,1530000,false,
EVD,A_Chempax_EVD,A_Chempax_EVD,Ac,DetailAccount,Everyone,55-00-21350000-2070,TransformOneToOne,INSTALLATIONS GENERA,1530000,false,
EVD,A_Chempax_EVD,A_Chempax_EVD,Ac,DetailAccount,Everyone,55-00-21540000-,TransformOneToOne,MATERIEL INDUSTRIEL,1520000,false,
EVD,A_Chempax_EVD,A_Chempax_EVD,Ac,DetailAccount,Everyone,55-00-21540000-2070,TransformOneToOne,MATERIEL INDUSTRIEL,1520000,false,
EVD,A_Chempax_EVD,A_Chempax_EVD,Ac,DetailAccount,Everyone,55-00-21540050-,TransformOneToOne,MATERIEL REEVALUE,1520000,false,
EVD,A_Chempax_EVD,A_Chempax_EVD,Ac,DetailAccount,Everyone,55-00-21820000-,TransformOneToOne,VEHICULES,1520050,false,
EVD,A_Chempax_EVD,A_Chempax_EVD,Ac,DetailAccount,Everyone,55-00-21830000-,TransformOneToOne,MATERIEL BUREAU,1520010,false,
EVD,A_Chempax_EVD,A_Chempax_EVD,Ac,DetailAccount,Everyone,55-00-21830050-,TransformOneToOne,MATERIEL BUREAU REEV,1520010,false,
EVD,A_Chempax_EVD,A_Chempax_EVD,Ac,DetailAccount,Everyone,55-00-21840000-,TransformOneToOne,MOBILIER BUREAU,1520030,false,
EVD,A_Chempax_EVD,A_Chempax_EVD,Ac,DetailAccount,Everyone,55-00-21860000-,TransformOneToOne,EMBALLAGES RECUS,1520900,false,
EVD,A_Chempax_EVD,A_Chempax_EVD,Ac,DetailAccount,Everyone,55-00-23100000-,TransformOneToOne,IMMO EN COURS,1510000,false,
EVD,A_Chempax_EVD,A_Chempax_EVD,Ac,DetailAccount,Everyone,55-00-23100000-1001,TransformOneToOne,CIP increase,1510000,false,
EVD,A_Chempax_EVD,A_Chempax_EVD,Ac,DetailAccount,Everyone,55-00-23100000-2070,TransformOneToOne,IMMO EN COURS,1510000,false,
EVD,A_Chempax_EVD,A_Chempax_EVD,Ac,DetailAccount,Everyone,55-00-23101200-,TransformOneToOne,TOUR DE REFROIDISST,1510000,false,
EVD,A_Chempax_EVD,A_Chempax_EVD,Ac,DetailAccount,Everyone,55-00-23102180-,TransformOneToOne,REFECTION BUREAUX SO,1510000,false,
EVD,A_Chempax_EVD,A_Chempax_EVD,Ac,DetailAccount,Everyone,55-00-23102200-,TransformOneToOne,CONDITIONNEMT BLOCS,1510000,false,
EVD,A_Chempax_EVD,A_Chempax_EVD,Ac,DetailAccount,Everyone,55-00-23102210-,TransformOneToOne,Equip de conditionne,1510000,false,
EVD,A_Chempax_EVD,A_Chempax_EVD,Ac,DetailAccount,Everyone,55-00-23103170-,TransformOneToOne,REMPLACEMENT GROUPE,1510000,false,
EVD,A_Chempax_EVD,A_Chempax_EVD,Ac,DetailAccount,Everyone,55-00-23103180-,TransformOneToOne,LAVEUSE SOL USINE,1510000,false,
EVD,A_Chempax_EVD,A_Chempax_EVD,Ac,DetailAccount,Everyone,55-00-23103190-,TransformOneToOne,REVISION TRIBUNE ATO,1510000,false,
EVD,A_Chempax_EVD,A_Chempax_EVD,Ac,DetailAccount,Everyone,55-00-23103200-,TransformOneToOne,FILTRATION ET REFROI,1510000,false,
EVD,A_Chempax_EVD,A_Chempax_EVD,Ac,DetailAccount,Everyone,55-00-23103210-,TransformOneToOne,Rénovation finisseur,1510000,false,
EVD,A_Chempax_EVD,A_Chempax_EVD,Ac,DetailAccount,Everyone,55-00-23104170-,TransformOneToOne,LOGICIEL CENTRALISAT,1510000,false,
EVD,A_Chempax_EVD,A_Chempax_EVD,Ac,DetailAccount,Everyone,55-00-23104180-,TransformOneToOne,BALAYEUSE SOL EXTERI,1510000,false,
EVD,A_Chempax_EVD,A_Chempax_EVD,Ac,DetailAccount,Everyone,55-00-23104190-,TransformOneToOne,DIVERS BATIMENT,1510000,false,
EVD,A_Chempax_EVD,A_Chempax_EVD,Ac,DetailAccount,Everyone,55-00-23104200-,TransformOneToOne,CHAMBRE REFROIDISST,1510000,false,
EVD,A_Chempax_EVD,A_Chempax_EVD,Ac,DetailAccount,Everyone,55-00-23104210-,TransformOneToOne,Rénov moto réducteur,1510000,false,
EVD,A_Chempax_EVD,A_Chempax_EVD,Ac,DetailAccount,Everyone,55-00-23105170-,TransformOneToOne,DIVERS MAINTENANCE,1510000,false,
EVD,A_Chempax_EVD,A_Chempax_EVD,Ac,DetailAccount,Everyone,55-00-23105180-,TransformOneToOne,REV BRULEUR ATOMISER,1510000,false,
EVD,A_Chempax_EVD,A_Chempax_EVD,Ac,DetailAccount,Everyone,55-00-23105190-,TransformOneToOne,REVISION BRULEUR ATO,1510000,false,
EVD,A_Chempax_EVD,A_Chempax_EVD,Ac,DetailAccount,Everyone,55-00-23105200-,TransformOneToOne,RESSUAGE TOUR ATO,1510000,false,
EVD,A_Chempax_EVD,A_Chempax_EVD,Ac,DetailAccount,Everyone,55-00-23105210-,TransformOneToOne,Filtre bag house,1510000,false,
EVD,A_Chempax_EVD,A_Chempax_EVD,Ac,DetailAccount,Everyone,55-00-23106170-,TransformOneToOne,REACTEUR ET BALANCE,1510000,false,
EVD,A_Chempax_EVD,A_Chempax_EVD,Ac,DetailAccount,Everyone,55-00-23106180-,TransformOneToOne,REGUL TEMPERATURE ET,1510000,false,
EVD,A_Chempax_EVD,A_Chempax_EVD,Ac,DetailAccount,Everyone,55-00-23106190-,TransformOneToOne,DIVERS MAINTENANCES,1510000,false,
EVD,A_Chempax_EVD,A_Chempax_EVD,Ac,DetailAccount,Everyone,55-00-23106200-,TransformOneToOne,REMPLACEMT BRULEUR,1510000,false,
EVD,A_Chempax_EVD,A_Chempax_EVD,Ac,DetailAccount,Everyone,55-00-23106210-,TransformOneToOne,Révision turbine ato,1510000,false,
EVD,A_Chempax_EVD,A_Chempax_EVD,Ac,DetailAccount,Everyone,55-00-23107180-,TransformOneToOne,MEDIA FILT DELTA JET,1510000,false,
EVD,A_Chempax_EVD,A_Chempax_EVD,Ac,DetailAccount,Everyone,55-00-23107190-,TransformOneToOne,PIECES DE REMPLACEME,1510000,false,
EVD,A_Chempax_EVD,A_Chempax_EVD,Ac,DetailAccount,Everyone,55-00-23107200-,TransformOneToOne,VANNES ROTATIVES,1510000,false,
EVD,A_Chempax_EVD,A_Chempax_EVD,Ac,DetailAccount,Everyone,55-00-23107210-,TransformOneToOne,Divers matériels pou,1510000,false,
EVD,A_Chempax_EVD,A_Chempax_EVD,Ac,DetailAccount,Everyone,55-00-23108170-,TransformOneToOne,ENSACHAGE DES BLOCS,1510000,false,
EVD,A_Chempax_EVD,A_Chempax_EVD,Ac,DetailAccount,Everyone,55-00-23108180-,TransformOneToOne,LABO,1510000,false,
EVD,A_Chempax_EVD,A_Chempax_EVD,Ac,DetailAccount,Everyone,55-00-23108190-,TransformOneToOne,EQUIPEMENTS INFORMAT,1510000,false,
EVD,A_Chempax_EVD,A_Chempax_EVD,Ac,DetailAccount,Everyone,55-00-23108200-,TransformOneToOne,SALLE CONDIT. ATO,1510000,false,
EVD,A_Chempax_EVD,A_Chempax_EVD,Ac,DetailAccount,Everyone,55-00-23108210-,TransformOneToOne,Filtre Gondard,1510000,false,
EVD,A_Chempax_EVD,A_Chempax_EVD,Ac,DetailAccount,Everyone,55-00-23109170-,TransformOneToOne,PIECES REMPLACEMENT,1510000,false,
EVD,A_Chempax_EVD,A_Chempax_EVD,Ac,DetailAccount,Everyone,55-00-23109180-,TransformOneToOne,PIECE REMPLACEMENT P,1510000,false,
EVD,A_Chempax_EVD,A_Chempax_EVD,Ac,DetailAccount,Everyone,55-00-23109190-,TransformOneToOne,REMPLACEMENT FILTRE,1510000,false,
EVD,A_Chempax_EVD,A_Chempax_EVD,Ac,DetailAccount,Everyone,55-00-23109200-,TransformOneToOne,AUTOMATE DOSAGE,1510000,false,
EVD,A_Chempax_EVD,A_Chempax_EVD,Ac,DetailAccount,Everyone,55-00-23109210-,TransformOneToOne,Chaudière eau chaude,1510000,false,
EVD,A_Chempax_EVD,A_Chempax_EVD,Ac,DetailAccount,Everyone,55-00-23110170-,TransformOneToOne,GFSI DIVERS,1510000,false,
EVD,A_Chempax_EVD,A_Chempax_EVD,Ac,DetailAccount,Everyone,55-00-23110180-,TransformOneToOne,CALORIFUGE ECO ENERG,1510000,false,
EVD,A_Chempax_EVD,A_Chempax_EVD,Ac,DetailAccount,Everyone,55-00-23110190-,TransformOneToOne,MISE EN CONFOR SALLE,1510000,false,
EVD,A_Chempax_EVD,A_Chempax_EVD,Ac,DetailAccount,Everyone,55-00-23110200-,TransformOneToOne,DIVERS MAINTENANCE,1510000,false,
EVD,A_Chempax_EVD,A_Chempax_EVD,Ac,DetailAccount,Everyone,55-00-23110210-,TransformOneToOne,Déentartrage chaudiè,1510000,false,
EVD,A_Chempax_EVD,A_Chempax_EVD,Ac,DetailAccount,Everyone,55-00-23111180-,TransformOneToOne,LEVE CHARGE,1510000,false,
EVD,A_Chempax_EVD,A_Chempax_EVD,Ac,DetailAccount,Everyone,55-00-23111190-,TransformOneToOne,EQUIPEMENTS LABO ANA,1510000,false,
EVD,A_Chempax_EVD,A_Chempax_EVD,Ac,DetailAccount,Everyone,55-00-23111200-,TransformOneToOne,PLAN DE REDONDANCE,1510000,false,
EVD,A_Chempax_EVD,A_Chempax_EVD,Ac,DetailAccount,Everyone,55-00-23111210-,TransformOneToOne,Maintien GFSI,1510000,false,
EVD,A_Chempax_EVD,A_Chempax_EVD,Ac,DetailAccount,Everyone,55-00-23112170-,TransformOneToOne,MISE EN CONFORMITE R,1510000,false,
EVD,A_Chempax_EVD,A_Chempax_EVD,Ac,DetailAccount,Everyone,55-00-23112180-,TransformOneToOne,TRANSFERT POUDRFE BI,1510000,false,
EVD,A_Chempax_EVD,A_Chempax_EVD,Ac,DetailAccount,Everyone,55-00-23112190-,TransformOneToOne,VOITURE POUR LA MAIN,1510000,false,
EVD,A_Chempax_EVD,A_Chempax_EVD,Ac,DetailAccount,Everyone,55-00-23112200-,TransformOneToOne,PIECES DE REMPLCEMNT,1510000,false,
EVD,A_Chempax_EVD,A_Chempax_EVD,Ac,DetailAccount,Everyone,55-00-23112210-,TransformOneToOne,Rénovation des sols,1510000,false,
EVD,A_Chempax_EVD,A_Chempax_EVD,Ac,DetailAccount,Everyone,55-00-23113180-,TransformOneToOne,AUDIT CERTIF GFSI,1510000,false,
EVD,A_Chempax_EVD,A_Chempax_EVD,Ac,DetailAccount,Everyone,55-00-23113190-,TransformOneToOne,AUDITS GFSI,1510000,false,
EVD,A_Chempax_EVD,A_Chempax_EVD,Ac,DetailAccount,Everyone,55-00-23113200-,TransformOneToOne,REMPLT RACK MAGASIN,1510000,false,
EVD,A_Chempax_EVD,A_Chempax_EVD,Ac,DetailAccount,Everyone,55-00-23113210-,TransformOneToOne,Maintenance préventi,1510000,false,
EVD,A_Chempax_EVD,A_Chempax_EVD,Ac,DetailAccount,Everyone,55-00-23114080-,TransformOneToOne,EQUIPEMENTS DE RESER,1510000,false,
EVD,A_Chempax_EVD,A_Chempax_EVD,Ac,DetailAccount,Everyone,55-00-23114180-,TransformOneToOne,MISE EN CONFO REACH,1510000,false,
EVD,A_Chempax_EVD,A_Chempax_EVD,Ac,DetailAccount,Everyone,55-00-23114190-,TransformOneToOne,CONFORMITE CABLE ELE,1510000,false,
EVD,A_Chempax_EVD,A_Chempax_EVD,Ac,DetailAccount,Everyone,55-00-23114200-,TransformOneToOne,CLIM GONDARD,1510000,false,
EVD,A_Chempax_EVD,A_Chempax_EVD,Ac,DetailAccount,Everyone,55-00-23114210-,TransformOneToOne,Rénovation racks mag,1510000,false,
EVD,A_Chempax_EVD,A_Chempax_EVD,Ac,DetailAccount,Everyone,55-00-23115180-,TransformOneToOne,EQUIPEMENT INFORMATI,1510000,false,
EVD,A_Chempax_EVD,A_Chempax_EVD,Ac,DetailAccount,Everyone,55-00-23115190-,TransformOneToOne,RESSUAGE TOUR ATOMIS,1510000,false,
EVD,A_Chempax_EVD,A_Chempax_EVD,Ac,DetailAccount,Everyone,55-00-23115200-,TransformOneToOne,AIDE A LA MANUT,1510000,false,
EVD,A_Chempax_EVD,A_Chempax_EVD,Ac,DetailAccount,Everyone,55-00-23115210-,TransformOneToOne,Rénovation sol extér,1510000,false,
EVD,A_Chempax_EVD,A_Chempax_EVD,Ac,DetailAccount,Everyone,55-00-23116180-,TransformOneToOne,SECURITE USINE GESTI,1510000,false,
EVD,A_Chempax_EVD,A_Chempax_EVD,Ac,DetailAccount,Everyone,55-00-23116190-,TransformOneToOne,REMPLACEMENT CHAINE,1510000,false,
EVD,A_Chempax_EVD,A_Chempax_EVD,Ac,DetailAccount,Everyone,55-00-23116200-,TransformOneToOne,SOL EXTERIEUR,1510000,false,
EVD,A_Chempax_EVD,A_Chempax_EVD,Ac,DetailAccount,Everyone,55-00-23116210-,TransformOneToOne,Amélioration de la s,1510000,false,
EVD,A_Chempax_EVD,A_Chempax_EVD,Ac,DetailAccount,Everyone,55-00-23117050-,TransformOneToOne,PIECES DETACHEES,1510000,false,
EVD,A_Chempax_EVD,A_Chempax_EVD,Ac,DetailAccount,Everyone,55-00-23117200-,TransformOneToOne,SOL USINE EPOXY,1510000,false,
EVD,A_Chempax_EVD,A_Chempax_EVD,Ac,DetailAccount,Everyone,55-00-23117210-,TransformOneToOne,Divers Bâtiment,1510000,false,
EVD,A_Chempax_EVD,A_Chempax_EVD,Ac,DetailAccount,Everyone,55-00-23118200-,TransformOneToOne,GFSI,1510000,false,
EVD,A_Chempax_EVD,A_Chempax_EVD,Ac,DetailAccount,Everyone,55-00-23118210-,TransformOneToOne,rempl salle conditio,1510000,false,
EVD,A_Chempax_EVD,A_Chempax_EVD,Ac,DetailAccount,Everyone,55-00-23119200-,TransformOneToOne,RPLCT FILTRES BAG HO,1510000,false,
EVD,A_Chempax_EVD,A_Chempax_EVD,Ac,DetailAccount,Everyone,55-00-23119210-,TransformOneToOne,Mise en solution des,1510000,false,
EVD,A_Chempax_EVD,A_Chempax_EVD,Ac,DetailAccount,Everyone,55-00-23120200-,TransformOneToOne,TOITURE METALLIQUE,1510000,false,
EVD,A_Chempax_EVD,A_Chempax_EVD,Ac,DetailAccount,Everyone,55-00-23120210-,TransformOneToOne,Zone de stockage mat,1510000,false,
EVD,A_Chempax_EVD,A_Chempax_EVD,Ac,DetailAccount,Everyone,55-00-23121200-,TransformOneToOne,INFORMATIQUE,1510000,false,
EVD,A_Chempax_EVD,A_Chempax_EVD,Ac,DetailAccount,Everyone,55-00-23121210-,TransformOneToOne,LOGICIEL INFORMATIQU,1510000,false,
EVD,A_Chempax_EVD,A_Chempax_EVD,Ac,DetailAccount,Everyone,55-00-23122200-,TransformOneToOne,OSMOSEUR,1510000,false,
EVD,A_Chempax_EVD,A_Chempax_EVD,Ac,DetailAccount,Everyone,55-00-23122210-,TransformOneToOne,mise a jour informat,1510000,false,
EVD,A_Chempax_EVD,A_Chempax_EVD,Ac,DetailAccount,Everyone,55-00-23123200-,TransformOneToOne,ATOMISEUR HORIZONTAL,1510000,false,
EVD,A_Chempax_EVD,A_Chempax_EVD,Ac,DetailAccount,Everyone,55-00-23124200-,TransformOneToOne,REACH,1510000,false,
EVD,A_Chempax_EVD,A_Chempax_EVD,Ac,DetailAccount,Everyone,55-00-23124210-,TransformOneToOne,Amenagement bureau,1510000,false,
EVD,A_Chempax_EVD,A_Chempax_EVD,Ac,DetailAccount,Everyone,55-00-23125200-,TransformOneToOne,BUREAU ADMINISTRATIF,1510000,false,
EVD,A_Chempax_EVD,A_Chempax_EVD,Ac,DetailAccount,Everyone,55-00-23126210-,TransformOneToOne,ULTRA FILTRATION,1510000,false,
EVD,A_Chempax_EVD,A_Chempax_EVD,Ac,DetailAccount,Everyone,55-00-26110000-,TransformOneToOne,TITRES DE PARTICIPAT,1520000,false,
EVD,A_Chempax_EVD,A_Chempax_EVD,Ac,DetailAccount,Everyone,55-00-27500000-,TransformOneToOne,DEPOTS CAUTION,1300700,false,
EVD,A_Chempax_EVD,A_Chempax_EVD,Ac,DetailAccount,Everyone,55-00-27510000-,TransformOneToOne,DEPOTS SDRM,1300700,false,
EVD,A_Chempax_EVD,A_Chempax_EVD,Ac,DetailAccount,Everyone,55-00-27520000-,TransformOneToOne,DEPOTS CEPME,1300700,false,
EVD,A_Chempax_EVD,A_Chempax_EVD,Ac,DetailAccount,Everyone,55-00-28050000-,TransformOneToOne,AMORTISSEMENT BREVET,1560000,false,
EVD,A_Chempax_EVD,A_Chempax_EVD,Ac,DetailAccount,Everyone,55-00-28080000-,TransformOneToOne,AMORT LOGICIELS,1561000,false,
EVD,A_Chempax_EVD,A_Chempax_EVD,Ac,DetailAccount,Everyone,55-00-28131000-,TransformOneToOne,AMORT CONSTRUCT,1570000,false,
EVD,A_Chempax_EVD,A_Chempax_EVD,Ac,DetailAccount,Everyone,55-00-28131000-2070,TransformOneToOne,AMORT CONSTRUCT,1570000,false,
EVD,A_Chempax_EVD,A_Chempax_EVD,Ac,DetailAccount,Everyone,55-00-28135000-,TransformOneToOne,AMORT AGENCEMEN,1570000,false,
EVD,A_Chempax_EVD,A_Chempax_EVD,Ac,DetailAccount,Everyone,55-00-28135000-2070,TransformOneToOne,AMORT AGENCEMEN,1570000,false,
EVD,A_Chempax_EVD,A_Chempax_EVD,Ac,DetailAccount,Everyone,55-00-28154000-,TransformOneToOne,AMORT MATERIEL,1560000,false,
EVD,A_Chempax_EVD,A_Chempax_EVD,Ac,DetailAccount,Everyone,55-00-28154000-2070,TransformOneToOne,AMORT MATERIEL,1560000,false,
EVD,A_Chempax_EVD,A_Chempax_EVD,Ac,DetailAccount,Everyone,55-00-28154050-,TransformOneToOne,AMORT MAT REEVA,1560000,false,
EVD,A_Chempax_EVD,A_Chempax_EVD,Ac,DetailAccount,Everyone,55-00-28182000-,TransformOneToOne,AMORT VEHICULES,1560050,false,
EVD,A_Chempax_EVD,A_Chempax_EVD,Ac,DetailAccount,Everyone,55-00-28183000-,TransformOneToOne,AMORT MAT BUREAU,1560010,false,
EVD,A_Chempax_EVD,A_Chempax_EVD,Ac,DetailAccount,Everyone,55-00-28183050-,TransformOneToOne,AMORT MAT BUR REEV,1560010,false,
EVD,A_Chempax_EVD,A_Chempax_EVD,Ac,DetailAccount,Everyone,55-00-28184000-,TransformOneToOne,AMORT MOBILIER,1560030,false,
EVD,A_Chempax_EVD,A_Chempax_EVD,Ac,DetailAccount,Everyone,55-00-28186000-,TransformOneToOne,AMORT EMBAL REC,1599000,false,
EVD,A_Chempax_EVD,A_Chempax_EVD,Ac,DetailAccount,Everyone,55-00-29751000-,TransformOneToOne,PROV DEPREC DEP,1599000,false,
EVD,A_Chempax_EVD,A_Chempax_EVD,Ac,DetailAccount,Everyone,55-00-31101000-,TransformOneToOne,STOCK RACINES DEBUT,1201000,false,
EVD,A_Chempax_EVD,A_Chempax_EVD,Ac,DetailAccount,Everyone,55-00-31101020-,TransformOneToOne,STOCK RACINES ACHATS,1201000,false,
EVD,A_Chempax_EVD,A_Chempax_EVD,Ac,DetailAccount,Everyone,55-00-31101040-,TransformOneToOne,STOCK RACINE EN TRAN,1201010,false,
EVD,A_Chempax_EVD,A_Chempax_EVD,Ac,DetailAccount,Everyone,55-00-31101050-,TransformOneToOne,STOCK RACINES AJUST,1201000,false,
EVD,A_Chempax_EVD,A_Chempax_EVD,Ac,DetailAccount,Everyone,55-00-31101060-,TransformOneToOne,STOCK RACINES USAGE,1201000,false,
EVD,A_Chempax_EVD,A_Chempax_EVD,Ac,DetailAccount,Everyone,55-00-31201000-,TransformOneToOne,STOCK SUCS IMP DEBUT,1201000,false,
EVD,A_Chempax_EVD,A_Chempax_EVD,Ac,DetailAccount,Everyone,55-00-31201020-,TransformOneToOne,STOCK SUCS IMP ACHAT,1201000,false,
EVD,A_Chempax_EVD,A_Chempax_EVD,Ac,DetailAccount,Everyone,55-00-31201040-,TransformOneToOne,STCK SUCS IMP ENTRAN,1201010,false,
EVD,A_Chempax_EVD,A_Chempax_EVD,Ac,DetailAccount,Everyone,55-00-31201050-,TransformOneToOne,STOCK SUCS IMP AJUST,1201000,false,
EVD,A_Chempax_EVD,A_Chempax_EVD,Ac,DetailAccount,Everyone,55-00-31201060-,TransformOneToOne,STOCK SUCS IMP USAGE,1201000,false,
EVD,A_Chempax_EVD,A_Chempax_EVD,Ac,DetailAccount,Everyone,55-00-31301000-,TransformOneToOne,STOCK GMA DEBUT,1201000,false,
EVD,A_Chempax_EVD,A_Chempax_EVD,Ac,DetailAccount,Everyone,55-00-31301020-,TransformOneToOne,STOCK GMA ACHATS,1201000,false,
EVD,A_Chempax_EVD,A_Chempax_EVD,Ac,DetailAccount,Everyone,55-00-31301020-2070,TransformOneToOne,STOCK GMA ACHATS,1201000,false,
EVD,A_Chempax_EVD,A_Chempax_EVD,Ac,DetailAccount,Everyone,55-00-31301040-,TransformOneToOne,STOCK GMA EN TRANSIT,1201010,false,
EVD,A_Chempax_EVD,A_Chempax_EVD,Ac,DetailAccount,Everyone,55-00-31301050-,TransformOneToOne,STOCK GMA AJUSTEMENT,1201000,false,
EVD,A_Chempax_EVD,A_Chempax_EVD,Ac,DetailAccount,Everyone,55-00-31301060-,TransformOneToOne,STOCK GMA USAGE,1201000,false,
EVD,A_Chempax_EVD,A_Chempax_EVD,Ac,DetailAccount,Everyone,55-00-31701000-,TransformOneToOne,STOCK AUT MAT DEBUT,1201400,false,
EVD,A_Chempax_EVD,A_Chempax_EVD,Ac,DetailAccount,Everyone,55-00-31701020-,TransformOneToOne,STOCK AUT MAT ACHATS,1201400,false,
EVD,A_Chempax_EVD,A_Chempax_EVD,Ac,DetailAccount,Everyone,55-00-31701020-2095,TransformOneToOne,STOCK AUTRES MATIERE,1201400,false,
EVD,A_Chempax_EVD,A_Chempax_EVD,Ac,DetailAccount,Everyone,55-00-31701040-,TransformOneToOne,STOCK AUT MAT AJUST,1201400,false,
EVD,A_Chempax_EVD,A_Chempax_EVD,Ac,DetailAccount,Everyone,55-00-31701050-,TransformOneToOne,STOCK AUT MAT USAGE,1201400,false,
EVD,A_Chempax_EVD,A_Chempax_EVD,Ac,DetailAccount,Everyone,55-00-32210000-,TransformOneToOne,STOCK FUEL DEBUT,1201400,false,
EVD,A_Chempax_EVD,A_Chempax_EVD,Ac,DetailAccount,Everyone,55-00-32210020-,TransformOneToOne,STOCK FUEL ACHATS,1201400,false,
EVD,A_Chempax_EVD,A_Chempax_EVD,Ac,DetailAccount,Everyone,55-00-32210040-,TransformOneToOne,STOCK FUEL AJUSTEMEN,1201400,false,
EVD,A_Chempax_EVD,A_Chempax_EVD,Ac,DetailAccount,Everyone,55-00-32230100-,TransformOneToOne,STOCK PIC RECH DEBUT,1201400,false,
EVD,A_Chempax_EVD,A_Chempax_EVD,Ac,DetailAccount,Everyone,55-00-32231050-,TransformOneToOne,STOCK PIECES RECHANG,1201400,false,
EVD,A_Chempax_EVD,A_Chempax_EVD,Ac,DetailAccount,Everyone,55-00-32601000-,TransformOneToOne,STOCK EMBALLAG DEBUT,1201400,false,
EVD,A_Chempax_EVD,A_Chempax_EVD,Ac,DetailAccount,Everyone,55-00-32601020-,TransformOneToOne,STOCK EMBALL ACHHATS,1201400,false,
EVD,A_Chempax_EVD,A_Chempax_EVD,Ac,DetailAccount,Everyone,55-00-32601020-2095,TransformOneToOne,STOCK EMBALLAGES ACH,1201400,false,
EVD,A_Chempax_EVD,A_Chempax_EVD,Ac,DetailAccount,Everyone,55-00-32601040-,TransformOneToOne,STOCK EMBALLAG AJUST,1201400,false,
EVD,A_Chempax_EVD,A_Chempax_EVD,Ac,DetailAccount,Everyone,55-00-32601050-,TransformOneToOne,STOCK EMBALLAG USAGE,1201400,false,
EVD,A_Chempax_EVD,A_Chempax_EVD,Ac,DetailAccount,Everyone,55-00-33101000-,TransformOneToOne,STCK ENCOUR-WP DEBUT,1202000,false,
EVD,A_Chempax_EVD,A_Chempax_EVD,Ac,DetailAccount,Everyone,55-00-33101010-,TransformOneToOne,STCK ENCOUR-WP PROD,1202000,false,
EVD,A_Chempax_EVD,A_Chempax_EVD,Ac,DetailAccount,Everyone,55-00-33101020-,TransformOneToOne,STCK ENCOUR-WP USAGE,1202000,false,
EVD,A_Chempax_EVD,A_Chempax_EVD,Ac,DetailAccount,Everyone,55-00-33101040-,TransformOneToOne,STCK ENCOUR-WP AJUST,1202000,false,
EVD,A_Chempax_EVD,A_Chempax_EVD,Ac,DetailAccount,Everyone,55-00-35501000-,TransformOneToOne,STOCK PR FINIS DEBUT,1203000,false,
EVD,A_Chempax_EVD,A_Chempax_EVD,Ac,DetailAccount,Everyone,55-00-35501010-,TransformOneToOne,STOCK PR FINIS-PROD,1203000,false,
EVD,A_Chempax_EVD,A_Chempax_EVD,Ac,DetailAccount,Everyone,55-00-35501030-,TransformOneToOne,STCK PR FINIS-VENTES,1203000,false,
EVD,A_Chempax_EVD,A_Chempax_EVD,Ac,DetailAccount,Everyone,55-00-35501040-,TransformOneToOne,STOCK PR FINIS-AJUST,1203000,false,
EVD,A_Chempax_EVD,A_Chempax_EVD,Ac,DetailAccount,Everyone,55-00-35502000-,TransformOneToOne,STOCK MAGNASWT DEBUT,1203000,false,
EVD,A_Chempax_EVD,A_Chempax_EVD,Ac,DetailAccount,Everyone,55-00-35502010-,TransformOneToOne,STOCK MAGNASWT PROD,1203000,false,
EVD,A_Chempax_EVD,A_Chempax_EVD,Ac,DetailAccount,Everyone,55-00-35502030-,TransformOneToOne,STCK MAGNASWT VENTES,1203000,false,
EVD,A_Chempax_EVD,A_Chempax_EVD,Ac,DetailAccount,Everyone,55-00-35502040-,TransformOneToOne,STOCK MAGNASWT AJUST,1203000,false,
EVD,A_Chempax_EVD,A_Chempax_EVD,Ac,DetailAccount,Everyone,55-00-35502060-,TransformOneToOne,STOCK MAGNASWT USAGE,1203000,false,
EVD,A_Chempax_EVD,A_Chempax_EVD,Ac,DetailAccount,Everyone,55-00-36000000-,TransformOneToOne,STOCKS A RECLASSER,1201000,false,
EVD,A_Chempax_EVD,A_Chempax_EVD,Ac,DetailAccount,Everyone,55-00-37000040-,TransformOneToOne,STOCK MARCHANDISES (,1203000,false,
EVD,A_Chempax_EVD,A_Chempax_EVD,Ac,DetailAccount,Everyone,55-00-38000000-,TransformOneToOne,STOCKS EN TRANSIT,1203010,false,
EVD,A_Chempax_EVD,A_Chempax_EVD,Ac,DetailAccount,Everyone,55-00-39223000-0,TransformOneToOne,PROV DEPR P DE RECH,1201510,false,
EVD,A_Chempax_EVD,A_Chempax_EVD,Ac,DetailAccount,Everyone,55-00-39550000-,TransformOneToOne,PROV DEPRE P F,1201510,false,
EVD,A_Chempax_EVD,A_Chempax_EVD,Ac,DetailAccount,Everyone,55-00-39551000-,TransformOneToOne,INVENTORY PROVISION,1201510,false,
EVD,A_Chempax_EVD,A_Chempax_EVD,Ac,DetailAccount,Everyone,55-00-40100000-,TransformOneToOne,FOURNISSEURS,2150000,true,
EVD,A_Chempax_EVD,A_Chempax_EVD,Ac,DetailAccount,Everyone,55-00-40110000-,TransformOneToOne,FOURNISS MAFCO,2381000,true,
EVD,A_Chempax_EVD,A_Chempax_EVD,Ac,DetailAccount,Everyone,55-00-40111000-,TransformOneToOne,MAFCO DEUTSCHLAND,2381000,true,
EVD,A_Chempax_EVD,A_Chempax_EVD,Ac,DetailAccount,Everyone,55-00-40120000-,TransformOneToOne,FOURN ZFTZ,2381000,true,
EVD,A_Chempax_EVD,A_Chempax_EVD,Ac,DetailAccount,Everyone,55-00-40121000-,TransformOneToOne,FOURNISSEURS WEIFENG,2381000,true,
EVD,A_Chempax_EVD,A_Chempax_EVD,Ac,DetailAccount,Everyone,55-00-40121100-,TransformOneToOne,FOURN MERISANT COMPA,2381000,true,
EVD,A_Chempax_EVD,A_Chempax_EVD,Ac,DetailAccount,Everyone,55-00-40301070-,TransformOneToOne,EAP janvier HSBC,2150000,true,
EVD,A_Chempax_EVD,A_Chempax_EVD,Ac,DetailAccount,Everyone,55-00-40302070-,TransformOneToOne,EAP  fevrier HSBC,2150000,true,
EVD,A_Chempax_EVD,A_Chempax_EVD,Ac,DetailAccount,Everyone,55-00-40303070-,TransformOneToOne,EAP  mars  HSBC,2150000,true,
EVD,A_Chempax_EVD,A_Chempax_EVD,Ac,DetailAccount,Everyone,55-00-40304070-,TransformOneToOne,EAP  avril HSBC,2150000,true,
EVD,A_Chempax_EVD,A_Chempax_EVD,Ac,DetailAccount,Everyone,55-00-40305070-,TransformOneToOne,EAP  mai HSBC,2150000,true,
EVD,A_Chempax_EVD,A_Chempax_EVD,Ac,DetailAccount,Everyone,55-00-40306070-,TransformOneToOne,EAP juin HSBC,2150000,true,
EVD,A_Chempax_EVD,A_Chempax_EVD,Ac,DetailAccount,Everyone,55-00-40307070-,TransformOneToOne,EAP juillet HSBC,2150000,true,
EVD,A_Chempax_EVD,A_Chempax_EVD,Ac,DetailAccount,Everyone,55-00-40308070-,TransformOneToOne,EAP aout HSBC,2150000,true,
EVD,A_Chempax_EVD,A_Chempax_EVD,Ac,DetailAccount,Everyone,55-00-40309070-,TransformOneToOne,EAP septembre HSBC,2150000,true,
EVD,A_Chempax_EVD,A_Chempax_EVD,Ac,DetailAccount,Everyone,55-00-40310070-,TransformOneToOne,EAP octobre HSBC,2150000,true,
EVD,A_Chempax_EVD,A_Chempax_EVD,Ac,DetailAccount,Everyone,55-00-40311070-,TransformOneToOne,EAP novembre HSBC,2150000,true,
EVD,A_Chempax_EVD,A_Chempax_EVD,Ac,DetailAccount,Everyone,55-00-40312070-,TransformOneToOne,EAP decembre HSBC,2150000,true,
EVD,A_Chempax_EVD,A_Chempax_EVD,Ac,DetailAccount,Everyone,55-00-40800000-,TransformOneToOne,FACTURES A RECEVOIR,2320090,true,
EVD,A_Chempax_EVD,A_Chempax_EVD,Ac,DetailAccount,Everyone,55-00-40810000-,TransformOneToOne,FACTURES A REC  MANU,2320090,true,
EVD,A_Chempax_EVD,A_Chempax_EVD,Ac,DetailAccount,Everyone,55-00-40890000-,TransformOneToOne,FOURN DIF CHGE,3202000,true,
EVD,A_Chempax_EVD,A_Chempax_EVD,Ac,DetailAccount,Everyone,55-00-40910000-,TransformOneToOne,FRS AVANCES ET ACPTE,2153900,true,
EVD,A_Chempax_EVD,A_Chempax_EVD,Ac,DetailAccount,Everyone,55-00-40911000-,TransformOneToOne,AVCES S/CONTRATS MAF,2381000,true,
EVD,A_Chempax_EVD,A_Chempax_EVD,Ac,DetailAccount,Everyone,55-00-40912000-,TransformOneToOne,AVCES S/ CONTRATS ZH,2381000,true,
EVD,A_Chempax_EVD,A_Chempax_EVD,Ac,DetailAccount,Everyone,55-00-40960000-,TransformOneToOne,EMBALLAGES A RENDRE,1250120,false,
EVD,A_Chempax_EVD,A_Chempax_EVD,Ac,DetailAccount,Everyone,55-00-40970000-,TransformOneToOne,FOURN AV A REVE,1300900,false,
EVD,A_Chempax_EVD,A_Chempax_EVD,Ac,DetailAccount,Everyone,55-00-40980000-,TransformOneToOne,RRR A OBTENIR (Energy Refund),1300900,false,
EVD,A_Chempax_EVD,A_Chempax_EVD,Ac,DetailAccount,Everyone,55-00-41100000-,TransformOneToOne,CLIENTS,1150000,false,
EVD,A_Chempax_EVD,A_Chempax_EVD,Ac,DetailAccount,Everyone,55-00-41110000-,TransformOneToOne,CLIENTS INTERCO,1160000,false,
EVD,A_Chempax_EVD,A_Chempax_EVD,Ac,DetailAccount,Everyone,55-00-41120000-,TransformOneToOne,CLIENTS INTERCO ZFTZ,1160000,false,
EVD,A_Chempax_EVD,A_Chempax_EVD,Ac,DetailAccount,Everyone,55-00-41121000-,TransformOneToOne,CLIENT INTERCO CHINE,1160000,false,
EVD,A_Chempax_EVD,A_Chempax_EVD,Ac,DetailAccount,Everyone,55-00-41130000-,TransformOneToOne,Intercompany AR – Merisant France,1160000,false,
EVD,A_Chempax_EVD,A_Chempax_EVD,Ac,DetailAccount,Everyone,55-00-41140000-,TransformOneToOne,Intercompany Receivable Merisant US,1160000,false,
EVD,A_Chempax_EVD,A_Chempax_EVD,Ac,DetailAccount,Everyone,55-00-41301000-0,TransformOneToOne,EAR JANVIER,1150000,false,
EVD,A_Chempax_EVD,A_Chempax_EVD,Ac,DetailAccount,Everyone,55-00-41302000-,TransformOneToOne,EAR FEVRIER,1150000,false,
EVD,A_Chempax_EVD,A_Chempax_EVD,Ac,DetailAccount,Everyone,55-00-41303000-,TransformOneToOne,EAR MARS,1150000,false,
EVD,A_Chempax_EVD,A_Chempax_EVD,Ac,DetailAccount,Everyone,55-00-41304000-,TransformOneToOne,EAR AVRIL,1150000,false,
EVD,A_Chempax_EVD,A_Chempax_EVD,Ac,DetailAccount,Everyone,55-00-41305000-,TransformOneToOne,EAR MAI,1150000,false,
EVD,A_Chempax_EVD,A_Chempax_EVD,Ac,DetailAccount,Everyone,55-00-41306000-,TransformOneToOne,EAR JUIN,1150000,false,
EVD,A_Chempax_EVD,A_Chempax_EVD,Ac,DetailAccount,Everyone,55-00-41307000-,TransformOneToOne,EAR JUILLET,1150000,false,
EVD,A_Chempax_EVD,A_Chempax_EVD,Ac,DetailAccount,Everyone,55-00-41308000-,TransformOneToOne,EAR AOUT,1150000,false,
EVD,A_Chempax_EVD,A_Chempax_EVD,Ac,DetailAccount,Everyone,55-00-41309000-,TransformOneToOne,EAR SEPTEMBRE,1150000,false,
EVD,A_Chempax_EVD,A_Chempax_EVD,Ac,DetailAccount,Everyone,55-00-41310000-,TransformOneToOne,EAR OCTOBRE,1150000,false,
EVD,A_Chempax_EVD,A_Chempax_EVD,Ac,DetailAccount,Everyone,55-00-41311000-,TransformOneToOne,EAR NOVEMBRE,1150000,false,
EVD,A_Chempax_EVD,A_Chempax_EVD,Ac,DetailAccount,Everyone,55-00-41312000-,TransformOneToOne,EAR DECEMBRE,1150000,false,
EVD,A_Chempax_EVD,A_Chempax_EVD,Ac,DetailAccount,Everyone,55-00-41600000-,TransformOneToOne,CLIENTS DOUTEUX,1150000,false,
EVD,A_Chempax_EVD,A_Chempax_EVD,Ac,DetailAccount,Everyone,55-00-41800000-,TransformOneToOne,CLIENTS FA A ETABLIR,1150000,false,
EVD,A_Chempax_EVD,A_Chempax_EVD,Ac,DetailAccount,Everyone,55-00-41880000-,TransformOneToOne,CLIENTS DIFF CHANGE,1860000,false,
EVD,A_Chempax_EVD,A_Chempax_EVD,Ac,DetailAccount,Everyone,55-00-41910000-,TransformOneToOne,AVCES ACOMPTES S/COM,2153900,true,
EVD,A_Chempax_EVD,A_Chempax_EVD,Ac,DetailAccount,Everyone,55-00-41980000-,TransformOneToOne,CLIENT AVOIR A ETABL (AR Accurals),1150000,false,
EVD,A_Chempax_EVD,A_Chempax_EVD,Ac,DetailAccount,Everyone,55-00-42100000-,TransformOneToOne,PERS REMUN DUE,2312590,true,
EVD,A_Chempax_EVD,A_Chempax_EVD,Ac,DetailAccount,Everyone,55-00-42190000-,TransformOneToOne,TICKETS RESTAURANT,2312590,true,
EVD,A_Chempax_EVD,A_Chempax_EVD,Ac,DetailAccount,Everyone,55-00-42200000-,TransformOneToOne,COMITE ENTREPRISE,2312590,true,
EVD,A_Chempax_EVD,A_Chempax_EVD,Ac,DetailAccount,Everyone,55-00-42500000-,TransformOneToOne,PERSONNEL AVANCE,1153000,false,
EVD,A_Chempax_EVD,A_Chempax_EVD,Ac,DetailAccount,Everyone,55-00-42510000-,TransformOneToOne,PERSONNEL ACOMP,1153000,false,
EVD,A_Chempax_EVD,A_Chempax_EVD,Ac,DetailAccount,Everyone,55-00-42810000-,TransformOneToOne,13eme MOIS,2311010,true,
EVD,A_Chempax_EVD,A_Chempax_EVD,Ac,DetailAccount,Everyone,55-00-42820000-,TransformOneToOne,PROVIS CONGES P,2312510,true,
EVD,A_Chempax_EVD,A_Chempax_EVD,Ac,DetailAccount,Everyone,55-00-42830000-,TransformOneToOne,PROVIS P VACANC,2311010,true,
EVD,A_Chempax_EVD,A_Chempax_EVD,Ac,DetailAccount,Everyone,55-00-42840000-,TransformOneToOne,PROV PRIMES EXC,2311010,true,
EVD,A_Chempax_EVD,A_Chempax_EVD,Ac,DetailAccount,Everyone,55-00-42860000-,TransformOneToOne,PROV CH SOC A P,2312000,true,
EVD,A_Chempax_EVD,A_Chempax_EVD,Ac,DetailAccount,Everyone,55-00-42860200-,TransformOneToOne,PROV CH SOC / CP,2312000,true,
EVD,A_Chempax_EVD,A_Chempax_EVD,Ac,DetailAccount,Everyone,55-00-42860400-,TransformOneToOne,PROV CH SOCIAL RSU,2312000,true,
EVD,A_Chempax_EVD,A_Chempax_EVD,Ac,DetailAccount,Everyone,55-00-42870000-,TransformOneToOne,PARTIC A PAYER,2311090,true,
EVD,A_Chempax_EVD,A_Chempax_EVD,Ac,DetailAccount,Everyone,55-00-42880000-,TransformOneToOne,IDR,2751010,true,
EVD,A_Chempax_EVD,A_Chempax_EVD,Ac,DetailAccount,Everyone,55-00-43100000-,TransformOneToOne,SECURITE SOCIAL,2312000,true,
EVD,A_Chempax_EVD,A_Chempax_EVD,Ac,DetailAccount,Everyone,55-00-43710000-,TransformOneToOne,MUTUELLES+ART83,2312000,true,
EVD,A_Chempax_EVD,A_Chempax_EVD,Ac,DetailAccount,Everyone,55-00-43720000-,TransformOneToOne,RESURCA,2312000,true,
EVD,A_Chempax_EVD,A_Chempax_EVD,Ac,DetailAccount,Everyone,55-00-43740000-,TransformOneToOne,RETRAITE - PREVOYANC,2312000,true,
EVD,A_Chempax_EVD,A_Chempax_EVD,Ac,DetailAccount,Everyone,55-00-43750000-,TransformOneToOne,ASSEDIC,2312000,true,
EVD,A_Chempax_EVD,A_Chempax_EVD,Ac,DetailAccount,Everyone,55-00-44210000-,TransformOneToOne,PRELEVEMENT A LA SOU,2312000,true,
EVD,A_Chempax_EVD,A_Chempax_EVD,Ac,DetailAccount,Everyone,55-00-44400000-,TransformOneToOne,ETAT IMPOT STES,2200020,true,
EVD,A_Chempax_EVD,A_Chempax_EVD,Ac,DetailAccount,Everyone,55-00-44420000-,TransformOneToOne,Etat - CIR imputable,2310690,true,
EVD,A_Chempax_EVD,A_Chempax_EVD,Ac,DetailAccount,Everyone,55-00-44520000-,TransformOneToOne,TVA DUE INTRACOMMUNA,2310620,true,
EVD,A_Chempax_EVD,A_Chempax_EVD,Ac,DetailAccount,Everyone,55-00-44550000-,TransformOneToOne,TVA A DECAISSER,2310620,true,
EVD,A_Chempax_EVD,A_Chempax_EVD,Ac,DetailAccount,Everyone,55-00-44562000-,TransformOneToOne,TVA  S/IMMO,1300620,false,
EVD,A_Chempax_EVD,A_Chempax_EVD,Ac,DetailAccount,Everyone,55-00-44565010-,TransformOneToOne,TVA SUR ACHATS 19.6%,1300620,false,
EVD,A_Chempax_EVD,A_Chempax_EVD,Ac,DetailAccount,Everyone,55-00-44565020-,TransformOneToOne,TVA SUR ACHATS 5.5%,1300620,false,
EVD,A_Chempax_EVD,A_Chempax_EVD,Ac,DetailAccount,Everyone,55-00-44565030-,TransformOneToOne,TVA S/ACHAT 20%,1300620,false,
EVD,A_Chempax_EVD,A_Chempax_EVD,Ac,DetailAccount,Everyone,55-00-44566010-,TransformOneToOne,TVA BIENS JANVIER,1300620,false,
EVD,A_Chempax_EVD,A_Chempax_EVD,Ac,DetailAccount,Everyone,55-00-44566020-,TransformOneToOne,TVA BIENS FEVRIER,1300620,false,
EVD,A_Chempax_EVD,A_Chempax_EVD,Ac,DetailAccount,Everyone,55-00-44566030-,TransformOneToOne,TVA BIENS MARS,1300620,false,
EVD,A_Chempax_EVD,A_Chempax_EVD,Ac,DetailAccount,Everyone,55-00-44566040-,TransformOneToOne,TVA BIENS AVRIL,1300620,false,
EVD,A_Chempax_EVD,A_Chempax_EVD,Ac,DetailAccount,Everyone,55-00-44566050-,TransformOneToOne,TVA BIENS MAI,1300620,false,
EVD,A_Chempax_EVD,A_Chempax_EVD,Ac,DetailAccount,Everyone,55-00-44566060-,TransformOneToOne,TVA BIENS JUIN,1300620,false,
EVD,A_Chempax_EVD,A_Chempax_EVD,Ac,DetailAccount,Everyone,55-00-44566070-,TransformOneToOne,TVA BIENS JUILLET,1300620,false,
EVD,A_Chempax_EVD,A_Chempax_EVD,Ac,DetailAccount,Everyone,55-00-44566080-,TransformOneToOne,TVA BIENS AOUT,1300620,false,
EVD,A_Chempax_EVD,A_Chempax_EVD,Ac,DetailAccount,Everyone,55-00-44566090-,TransformOneToOne,TVA BIENS SEPTEMBRE,1300620,false,
EVD,A_Chempax_EVD,A_Chempax_EVD,Ac,DetailAccount,Everyone,55-00-44566100-,TransformOneToOne,TVA BIENS OCTOBRE,1300620,false,
EVD,A_Chempax_EVD,A_Chempax_EVD,Ac,DetailAccount,Everyone,55-00-44566110-,TransformOneToOne,TVA BIENS NOVEMBRE,1300620,false,
EVD,A_Chempax_EVD,A_Chempax_EVD,Ac,DetailAccount,Everyone,55-00-44566120-,TransformOneToOne,TVA BIENS DECEMBRE,1300620,false,
EVD,A_Chempax_EVD,A_Chempax_EVD,Ac,DetailAccount,Everyone,55-00-44566500-,TransformOneToOne,TVA ACQUI CEE BIENS,1300620,false,
EVD,A_Chempax_EVD,A_Chempax_EVD,Ac,DetailAccount,Everyone,55-00-44567000-,TransformOneToOne,CREDIT TVA A REPORTE,1300620,false,
EVD,A_Chempax_EVD,A_Chempax_EVD,Ac,DetailAccount,Everyone,55-00-44571030-,TransformOneToOne,TVA VENTES 5.5%,2310620,true,
EVD,A_Chempax_EVD,A_Chempax_EVD,Ac,DetailAccount,Everyone,55-00-44571040-,TransformOneToOne,TVA SUR VENTES,2310620,true,
EVD,A_Chempax_EVD,A_Chempax_EVD,Ac,DetailAccount,Everyone,55-00-44571041-,TransformOneToOne,TVA S/VTES 20 T,2310620,true,
EVD,A_Chempax_EVD,A_Chempax_EVD,Ac,DetailAccount,Everyone,55-00-44571042-,TransformOneToOne,TVA S/VENTES 20%,1300620,false,
EVD,A_Chempax_EVD,A_Chempax_EVD,Ac,DetailAccount,Everyone,55-00-44580000-,TransformOneToOne,TVA REMBST DEMANDE,1300620,false,
EVD,A_Chempax_EVD,A_Chempax_EVD,Ac,DetailAccount,Everyone,55-00-44585000-,TransformOneToOne,TVA  FA NON PARV,1300620,false,
EVD,A_Chempax_EVD,A_Chempax_EVD,Ac,DetailAccount,Everyone,55-00-44586000-,TransformOneToOne,TAXE SUR LE CA FNP,2310620,true,
EVD,A_Chempax_EVD,A_Chempax_EVD,Ac,DetailAccount,Everyone,55-00-44700000-,TransformOneToOne,TAXE PROFESSION,2310600,true,
EVD,A_Chempax_EVD,A_Chempax_EVD,Ac,DetailAccount,Everyone,55-00-44700001-,TransformOneToOne,COTISATION FONCIERE,2310600,true,
EVD,A_Chempax_EVD,A_Chempax_EVD,Ac,DetailAccount,Everyone,55-00-44700002-,TransformOneToOne,CVAE COTIS VALEUR AJ,2310690,true,
EVD,A_Chempax_EVD,A_Chempax_EVD,Ac,DetailAccount,Everyone,55-00-44710000-,TransformOneToOne,PROVISION ALLOCATION,2310690,true,
EVD,A_Chempax_EVD,A_Chempax_EVD,Ac,DetailAccount,Everyone,55-00-44720000-,TransformOneToOne,TAXE APPRENTISSAGE,2310690,true,
EVD,A_Chempax_EVD,A_Chempax_EVD,Ac,DetailAccount,Everyone,55-00-44750000-,TransformOneToOne,CUFPA,2310690,true,
EVD,A_Chempax_EVD,A_Chempax_EVD,Ac,DetailAccount,Everyone,55-00-44760000-,TransformOneToOne,TAXES COLLECTIVES,2310690,true,
EVD,A_Chempax_EVD,A_Chempax_EVD,Ac,DetailAccount,Everyone,55-00-44820000-,TransformOneToOne,CH FISC SAL A P,2310690,true,
EVD,A_Chempax_EVD,A_Chempax_EVD,Ac,DetailAccount,Everyone,55-00-44860000-,TransformOneToOne,AUT CHGS FISC A PAYE,2310690,true,
EVD,A_Chempax_EVD,A_Chempax_EVD,Ac,DetailAccount,Everyone,55-00-44870000-,TransformOneToOne,CREDIT TAXES TO BE R,1300640,false,
EVD,A_Chempax_EVD,A_Chempax_EVD,Ac,DetailAccount,Everyone,55-00-45500000-,TransformOneToOne,MAFCO COMPTE COURANT,2880000,true,
EVD,A_Chempax_EVD,A_Chempax_EVD,Ac,DetailAccount,Everyone,55-00-45570000-,TransformOneToOne,ASSOC MINORITAIRE,3899000,true,
EVD,A_Chempax_EVD,A_Chempax_EVD,Ac,DetailAccount,Everyone,55-00-45591000-,TransformOneToOne,C/C MAFCO EUROS CASH,2880000,true,
EVD,A_Chempax_EVD,A_Chempax_EVD,Ac,DetailAccount,Everyone,55-00-45592000-,TransformOneToOne,C/C MAFCO USD CASH F,2381000,true,
EVD,A_Chempax_EVD,A_Chempax_EVD,Ac,DetailAccount,Everyone,55-00-45596000-,TransformOneToOne,USD CASH PROJECT TAS,2880000,true,
EVD,A_Chempax_EVD,A_Chempax_EVD,Ac,DetailAccount,Everyone,55-00-46306000-,TransformOneToOne,"EVD SAS, WEB",2381000,true,
EVD,A_Chempax_EVD,A_Chempax_EVD,Ac,DetailAccount,Everyone,55-00-46307000-,TransformOneToOne,MAC ANDREWS COM,2106010,true,
EVD,A_Chempax_EVD,A_Chempax_EVD,Ac,DetailAccount,Everyone,55-00-46307100-,TransformOneToOne,MAFCO TVA,2381000,true,
EVD,A_Chempax_EVD,A_Chempax_EVD,Ac,DetailAccount,Everyone,55-00-46307200-,TransformOneToOne,Intercompany Accounts Receivable – Merisant France,1160000,false,
EVD,A_Chempax_EVD,A_Chempax_EVD,Ac,DetailAccount,Everyone,55-00-46308000-,TransformOneToOne,SCAGRO,2313020,true,
EVD,A_Chempax_EVD,A_Chempax_EVD,Ac,DetailAccount,Everyone,55-00-46311000-,TransformOneToOne,SESSA CARLO,2313020,true,
EVD,A_Chempax_EVD,A_Chempax_EVD,Ac,DetailAccount,Everyone,55-00-46314500-,TransformOneToOne,SRIVIT TRADING,2313020,true,
EVD,A_Chempax_EVD,A_Chempax_EVD,Ac,DetailAccount,Everyone,55-00-46315000-,TransformOneToOne,RICORVI,2150000,true,
EVD,A_Chempax_EVD,A_Chempax_EVD,Ac,DetailAccount,Everyone,55-00-46317000-,TransformOneToOne,WEIFENG,1160000,false,
EVD,A_Chempax_EVD,A_Chempax_EVD,Ac,DetailAccount,Everyone,55-00-46318000-,TransformOneToOne,ABEND TRADING,2150000,true,
EVD,A_Chempax_EVD,A_Chempax_EVD,Ac,DetailAccount,Everyone,55-00-46319000-,TransformOneToOne,BEN MEYER CIE,2150000,true,
EVD,A_Chempax_EVD,A_Chempax_EVD,Ac,DetailAccount,Everyone,55-00-46320000-,TransformOneToOne,RUBINI ENNIO,2150000,true,
EVD,A_Chempax_EVD,A_Chempax_EVD,Ac,DetailAccount,Everyone,55-00-46321000-,TransformOneToOne,ORGANIC,2320090,true,
EVD,A_Chempax_EVD,A_Chempax_EVD,Ac,DetailAccount,Everyone,55-00-46322000-,TransformOneToOne,ACTION LOGEMENT PEEC,2312590,true,
EVD,A_Chempax_EVD,A_Chempax_EVD,Ac,DetailAccount,Everyone,55-00-46328000-,TransformOneToOne,AUTRES DEBITEURS,2320090,true,
EVD,A_Chempax_EVD,A_Chempax_EVD,Ac,DetailAccount,Everyone,55-00-46328100-,TransformOneToOne,DEBITEURS  LITIGE DG,1300900,false,
EVD,A_Chempax_EVD,A_Chempax_EVD,Ac,DetailAccount,Everyone,55-00-46329000-,TransformOneToOne,AUTRES CREDITEURS,2150000,true,
EVD,A_Chempax_EVD,A_Chempax_EVD,Ac,DetailAccount,Everyone,55-00-46330000-,TransformOneToOne,AUTRES DEB SELECTA,1300900,false,
EVD,A_Chempax_EVD,A_Chempax_EVD,Ac,DetailAccount,Everyone,55-00-46710000-,TransformOneToOne,REP. FISCAL US,1300900,false,
EVD,A_Chempax_EVD,A_Chempax_EVD,Ac,DetailAccount,Everyone,55-00-47624000-,TransformOneToOne,DIF CONV FOURN,1860000,false,
EVD,A_Chempax_EVD,A_Chempax_EVD,Ac,DetailAccount,Everyone,55-00-47624100-,TransformOneToOne,DIF CONV CLIENT,1860000,false,
EVD,A_Chempax_EVD,A_Chempax_EVD,Ac,DetailAccount,Everyone,55-00-47724000-,TransformOneToOne,DIF CONV FOURN,2360000,true,
EVD,A_Chempax_EVD,A_Chempax_EVD,Ac,DetailAccount,Everyone,55-00-47724100-,TransformOneToOne,DIF CONV CLIENT,2360000,true,
EVD,A_Chempax_EVD,A_Chempax_EVD,Ac,DetailAccount,Everyone,55-00-48600000-,TransformOneToOne,CHARGES AVANCE,1250120,false,
EVD,A_Chempax_EVD,A_Chempax_EVD,Ac,DetailAccount,Everyone,55-00-48806110-,TransformOneToOne,ABT EAU,1379900,false,
EVD,A_Chempax_EVD,A_Chempax_EVD,Ac,DetailAccount,Everyone,55-00-48806400-,TransformOneToOne,ABT INFORMATIQUE,1379900,false,
EVD,A_Chempax_EVD,A_Chempax_EVD,Ac,DetailAccount,Everyone,55-00-48811010-,TransformOneToOne,ABT POLL/ASSAIN,1379900,false,
EVD,A_Chempax_EVD,A_Chempax_EVD,Ac,DetailAccount,Everyone,55-00-48811020-,TransformOneToOne,GAZ,1379900,false,
EVD,A_Chempax_EVD,A_Chempax_EVD,Ac,DetailAccount,Everyone,55-00-48813530-,TransformOneToOne,ABT LOC MAT BUREAU,1379900,false,
EVD,A_Chempax_EVD,A_Chempax_EVD,Ac,DetailAccount,Everyone,55-00-48815540-,TransformOneToOne,ABT ENTR MATERIEL,1379900,false,
EVD,A_Chempax_EVD,A_Chempax_EVD,Ac,DetailAccount,Everyone,55-00-48816000-,TransformOneToOne,ABT ASSURANCES,1250100,false,
EVD,A_Chempax_EVD,A_Chempax_EVD,Ac,DetailAccount,Everyone,55-00-48818100-,TransformOneToOne,ABT REVUES,1379900,false,
EVD,A_Chempax_EVD,A_Chempax_EVD,Ac,DetailAccount,Everyone,55-00-48821200-,TransformOneToOne,ABT CONT TECHN,1379900,false,
EVD,A_Chempax_EVD,A_Chempax_EVD,Ac,DetailAccount,Everyone,55-00-48822100-,TransformOneToOne,ABT MANAGEMENT FEES,1379900,false,
EVD,A_Chempax_EVD,A_Chempax_EVD,Ac,DetailAccount,Everyone,55-00-48822600-,TransformOneToOne,ABT HONORAIRES,1379900,false,
EVD,A_Chempax_EVD,A_Chempax_EVD,Ac,DetailAccount,Everyone,55-00-48824800-,TransformOneToOne,ABT PORTS DIVERS,1379900,false,
EVD,A_Chempax_EVD,A_Chempax_EVD,Ac,DetailAccount,Everyone,55-00-48826200-,TransformOneToOne,ABT TELEPHONE ENTRET,1379900,false,
EVD,A_Chempax_EVD,A_Chempax_EVD,Ac,DetailAccount,Everyone,55-00-48827000-,TransformOneToOne,ABT SERVICES BANCAIR,1379900,false,
EVD,A_Chempax_EVD,A_Chempax_EVD,Ac,DetailAccount,Everyone,55-00-48829000-,TransformOneToOne,ABT COTISATIONS,1250120,false,
EVD,A_Chempax_EVD,A_Chempax_EVD,Ac,DetailAccount,Everyone,55-00-48835100-,TransformOneToOne,ABT TAXE PROF,1379900,false,
EVD,A_Chempax_EVD,A_Chempax_EVD,Ac,DetailAccount,Everyone,55-00-48835220-,TransformOneToOne,ABT TAXE FONCIERE,1379900,false,
EVD,A_Chempax_EVD,A_Chempax_EVD,Ac,DetailAccount,Everyone,55-00-48835230-,TransformOneToOne,ABT AUT IMP LOCA,1379900,false,
EVD,A_Chempax_EVD,A_Chempax_EVD,Ac,DetailAccount,Everyone,55-00-48847400-,TransformOneToOne,ABT SECURITE,1379900,false,
EVD,A_Chempax_EVD,A_Chempax_EVD,Ac,DetailAccount,Everyone,55-00-48847500-,TransformOneToOne,ABT SERV MED SOC,1379900,false,
EVD,A_Chempax_EVD,A_Chempax_EVD,Ac,DetailAccount,Everyone,55-00-48851100-,TransformOneToOne,ABT REDEVANCE DE MAR,1379900,false,
EVD,A_Chempax_EVD,A_Chempax_EVD,Ac,DetailAccount,Everyone,55-00-49000000-,TransformOneToOne,DEFERRED TAX USGAAP,1740000,false,
EVD,A_Chempax_EVD,A_Chempax_EVD,Ac,DetailAccount,Everyone,55-00-49100000-,TransformOneToOne,PROV DEPREC CLI,1151000,false,
EVD,A_Chempax_EVD,A_Chempax_EVD,Ac,DetailAccount,Everyone,55-00-51240000-,TransformOneToOne,BANQUE SMC,1100000,false,
EVD,A_Chempax_EVD,A_Chempax_EVD,Ac,DetailAccount,Everyone,55-00-51250000-,TransformOneToOne,BNP PARIBAS EURO,1100000,false,
EVD,A_Chempax_EVD,A_Chempax_EVD,Ac,DetailAccount,Everyone,55-00-51270000-,TransformOneToOne,HSBC  FRANCE  EUROS,1100000,false,
EVD,A_Chempax_EVD,A_Chempax_EVD,Ac,DetailAccount,Everyone,55-00-51275000-,TransformOneToOne,HSBC FRANCE  DOLLARS,1100000,false,
EVD,A_Chempax_EVD,A_Chempax_EVD,Ac,DetailAccount,Everyone,55-00-51278000-,TransformOneToOne,HSBC FRANCE AED,1100000,false,
EVD,A_Chempax_EVD,A_Chempax_EVD,Ac,DetailAccount,Everyone,55-00-51980000-,TransformOneToOne,INT COUR BANQUE,1100000,false,
EVD,A_Chempax_EVD,A_Chempax_EVD,Ac,DetailAccount,Everyone,55-00-53110000-,TransformOneToOne,CAISSE EUROS,1100010,false,
EVD,A_Chempax_EVD,A_Chempax_EVD,Ac,DetailAccount,Everyone,55-00-53140000-,TransformOneToOne,CAISSE DEVISES,1100010,false,
EVD,A_Chempax_EVD,A_Chempax_EVD,Ac,DetailAccount,Everyone,55-00-58000000-,TransformOneToOne,VRTS INTERNES,1100000,false,
EVD,A_Chempax_EVD,A_Chempax_EVD,Ac,DetailAccount,Everyone,55-00-60110500-,TransformOneToOne,RACINES,5000000,false,
EVD,A_Chempax_EVD,A_Chempax_EVD,Ac,DetailAccount,Everyone,55-00-60120010-,TransformOneToOne,SUCS IMPORTES,5000000,false,
EVD,A_Chempax_EVD,A_Chempax_EVD,Ac,DetailAccount,Everyone,55-00-60120200-,TransformOneToOne,POUDRES TURKMENISTAN,5000000,false,
EVD,A_Chempax_EVD,A_Chempax_EVD,Ac,DetailAccount,Everyone,55-00-60120210-,TransformOneToOne,POUDRES TURKMENISTAN,5000000,false,
EVD,A_Chempax_EVD,A_Chempax_EVD,Ac,DetailAccount,Everyone,55-00-60211010-,TransformOneToOne,AUTRES MATIERES INCO,5000000,false,
EVD,A_Chempax_EVD,A_Chempax_EVD,Ac,DetailAccount,Everyone,55-00-60211010-2070,TransformOneToOne,AUTRES MATIERES INCO,6410010,false,
EVD,A_Chempax_EVD,A_Chempax_EVD,Ac,DetailAccount,Everyone,55-00-60211010-2095,TransformOneToOne,Other Materials,6410010,false,
EVD,A_Chempax_EVD,A_Chempax_EVD,Ac,DetailAccount,Everyone,55-00-60211090-,TransformOneToOne,AMIDON DE MAIS,6410010,false,
EVD,A_Chempax_EVD,A_Chempax_EVD,Ac,DetailAccount,Everyone,55-00-60211094-,TransformOneToOne,ENVERTAZE BIOINVERT,6410010,false,
EVD,A_Chempax_EVD,A_Chempax_EVD,Ac,DetailAccount,Everyone,55-00-60212010-,TransformOneToOne,SOUDE,6410010,false,
EVD,A_Chempax_EVD,A_Chempax_EVD,Ac,DetailAccount,Everyone,55-00-60212090-,TransformOneToOne,ACIDE SULFURIQUE,6410010,false,
EVD,A_Chempax_EVD,A_Chempax_EVD,Ac,DetailAccount,Everyone,55-00-60212091-,TransformOneToOne,ALCALI,6410010,false,
EVD,A_Chempax_EVD,A_Chempax_EVD,Ac,DetailAccount,Everyone,55-00-60212092-,TransformOneToOne,AIR PLAST,6410010,false,
EVD,A_Chempax_EVD,A_Chempax_EVD,Ac,DetailAccount,Everyone,55-00-60212094-,TransformOneToOne,BS 12,6410010,false,
EVD,A_Chempax_EVD,A_Chempax_EVD,Ac,DetailAccount,Everyone,55-00-60212095-,TransformOneToOne,CARBONATE DE SOUDE,6410010,false,
EVD,A_Chempax_EVD,A_Chempax_EVD,Ac,DetailAccount,Everyone,55-00-60212098-,TransformOneToOne,RS 270,6410010,false,
EVD,A_Chempax_EVD,A_Chempax_EVD,Ac,DetailAccount,Everyone,55-00-60212099-,TransformOneToOne,SEL,6410010,false,
EVD,A_Chempax_EVD,A_Chempax_EVD,Ac,DetailAccount,Everyone,55-00-60212100-,TransformOneToOne,TRESOLIN ST,6410010,false,
EVD,A_Chempax_EVD,A_Chempax_EVD,Ac,DetailAccount,Everyone,55-00-60212101-,TransformOneToOne,AS 220 REACTIF,6410010,false,
EVD,A_Chempax_EVD,A_Chempax_EVD,Ac,DetailAccount,Everyone,55-00-60212102-,TransformOneToOne,BIO DETER RS800,6410010,false,
EVD,A_Chempax_EVD,A_Chempax_EVD,Ac,DetailAccount,Everyone,55-00-60212103-,TransformOneToOne,PRODUITS TRT EAUX,6410010,false,
EVD,A_Chempax_EVD,A_Chempax_EVD,Ac,DetailAccount,Everyone,55-00-60212114-,TransformOneToOne,REACTIF WR 600,6410040,false,
EVD,A_Chempax_EVD,A_Chempax_EVD,Ac,DetailAccount,Everyone,55-00-60221000-,TransformOneToOne,FUEL LOURD,6410040,false,
EVD,A_Chempax_EVD,A_Chempax_EVD,Ac,DetailAccount,Everyone,55-00-60221010-,TransformOneToOne,FUEL OIL DOMESTIC,6130070,false,
EVD,A_Chempax_EVD,A_Chempax_EVD,Ac,DetailAccount,Everyone,55-00-60221050-,TransformOneToOne,GAZ,6120010,false,
EVD,A_Chempax_EVD,A_Chempax_EVD,Ac,DetailAccount,Everyone,55-00-60221060-,TransformOneToOne,GAZ CHARIOTS,6410040,false,
EVD,A_Chempax_EVD,A_Chempax_EVD,Ac,DetailAccount,Everyone,55-00-60260000-,TransformOneToOne,ACHATS EMBALLAGES,6410040,false,
EVD,A_Chempax_EVD,A_Chempax_EVD,Ac,DetailAccount,Everyone,55-00-60260000-2070,TransformOneToOne,ACHATS EMBALLAGES,6410040,false,
EVD,A_Chempax_EVD,A_Chempax_EVD,Ac,DetailAccount,Everyone,55-00-60260000-2095,TransformOneToOne,ACHATS EMBALLAGES,6410040,false,
EVD,A_Chempax_EVD,A_Chempax_EVD,Ac,DetailAccount,Everyone,55-00-60300000-2050,TransformOneToOne,VARIANCE SUR PRIX,6030010,false,
EVD,A_Chempax_EVD,A_Chempax_EVD,Ac,DetailAccount,Everyone,55-00-60301000-2050,TransformOneToOne,VAR to be mapped,6030020,false,
EVD,A_Chempax_EVD,A_Chempax_EVD,Ac,DetailAccount,Everyone,55-00-60311000-2060,TransformOneToOne,VAR RACINES PPV,6030020,false,
EVD,A_Chempax_EVD,A_Chempax_EVD,Ac,DetailAccount,Everyone,55-00-60311001-2060,TransformOneToOne,VAR RACINES AJUSTM,6030030,false,
EVD,A_Chempax_EVD,A_Chempax_EVD,Ac,DetailAccount,Everyone,55-00-60311003-2060,TransformOneToOne,VAR STCK RACINE FIFO,6030020,false,
EVD,A_Chempax_EVD,A_Chempax_EVD,Ac,DetailAccount,Everyone,55-00-60312000-2060,TransformOneToOne,VAR STCK SUC IMP PPV,6030020,false,
EVD,A_Chempax_EVD,A_Chempax_EVD,Ac,DetailAccount,Everyone,55-00-60312001-2060,TransformOneToOne,VAR ST SUC IMP AJUST,6030020,false,
EVD,A_Chempax_EVD,A_Chempax_EVD,Ac,DetailAccount,Everyone,55-00-60312003-2060,TransformOneToOne,VAR STK SUC IMP FIFO,6030020,false,
EVD,A_Chempax_EVD,A_Chempax_EVD,Ac,DetailAccount,Everyone,55-00-60313000-2060,TransformOneToOne,VAR STOCK GMA PPV,6030020,false,
EVD,A_Chempax_EVD,A_Chempax_EVD,Ac,DetailAccount,Everyone,55-00-60313001-2060,TransformOneToOne,VAR STOCK GMA AJUST,6030030,false,
EVD,A_Chempax_EVD,A_Chempax_EVD,Ac,DetailAccount,Everyone,55-00-60313003-2060,TransformOneToOne,VAR STOCK GMA FIFO,6030020,false,
EVD,A_Chempax_EVD,A_Chempax_EVD,Ac,DetailAccount,Everyone,55-00-60317000-2060,TransformOneToOne,VAR STCK AUT MAT PPV,6030020,false,
EVD,A_Chempax_EVD,A_Chempax_EVD,Ac,DetailAccount,Everyone,55-00-60322100-2060,TransformOneToOne,VAR STOCK FUEL PPV,6030020,false,
EVD,A_Chempax_EVD,A_Chempax_EVD,Ac,DetailAccount,Everyone,55-00-60322102-2060,TransformOneToOne,VAR STOCK FUEL AJUST,6030030,false,
EVD,A_Chempax_EVD,A_Chempax_EVD,Ac,DetailAccount,Everyone,55-00-60322103-2060,TransformOneToOne,VAR STOCK PF AJUST,6030020,false,
EVD,A_Chempax_EVD,A_Chempax_EVD,Ac,DetailAccount,Everyone,55-00-60322104-2060,TransformOneToOne,VAR STK MAGNAS AJUST,6030020,false,
EVD,A_Chempax_EVD,A_Chempax_EVD,Ac,DetailAccount,Everyone,55-00-60322105-2060,TransformOneToOne,VAR STK ENCOUR AJUST,6030020,false,
EVD,A_Chempax_EVD,A_Chempax_EVD,Ac,DetailAccount,Everyone,55-00-60322106-2060,TransformOneToOne,VAR STK AUT MAT AJUS,6030020,false,
EVD,A_Chempax_EVD,A_Chempax_EVD,Ac,DetailAccount,Everyone,55-00-60322200-2060,TransformOneToOne,VAR STOCK P.R. PPV,6030010,false,
EVD,A_Chempax_EVD,A_Chempax_EVD,Ac,DetailAccount,Everyone,55-00-60322302-2060,TransformOneToOne,VAR STOCK P.R.AJUST,6030030,false,
EVD,A_Chempax_EVD,A_Chempax_EVD,Ac,DetailAccount,Everyone,55-00-60326000-2060,TransformOneToOne,VAR STOCK EMB PPV,6030020,false,
EVD,A_Chempax_EVD,A_Chempax_EVD,Ac,DetailAccount,Everyone,55-00-60326002-2060,TransformOneToOne,VAR STOCK EMB AJUST,6030030,false,
EVD,A_Chempax_EVD,A_Chempax_EVD,Ac,DetailAccount,Everyone,55-00-60611000-,TransformOneToOne,EAU,6120020,false,
EVD,A_Chempax_EVD,A_Chempax_EVD,Ac,DetailAccount,Everyone,55-00-60611010-,TransformOneToOne,POLLUTION/ASSAIN,6120020,false,
EVD,A_Chempax_EVD,A_Chempax_EVD,Ac,DetailAccount,Everyone,55-00-60612010-,TransformOneToOne,ELECTRICITE,6120000,false,
EVD,A_Chempax_EVD,A_Chempax_EVD,Ac,DetailAccount,Everyone,55-00-60612010-2070,TransformOneToOne,ELECTRICITE,6120000,false,
EVD,A_Chempax_EVD,A_Chempax_EVD,Ac,DetailAccount,Everyone,55-00-60630000-,TransformOneToOne,PET FOURN ATELIER,6410010,false,
EVD,A_Chempax_EVD,A_Chempax_EVD,Ac,DetailAccount,Everyone,55-00-60630000-2070,TransformOneToOne,PET FOURN ATELIER,6410010,false,
EVD,A_Chempax_EVD,A_Chempax_EVD,Ac,DetailAccount,Everyone,55-00-60630010-,TransformOneToOne,PET FOURN USINE,6410010,false,
EVD,A_Chempax_EVD,A_Chempax_EVD,Ac,DetailAccount,Everyone,55-00-60630010-2095,TransformOneToOne,PT FOURN USINE MAGNA,6410010,false,
EVD,A_Chempax_EVD,A_Chempax_EVD,Ac,DetailAccount,Everyone,55-00-60630020-,TransformOneToOne,fourniture COVID 19,6410040,false,
EVD,A_Chempax_EVD,A_Chempax_EVD,Ac,DetailAccount,Everyone,55-00-60630030-,TransformOneToOne,PTE FOURN DIVERS,6410010,false,
EVD,A_Chempax_EVD,A_Chempax_EVD,Ac,DetailAccount,Everyone,55-00-60640000-,TransformOneToOne,FOURN ADMINISTR,6410000,false,
EVD,A_Chempax_EVD,A_Chempax_EVD,Ac,DetailAccount,Everyone,55-00-60640010-,TransformOneToOne,FOURN INFORMATIQUE,6610100,false,
EVD,A_Chempax_EVD,A_Chempax_EVD,Ac,DetailAccount,Everyone,55-00-60650000-,TransformOneToOne,PROD ENTRETIEN,6330010,false,
EVD,A_Chempax_EVD,A_Chempax_EVD,Ac,DetailAccount,Everyone,55-00-60660000-,TransformOneToOne,ESSENCE,6410040,false,
EVD,A_Chempax_EVD,A_Chempax_EVD,Ac,DetailAccount,Everyone,55-00-60680000-,TransformOneToOne,LABO FOURN,6410030,false,
EVD,A_Chempax_EVD,A_Chempax_EVD,Ac,DetailAccount,Everyone,55-00-60680000-2070,TransformOneToOne,Lab Supplies,6410030,false,
EVD,A_Chempax_EVD,A_Chempax_EVD,Ac,DetailAccount,Everyone,55-00-60710000-,TransformOneToOne,G M A,5000000,false,
EVD,A_Chempax_EVD,A_Chempax_EVD,Ac,DetailAccount,Everyone,55-00-60710040-,TransformOneToOne,"G M A ""4""",5000000,false,
EVD,A_Chempax_EVD,A_Chempax_EVD,Ac,DetailAccount,Everyone,55-00-60710060-,TransformOneToOne,G M A  EP,5000000,false,
EVD,A_Chempax_EVD,A_Chempax_EVD,Ac,DetailAccount,Everyone,55-00-61110000-,TransformOneToOne,SOUS TRAITANCE,6310070,false,
EVD,A_Chempax_EVD,A_Chempax_EVD,Ac,DetailAccount,Everyone,55-00-61325000-2025,TransformOneToOne,MAGASINAGES,6130080,false,
EVD,A_Chempax_EVD,A_Chempax_EVD,Ac,DetailAccount,Everyone,55-00-61325010-2025,TransformOneToOne,EIKON LOGISTICS,6130060,false,
EVD,A_Chempax_EVD,A_Chempax_EVD,Ac,DetailAccount,Everyone,55-00-61325020-2025,TransformOneToOne,ROGNAC STOCKAGE DIST,6130060,false,
EVD,A_Chempax_EVD,A_Chempax_EVD,Ac,DetailAccount,Everyone,55-00-61325030-2025,TransformOneToOne,STP 13,6130060,false,
EVD,A_Chempax_EVD,A_Chempax_EVD,Ac,DetailAccount,Everyone,55-00-61325040-,TransformOneToOne,Warehouse Rent,6130060,false,
EVD,A_Chempax_EVD,A_Chempax_EVD,Ac,DetailAccount,Everyone,55-00-61325040-2025,TransformOneToOne,Warehouse Rent,6130060,false,
EVD,A_Chempax_EVD,A_Chempax_EVD,Ac,DetailAccount,Everyone,55-00-61325050-2025,TransformOneToOne,MAGASINAGE DUCORNAU,6130060,false,
EVD,A_Chempax_EVD,A_Chempax_EVD,Ac,DetailAccount,Everyone,55-00-61325500-,TransformOneToOne,MAGASINAGES UK,6130080,false,
EVD,A_Chempax_EVD,A_Chempax_EVD,Ac,DetailAccount,Everyone,55-00-61354000-,TransformOneToOne,LOCATIONS DIVERSES,6320000,false,
EVD,A_Chempax_EVD,A_Chempax_EVD,Ac,DetailAccount,Everyone,55-00-61354020-,TransformOneToOne,LEASE LOCABRI NI1469,6130060,false,
EVD,A_Chempax_EVD,A_Chempax_EVD,Ac,DetailAccount,Everyone,55-00-61354030-,TransformOneToOne,LEASE LOCABRI NI1382,6130060,false,
EVD,A_Chempax_EVD,A_Chempax_EVD,Ac,DetailAccount,Everyone,55-00-61354040-,TransformOneToOne,LEASE COLOC CHARIOT,6320010,false,
EVD,A_Chempax_EVD,A_Chempax_EVD,Ac,DetailAccount,Everyone,55-00-61354050-,TransformOneToOne,LEASE COLOC CHARIOT,6320010,false,
EVD,A_Chempax_EVD,A_Chempax_EVD,Ac,DetailAccount,Everyone,55-00-61354060-,TransformOneToOne,LEASE COLOC CHARIOT,6320010,false,
EVD,A_Chempax_EVD,A_Chempax_EVD,Ac,DetailAccount,Everyone,55-00-61354070-,TransformOneToOne,LEASE COLOC CHARIOT,6320010,false,
EVD,A_Chempax_EVD,A_Chempax_EVD,Ac,DetailAccount,Everyone,55-00-61354080-,TransformOneToOne,LEASE LOCABRI NI1702,6130060,false,
EVD,A_Chempax_EVD,A_Chempax_EVD,Ac,DetailAccount,Everyone,55-00-61354090-,TransformOneToOne,BARTHELEMY CHARIOT,6130040,false,
EVD,A_Chempax_EVD,A_Chempax_EVD,Ac,DetailAccount,Everyone,55-00-61354091-,TransformOneToOne,Barthemy LOC Suppl,6130040,false,
EVD,A_Chempax_EVD,A_Chempax_EVD,Ac,DetailAccount,Everyone,55-00-61354100-,TransformOneToOne,Locabri Lease,6320020,false,
EVD,A_Chempax_EVD,A_Chempax_EVD,Ac,DetailAccount,Everyone,55-00-61358300-,TransformOneToOne,LOCATION MATERIEL BU,6320010,false,
EVD,A_Chempax_EVD,A_Chempax_EVD,Ac,DetailAccount,Everyone,55-00-61358310-,TransformOneToOne,LOCATION PITNEY BOWE,6320010,false,
EVD,A_Chempax_EVD,A_Chempax_EVD,Ac,DetailAccount,Everyone,55-00-61358320-,TransformOneToOne,LOCATION KONICA BURE,6320010,false,
EVD,A_Chempax_EVD,A_Chempax_EVD,Ac,DetailAccount,Everyone,55-00-61358400-,TransformOneToOne,LOCATION EMBALLAGES,6320010,false,
EVD,A_Chempax_EVD,A_Chempax_EVD,Ac,DetailAccount,Everyone,55-00-61358500-,TransformOneToOne,LOCATION VEHICULES,6220020,false,
EVD,A_Chempax_EVD,A_Chempax_EVD,Ac,DetailAccount,Everyone,55-00-61358510-,TransformOneToOne,LOCATION VEHICULE AR,6220020,false,
EVD,A_Chempax_EVD,A_Chempax_EVD,Ac,DetailAccount,Everyone,55-00-61358520-,TransformOneToOne,LEASING CAR ASC 842,6320020,false,
EVD,A_Chempax_EVD,A_Chempax_EVD,Ac,DetailAccount,Everyone,55-00-61520000-,TransformOneToOne,ENTRETIEN IMMEUBLE,6330030,false,
EVD,A_Chempax_EVD,A_Chempax_EVD,Ac,DetailAccount,Everyone,55-00-61520500-,TransformOneToOne,NETTOYAGE EXCEPTIONN,6310040,false,
EVD,A_Chempax_EVD,A_Chempax_EVD,Ac,DetailAccount,Everyone,55-00-61521000-,TransformOneToOne,ENTRETIEN JARDINS,6330030,false,
EVD,A_Chempax_EVD,A_Chempax_EVD,Ac,DetailAccount,Everyone,55-00-61554000-,TransformOneToOne,ENTRETIEN MATERIEL,6330020,false,
EVD,A_Chempax_EVD,A_Chempax_EVD,Ac,DetailAccount,Everyone,55-00-61558200-,TransformOneToOne,ENTRETIEN VEHICULE,6220000,false,
EVD,A_Chempax_EVD,A_Chempax_EVD,Ac,DetailAccount,Everyone,55-00-61558300-,TransformOneToOne,ENTRETIEN MAT BUREAU,6330020,false,
EVD,A_Chempax_EVD,A_Chempax_EVD,Ac,DetailAccount,Everyone,55-00-61600000-,TransformOneToOne,ASSURANCES,6610130,false,
EVD,A_Chempax_EVD,A_Chempax_EVD,Ac,DetailAccount,Everyone,55-00-61600090-,TransformOneToOne,assurance chariot,6130040,false,
EVD,A_Chempax_EVD,A_Chempax_EVD,Ac,DetailAccount,Everyone,55-00-61700000-,TransformOneToOne,ETUDES RECHERCHES,6620020,false,
EVD,A_Chempax_EVD,A_Chempax_EVD,Ac,DetailAccount,Everyone,55-00-61810000-,TransformOneToOne,REVUES ABNTS,6610030,false,
EVD,A_Chempax_EVD,A_Chempax_EVD,Ac,DetailAccount,Everyone,55-00-61830000-,TransformOneToOne,DOCUMENTATION TECHNI,6610030,false,
EVD,A_Chempax_EVD,A_Chempax_EVD,Ac,DetailAccount,Everyone,55-00-61850000-,TransformOneToOne,SEMINAIRES CONFERENC,6220040,false,
EVD,A_Chempax_EVD,A_Chempax_EVD,Ac,DetailAccount,Everyone,55-00-62110000-,TransformOneToOne,PERSONNEL INTERIMAIR,6310010,false,
EVD,A_Chempax_EVD,A_Chempax_EVD,Ac,DetailAccount,Everyone,55-00-62120000-,TransformOneToOne,CONTROLES TECHNIQUES,6220000,false,
EVD,A_Chempax_EVD,A_Chempax_EVD,Ac,DetailAccount,Everyone,55-00-62210000-,TransformOneToOne,MANAGEMENT FEES,6610150,false,
EVD,A_Chempax_EVD,A_Chempax_EVD,Ac,DetailAccount,Everyone,55-00-62220000-,TransformOneToOne,COMMISSIONS VENTES,6310100,false,
EVD,A_Chempax_EVD,A_Chempax_EVD,Ac,DetailAccount,Everyone,55-00-62230000-,TransformOneToOne,COMM S/VENTES I/CO,6310100,false,
EVD,A_Chempax_EVD,A_Chempax_EVD,Ac,DetailAccount,Everyone,55-00-62260000-,TransformOneToOne,HONORAIRES,6310100,false,
EVD,A_Chempax_EVD,A_Chempax_EVD,Ac,DetailAccount,Everyone,55-00-62260100-,TransformOneToOne,HONORAIRE AVOCAT,6430040,false,
EVD,A_Chempax_EVD,A_Chempax_EVD,Ac,DetailAccount,Everyone,55-00-62260200-,TransformOneToOne,HONORAIRE CAC & EC,6310100,false,
EVD,A_Chempax_EVD,A_Chempax_EVD,Ac,DetailAccount,Everyone,55-00-62260300-,TransformOneToOne,HONORAIRE QUALITE,6310020,false,
EVD,A_Chempax_EVD,A_Chempax_EVD,Ac,DetailAccount,Everyone,55-00-62260400-,TransformOneToOne,HONORAIRE RECRUTEMEN,6210140,false,
EVD,A_Chempax_EVD,A_Chempax_EVD,Ac,DetailAccount,Everyone,55-00-62260500-,TransformOneToOne,HONORAIRES COMMERCIA,6310100,false,
EVD,A_Chempax_EVD,A_Chempax_EVD,Ac,DetailAccount,Everyone,55-00-62270000-,TransformOneToOne,FRAIS ACTES,6610000,false,
EVD,A_Chempax_EVD,A_Chempax_EVD,Ac,DetailAccount,Everyone,55-00-62280000-,TransformOneToOne,GARDIENNAGE SURVEILL,6310100,false,
EVD,A_Chempax_EVD,A_Chempax_EVD,Ac,DetailAccount,Everyone,55-00-62281000-,TransformOneToOne,FORMATIONS,6210150,false,
EVD,A_Chempax_EVD,A_Chempax_EVD,Ac,DetailAccount,Everyone,55-00-62290000-,TransformOneToOne,NETTOYAGE ENTRETIEN,6330010,false,
EVD,A_Chempax_EVD,A_Chempax_EVD,Ac,DetailAccount,Everyone,55-00-62330000-,TransformOneToOne,FOIRES EXPOSITIONS,6520070,false,
EVD,A_Chempax_EVD,A_Chempax_EVD,Ac,DetailAccount,Everyone,55-00-62340000-,TransformOneToOne,CADEAUX CLIENTS,6610070,false,
EVD,A_Chempax_EVD,A_Chempax_EVD,Ac,DetailAccount,Everyone,55-00-62380000-,TransformOneToOne,PORBOIRES DONS,6610070,false,
EVD,A_Chempax_EVD,A_Chempax_EVD,Ac,DetailAccount,Everyone,55-00-6241000-,TransformOneToOne,COGS IC with MAFCO,5800000,false,
EVD,A_Chempax_EVD,A_Chempax_EVD,Ac,DetailAccount,Everyone,55-00-62410000-,TransformOneToOne,PORTS ACHATS,6010000,false,
EVD,A_Chempax_EVD,A_Chempax_EVD,Ac,DetailAccount,Everyone,55-00-62410000-2070,TransformOneToOne,PORTS ACHATS,6010000,false,
EVD,A_Chempax_EVD,A_Chempax_EVD,Ac,DetailAccount,Everyone,55-00-62410000-2095,TransformOneToOne,PORTS ACHATS,6010000,false,
EVD,A_Chempax_EVD,A_Chempax_EVD,Ac,DetailAccount,Everyone,55-00-62420000-,TransformOneToOne,FRAIS VENTES,4100020,true,
EVD,A_Chempax_EVD,A_Chempax_EVD,Ac,DetailAccount,Everyone,55-00-62421000-,TransformOneToOne,FRAIS SUR VENTES INT,5800000,false,
EVD,A_Chempax_EVD,A_Chempax_EVD,Ac,DetailAccount,Everyone,55-00-6242200-,TransformOneToOne,COGS IC with ZFTZ,5800000,false,
EVD,A_Chempax_EVD,A_Chempax_EVD,Ac,DetailAccount,Everyone,55-00-62422000-,TransformOneToOne,Frais sur ventes ZFZ,5800000,false,
EVD,A_Chempax_EVD,A_Chempax_EVD,Ac,DetailAccount,Everyone,55-00-6242210-,TransformOneToOne,COGS IC with WF,5800000,false,
EVD,A_Chempax_EVD,A_Chempax_EVD,Ac,DetailAccount,Everyone,55-00-62440000-,TransformOneToOne,TRANSPORT / VENTE,6010000,false,
EVD,A_Chempax_EVD,A_Chempax_EVD,Ac,DetailAccount,Everyone,55-00-62480000-,TransformOneToOne,TRANSPORT,4100020,true,
EVD,A_Chempax_EVD,A_Chempax_EVD,Ac,DetailAccount,Everyone,55-00-62480000-2050,TransformOneToOne,TRANSPORT,4000010,true,
EVD,A_Chempax_EVD,A_Chempax_EVD,Ac,DetailAccount,Everyone,55-00-62481000-,TransformOneToOne,PORTS RECYCLAGE DECH,6310100,false,
EVD,A_Chempax_EVD,A_Chempax_EVD,Ac,DetailAccount,Everyone,55-00-62510000-,TransformOneToOne,DEPLACEMENTS PERSONN,6220010,false,
EVD,A_Chempax_EVD,A_Chempax_EVD,Ac,DetailAccount,Everyone,55-00-62515000-,TransformOneToOne,DEPLACEMENTS CADRES,6220010,false,
EVD,A_Chempax_EVD,A_Chempax_EVD,Ac,DetailAccount,Everyone,55-00-62515100-,TransformOneToOne,VOYAGES COMMERCIAUX,6220010,false,
EVD,A_Chempax_EVD,A_Chempax_EVD,Ac,DetailAccount,Everyone,55-00-62516000-,TransformOneToOne,DEPLACEMENTS DIRECTI,6220010,false,
EVD,A_Chempax_EVD,A_Chempax_EVD,Ac,DetailAccount,Everyone,55-00-62570000-,TransformOneToOne,RECEPTIONS,6220030,false,
EVD,A_Chempax_EVD,A_Chempax_EVD,Ac,DetailAccount,Everyone,55-00-62610000-,TransformOneToOne,AFFRANCHISSEMENTS,6130070,false,
EVD,A_Chempax_EVD,A_Chempax_EVD,Ac,DetailAccount,Everyone,55-00-62620000-,TransformOneToOne,TELEPHONE,6310030,false,
EVD,A_Chempax_EVD,A_Chempax_EVD,Ac,DetailAccount,Everyone,55-00-62700000-,TransformOneToOne,FRAIS BANCAIRES,6610140,false,
EVD,A_Chempax_EVD,A_Chempax_EVD,Ac,DetailAccount,Everyone,55-00-62810000-,TransformOneToOne,CHARGES D CERTIFICAT,6420020,false,
EVD,A_Chempax_EVD,A_Chempax_EVD,Ac,DetailAccount,Everyone,55-00-62900000-,TransformOneToOne,COTISATIONS,6310100,false,
EVD,A_Chempax_EVD,A_Chempax_EVD,Ac,DetailAccount,Everyone,55-00-63120000-,TransformOneToOne,TAXE APPRENTISSAGE,6420020,false,
EVD,A_Chempax_EVD,A_Chempax_EVD,Ac,DetailAccount,Everyone,55-00-63130000-,TransformOneToOne,TAXE FORMATION,6420020,false,
EVD,A_Chempax_EVD,A_Chempax_EVD,Ac,DetailAccount,Everyone,55-00-63340000-,TransformOneToOne,INVESTISSEMENT LOGEM,6420020,false,
EVD,A_Chempax_EVD,A_Chempax_EVD,Ac,DetailAccount,Everyone,55-00-63380000-,TransformOneToOne,"Impôts, atxes et ver",6420020,false,
EVD,A_Chempax_EVD,A_Chempax_EVD,Ac,DetailAccount,Everyone,55-00-63510000-,TransformOneToOne,TAXE PROFESSIONNELLE,6420020,false,
EVD,A_Chempax_EVD,A_Chempax_EVD,Ac,DetailAccount,Everyone,55-00-63510001-,TransformOneToOne,CVAE  COT VALEUR AJO,6420020,false,
EVD,A_Chempax_EVD,A_Chempax_EVD,Ac,DetailAccount,Everyone,55-00-63510002-,TransformOneToOne,COTISATION FONC ENTR,6420020,false,
EVD,A_Chempax_EVD,A_Chempax_EVD,Ac,DetailAccount,Everyone,55-00-63522000-,TransformOneToOne,TAXE FONCIERE,6420000,false,
EVD,A_Chempax_EVD,A_Chempax_EVD,Ac,DetailAccount,Everyone,55-00-63523000-,TransformOneToOne,AUTRES TAXES,6420020,false,
EVD,A_Chempax_EVD,A_Chempax_EVD,Ac,DetailAccount,Everyone,55-00-63710000-,TransformOneToOne,CIONS SOC SOLIDARITE,6420020,false,
EVD,A_Chempax_EVD,A_Chempax_EVD,Ac,DetailAccount,Everyone,55-00-63711000-,TransformOneToOne,CONTR HANDICAPE,6420020,false,
EVD,A_Chempax_EVD,A_Chempax_EVD,Ac,DetailAccount,Everyone,55-00-64111000-,TransformOneToOne,SALAIRES,6210000,false,
EVD,A_Chempax_EVD,A_Chempax_EVD,Ac,DetailAccount,Everyone,55-00-64111000-2070,TransformOneToOne,SALAIRES Magna,6210000,false,
EVD,A_Chempax_EVD,A_Chempax_EVD,Ac,DetailAccount,Everyone,55-00-64112000-,TransformOneToOne,APPNTS ENCADREMENT,6210000,false,
EVD,A_Chempax_EVD,A_Chempax_EVD,Ac,DetailAccount,Everyone,55-00-64112000-2070,TransformOneToOne,APPNTS ENCADREMENT,6210000,false,
EVD,A_Chempax_EVD,A_Chempax_EVD,Ac,DetailAccount,Everyone,55-00-64113000-,TransformOneToOne,APPNTS ADMINISTRATIF,6210000,false,
EVD,A_Chempax_EVD,A_Chempax_EVD,Ac,DetailAccount,Everyone,55-00-64114000-,TransformOneToOne,APPNTS COMMERCIAL,6210000,false,
EVD,A_Chempax_EVD,A_Chempax_EVD,Ac,DetailAccount,Everyone,55-00-64120100-,TransformOneToOne,CP SALAIRES,6210010,false,
EVD,A_Chempax_EVD,A_Chempax_EVD,Ac,DetailAccount,Everyone,55-00-64120200-,TransformOneToOne,CP ENCADREMENT,6210010,false,
EVD,A_Chempax_EVD,A_Chempax_EVD,Ac,DetailAccount,Everyone,55-00-64120300-,TransformOneToOne,CP ADMINISTRATIF,6210010,false,
EVD,A_Chempax_EVD,A_Chempax_EVD,Ac,DetailAccount,Everyone,55-00-64120400-,TransformOneToOne,CP COMMERCIAL,6210010,false,
EVD,A_Chempax_EVD,A_Chempax_EVD,Ac,DetailAccount,Everyone,55-00-64130100-,TransformOneToOne,PFA USINE,6210120,false,
EVD,A_Chempax_EVD,A_Chempax_EVD,Ac,DetailAccount,Everyone,55-00-64130200-,TransformOneToOne,PFA ENCADREMENT,6210120,false,
EVD,A_Chempax_EVD,A_Chempax_EVD,Ac,DetailAccount,Everyone,55-00-64130300-,TransformOneToOne,PFA ADMINISTRATIF,6210120,false,
EVD,A_Chempax_EVD,A_Chempax_EVD,Ac,DetailAccount,Everyone,55-00-64130400-,TransformOneToOne,PFA COMMERCIAL,6210120,false,
EVD,A_Chempax_EVD,A_Chempax_EVD,Ac,DetailAccount,Everyone,55-00-64131100-,TransformOneToOne,PV SALAIRES,6210010,false,
EVD,A_Chempax_EVD,A_Chempax_EVD,Ac,DetailAccount,Everyone,55-00-64131200-,TransformOneToOne,PV ENCADREMENT,6210010,false,
EVD,A_Chempax_EVD,A_Chempax_EVD,Ac,DetailAccount,Everyone,55-00-64131300-,TransformOneToOne,PV ADMINISTRATIF,6210010,false,
EVD,A_Chempax_EVD,A_Chempax_EVD,Ac,DetailAccount,Everyone,55-00-64131400-,TransformOneToOne,PV COMMERCIAL,6210010,false,
EVD,A_Chempax_EVD,A_Chempax_EVD,Ac,DetailAccount,Everyone,55-00-64132100-,TransformOneToOne,PRIMES SALAIRES,6210010,false,
EVD,A_Chempax_EVD,A_Chempax_EVD,Ac,DetailAccount,Everyone,55-00-64132200-,TransformOneToOne,PRIMES ENCADREMENT,6210010,false,
EVD,A_Chempax_EVD,A_Chempax_EVD,Ac,DetailAccount,Everyone,55-00-64132300-,TransformOneToOne,PRIMES ADMINISTRATIF,6210010,false,
EVD,A_Chempax_EVD,A_Chempax_EVD,Ac,DetailAccount,Everyone,55-00-64132400-,TransformOneToOne,PRIMES COMMERCIAL,6210010,false,
EVD,A_Chempax_EVD,A_Chempax_EVD,Ac,DetailAccount,Everyone,55-00-64132410-,TransformOneToOne,PRIMES EXC USINE,6210040,false,
EVD,A_Chempax_EVD,A_Chempax_EVD,Ac,DetailAccount,Everyone,55-00-64132420-,TransformOneToOne,PRIMES EXC ENCADREME,6210040,false,
EVD,A_Chempax_EVD,A_Chempax_EVD,Ac,DetailAccount,Everyone,55-00-64132420-2095,TransformOneToOne,Restructuring Bonuses,6210000,false,
EVD,A_Chempax_EVD,A_Chempax_EVD,Ac,DetailAccount,Everyone,55-00-64132430-,TransformOneToOne,PRIMES EXC ADMINISTR,6210040,false,
EVD,A_Chempax_EVD,A_Chempax_EVD,Ac,DetailAccount,Everyone,55-00-64132440-,TransformOneToOne,PRIMES EXC COMMERCIA,6210040,false,
EVD,A_Chempax_EVD,A_Chempax_EVD,Ac,DetailAccount,Everyone,55-00-64132520-,TransformOneToOne,RSU ENCADREMENT,6210000,false,
EVD,A_Chempax_EVD,A_Chempax_EVD,Ac,DetailAccount,Everyone,55-00-64132530-,TransformOneToOne,RSU ADMINISTRATIF,6210000,false,
EVD,A_Chempax_EVD,A_Chempax_EVD,Ac,DetailAccount,Everyone,55-00-64140000-,TransformOneToOne,CHGS PERS COMPL PREV,6210010,false,
EVD,A_Chempax_EVD,A_Chempax_EVD,Ac,DetailAccount,Everyone,55-00-64140100-,TransformOneToOne,INDEMNITE LICEN RETR,6210020,false,
EVD,A_Chempax_EVD,A_Chempax_EVD,Ac,DetailAccount,Everyone,55-00-64148000-,TransformOneToOne,VETEMENTS TRAVAIL,6410040,false,
EVD,A_Chempax_EVD,A_Chempax_EVD,Ac,DetailAccount,Everyone,55-00-64148100-,TransformOneToOne,NETTOYAGES BLOUSES,6310040,false,
EVD,A_Chempax_EVD,A_Chempax_EVD,Ac,DetailAccount,Everyone,55-00-64183000-,TransformOneToOne,Avantage en nature C,6210160,false,
EVD,A_Chempax_EVD,A_Chempax_EVD,Ac,DetailAccount,Everyone,55-00-64511000-,TransformOneToOne,CHARGES SALAIRES,6210110,false,
EVD,A_Chempax_EVD,A_Chempax_EVD,Ac,DetailAccount,Everyone,55-00-64511000-2070,TransformOneToOne,CHARGES SALAIRES,6210110,false,
EVD,A_Chempax_EVD,A_Chempax_EVD,Ac,DetailAccount,Everyone,55-00-64511800-,TransformOneToOne,CHGS PROV SALAIRES,6210110,false,
EVD,A_Chempax_EVD,A_Chempax_EVD,Ac,DetailAccount,Everyone,55-00-64512000-,TransformOneToOne,CHGS ENCADREMENT,6210110,false,
EVD,A_Chempax_EVD,A_Chempax_EVD,Ac,DetailAccount,Everyone,55-00-64512000-2070,TransformOneToOne,CHGS ENCADREMENT,6210110,false,
EVD,A_Chempax_EVD,A_Chempax_EVD,Ac,DetailAccount,Everyone,55-00-64512800-,TransformOneToOne,CHGS PROV ENCADREMEN,6210110,false,
EVD,A_Chempax_EVD,A_Chempax_EVD,Ac,DetailAccount,Everyone,55-00-64513000-,TransformOneToOne,CHGS ADMINISTRATIF,6210080,false,
EVD,A_Chempax_EVD,A_Chempax_EVD,Ac,DetailAccount,Everyone,55-00-64513800-,TransformOneToOne,CHGS PROV ADMINISTRA,6210080,false,
EVD,A_Chempax_EVD,A_Chempax_EVD,Ac,DetailAccount,Everyone,55-00-64514000-,TransformOneToOne,CHGS COMMERCIAL,6210080,false,
EVD,A_Chempax_EVD,A_Chempax_EVD,Ac,DetailAccount,Everyone,55-00-64514800-,TransformOneToOne,CHGS PROV COMMERCIAL,6210080,false,
EVD,A_Chempax_EVD,A_Chempax_EVD,Ac,DetailAccount,Everyone,55-00-64720000-,TransformOneToOne,CE et Tickets restau,6210010,false,
EVD,A_Chempax_EVD,A_Chempax_EVD,Ac,DetailAccount,Everyone,55-00-64730000-,TransformOneToOne,ALLOCATION FORMATION,6210150,false,
EVD,A_Chempax_EVD,A_Chempax_EVD,Ac,DetailAccount,Everyone,55-00-64740000-,TransformOneToOne,SECURITE,6310100,false,
EVD,A_Chempax_EVD,A_Chempax_EVD,Ac,DetailAccount,Everyone,55-00-64750000-,TransformOneToOne,MEDECINE PHARMACIE S,6410040,false,
EVD,A_Chempax_EVD,A_Chempax_EVD,Ac,DetailAccount,Everyone,55-00-64900000-,TransformOneToOne,CREDIT IMPOTS  CICE,8610000,false,
EVD,A_Chempax_EVD,A_Chempax_EVD,Ac,DetailAccount,Everyone,55-00-65110000-,TransformOneToOne,REDEVANCE DE MARQUE,6430030,false,
EVD,A_Chempax_EVD,A_Chempax_EVD,Ac,DetailAccount,Everyone,55-00-65400000-,TransformOneToOne,CREANCES IRRECOUVRAB,6430020,false,
EVD,A_Chempax_EVD,A_Chempax_EVD,Ac,DetailAccount,Everyone,55-00-66111000-,TransformOneToOne,INTERETS EMPRUNTS,8410800,false,
EVD,A_Chempax_EVD,A_Chempax_EVD,Ac,DetailAccount,Everyone,55-00-66116000-,TransformOneToOne,INTERETS EMPRUNT FLA,8410800,false,
EVD,A_Chempax_EVD,A_Chempax_EVD,Ac,DetailAccount,Everyone,55-00-66118000-,TransformOneToOne,Interets emprunt fac,8410800,false,
EVD,A_Chempax_EVD,A_Chempax_EVD,Ac,DetailAccount,Everyone,55-00-66160000-,TransformOneToOne,INTERETS BANCAIRES,8410100,false,
EVD,A_Chempax_EVD,A_Chempax_EVD,Ac,DetailAccount,Everyone,55-00-66500000-,TransformOneToOne,ESCOMPTES ACCORDES,8160100,false,
EVD,A_Chempax_EVD,A_Chempax_EVD,Ac,DetailAccount,Everyone,55-00-66600000-,TransformOneToOne,PERTES DE CHANGE,8110100,false,
EVD,A_Chempax_EVD,A_Chempax_EVD,Ac,DetailAccount,Everyone,55-00-67100000-,TransformOneToOne,CHARGES DIVERSES,8190100,false,
EVD,A_Chempax_EVD,A_Chempax_EVD,Ac,DetailAccount,Everyone,55-00-67110000-,TransformOneToOne,DIFFRENCE DE FAIBLE,6610070,false,
EVD,A_Chempax_EVD,A_Chempax_EVD,Ac,DetailAccount,Everyone,55-00-67200000-,TransformOneToOne,CHARGES EXERCICES AN,6610070,false,
EVD,A_Chempax_EVD,A_Chempax_EVD,Ac,DetailAccount,Everyone,55-00-67500000-,TransformOneToOne,VNC CESSION IMMOS,6720000,false,
EVD,A_Chempax_EVD,A_Chempax_EVD,Ac,DetailAccount,Everyone,55-00-67500000-0000,TransformOneToOne,VNC CESSION IMMOS,6720000,false,
EVD,A_Chempax_EVD,A_Chempax_EVD,Ac,DetailAccount,Everyone,55-00-67560000-,TransformOneToOne,IMMOBILISATIONS FINA,8190100,false,
EVD,A_Chempax_EVD,A_Chempax_EVD,Ac,DetailAccount,Everyone,55-00-68110000-,TransformOneToOne,DOT AMTS IMMOS,6710000,false,
EVD,A_Chempax_EVD,A_Chempax_EVD,Ac,DetailAccount,Everyone,55-00-68110000-2070,TransformOneToOne,DOT AMTS IMMOS,6710000,false,
EVD,A_Chempax_EVD,A_Chempax_EVD,Ac,DetailAccount,Everyone,55-00-68150000-,TransformOneToOne,PROVISION CHARGES,6120030,false,
EVD,A_Chempax_EVD,A_Chempax_EVD,Ac,DetailAccount,Everyone,55-00-68173000-,TransformOneToOne,PROV DEPR STOCKS,6020020,false,
EVD,A_Chempax_EVD,A_Chempax_EVD,Ac,DetailAccount,Everyone,55-00-68173100-,TransformOneToOne,PROVISION LOWER COST,6020020,false,
EVD,A_Chempax_EVD,A_Chempax_EVD,Ac,DetailAccount,Everyone,55-00-68174000-,TransformOneToOne,PROVISIONS POUR CDL,6610060,false,
EVD,A_Chempax_EVD,A_Chempax_EVD,Ac,DetailAccount,Everyone,55-00-68650000-,TransformOneToOne,PROV PERTES CHGS,8110200,false,
EVD,A_Chempax_EVD,A_Chempax_EVD,Ac,DetailAccount,Everyone,55-00-69100000-,TransformOneToOne,IMPOTS SUR LES SOCIE,8610000,false,
EVD,A_Chempax_EVD,A_Chempax_EVD,Ac,DetailAccount,Everyone,55-00-69500000-,TransformOneToOne,PARTICIPATION,6210120,false,
EVD,A_Chempax_EVD,A_Chempax_EVD,Ac,DetailAccount,Everyone,55-00-69900000-,TransformOneToOne,Produit report arrie,8610000,false,
EVD,A_Chempax_EVD,A_Chempax_EVD,Ac,DetailAccount,Everyone,55-00-70111000-,TransformOneToOne,VENTES PRODUITS REGL,4000010,true,
EVD,A_Chempax_EVD,A_Chempax_EVD,Ac,DetailAccount,Everyone,55-00-70111010-,TransformOneToOne,VENTES MAGNASWEET,4000010,true,
EVD,A_Chempax_EVD,A_Chempax_EVD,Ac,DetailAccount,Everyone,55-00-70111100-,TransformOneToOne,VENTES INTERCOMPAGNI,4800000,true,
EVD,A_Chempax_EVD,A_Chempax_EVD,Ac,DetailAccount,Everyone,55-00-70111200-,TransformOneToOne,VENTES INTERCO CHINA,4800000,true,
EVD,A_Chempax_EVD,A_Chempax_EVD,Ac,DetailAccount,Everyone,55-00-70114000-,TransformOneToOne,VENTES EXPORT,4000010,true,
EVD,A_Chempax_EVD,A_Chempax_EVD,Ac,DetailAccount,Everyone,55-00-70114500-,TransformOneToOne,VENTES EVD/UK,4800000,true,
EVD,A_Chempax_EVD,A_Chempax_EVD,Ac,DetailAccount,Everyone,55-00-70731000-,TransformOneToOne,REVENTES,4000010,true,
EVD,A_Chempax_EVD,A_Chempax_EVD,Ac,DetailAccount,Everyone,55-00-70731200-,TransformOneToOne,REVENTES INTERCOMPAG,4800000,true,
EVD,A_Chempax_EVD,A_Chempax_EVD,Ac,DetailAccount,Everyone,55-00-70850000-,TransformOneToOne,TRANSPORT REFACTURAT,4000010,true,
EVD,A_Chempax_EVD,A_Chempax_EVD,Ac,DetailAccount,Everyone,55-00-70851000-,TransformOneToOne,TRANSPORT,4000010,true,
EVD,A_Chempax_EVD,A_Chempax_EVD,Ac,DetailAccount,Everyone,55-00-70881000-,TransformOneToOne,VENTES DIVERSES,4000010,true,
EVD,A_Chempax_EVD,A_Chempax_EVD,Ac,DetailAccount,Everyone,55-00-71350000-2010,TransformOneToOne,VAR-BROYAGE,6030020,false,
EVD,A_Chempax_EVD,A_Chempax_EVD,Ac,DetailAccount,Everyone,55-00-71350000-2015,TransformOneToOne,VAR-EXTRACTION,6030020,false,
EVD,A_Chempax_EVD,A_Chempax_EVD,Ac,DetailAccount,Everyone,55-00-71350000-2020,TransformOneToOne,VAR-EVAPORATION,6030020,false,
EVD,A_Chempax_EVD,A_Chempax_EVD,Ac,DetailAccount,Everyone,55-00-71350000-2025,TransformOneToOne,VAR-ATOMISEUR,6020035,false,
EVD,A_Chempax_EVD,A_Chempax_EVD,Ac,DetailAccount,Everyone,55-00-71350000-2026,TransformOneToOne,VAR-GROSSE GRANULOM,6030020,false,
EVD,A_Chempax_EVD,A_Chempax_EVD,Ac,DetailAccount,Everyone,55-00-71350000-2030,TransformOneToOne,VAR-BLOCS CUSSON,6020035,false,
EVD,A_Chempax_EVD,A_Chempax_EVD,Ac,DetailAccount,Everyone,55-00-71350000-2031,TransformOneToOne,VAR-BLOCKS EMBALLAG,6030020,false,
EVD,A_Chempax_EVD,A_Chempax_EVD,Ac,DetailAccount,Everyone,55-00-71350000-2035,TransformOneToOne,VAR-REFONTE,6020035,false,
EVD,A_Chempax_EVD,A_Chempax_EVD,Ac,DetailAccount,Everyone,55-00-71350000-2040,TransformOneToOne,VAR-MELANGE POUDRES,6020035,false,
EVD,A_Chempax_EVD,A_Chempax_EVD,Ac,DetailAccount,Everyone,55-00-71350000-2045,TransformOneToOne,VAR-DOGAGE,6030020,false,
EVD,A_Chempax_EVD,A_Chempax_EVD,Ac,DetailAccount,Everyone,55-00-71350000-2048,TransformOneToOne,VAR-LIQUIDES EMBALLA,6020035,false,
EVD,A_Chempax_EVD,A_Chempax_EVD,Ac,DetailAccount,Everyone,55-00-71350000-2049,TransformOneToOne,VAR-CENTRIFUGATION,6030020,false,
EVD,A_Chempax_EVD,A_Chempax_EVD,Ac,DetailAccount,Everyone,55-00-71350000-2050,TransformOneToOne,VAR-FRAIS GN USE(OH),6030020,false,
EVD,A_Chempax_EVD,A_Chempax_EVD,Ac,DetailAccount,Everyone,55-00-71351000-2060,TransformOneToOne,VAR PROD REGUL-COGS,5000000,false,
EVD,A_Chempax_EVD,A_Chempax_EVD,Ac,DetailAccount,Everyone,55-00-71351010-,TransformOneToOne,VAR PROD FIN-MFG VAR,6030020,false,
EVD,A_Chempax_EVD,A_Chempax_EVD,Ac,DetailAccount,Everyone,55-00-71351011-,TransformOneToOne,VAR PROD FIN-STD STD,6030020,false,
EVD,A_Chempax_EVD,A_Chempax_EVD,Ac,DetailAccount,Everyone,55-00-71352000-2060,TransformOneToOne,VAR MAGNASWT-COGS,5000000,false,
EVD,A_Chempax_EVD,A_Chempax_EVD,Ac,DetailAccount,Everyone,55-00-71352000-2070,TransformOneToOne,Magnasweet Absorption,6020035,false,
EVD,A_Chempax_EVD,A_Chempax_EVD,Ac,DetailAccount,Everyone,55-00-71352010-,TransformOneToOne,VAR MAGNAST-MFG VAR,6030020,false,
EVD,A_Chempax_EVD,A_Chempax_EVD,Ac,DetailAccount,Everyone,55-00-71353000-2060,TransformOneToOne,VAR-DIVERCES-COGS,5000000,false,
EVD,A_Chempax_EVD,A_Chempax_EVD,Ac,DetailAccount,Everyone,55-00-71354000-2060,TransformOneToOne,VAR-INTERCOMPANY-COG,5800000,false,
EVD,A_Chempax_EVD,A_Chempax_EVD,Ac,DetailAccount,Everyone,55-00-71354100-2060,TransformOneToOne,VAR INTERCO CHINA CO,5800000,false,
EVD,A_Chempax_EVD,A_Chempax_EVD,Ac,DetailAccount,Everyone,55-00-71355301-,TransformOneToOne,VAR ST ENCOR-MFG VAR,6030020,false,
EVD,A_Chempax_EVD,A_Chempax_EVD,Ac,DetailAccount,Everyone,55-00-74000000-,TransformOneToOne,SUBVENTIONS EXPLOITA,4005990,true,
EVD,A_Chempax_EVD,A_Chempax_EVD,Ac,DetailAccount,Everyone,55-00-76260000-,TransformOneToOne,Revenus des prêts In,8410800,false,
EVD,A_Chempax_EVD,A_Chempax_EVD,Ac,DetailAccount,Everyone,55-00-76270000-,TransformOneToOne,Intérêt prêt MAFCO,8410800,false,
EVD,A_Chempax_EVD,A_Chempax_EVD,Ac,DetailAccount,Everyone,55-00-76380100-,TransformOneToOne,REVENUS BANQUES,8410100,false,
EVD,A_Chempax_EVD,A_Chempax_EVD,Ac,DetailAccount,Everyone,55-00-76500000-,TransformOneToOne,ESCOMPTES RECUS,4100010,true,
EVD,A_Chempax_EVD,A_Chempax_EVD,Ac,DetailAccount,Everyone,55-00-76600000-,TransformOneToOne,GAINS DE CHANGE,8110100,false,
EVD,A_Chempax_EVD,A_Chempax_EVD,Ac,DetailAccount,Everyone,55-00-76800000-,TransformOneToOne,AUTRE PRODUITS FINAN,8410100,false,
EVD,A_Chempax_EVD,A_Chempax_EVD,Ac,DetailAccount,Everyone,55-00-77100000-,TransformOneToOne,PRODUITS DE GESTION,8190100,false,
EVD,A_Chempax_EVD,A_Chempax_EVD,Ac,DetailAccount,Everyone,55-00-77110000-,TransformOneToOne,PROD GESTION 2007,8190100,false,
EVD,A_Chempax_EVD,A_Chempax_EVD,Ac,DetailAccount,Everyone,55-00-77200000-,TransformOneToOne,PRODUITS EXERCICES A,8190100,false,
EVD,A_Chempax_EVD,A_Chempax_EVD,Ac,DetailAccount,Everyone,55-00-77500000-,TransformOneToOne,PRODUITS DE CESSION,6720000,false,
EVD,A_Chempax_EVD,A_Chempax_EVD,Ac,DetailAccount,Everyone,55-00-77710000-,TransformOneToOne,QUOTE PART SUBVENTIO,8190100,false,
EVD,A_Chempax_EVD,A_Chempax_EVD,Ac,DetailAccount,Everyone,55-00-77881000-,TransformOneToOne,CHANGEMENT EVAL STOC,6030030,false,
EVD,A_Chempax_EVD,A_Chempax_EVD,Ac,DetailAccount,Everyone,55-00-78110000-,TransformOneToOne,REPRISE PROVISION DE,8190100,false,
EVD,A_Chempax_EVD,A_Chempax_EVD,Ac,DetailAccount,Everyone,55-00-78150000-,TransformOneToOne,REPRISE PROVISION,8190100,false,
EVD,A_Chempax_EVD,A_Chempax_EVD,Ac,DetailAccount,Everyone,55-00-78151000-,TransformOneToOne,REPR PROV CH CP,6210010,false,
EVD,A_Chempax_EVD,A_Chempax_EVD,Ac,DetailAccount,Everyone,55-00-78173000-,TransformOneToOne,REPRISE PROV STOCKS,6020020,false,
EVD,A_Chempax_EVD,A_Chempax_EVD,Ac,DetailAccount,Everyone,55-00-78174000-,TransformOneToOne,REPRISE PROVISIONS C,6610060,false,
EVD,A_Chempax_EVD,A_Chempax_EVD,Ac,DetailAccount,Everyone,55-00-78650000-,TransformOneToOne,REPR DIF CONVERSION,8110200,false,
EVD,A_Chempax_EVD,A_Chempax_EVD,Ac,DetailAccount,Everyone,55-00-7910000-,TransformOneToOne,Transfert de charge,6210150,false,
EVD,A_Chempax_EVD,A_Chempax_EVD,Ac,DetailAccount,Everyone,55-00-79100000-,TransformOneToOne,TRANSFERTS DE CHARGE,6210150,false,
EVD,A_Chempax_EVD,A_Chempax_EVD,Ac,DetailAccount,Everyone,55-00-79100010-,TransformOneToOne,Interco Transfert de,8210100,false,
EVD,A_Chempax_EVD,A_Chempax_EVD,Ac,DetailAccount,Everyone,55-00-79100110-,TransformOneToOne,Transfert de charge ,6210150,false,
EVD,A_Chempax_EVD,A_Chempax_EVD,Ac,DetailAccount,Everyone,55-00-79100130-,TransformOneToOne,Education/Training,6210150,false,
EVD,A_Chempax_EVD,A_Chempax_EVD,Ac,DetailAccount,Everyone,55-00-79100140-,TransformOneToOne,Transfert de charge,6210150,false,
EVD,A_Chempax_EVD,A_Chempax_EVD,Ac,DetailAccount,Everyone,55-00-99999999-,TransformOneToOne,CPTE A ANALYSER,8190100,false,
EVD,A_Chempax_EVD,A_Chempax_EVD,Ac,DetailAccount,Everyone,57-00-10100000-,TransformOneToOne,CAPITAL SOCIAL,3101000,true,
EVD,A_Chempax_EVD,A_Chempax_EVD,Ac,DetailAccount,Everyone,57-00-10610000-,TransformOneToOne,RESERVE LEGALE,3101000,true,
EVD,A_Chempax_EVD,A_Chempax_EVD,Ac,DetailAccount,Everyone,57-00-10680000-,TransformOneToOne,RESERVES FACULTATIVE,3101000,true,
EVD,A_Chempax_EVD,A_Chempax_EVD,Ac,DetailAccount,Everyone,57-00-11000000-,TransformOneToOne,REPORT A NOUVEAU POS,3101000,true,
EVD,A_Chempax_EVD,A_Chempax_EVD,Ac,DetailAccount,Everyone,57-00-12000000-,TransformOneToOne,BENEFICE EXERCICE,3507000,true,
EVD,A_Chempax_EVD,A_Chempax_EVD,Ac,DetailAccount,Everyone,57-00-26100000-,TransformOneToOne,TITRES PARTICIPATION,1700900,false,
EVD,A_Chempax_EVD,A_Chempax_EVD,Ac,DetailAccount,Everyone,57-00-40100000-,TransformOneToOne,FOURNISSEURS,2150000,true,
EVD,A_Chempax_EVD,A_Chempax_EVD,Ac,DetailAccount,Everyone,57-00-40800000-,TransformOneToOne,FACTURES A RECEVOIR,2150020,true,
EVD,A_Chempax_EVD,A_Chempax_EVD,Ac,DetailAccount,Everyone,57-00-41100000-,TransformOneToOne,CLIENTS,1150000,false,
EVD,A_Chempax_EVD,A_Chempax_EVD,Ac,DetailAccount,Everyone,57-00-44400000-,TransformOneToOne,ETAT IMPOT STES,2310690,true,
EVD,A_Chempax_EVD,A_Chempax_EVD,Ac,DetailAccount,Everyone,57-00-44566030-,TransformOneToOne,TVA BIENS MARS,1300620,false,
EVD,A_Chempax_EVD,A_Chempax_EVD,Ac,DetailAccount,Everyone,57-00-44566040-,TransformOneToOne,TVABIENS AVRIL,1300620,false,
EVD,A_Chempax_EVD,A_Chempax_EVD,Ac,DetailAccount,Everyone,57-00-44580000-,TransformOneToOne,TVA REMBST DEMANDE,1300620,false,
EVD,A_Chempax_EVD,A_Chempax_EVD,Ac,DetailAccount,Everyone,57-00-44700000-,TransformOneToOne,TAXE PROFESSION,2310600,true,
EVD,A_Chempax_EVD,A_Chempax_EVD,Ac,DetailAccount,Everyone,57-00-45500000-,TransformOneToOne,MAFCO CPTE COURANT,2381000,true,
EVD,A_Chempax_EVD,A_Chempax_EVD,Ac,DetailAccount,Everyone,57-00-45510000-,TransformOneToOne,EVD CPTE COURANT,2381000,true,
EVD,A_Chempax_EVD,A_Chempax_EVD,Ac,DetailAccount,Everyone,57-00-50310000-,TransformOneToOne,ACTIONS TITRES COTES,1700900,false,
EVD,A_Chempax_EVD,A_Chempax_EVD,Ac,DetailAccount,Everyone,57-00-50880000-,TransformOneToOne,INTRS COURUS S/PLAC,1700900,false,
EVD,A_Chempax_EVD,A_Chempax_EVD,Ac,DetailAccount,Everyone,57-00-51250000-,TransformOneToOne,BNP PARIBAS,1100000,false,
EVD,A_Chempax_EVD,A_Chempax_EVD,Ac,DetailAccount,Everyone,57-00-51255000-,TransformOneToOne,BNP PARIBAS DEVISES,1100000,false,
EVD,A_Chempax_EVD,A_Chempax_EVD,Ac,DetailAccount,Everyone,57-00-51256000-,TransformOneToOne,DEPOT A TERME,1870700,false,
EVD,A_Chempax_EVD,A_Chempax_EVD,Ac,DetailAccount,Everyone,57-00-58000000-,TransformOneToOne,VRTS INTERNES,1100000,false,
EVD,A_Chempax_EVD,A_Chempax_EVD,Ac,DetailAccount,Everyone,57-00-62260000-,TransformOneToOne,HONORAIRES,6310100,false,
EVD,A_Chempax_EVD,A_Chempax_EVD,Ac,DetailAccount,Everyone,57-00-62270000-,TransformOneToOne,FRAIS ACTES,6610000,false,
EVD,A_Chempax_EVD,A_Chempax_EVD,Ac,DetailAccount,Everyone,57-00-62700000-,TransformOneToOne,FRAIS BANCAIRES,6610140,false,
EVD,A_Chempax_EVD,A_Chempax_EVD,Ac,DetailAccount,Everyone,57-00-63511000-,TransformOneToOne,TAXE PROFESSIONNELLE,6420020,false,
EVD,A_Chempax_EVD,A_Chempax_EVD,Ac,DetailAccount,Everyone,57-00-63512000-,TransformOneToOne,CONTRIBUTION TX FONC,6420020,false,
EVD,A_Chempax_EVD,A_Chempax_EVD,Ac,DetailAccount,Everyone,57-00-66110000-,TransformOneToOne,INTERETS EMPRUNTS,8160100,false,
EVD,A_Chempax_EVD,A_Chempax_EVD,Ac,DetailAccount,Everyone,57-00-66160000-,TransformOneToOne,INTERETS BANCAIRES,8410100,false,
EVD,A_Chempax_EVD,A_Chempax_EVD,Ac,DetailAccount,Everyone,57-00-66600000-,TransformOneToOne,PERTES DE CHANGE,8110100,false,
EVD,A_Chempax_EVD,A_Chempax_EVD,Ac,DetailAccount,Everyone,57-00-67100000-,TransformOneToOne,CHARGES DIVERSES,6610070,false,
EVD,A_Chempax_EVD,A_Chempax_EVD,Ac,DetailAccount,Everyone,57-00-69100000-,TransformOneToOne,IMPOTS SUR LES SOCIE,8610000,false,
EVD,A_Chempax_EVD,A_Chempax_EVD,Ac,DetailAccount,Everyone,57-00-69500000-,TransformOneToOne,IMPOTS BENEFICE,8610000,false,
EVD,A_Chempax_EVD,A_Chempax_EVD,Ac,DetailAccount,Everyone,57-00-76100000-,TransformOneToOne,PRODUITS DE PARTICIP,4005990,true,
EVD,A_Chempax_EVD,A_Chempax_EVD,Ac,DetailAccount,Everyone,57-00-76380100-,TransformOneToOne,REVENUS BANQUES,8410100,false,
EVD,A_Chempax_EVD,A_Chempax_EVD,Ac,DetailAccount,Everyone,57-00-76600000-,TransformOneToOne,GAINS DE CHANGE,8110100,false,
EVD,A_Chempax_EVD,A_Chempax_EVD,Ac,DetailAccount,Everyone,57-00-77100000-,TransformOneToOne,PRODUITS DE GESTION,8190100,false,
EVD,A_Chempax_EVD,A_Chempax_EVD,Ac,DetailAccount,Everyone,60-00-10600001-,TransformOneToOne,Op Lease Liability n,2701000,true,
EVD,A_Chempax_EVD,A_Chempax_EVD,Ac,DetailAccount,Everyone,60-00-10600002-,TransformOneToOne,"Intangible LI, non c",2701900,true,
EVD,A_Chempax_EVD,A_Chempax_EVD,Ac,DetailAccount,Everyone,60-00-10680000-,TransformOneToOne,RESERVES FACULTATIVE,3500000,true,
EVD,A_Chempax_EVD,A_Chempax_EVD,Ac,DetailAccount,Everyone,60-00-10690000-,TransformOneToOne,Additional Contributed Capital,3101000,true,
EVD,A_Chempax_EVD,A_Chempax_EVD,Ac,DetailAccount,Everyone,60-00-10700000-,TransformOneToOne,I/C Dividends Declared,3508500,true,
EVD,A_Chempax_EVD,A_Chempax_EVD,Ac,DetailAccount,Everyone,60-00-12000000-,TransformOneToOne,BENEFICE EXERCICE,3500000,true,
EVD,A_Chempax_EVD,A_Chempax_EVD,Ac,DetailAccount,Everyone,60-00-12000001-,TransformOneToOne,Op Lease Liability c,2201000,true,
EVD,A_Chempax_EVD,A_Chempax_EVD,Ac,DetailAccount,Everyone,60-00-12000002-,TransformOneToOne,Intangible Liability,2201900,true,
EVD,A_Chempax_EVD,A_Chempax_EVD,Ac,DetailAccount,Everyone,60-00-20500010-,TransformOneToOne,REACH,1520000,false,
EVD,A_Chempax_EVD,A_Chempax_EVD,Ac,DetailAccount,Everyone,60-00-20700001-,TransformOneToOne,Intangible Customer,1721000,false,
EVD,A_Chempax_EVD,A_Chempax_EVD,Ac,DetailAccount,Everyone,60-00-20700002-,TransformOneToOne,Intangible Altria Co,1729000,false,
EVD,A_Chempax_EVD,A_Chempax_EVD,Ac,DetailAccount,Everyone,60-00-20700003-,TransformOneToOne,Intangible - Formula,1729000,false,
EVD,A_Chempax_EVD,A_Chempax_EVD,Ac,DetailAccount,Everyone,60-00-20700004-,TransformOneToOne,Intangible Assets -,1729000,false,
EVD,A_Chempax_EVD,A_Chempax_EVD,Ac,DetailAccount,Everyone,60-00-20800000-,TransformOneToOne,LOGICIELS,1521000,false,
EVD,A_Chempax_EVD,A_Chempax_EVD,Ac,DetailAccount,Everyone,60-00-20800010-,TransformOneToOne,GOODWILL,1710000,false,
EVD,A_Chempax_EVD,A_Chempax_EVD,Ac,DetailAccount,Everyone,60-00-21150000-,TransformOneToOne,TERRAINS,1500000,false,
EVD,A_Chempax_EVD,A_Chempax_EVD,Ac,DetailAccount,Everyone,60-00-21310000-,TransformOneToOne,BATIMENTS,1530000,false,
EVD,A_Chempax_EVD,A_Chempax_EVD,Ac,DetailAccount,Everyone,60-00-21310050-,TransformOneToOne,Fixed Asset USGAAP b,1530000,false,
EVD,A_Chempax_EVD,A_Chempax_EVD,Ac,DetailAccount,Everyone,60-00-21350000-,TransformOneToOne,INSTALLATIONS GENERA,1530000,false,
EVD,A_Chempax_EVD,A_Chempax_EVD,Ac,DetailAccount,Everyone,60-00-21540000-,TransformOneToOne,MATERIEL INDUSTRIEL,1520000,false,
EVD,A_Chempax_EVD,A_Chempax_EVD,Ac,DetailAccount,Everyone,60-00-21540050-,TransformOneToOne,MATERIEL REEVALUE,1520000,false,
EVD,A_Chempax_EVD,A_Chempax_EVD,Ac,DetailAccount,Everyone,60-00-21820000-,TransformOneToOne,VEHICULES,1520050,false,
EVD,A_Chempax_EVD,A_Chempax_EVD,Ac,DetailAccount,Everyone,60-00-21830000-,TransformOneToOne,MATERIEL BUREAU,1520010,false,
EVD,A_Chempax_EVD,A_Chempax_EVD,Ac,DetailAccount,Everyone,60-00-21830050-,TransformOneToOne,MATERIEL BUREAU REEV,1520010,false,
EVD,A_Chempax_EVD,A_Chempax_EVD,Ac,DetailAccount,Everyone,60-00-21840000-,TransformOneToOne,MOBILIER BUREAU,1520030,false,
EVD,A_Chempax_EVD,A_Chempax_EVD,Ac,DetailAccount,Everyone,60-00-21880000-,TransformOneToOne,LEASE ORIGINAL VALUE,1701000,false,
EVD,A_Chempax_EVD,A_Chempax_EVD,Ac,DetailAccount,Everyone,60-00-23100000-,TransformOneToOne,"IFRS EVD , IMMO EN COURS/ASSET IN PROGRESS",1510000,false,
EVD,A_Chempax_EVD,A_Chempax_EVD,Ac,DetailAccount,Everyone,60-00-23117210-,TransformOneToOne,Divers Batiment,1510000,false,
EVD,A_Chempax_EVD,A_Chempax_EVD,Ac,DetailAccount,Everyone,60-00-26110000-,TransformOneToOne,TITRES DE PARTICIPAT,1700900,false,
EVD,A_Chempax_EVD,A_Chempax_EVD,Ac,DetailAccount,Everyone,60-00-28050000-,TransformOneToOne,AMORTISSEMENT BREVET,1560000,false,
EVD,A_Chempax_EVD,A_Chempax_EVD,Ac,DetailAccount,Everyone,60-00-28070001-,TransformOneToOne,Amortization - Custu,1721050,false,
EVD,A_Chempax_EVD,A_Chempax_EVD,Ac,DetailAccount,Everyone,60-00-28070002-,TransformOneToOne,Amortization -Altria,1729050,false,
EVD,A_Chempax_EVD,A_Chempax_EVD,Ac,DetailAccount,Everyone,60-00-28070003-,TransformOneToOne,Amortization -Formul,1729050,false,
EVD,A_Chempax_EVD,A_Chempax_EVD,Ac,DetailAccount,Everyone,60-00-28070004-,TransformOneToOne,Amortization Tradema,1720050,false,
EVD,A_Chempax_EVD,A_Chempax_EVD,Ac,DetailAccount,Everyone,60-00-28080000-,TransformOneToOne,AMORT LOGICIELS,1561000,false,
EVD,A_Chempax_EVD,A_Chempax_EVD,Ac,DetailAccount,Everyone,60-00-28080010-,TransformOneToOne,DEPRECIATION GOODWIL,1710050,false,
EVD,A_Chempax_EVD,A_Chempax_EVD,Ac,DetailAccount,Everyone,60-00-28131000-,TransformOneToOne,AMORT CONSTRUCT,1570000,false,
EVD,A_Chempax_EVD,A_Chempax_EVD,Ac,DetailAccount,Everyone,60-00-28131000-2070,TransformOneToOne,AMORT CONSTRUCT,1570000,false,
EVD,A_Chempax_EVD,A_Chempax_EVD,Ac,DetailAccount,Everyone,60-00-28131050-,TransformOneToOne,Depreciation USGAAP,1560000,false,
EVD,A_Chempax_EVD,A_Chempax_EVD,Ac,DetailAccount,Everyone,60-00-28131050-0001,TransformOneToOne,Depreciation USGAAP,1560000,false,
EVD,A_Chempax_EVD,A_Chempax_EVD,Ac,DetailAccount,Everyone,60-00-28131050-2070,TransformOneToOne,Depreciation USGAAP,1560000,false,
EVD,A_Chempax_EVD,A_Chempax_EVD,Ac,DetailAccount,Everyone,60-00-28135000-,TransformOneToOne,AMORT AGENCEMEN,1570000,false,
EVD,A_Chempax_EVD,A_Chempax_EVD,Ac,DetailAccount,Everyone,60-00-28135000-2070,TransformOneToOne,AMORT AGENCEMEN,1570000,false,
EVD,A_Chempax_EVD,A_Chempax_EVD,Ac,DetailAccount,Everyone,60-00-28154000-,TransformOneToOne,AMORT MATERIEL,1560000,false,
EVD,A_Chempax_EVD,A_Chempax_EVD,Ac,DetailAccount,Everyone,60-00-28154000-2070,TransformOneToOne,AMORT MATERIEL,1560000,false,
EVD,A_Chempax_EVD,A_Chempax_EVD,Ac,DetailAccount,Everyone,60-00-28154050-,TransformOneToOne,AMORT MAT REEVA,1560000,false,
EVD,A_Chempax_EVD,A_Chempax_EVD,Ac,DetailAccount,Everyone,60-00-28182000-,TransformOneToOne,AMORT VEHICULES,1560050,false,
EVD,A_Chempax_EVD,A_Chempax_EVD,Ac,DetailAccount,Everyone,60-00-28183000-,TransformOneToOne,AMORT MAT BUREAU,1560010,false,
EVD,A_Chempax_EVD,A_Chempax_EVD,Ac,DetailAccount,Everyone,60-00-28183050-,TransformOneToOne,AMORT MAT BUR REEV,1560010,false,
EVD,A_Chempax_EVD,A_Chempax_EVD,Ac,DetailAccount,Everyone,60-00-28184000-,TransformOneToOne,AMORT MOBILIER,1560030,false,
EVD,A_Chempax_EVD,A_Chempax_EVD,Ac,DetailAccount,Everyone,60-00-28186000-,TransformOneToOne,AMORT EMBAL REC,1599000,false,
EVD,A_Chempax_EVD,A_Chempax_EVD,Ac,DetailAccount,Everyone,60-00-28188000-,TransformOneToOne,Accuumated amort lea,1570020,false,
EVD,A_Chempax_EVD,A_Chempax_EVD,Ac,DetailAccount,Everyone,60-00-39550000-,TransformOneToOne,PROV DEPRE P F,1203520,false,
EVD,A_Chempax_EVD,A_Chempax_EVD,Ac,DetailAccount,Everyone,60-00-39551000-,TransformOneToOne,INVENTORY PROVISION,1203000,false,
EVD,A_Chempax_EVD,A_Chempax_EVD,Ac,DetailAccount,Everyone,60-00-41130000-,TransformOneToOne,Miscellaneous Receivables,1150000,false,
EVD,A_Chempax_EVD,A_Chempax_EVD,Ac,DetailAccount,Everyone,60-00-41700000-,TransformOneToOne,A/R Other,1150000,false,
EVD,A_Chempax_EVD,A_Chempax_EVD,Ac,DetailAccount,Everyone,60-00-44400000-,TransformOneToOne,ETAT IMPOT STES,2310690,true,
EVD,A_Chempax_EVD,A_Chempax_EVD,Ac,DetailAccount,Everyone,60-00-46329000-,TransformOneToOne,AUTRES CREDITEURS,2150000,true,
EVD,A_Chempax_EVD,A_Chempax_EVD,Ac,DetailAccount,Everyone,60-00-49000000-,TransformOneToOne,DEFERRED TAX USGAAP,1740000,false,
EVD,A_Chempax_EVD,A_Chempax_EVD,Ac,DetailAccount,Everyone,60-00-49200000-,TransformOneToOne,DEFERRED TAX LIAB USGAAP,2651010,true,
EVD,A_Chempax_EVD,A_Chempax_EVD,Ac,DetailAccount,Everyone,60-00-60313001-2060,TransformOneToOne,VAR STOCK GMA (CHANG,6030030,false,
EVD,A_Chempax_EVD,A_Chempax_EVD,Ac,DetailAccount,Everyone,60-00-60322103-2060,TransformOneToOne,VR STOCK PF (AJUS),6020036,false,
EVD,A_Chempax_EVD,A_Chempax_EVD,Ac,DetailAccount,Everyone,60-00-60322104-2060,TransformOneToOne,VAR STOCK MAGNASWEET,6030020,false,
EVD,A_Chempax_EVD,A_Chempax_EVD,Ac,DetailAccount,Everyone,60-00-60322105-2060,TransformOneToOne,VAR STOCK ENCOURS (A,6030020,false,
EVD,A_Chempax_EVD,A_Chempax_EVD,Ac,DetailAccount,Everyone,60-00-60322106-2060,TransformOneToOne,VAR STOCK AUTRES MAT,6030020,false,
EVD,A_Chempax_EVD,A_Chempax_EVD,Ac,DetailAccount,Everyone,60-00-60326002-2060,TransformOneToOne,VAR STOCK EMB (AJUST,6030030,false,
EVD,A_Chempax_EVD,A_Chempax_EVD,Ac,DetailAccount,Everyone,60-00-61354080-,TransformOneToOne,LEASE LOCABRI NI1702,6130060,false,
EVD,A_Chempax_EVD,A_Chempax_EVD,Ac,DetailAccount,Everyone,60-00-61354090-,TransformOneToOne,BARTHELEMY CHARIOT,6130040,false,
EVD,A_Chempax_EVD,A_Chempax_EVD,Ac,DetailAccount,Everyone,60-00-61354100-,TransformOneToOne,LEASE LOCABRI NI 187,6320020,false,
EVD,A_Chempax_EVD,A_Chempax_EVD,Ac,DetailAccount,Everyone,60-00-61358400-,TransformOneToOne,LOCATION EMBALLAGES,6320010,false,
EVD,A_Chempax_EVD,A_Chempax_EVD,Ac,DetailAccount,Everyone,60-00-61600000-,TransformOneToOne,ASSURANCES,6610130,false,
EVD,A_Chempax_EVD,A_Chempax_EVD,Ac,DetailAccount,Everyone,60-00-64132510-,TransformOneToOne,RSU USINE,6210060,false,
EVD,A_Chempax_EVD,A_Chempax_EVD,Ac,DetailAccount,Everyone,60-00-64132520-,TransformOneToOne,RSU ENCADREMENT,6210060,false,
EVD,A_Chempax_EVD,A_Chempax_EVD,Ac,DetailAccount,Everyone,60-00-64132530-,TransformOneToOne,RSU ADMINISTRATIF,6210060,false,
EVD,A_Chempax_EVD,A_Chempax_EVD,Ac,DetailAccount,Everyone,60-00-64132540-,TransformOneToOne,RSU COMMERCIALE,6210060,false,
EVD,A_Chempax_EVD,A_Chempax_EVD,Ac,DetailAccount,Everyone,60-00-67100000-,TransformOneToOne,CHARGES DIVERSES,8190100,false,
EVD,A_Chempax_EVD,A_Chempax_EVD,Ac,DetailAccount,Everyone,60-00-67110000-,TransformOneToOne,DIFFRENCE DE FAIBLE,6610070,false,
EVD,A_Chempax_EVD,A_Chempax_EVD,Ac,DetailAccount,Everyone,60-00-67500000-,TransformOneToOne,VNC CESSION IMMOS,6720000,false,
EVD,A_Chempax_EVD,A_Chempax_EVD,Ac,DetailAccount,Everyone,60-00-68110000-,TransformOneToOne,DOT AMTS IMMOS,6710000,false,
EVD,A_Chempax_EVD,A_Chempax_EVD,Ac,DetailAccount,Everyone,60-00-68110001-,TransformOneToOne,Amortization lease e,6710000,false,
EVD,A_Chempax_EVD,A_Chempax_EVD,Ac,DetailAccount,Everyone,60-00-68110002-,TransformOneToOne,Amort Expense intang,6910110,false,
EVD,A_Chempax_EVD,A_Chempax_EVD,Ac,DetailAccount,Everyone,60-00-68110010-,TransformOneToOne,DEP GOODWILL,6720010,false,
EVD,A_Chempax_EVD,A_Chempax_EVD,Ac,DetailAccount,Everyone,60-00-68110050-,TransformOneToOne,Depreciation USGAAP,6710000,false,
EVD,A_Chempax_EVD,A_Chempax_EVD,Ac,DetailAccount,Everyone,60-00-68110050-0001,TransformOneToOne,Depreciation USGAAP,6710000,false,
EVD,A_Chempax_EVD,A_Chempax_EVD,Ac,DetailAccount,Everyone,60-00-68110050-2070,TransformOneToOne,Depreciation USGAAP,6710000,false,
EVD,A_Chempax_EVD,A_Chempax_EVD,Ac,DetailAccount,Everyone,60-00-68150000-,TransformOneToOne,PROVISION CHARGES,8610100,false,
EVD,A_Chempax_EVD,A_Chempax_EVD,Ac,DetailAccount,Everyone,60-00-69100000-,TransformOneToOne,IMPOTS SUR LES SOCIE,8610000,false,
EVD,A_Chempax_EVD,A_Chempax_EVD,Ac,DetailAccount,Everyone,60-00-77200000-,TransformOneToOne,PRODUITS EXERCICES,8190100,false,
EVD,A_Chempax_EVD,A_Chempax_EVD,Ac,DetailAccount,Everyone,France GAAP,TransformComposite,,(Bypass),false,A#[55-10-*]
US,A_Chempax_MAFCO,A_Chempax_MAFCO,Ac,DetailAccount,Everyone,20-  -1010-,TransformOneToOne,Cash,1100030,false,
US,A_Chempax_MAFCO,A_Chempax_MAFCO,Ac,DetailAccount,Everyone,20-  -1260-,TransformOneToOne,Inter Company,1160000,false,
US,A_Chempax_MAFCO,A_Chempax_MAFCO,Ac,DetailAccount,Everyone,20-  -1260-0043,TransformOneToOne,Inter Company,1160000,false,
US,A_Chempax_MAFCO,A_Chempax_MAFCO,Ac,DetailAccount,Everyone,20-  -1260-0044,TransformOneToOne,Inter Company,1160000,false,
US,A_Chempax_MAFCO,A_Chempax_MAFCO,Ac,DetailAccount,Everyone,20-  -1270-,TransformOneToOne,Interdivision,1160000,false,
US,A_Chempax_MAFCO,A_Chempax_MAFCO,Ac,DetailAccount,Everyone,20-  -1700-,TransformOneToOne,Investments in Sub,1639000,false,
US,A_Chempax_MAFCO,A_Chempax_MAFCO,Ac,DetailAccount,Everyone,20-  -2060-,TransformOneToOne,Acc Accts Pay,2150000,true,
US,A_Chempax_MAFCO,A_Chempax_MAFCO,Ac,DetailAccount,Everyone,20-  -2940-,TransformOneToOne,Comp Inc,3205000,true,
US,A_Chempax_MAFCO,A_Chempax_MAFCO,Ac,DetailAccount,Everyone,20-  -2950-,TransformOneToOne,Accum Translation Ad,3301000,true,
US,A_Chempax_MAFCO,A_Chempax_MAFCO,Ac,DetailAccount,Everyone,20-  -2960-,TransformOneToOne,Common Stock,3002000,true,
US,A_Chempax_MAFCO,A_Chempax_MAFCO,Ac,DetailAccount,Everyone,20-  -2970-,TransformOneToOne,Paid in Capital,3101000,true,
US,A_Chempax_MAFCO,A_Chempax_MAFCO,Ac,DetailAccount,Everyone,20-  -2990-,TransformOneToOne,Retained Earnings,3500000,true,
US,A_Chempax_MAFCO,A_Chempax_MAFCO,Ac,DetailAccount,Everyone,20-  -6380-5091,TransformOneToOne,Prof Svcs,6310100,false,
US,A_Chempax_MAFCO,A_Chempax_MAFCO,Ac,DetailAccount,Everyone,20-  -6390-5091,TransformOneToOne,Other Exp,6610070,false,
US,A_Chempax_MAFCO,A_Chempax_MAFCO,Ac,DetailAccount,Everyone,20-  -6770-,TransformOneToOne,Sub Profit,8120100,false,
US,A_Chempax_MAFCO,A_Chempax_MAFCO,Ac,DetailAccount,Everyone,20-  -6860-,TransformOneToOne,Foreign exchange,8110100,false,
US,A_Chempax_MAFCO,A_Chempax_MAFCO,Ac,DetailAccount,Everyone,30-10-1030-,TransformOneToOne,Cash In Transit,1100060,false,
US,A_Chempax_MAFCO,A_Chempax_MAFCO,Ac,DetailAccount,Everyone,30-10-1040-,TransformOneToOne,Cash HSBC,1100060,false,
US,A_Chempax_MAFCO,A_Chempax_MAFCO,Ac,DetailAccount,Everyone,30-10-1050-,TransformOneToOne,Cash-Factory P/R,1100030,false,
US,A_Chempax_MAFCO,A_Chempax_MAFCO,Ac,DetailAccount,Everyone,30-10-1060-,TransformOneToOne,Petty Cash,1100000,false,
US,A_Chempax_MAFCO,A_Chempax_MAFCO,Ac,DetailAccount,Everyone,30-10-1080-,TransformOneToOne,Prov Natl Reg,1100040,false,
US,A_Chempax_MAFCO,A_Chempax_MAFCO,Ac,DetailAccount,Everyone,30-10-1090-,TransformOneToOne,Cash-Chase,1100060,false,
US,A_Chempax_MAFCO,A_Chempax_MAFCO,Ac,DetailAccount,Everyone,30-10-1100-,TransformOneToOne,Cash-Provdnt Main A/,1100010,false,
US,A_Chempax_MAFCO,A_Chempax_MAFCO,Ac,DetailAccount,Everyone,30-10-1110-,TransformOneToOne,Cash-Rebates,1100040,false,
US,A_Chempax_MAFCO,A_Chempax_MAFCO,Ac,DetailAccount,Everyone,30-10-1112-,TransformOneToOne,Cash-PNC-Health Ins.,1100060,false,
US,A_Chempax_MAFCO,A_Chempax_MAFCO,Ac,DetailAccount,Everyone,30-10-1113-,TransformOneToOne,JP Morgan Health,1100060,false,
US,A_Chempax_MAFCO,A_Chempax_MAFCO,Ac,DetailAccount,Everyone,30-10-1114-,TransformOneToOne,Cash PNC Sweep Accou,1100050,false,
US,A_Chempax_MAFCO,A_Chempax_MAFCO,Ac,DetailAccount,Everyone,30-10-1115-,TransformOneToOne,ST Investments-Provi,1100060,false,
US,A_Chempax_MAFCO,A_Chempax_MAFCO,Ac,DetailAccount,Everyone,30-10-1116-,TransformOneToOne,ST Investment-Blackr,1100060,false,
US,A_Chempax_MAFCO,A_Chempax_MAFCO,Ac,DetailAccount,Everyone,30-10-1117-,TransformOneToOne,ST Investments-Goldm,1700900,false,
US,A_Chempax_MAFCO,A_Chempax_MAFCO,Ac,DetailAccount,Everyone,30-10-1118-,TransformOneToOne,ST Investments-UBS,1700900,false,
US,A_Chempax_MAFCO,A_Chempax_MAFCO,Ac,DetailAccount,Everyone,30-10-1119-,TransformOneToOne,ST Investment,1700900,false,
US,A_Chempax_MAFCO,A_Chempax_MAFCO,Ac,DetailAccount,Everyone,30-10-1220-,TransformOneToOne,A/R Trade,1150000,false,
US,A_Chempax_MAFCO,A_Chempax_MAFCO,Ac,DetailAccount,Everyone,30-10-1230-,TransformOneToOne,A/R Other,1150020,false,
US,A_Chempax_MAFCO,A_Chempax_MAFCO,Ac,DetailAccount,Everyone,30-10-1230-0044,TransformOneToOne,A/R Asbestos,1150020,false,
US,A_Chempax_MAFCO,A_Chempax_MAFCO,Ac,DetailAccount,Everyone,30-10-1231-,TransformOneToOne,NJ sales tax rebate,1300900,false,
US,A_Chempax_MAFCO,A_Chempax_MAFCO,Ac,DetailAccount,Everyone,30-10-1232-,TransformOneToOne,A/R Expatriate Equal,1150020,false,
US,A_Chempax_MAFCO,A_Chempax_MAFCO,Ac,DetailAccount,Everyone,30-10-1233-,TransformOneToOne,A/R Expatriate Tax Receivable,1300900,false,
US,A_Chempax_MAFCO,A_Chempax_MAFCO,Ac,DetailAccount,Everyone,30-10-1234-,TransformOneToOne,Employee Receivable,1153000,false,
US,A_Chempax_MAFCO,A_Chempax_MAFCO,Ac,DetailAccount,Everyone,30-10-1235-,TransformOneToOne,Accrued Interest Rec,1300900,false,
US,A_Chempax_MAFCO,A_Chempax_MAFCO,Ac,DetailAccount,Everyone,30-10-1250-,TransformOneToOne,Bad Debt Prov.,1151000,false,
US,A_Chempax_MAFCO,A_Chempax_MAFCO,Ac,DetailAccount,Everyone,30-10-1260-,TransformOneToOne,Inter Company,1160000,false,
US,A_Chempax_MAFCO,A_Chempax_MAFCO,Ac,DetailAccount,Everyone,30-10-1260-0010,TransformOneToOne,MTFG Interco,1160000,false,
US,A_Chempax_MAFCO,A_Chempax_MAFCO,Ac,DetailAccount,Everyone,30-10-1260-0020,TransformOneToOne,Inter Company Dubi,1160000,false,
US,A_Chempax_MAFCO,A_Chempax_MAFCO,Ac,DetailAccount,Everyone,30-10-1260-0022,TransformOneToOne,InterCo Shang Fanzhi,1160000,false,
US,A_Chempax_MAFCO,A_Chempax_MAFCO,Ac,DetailAccount,Everyone,30-10-1260-0023,TransformOneToOne,Inter Co WEIFENG HK,1160000,false,
US,A_Chempax_MAFCO,A_Chempax_MAFCO,Ac,DetailAccount,Everyone,30-10-1260-0024,TransformOneToOne,Inter Co. ZFTZ,1160000,false,
US,A_Chempax_MAFCO,A_Chempax_MAFCO,Ac,DetailAccount,Everyone,30-10-1260-0025,TransformOneToOne,Inter Co. Xianyang C,1160000,false,
US,A_Chempax_MAFCO,A_Chempax_MAFCO,Ac,DetailAccount,Everyone,30-10-1260-0027,TransformOneToOne,Inter Co Weifeng BVI,1160000,false,
US,A_Chempax_MAFCO,A_Chempax_MAFCO,Ac,DetailAccount,Everyone,30-10-1260-0028,TransformOneToOne,IC Mafco Shanghai,1160000,false,
US,A_Chempax_MAFCO,A_Chempax_MAFCO,Ac,DetailAccount,Everyone,30-10-1260-0029,TransformOneToOne,Inter Company,1160000,false,
US,A_Chempax_MAFCO,A_Chempax_MAFCO,Ac,DetailAccount,Everyone,30-10-1260-0031,TransformOneToOne,Inter Co. Flavors H,1160000,false,
US,A_Chempax_MAFCO,A_Chempax_MAFCO,Ac,DetailAccount,Everyone,30-10-1260-0033,TransformOneToOne,Inter Co Mafco FH,1160000,false,
US,A_Chempax_MAFCO,A_Chempax_MAFCO,Ac,DetailAccount,Everyone,30-10-1260-0034,TransformOneToOne,Inter Company EVD SA,1160000,false,
US,A_Chempax_MAFCO,A_Chempax_MAFCO,Ac,DetailAccount,Everyone,30-10-1260-0035,TransformOneToOne,Inter Co. Mafco Grp,1160000,false,
US,A_Chempax_MAFCO,A_Chempax_MAFCO,Ac,DetailAccount,Everyone,30-10-1260-0036,TransformOneToOne,Inter Co.EVD Holding,1160000,false,
US,A_Chempax_MAFCO,A_Chempax_MAFCO,Ac,DetailAccount,Everyone,30-10-1260-0037,TransformOneToOne,Inter Company,1160000,false,
US,A_Chempax_MAFCO,A_Chempax_MAFCO,Ac,DetailAccount,Everyone,30-10-1260-0041,TransformOneToOne,Inter Co. Mafco Est.,1160000,false,
US,A_Chempax_MAFCO,A_Chempax_MAFCO,Ac,DetailAccount,Everyone,30-10-1260-0042,TransformOneToOne,IC Flavors Hld Tax,1160000,false,
US,A_Chempax_MAFCO,A_Chempax_MAFCO,Ac,DetailAccount,Everyone,30-10-1260-0043,TransformOneToOne,Inter Co. M&F Worldw,1160000,false,
US,A_Chempax_MAFCO,A_Chempax_MAFCO,Ac,DetailAccount,Everyone,30-10-1260-0044,TransformOneToOne,I\C Pneumo Abex LLC,1160000,false,
US,A_Chempax_MAFCO,A_Chempax_MAFCO,Ac,DetailAccount,Everyone,30-10-1260-0046,TransformOneToOne,InterCo MW Holding I,1160000,false,
US,A_Chempax_MAFCO,A_Chempax_MAFCO,Ac,DetailAccount,Everyone,30-10-1260-0047,TransformOneToOne,Inter Co Flavors Lux,1160000,false,
US,A_Chempax_MAFCO,A_Chempax_MAFCO,Ac,DetailAccount,Everyone,30-10-1260-0048,TransformOneToOne,InterCo Flavor Nethr,1160000,false,
US,A_Chempax_MAFCO,A_Chempax_MAFCO,Ac,DetailAccount,Everyone,30-10-1260-0050,TransformOneToOne,Inter Co Mrst.SARL,1160000,false,
US,A_Chempax_MAFCO,A_Chempax_MAFCO,Ac,DetailAccount,Everyone,30-10-1260-0051,TransformOneToOne,InterCo Merisant HK,1160000,false,
US,A_Chempax_MAFCO,A_Chempax_MAFCO,Ac,DetailAccount,Everyone,30-10-1260-0052,TransformOneToOne,Inter Merisant india,1160000,false,
US,A_Chempax_MAFCO,A_Chempax_MAFCO,Ac,DetailAccount,Everyone,30-10-1260-0053,TransformOneToOne,InterCo Mer Thailand,1160000,false,
US,A_Chempax_MAFCO,A_Chempax_MAFCO,Ac,DetailAccount,Everyone,30-10-1260-0055,TransformOneToOne,Inter Co Mafco Deuts,1160000,false,
US,A_Chempax_MAFCO,A_Chempax_MAFCO,Ac,DetailAccount,Everyone,30-10-1260-0056,TransformOneToOne,InterCo Merisant LLC,1160000,false,
US,A_Chempax_MAFCO,A_Chempax_MAFCO,Ac,DetailAccount,Everyone,30-10-1260-0057,TransformOneToOne,I/C Receivable Sweet Oak,1160000,false,
US,A_Chempax_MAFCO,A_Chempax_MAFCO,Ac,DetailAccount,Everyone,30-10-1260-0061,TransformOneToOne, InterCo WEB,1160000,false,
US,A_Chempax_MAFCO,A_Chempax_MAFCO,Ac,DetailAccount,Everyone,30-10-1260-0062,TransformOneToOne,Interco Wholesome,1160000,false,
US,A_Chempax_MAFCO,A_Chempax_MAFCO,Ac,DetailAccount,Everyone,30-10-1260-0560,TransformOneToOne,Interco Tax Merisant,1160000,false,
US,A_Chempax_MAFCO,A_Chempax_MAFCO,Ac,DetailAccount,Everyone,30-10-1261-0022,TransformOneToOne,InterCo A/R-SMB,1160000,false,
US,A_Chempax_MAFCO,A_Chempax_MAFCO,Ac,DetailAccount,Everyone,30-10-1261-0023,TransformOneToOne,InterCo A/R-WF,1160000,false,
US,A_Chempax_MAFCO,A_Chempax_MAFCO,Ac,DetailAccount,Everyone,30-10-1261-0024,TransformOneToOne,InterCo A/R-ZFTZ,1160000,false,
US,A_Chempax_MAFCO,A_Chempax_MAFCO,Ac,DetailAccount,Everyone,30-10-1261-0034,TransformOneToOne,InterCo A/R-EVD,1160000,false,
US,A_Chempax_MAFCO,A_Chempax_MAFCO,Ac,DetailAccount,Everyone,30-10-1261-0056,TransformOneToOne,InterCo A/R-Merisant LLC,1160000,false,
US,A_Chempax_MAFCO,A_Chempax_MAFCO,Ac,DetailAccount,Everyone,30-10-1261-0061,TransformOneToOne,InterCo A/R-WEB,1160000,false,
US,A_Chempax_MAFCO,A_Chempax_MAFCO,Ac,DetailAccount,Everyone,30-10-1280-,TransformOneToOne,ROOT ADVANCES,1250900,false,
US,A_Chempax_MAFCO,A_Chempax_MAFCO,Ac,DetailAccount,Everyone,30-10-1290-,TransformOneToOne,Root Overseas,1201000,false,
US,A_Chempax_MAFCO,A_Chempax_MAFCO,Ac,DetailAccount,Everyone,30-10-1300-,TransformOneToOne,Inv. Reserve,1201500,false,
US,A_Chempax_MAFCO,A_Chempax_MAFCO,Ac,DetailAccount,Everyone,30-10-1300-0001,TransformOneToOne,Inv. Reserve,1203520,false,
US,A_Chempax_MAFCO,A_Chempax_MAFCO,Ac,DetailAccount,Everyone,30-10-1300-0090,TransformOneToOne,Inv Reserve FG,1201500,false,
US,A_Chempax_MAFCO,A_Chempax_MAFCO,Ac,DetailAccount,Everyone,30-10-1300-0131,TransformOneToOne,Inv. Reserve Root,1201500,false,
US,A_Chempax_MAFCO,A_Chempax_MAFCO,Ac,DetailAccount,Everyone,30-10-1300-0133,TransformOneToOne,Inv. Reserve Derivat,1201500,false,
US,A_Chempax_MAFCO,A_Chempax_MAFCO,Ac,DetailAccount,Everyone,30-10-1300-0135,TransformOneToOne,Inv. Reserve Remelt,1201500,false,
US,A_Chempax_MAFCO,A_Chempax_MAFCO,Ac,DetailAccount,Everyone,30-10-1300-0400,TransformOneToOne,Inv Reserve Consolid,1203000,false,
US,A_Chempax_MAFCO,A_Chempax_MAFCO,Ac,DetailAccount,Everyone,30-10-1302-,TransformOneToOne,Inv to be Classified,1201000,false,
US,A_Chempax_MAFCO,A_Chempax_MAFCO,Ac,DetailAccount,Everyone,30-10-1303-,TransformOneToOne,Inv-I/T Transfers,1203010,false,
US,A_Chempax_MAFCO,A_Chempax_MAFCO,Ac,DetailAccount,Everyone,30-10-1310-,TransformOneToOne,Root In-Transit,1201010,false,
US,A_Chempax_MAFCO,A_Chempax_MAFCO,Ac,DetailAccount,Everyone,30-10-1310-0001,TransformOneToOne,Root In-Transit Acc,1201010,false,
US,A_Chempax_MAFCO,A_Chempax_MAFCO,Ac,DetailAccount,Everyone,30-10-1320-,TransformOneToOne,Root Inv.-FIFO,1201000,false,
US,A_Chempax_MAFCO,A_Chempax_MAFCO,Ac,DetailAccount,Everyone,30-10-1320-2010,TransformOneToOne,Root Inv.-FIFO Purch,1201000,false,
US,A_Chempax_MAFCO,A_Chempax_MAFCO,Ac,DetailAccount,Everyone,30-10-1320-2011,TransformOneToOne,Root Inv.-FIFO Usage,1201000,false,
US,A_Chempax_MAFCO,A_Chempax_MAFCO,Ac,DetailAccount,Everyone,30-10-1320-2012,TransformOneToOne,Root Inv.-FIFO Adjst,1201000,false,
US,A_Chempax_MAFCO,A_Chempax_MAFCO,Ac,DetailAccount,Everyone,30-10-1330-,TransformOneToOne,Root Contract Advanc,1250900,false,
US,A_Chempax_MAFCO,A_Chempax_MAFCO,Ac,DetailAccount,Everyone,30-10-1330-0001,TransformOneToOne,Root Adv Fgt (Amir),1250900,false,
US,A_Chempax_MAFCO,A_Chempax_MAFCO,Ac,DetailAccount,Everyone,30-10-1330-0002,TransformOneToOne,Root Contract Advanc,1250900,false,
US,A_Chempax_MAFCO,A_Chempax_MAFCO,Ac,DetailAccount,Everyone,30-10-1330-0003,TransformOneToOne,Working Cap. (Amir),1250900,false,
US,A_Chempax_MAFCO,A_Chempax_MAFCO,Ac,DetailAccount,Everyone,30-10-1330-0004,TransformOneToOne,TAX REC.(AMIR),1250900,false,
US,A_Chempax_MAFCO,A_Chempax_MAFCO,Ac,DetailAccount,Everyone,30-10-1340-,TransformOneToOne,Lic Other RM,1201000,false,
US,A_Chempax_MAFCO,A_Chempax_MAFCO,Ac,DetailAccount,Everyone,30-10-1340-2010,TransformOneToOne,Lic Other RM-Purch,1201000,false,
US,A_Chempax_MAFCO,A_Chempax_MAFCO,Ac,DetailAccount,Everyone,30-10-1340-2011,TransformOneToOne,Lic Other RM-Usage,1201000,false,
US,A_Chempax_MAFCO,A_Chempax_MAFCO,Ac,DetailAccount,Everyone,30-10-1340-2012,TransformOneToOne,Lic Other RM-Adjustm,1201000,false,
US,A_Chempax_MAFCO,A_Chempax_MAFCO,Ac,DetailAccount,Everyone,30-10-1341-,TransformOneToOne,Crude MAG In-Transit,1201010,false,
US,A_Chempax_MAFCO,A_Chempax_MAFCO,Ac,DetailAccount,Everyone,30-10-1342-,TransformOneToOne,Mag Other RM,1201000,false,
US,A_Chempax_MAFCO,A_Chempax_MAFCO,Ac,DetailAccount,Everyone,30-10-1342-2010,TransformOneToOne,Mag Other RM-Purch,1201000,false,
US,A_Chempax_MAFCO,A_Chempax_MAFCO,Ac,DetailAccount,Everyone,30-10-1342-2011,TransformOneToOne,Mag Other RM-Usage,1201000,false,
US,A_Chempax_MAFCO,A_Chempax_MAFCO,Ac,DetailAccount,Everyone,30-10-1342-2012,TransformOneToOne,Mag Other RM-Adjustm,1201000,false,
US,A_Chempax_MAFCO,A_Chempax_MAFCO,Ac,DetailAccount,Everyone,30-10-1343-,TransformOneToOne,Magnasweet Resale,1203000,false,
US,A_Chempax_MAFCO,A_Chempax_MAFCO,Ac,DetailAccount,Everyone,30-10-1344-,TransformOneToOne,MAG advance,1250900,false,
US,A_Chempax_MAFCO,A_Chempax_MAFCO,Ac,DetailAccount,Everyone,30-10-1350-,TransformOneToOne,Remelts In-Transit,1201010,false,
US,A_Chempax_MAFCO,A_Chempax_MAFCO,Ac,DetailAccount,Everyone,30-10-1355-,TransformOneToOne,Remelt advance,1250900,false,
US,A_Chempax_MAFCO,A_Chempax_MAFCO,Ac,DetailAccount,Everyone,30-10-1360-,TransformOneToOne,Remelt Inv-FIFO,1201000,false,
US,A_Chempax_MAFCO,A_Chempax_MAFCO,Ac,DetailAccount,Everyone,30-10-1360-2010,TransformOneToOne,Remelt Inv-FIFO Prch,1201000,false,
US,A_Chempax_MAFCO,A_Chempax_MAFCO,Ac,DetailAccount,Everyone,30-10-1360-2011,TransformOneToOne,Remelt Inv-FIFO Usag,1201000,false,
US,A_Chempax_MAFCO,A_Chempax_MAFCO,Ac,DetailAccount,Everyone,30-10-1360-2012,TransformOneToOne,Remelt Inv-FIFO Adjm,1201000,false,
US,A_Chempax_MAFCO,A_Chempax_MAFCO,Ac,DetailAccount,Everyone,30-10-1370-,TransformOneToOne,Remelts overseas,1201000,false,
US,A_Chempax_MAFCO,A_Chempax_MAFCO,Ac,DetailAccount,Everyone,30-10-1380-,TransformOneToOne,Storeroom Inv.,1201400,false,
US,A_Chempax_MAFCO,A_Chempax_MAFCO,Ac,DetailAccount,Everyone,30-10-1390-,TransformOneToOne,Prepaid Duty,1250900,false,
US,A_Chempax_MAFCO,A_Chempax_MAFCO,Ac,DetailAccount,Everyone,30-10-1400-,TransformOneToOne,Lic Prod RM,1201000,false,
US,A_Chempax_MAFCO,A_Chempax_MAFCO,Ac,DetailAccount,Everyone,30-10-1400-2010,TransformOneToOne,Lic Prod RM-Purch,1201000,false,
US,A_Chempax_MAFCO,A_Chempax_MAFCO,Ac,DetailAccount,Everyone,30-10-1400-2011,TransformOneToOne,Lic Prod RM-Usage,1201000,false,
US,A_Chempax_MAFCO,A_Chempax_MAFCO,Ac,DetailAccount,Everyone,30-10-1400-2012,TransformOneToOne,Lic RM-Adj,1201000,false,
US,A_Chempax_MAFCO,A_Chempax_MAFCO,Ac,DetailAccount,Everyone,30-10-1405-,TransformOneToOne,PRC In-proc Inventry,1202000,false,
US,A_Chempax_MAFCO,A_Chempax_MAFCO,Ac,DetailAccount,Everyone,30-10-1410-,TransformOneToOne,Process Matls. Lic.,1201000,false,
US,A_Chempax_MAFCO,A_Chempax_MAFCO,Ac,DetailAccount,Everyone,30-10-1430-,TransformOneToOne,#6 Fuel Oil,1201400,false,
US,A_Chempax_MAFCO,A_Chempax_MAFCO,Ac,DetailAccount,Everyone,30-10-1450-,TransformOneToOne,Lic Pkg Matls,1201400,false,
US,A_Chempax_MAFCO,A_Chempax_MAFCO,Ac,DetailAccount,Everyone,30-10-1450-2010,TransformOneToOne,Lic Pkg Mtl Purch,1201400,false,
US,A_Chempax_MAFCO,A_Chempax_MAFCO,Ac,DetailAccount,Everyone,30-10-1450-2011,TransformOneToOne,Lic Pkg Mtl Usage,1201400,false,
US,A_Chempax_MAFCO,A_Chempax_MAFCO,Ac,DetailAccount,Everyone,30-10-1450-2012,TransformOneToOne,Lic Pkg Mtl Adjust,1201400,false,
US,A_Chempax_MAFCO,A_Chempax_MAFCO,Ac,DetailAccount,Everyone,30-10-1452-,TransformOneToOne,Magsweet Pkg,1201400,false,
US,A_Chempax_MAFCO,A_Chempax_MAFCO,Ac,DetailAccount,Everyone,30-10-1452-2010,TransformOneToOne,Mag Pkg Mtl Purch,1201400,false,
US,A_Chempax_MAFCO,A_Chempax_MAFCO,Ac,DetailAccount,Everyone,30-10-1452-2011,TransformOneToOne,Mag pkg Mtl Usage,1201400,false,
US,A_Chempax_MAFCO,A_Chempax_MAFCO,Ac,DetailAccount,Everyone,30-10-1452-2012,TransformOneToOne,Mag Pkg Mtl Adjust,1201400,false,
US,A_Chempax_MAFCO,A_Chempax_MAFCO,Ac,DetailAccount,Everyone,30-10-1460-,TransformOneToOne,Manufacturing R/M,1201000,false,
US,A_Chempax_MAFCO,A_Chempax_MAFCO,Ac,DetailAccount,Everyone,30-10-1470-,TransformOneToOne,Licorice WIP-molds,1202000,false,
US,A_Chempax_MAFCO,A_Chempax_MAFCO,Ac,DetailAccount,Everyone,30-10-1480-,TransformOneToOne,Lic WIP-Liq,1202000,false,
US,A_Chempax_MAFCO,A_Chempax_MAFCO,Ac,DetailAccount,Everyone,30-10-1495-,TransformOneToOne,Lic Resale Inv In-Tr,1203010,false,
US,A_Chempax_MAFCO,A_Chempax_MAFCO,Ac,DetailAccount,Everyone,30-10-1500-,TransformOneToOne,Lic Resale,1203000,false,
US,A_Chempax_MAFCO,A_Chempax_MAFCO,Ac,DetailAccount,Everyone,30-10-1500-0090,TransformOneToOne,Inventory PPA Adjustments – Finished Goods,1203500,false,
US,A_Chempax_MAFCO,A_Chempax_MAFCO,Ac,DetailAccount,Everyone,30-10-1510-,TransformOneToOne,Lic Fin Gds,1203000,false,
US,A_Chempax_MAFCO,A_Chempax_MAFCO,Ac,DetailAccount,Everyone,30-10-1510-2013,TransformOneToOne,Lic Fin Goods Res,1203000,false,
US,A_Chempax_MAFCO,A_Chempax_MAFCO,Ac,DetailAccount,Everyone,30-10-1515-,TransformOneToOne,Lic Fin Gds I/T,1203010,false,
US,A_Chempax_MAFCO,A_Chempax_MAFCO,Ac,DetailAccount,Everyone,30-10-1520-,TransformOneToOne,Magsw Fin Gds,1203000,false,
US,A_Chempax_MAFCO,A_Chempax_MAFCO,Ac,DetailAccount,Everyone,30-10-1550-,TransformOneToOne,Intercompany I/T,1160000,false,
US,A_Chempax_MAFCO,A_Chempax_MAFCO,Ac,DetailAccount,Everyone,30-10-1590-,TransformOneToOne,Finished Goods-Bot.,1203000,false,
US,A_Chempax_MAFCO,A_Chempax_MAFCO,Ac,DetailAccount,Everyone,30-10-1600-,TransformOneToOne,Licorice Fin Gds,1203000,false,
US,A_Chempax_MAFCO,A_Chempax_MAFCO,Ac,DetailAccount,Everyone,30-10-1610-,TransformOneToOne,Misc Receivables,1300900,false,
US,A_Chempax_MAFCO,A_Chempax_MAFCO,Ac,DetailAccount,Everyone,30-10-1620-,TransformOneToOne,Prepaid Insurance,1250100,false,
US,A_Chempax_MAFCO,A_Chempax_MAFCO,Ac,DetailAccount,Everyone,30-10-1620-0001,TransformOneToOne,Prepaid Ins D&O cur,1250100,false,
US,A_Chempax_MAFCO,A_Chempax_MAFCO,Ac,DetailAccount,Everyone,30-10-1620-0002,TransformOneToOne,Prepaid Insur Long T,1250100,false,
US,A_Chempax_MAFCO,A_Chempax_MAFCO,Ac,DetailAccount,Everyone,30-10-1620-0010,TransformOneToOne,Prepaid Insurance,1250100,false,
US,A_Chempax_MAFCO,A_Chempax_MAFCO,Ac,DetailAccount,Everyone,30-10-1625-,TransformOneToOne,Prepaid Legal Settle,1250120,false,
US,A_Chempax_MAFCO,A_Chempax_MAFCO,Ac,DetailAccount,Everyone,30-10-1630-,TransformOneToOne,Misc Prepaid Exp,1250900,false,
US,A_Chempax_MAFCO,A_Chempax_MAFCO,Ac,DetailAccount,Everyone,30-10-1631-,TransformOneToOne,Prepaid Relocation,1250120,false,
US,A_Chempax_MAFCO,A_Chempax_MAFCO,Ac,DetailAccount,Everyone,30-10-1632-,TransformOneToOne,Prepaid Customs Parm,1250900,false,
US,A_Chempax_MAFCO,A_Chempax_MAFCO,Ac,DetailAccount,Everyone,30-10-1632-0001,TransformOneToOne,Prepaid Parma,1250900,false,
US,A_Chempax_MAFCO,A_Chempax_MAFCO,Ac,DetailAccount,Everyone,30-10-1632-0002,TransformOneToOne,Prepaid Parma Minimu,1250900,false,
US,A_Chempax_MAFCO,A_Chempax_MAFCO,Ac,DetailAccount,Everyone,30-10-1632-0003,TransformOneToOne,PARMA CARGO SHORTAGE,1250900,false,
US,A_Chempax_MAFCO,A_Chempax_MAFCO,Ac,DetailAccount,Everyone,30-10-1632-0004,TransformOneToOne,Prepaid Parma MinuEx,1250900,false,
US,A_Chempax_MAFCO,A_Chempax_MAFCO,Ac,DetailAccount,Everyone,30-10-1632-0005,TransformOneToOne,Parma Root Advance,1250900,false,
US,A_Chempax_MAFCO,A_Chempax_MAFCO,Ac,DetailAccount,Everyone,30-10-1632-0006,TransformOneToOne,PARMA EXCLUSIVE SUPP,1250900,false,
US,A_Chempax_MAFCO,A_Chempax_MAFCO,Ac,DetailAccount,Everyone,30-10-1632-0007,TransformOneToOne,Parma 2013 Crop Adv.,1250900,false,
US,A_Chempax_MAFCO,A_Chempax_MAFCO,Ac,DetailAccount,Everyone,30-10-1632-0008,TransformOneToOne,PARMA EXCLUS.AMORTIZ,1250900,false,
US,A_Chempax_MAFCO,A_Chempax_MAFCO,Ac,DetailAccount,Everyone,30-10-1633-0001,TransformOneToOne,Prepd Inv LTD Georga,1250900,false,
US,A_Chempax_MAFCO,A_Chempax_MAFCO,Ac,DetailAccount,Everyone,30-10-1640-,TransformOneToOne,Deposits,1300700,false,
US,A_Chempax_MAFCO,A_Chempax_MAFCO,Ac,DetailAccount,Everyone,30-10-1641-,TransformOneToOne,Reusable Totes,1250900,false,
US,A_Chempax_MAFCO,A_Chempax_MAFCO,Ac,DetailAccount,Everyone,30-10-1641-0001,TransformOneToOne,Reusable Totes Amort,1250900,false,
US,A_Chempax_MAFCO,A_Chempax_MAFCO,Ac,DetailAccount,Everyone,30-10-1642-,TransformOneToOne,Drum deposit,1300700,false,
US,A_Chempax_MAFCO,A_Chempax_MAFCO,Ac,DetailAccount,Everyone,30-10-1643-,TransformOneToOne,PPD FGT-Z Bonded W/H,1250900,false,
US,A_Chempax_MAFCO,A_Chempax_MAFCO,Ac,DetailAccount,Everyone,30-10-1644-,TransformOneToOne,Reusable Drums,1250900,false,
US,A_Chempax_MAFCO,A_Chempax_MAFCO,Ac,DetailAccount,Everyone,30-10-1644-0001,TransformOneToOne,Reusable Drums Amort,1250900,false,
US,A_Chempax_MAFCO,A_Chempax_MAFCO,Ac,DetailAccount,Everyone,30-10-1645-,TransformOneToOne,Deposits-Long term,1870700,false,
US,A_Chempax_MAFCO,A_Chempax_MAFCO,Ac,DetailAccount,Everyone,30-10-1646-,TransformOneToOne,Deposits-Long Term,1870700,false,
US,A_Chempax_MAFCO,A_Chempax_MAFCO,Ac,DetailAccount,Everyone,30-10-1650-,TransformOneToOne,Inv. Global 07-08,1250900,false,
US,A_Chempax_MAFCO,A_Chempax_MAFCO,Ac,DetailAccount,Everyone,30-10-1650-0001,TransformOneToOne,Inv. Global 08-09,1250900,false,
US,A_Chempax_MAFCO,A_Chempax_MAFCO,Ac,DetailAccount,Everyone,30-10-1650-0002,TransformOneToOne,Global Expense,1250900,false,
US,A_Chempax_MAFCO,A_Chempax_MAFCO,Ac,DetailAccount,Everyone,30-10-1650-0003,TransformOneToOne,Inv. Global 09-10,1250900,false,
US,A_Chempax_MAFCO,A_Chempax_MAFCO,Ac,DetailAccount,Everyone,30-10-1650-0005,TransformOneToOne,Inv. Global 10-11,1250900,false,
US,A_Chempax_MAFCO,A_Chempax_MAFCO,Ac,DetailAccount,Everyone,30-10-1650-0007,TransformOneToOne,Inv. Global 11-12,1250900,false,
US,A_Chempax_MAFCO,A_Chempax_MAFCO,Ac,DetailAccount,Everyone,30-10-1650-0008,TransformOneToOne,Invest Global Kazak,1250900,false,
US,A_Chempax_MAFCO,A_Chempax_MAFCO,Ac,DetailAccount,Everyone,30-10-1650-0009,TransformOneToOne,Inv. Global 12 Fall,1250900,false,
US,A_Chempax_MAFCO,A_Chempax_MAFCO,Ac,DetailAccount,Everyone,30-10-1650-0010,TransformOneToOne,Global adv Frt China,1250900,false,
US,A_Chempax_MAFCO,A_Chempax_MAFCO,Ac,DetailAccount,Everyone,30-10-1650-0011,TransformOneToOne,Inv. Global 235.2012,1250900,false,
US,A_Chempax_MAFCO,A_Chempax_MAFCO,Ac,DetailAccount,Everyone,30-10-1651-,TransformOneToOne,ROOT ADVANCE HABIB,1250900,false,
US,A_Chempax_MAFCO,A_Chempax_MAFCO,Ac,DetailAccount,Everyone,30-10-1652-,TransformOneToOne,ROOT ADVANCE HUDSON,1250900,false,
US,A_Chempax_MAFCO,A_Chempax_MAFCO,Ac,DetailAccount,Everyone,30-10-1700-,TransformOneToOne,Investments in Sub,1639000,false,
US,A_Chempax_MAFCO,A_Chempax_MAFCO,Ac,DetailAccount,Everyone,30-10-1700-0026,TransformOneToOne,Investment in Weihai,1639000,false,
US,A_Chempax_MAFCO,A_Chempax_MAFCO,Ac,DetailAccount,Everyone,30-10-1700-0028,TransformOneToOne,Inv.Sub M.Shanghai,1639000,false,
US,A_Chempax_MAFCO,A_Chempax_MAFCO,Ac,DetailAccount,Everyone,30-10-1700-0029,TransformOneToOne,Investmen in Deutsch,1639000,false,
US,A_Chempax_MAFCO,A_Chempax_MAFCO,Ac,DetailAccount,Everyone,30-10-1700-0030,TransformOneToOne,Invest.in Sub Concor,1639000,false,
US,A_Chempax_MAFCO,A_Chempax_MAFCO,Ac,DetailAccount,Everyone,30-10-1700-0035,TransformOneToOne,Inv in Sub - Chile,1639000,false,
US,A_Chempax_MAFCO,A_Chempax_MAFCO,Ac,DetailAccount,Everyone,30-10-1700-0036,TransformOneToOne,Investments in Sub,1639000,false,
US,A_Chempax_MAFCO,A_Chempax_MAFCO,Ac,DetailAccount,Everyone,30-10-1700-0038,TransformOneToOne,Investment EVD H INC,1639000,false,
US,A_Chempax_MAFCO,A_Chempax_MAFCO,Ac,DetailAccount,Everyone,30-10-1700-0041,TransformOneToOne,Investment Mafco Est,1639000,false,
US,A_Chempax_MAFCO,A_Chempax_MAFCO,Ac,DetailAccount,Everyone,30-10-1701-0024,TransformOneToOne,Profit in Inv ZFTZ,1201000,false,
US,A_Chempax_MAFCO,A_Chempax_MAFCO,Ac,DetailAccount,Everyone,30-10-1701-0026,TransformOneToOne,Profit in Inv Weihai,1201000,false,
US,A_Chempax_MAFCO,A_Chempax_MAFCO,Ac,DetailAccount,Everyone,30-10-1701-0036,TransformOneToOne,Profit in Inv EVD,1201000,false,
US,A_Chempax_MAFCO,A_Chempax_MAFCO,Ac,DetailAccount,Everyone,30-10-1701-0041,TransformOneToOne,Profit in Inventory,1201000,false,
US,A_Chempax_MAFCO,A_Chempax_MAFCO,Ac,DetailAccount,Everyone,30-10-1702-0026,TransformOneToOne,Advance to sub,1639000,false,
US,A_Chempax_MAFCO,A_Chempax_MAFCO,Ac,DetailAccount,Everyone,30-10-1730-,TransformOneToOne,Advance to sub,1639000,false,
US,A_Chempax_MAFCO,A_Chempax_MAFCO,Ac,DetailAccount,Everyone,30-10-1730-0026,TransformOneToOne,Advance to sub,1639000,false,
US,A_Chempax_MAFCO,A_Chempax_MAFCO,Ac,DetailAccount,Everyone,30-10-1760-0034,TransformOneToOne,I/C Promissory Note Receivable – EVD,1660000,false,
US,A_Chempax_MAFCO,A_Chempax_MAFCO,Ac,DetailAccount,Everyone,30-10-1781-,TransformOneToOne,Software Licenses,1521000,false,
US,A_Chempax_MAFCO,A_Chempax_MAFCO,Ac,DetailAccount,Everyone,30-10-1781-0001,TransformOneToOne,Software Licenses Am,1561000,false,
US,A_Chempax_MAFCO,A_Chempax_MAFCO,Ac,DetailAccount,Everyone,30-10-1790-,TransformOneToOne,Product Formulas,1730010,false,
US,A_Chempax_MAFCO,A_Chempax_MAFCO,Ac,DetailAccount,Everyone,30-10-1790-0010,TransformOneToOne,Product Formulas,1730010,false,
US,A_Chempax_MAFCO,A_Chempax_MAFCO,Ac,DetailAccount,Everyone,30-10-1791-,TransformOneToOne,Intan Asset-cust rel,1721000,false,
US,A_Chempax_MAFCO,A_Chempax_MAFCO,Ac,DetailAccount,Everyone,30-10-1791-0001,TransformOneToOne,Accum Amort cust rel,1721050,false,
US,A_Chempax_MAFCO,A_Chempax_MAFCO,Ac,DetailAccount,Everyone,30-10-1792-,TransformOneToOne,Intangible-Altria Co,1721000,false,
US,A_Chempax_MAFCO,A_Chempax_MAFCO,Ac,DetailAccount,Everyone,30-10-1792-0001,TransformOneToOne,Accum Amort - Altria,1721050,false,
US,A_Chempax_MAFCO,A_Chempax_MAFCO,Ac,DetailAccount,Everyone,30-10-1796-,TransformOneToOne,Intang asset-Backlog,1721000,false,
US,A_Chempax_MAFCO,A_Chempax_MAFCO,Ac,DetailAccount,Everyone,30-10-1796-0001,TransformOneToOne,Accum Amort - Backlo,1721050,false,
US,A_Chempax_MAFCO,A_Chempax_MAFCO,Ac,DetailAccount,Everyone,30-10-1797-,TransformOneToOne,Intan Assets-Tradema,1720000,false,
US,A_Chempax_MAFCO,A_Chempax_MAFCO,Ac,DetailAccount,Everyone,30-10-1797-0001,TransformOneToOne,Acum Amort-Trademark,1720050,false,
US,A_Chempax_MAFCO,A_Chempax_MAFCO,Ac,DetailAccount,Everyone,30-10-1800-,TransformOneToOne,Goodwill,1710000,false,
US,A_Chempax_MAFCO,A_Chempax_MAFCO,Ac,DetailAccount,Everyone,30-10-1800-0010,TransformOneToOne,Goodwill,1710000,false,
US,A_Chempax_MAFCO,A_Chempax_MAFCO,Ac,DetailAccount,Everyone,30-10-1810-,TransformOneToOne,Land,1500000,false,
US,A_Chempax_MAFCO,A_Chempax_MAFCO,Ac,DetailAccount,Everyone,30-10-1820-,TransformOneToOne,Building,1530000,false,
US,A_Chempax_MAFCO,A_Chempax_MAFCO,Ac,DetailAccount,Everyone,30-10-1821-,TransformOneToOne,Lease Improvement,1530020,false,
US,A_Chempax_MAFCO,A_Chempax_MAFCO,Ac,DetailAccount,Everyone,30-10-1825-,TransformOneToOne,Building Acc Dep,1570000,false,
US,A_Chempax_MAFCO,A_Chempax_MAFCO,Ac,DetailAccount,Everyone,30-10-1826-,TransformOneToOne,Lease Imprv Acc Dep,1570020,false,
US,A_Chempax_MAFCO,A_Chempax_MAFCO,Ac,DetailAccount,Everyone,30-10-1830-,TransformOneToOne,Building CIP,1510000,false,
US,A_Chempax_MAFCO,A_Chempax_MAFCO,Ac,DetailAccount,Everyone,30-10-1840-,TransformOneToOne,Mach & Equipment,1520000,false,
US,A_Chempax_MAFCO,A_Chempax_MAFCO,Ac,DetailAccount,Everyone,30-10-1841-,TransformOneToOne,M&E - IT,1520010,false,
US,A_Chempax_MAFCO,A_Chempax_MAFCO,Ac,DetailAccount,Everyone,30-10-1845-,TransformOneToOne,M&E Acc Dep,1560000,false,
US,A_Chempax_MAFCO,A_Chempax_MAFCO,Ac,DetailAccount,Everyone,30-10-1846-,TransformOneToOne,M&E- IT Acc Dep,1560010,false,
US,A_Chempax_MAFCO,A_Chempax_MAFCO,Ac,DetailAccount,Everyone,30-10-1850-,TransformOneToOne,M&E CIP,1510000,false,
US,A_Chempax_MAFCO,A_Chempax_MAFCO,Ac,DetailAccount,Everyone,30-10-1850-0001,TransformOneToOne,M&E Capital Labor,1510000,false,
US,A_Chempax_MAFCO,A_Chempax_MAFCO,Ac,DetailAccount,Everyone,30-10-1860-,TransformOneToOne,Rolling Stock,1520050,false,
US,A_Chempax_MAFCO,A_Chempax_MAFCO,Ac,DetailAccount,Everyone,30-10-1865-,TransformOneToOne,Rolling Stock Acc De,1560050,false,
US,A_Chempax_MAFCO,A_Chempax_MAFCO,Ac,DetailAccount,Everyone,30-10-1870-,TransformOneToOne,Furniture & Fixtures,1520040,false,
US,A_Chempax_MAFCO,A_Chempax_MAFCO,Ac,DetailAccount,Everyone,30-10-1875-,TransformOneToOne,F & Fixture Acc Dep,1560040,false,
US,A_Chempax_MAFCO,A_Chempax_MAFCO,Ac,DetailAccount,Everyone,30-10-1880-,TransformOneToOne,Lab Equip,1520020,false,
US,A_Chempax_MAFCO,A_Chempax_MAFCO,Ac,DetailAccount,Everyone,30-10-1885-,TransformOneToOne,Lab Equip Acc Dep,1560020,false,
US,A_Chempax_MAFCO,A_Chempax_MAFCO,Ac,DetailAccount,Everyone,30-10-1890-,TransformOneToOne,Prov for Depr,1599000,false,
US,A_Chempax_MAFCO,A_Chempax_MAFCO,Ac,DetailAccount,Everyone,30-10-1900-,TransformOneToOne,Fixed Asset-Purch A/,1520000,false,
US,A_Chempax_MAFCO,A_Chempax_MAFCO,Ac,DetailAccount,Everyone,30-10-1910-,TransformOneToOne,Accum Depr-Purch AC,1560000,false,
US,A_Chempax_MAFCO,A_Chempax_MAFCO,Ac,DetailAccount,Everyone,30-10-1920-,TransformOneToOne,GP Pallet Deposits,1870700,false,
US,A_Chempax_MAFCO,A_Chempax_MAFCO,Ac,DetailAccount,Everyone,30-10-1930-,TransformOneToOne,Pension Asset-Salary,1875000,false,
US,A_Chempax_MAFCO,A_Chempax_MAFCO,Ac,DetailAccount,Everyone,30-10-1935-,TransformOneToOne,Defined Contribution Plan Asset,1875100,false,
US,A_Chempax_MAFCO,A_Chempax_MAFCO,Ac,DetailAccount,Everyone,30-10-1940-,TransformOneToOne,Trade Marks,1879900,false,
US,A_Chempax_MAFCO,A_Chempax_MAFCO,Ac,DetailAccount,Everyone,30-10-1945-,TransformOneToOne,Operating Lease Righ,1701900,false,
US,A_Chempax_MAFCO,A_Chempax_MAFCO,Ac,DetailAccount,Everyone,30-10-1950-,TransformOneToOne,Other Lt Asset-Pnsn,1875000,false,
US,A_Chempax_MAFCO,A_Chempax_MAFCO,Ac,DetailAccount,Everyone,30-10-1950-0014,TransformOneToOne,Pension intang. Sal,1875000,false,
US,A_Chempax_MAFCO,A_Chempax_MAFCO,Ac,DetailAccount,Everyone,30-10-1950-0015,TransformOneToOne,Pension intang. Fact,1875000,false,
US,A_Chempax_MAFCO,A_Chempax_MAFCO,Ac,DetailAccount,Everyone,30-10-1950-0016,TransformOneToOne,Pension intang. BRP,1875000,false,
US,A_Chempax_MAFCO,A_Chempax_MAFCO,Ac,DetailAccount,Everyone,30-10-1950-0017,TransformOneToOne,Pension intangible,1875000,false,
US,A_Chempax_MAFCO,A_Chempax_MAFCO,Ac,DetailAccount,Everyone,30-10-1960-,TransformOneToOne,Deferred Fees & Exp,1879900,false,
US,A_Chempax_MAFCO,A_Chempax_MAFCO,Ac,DetailAccount,Everyone,30-10-1960-0010,TransformOneToOne,Deferred Fees & Exp,1879900,false,
US,A_Chempax_MAFCO,A_Chempax_MAFCO,Ac,DetailAccount,Everyone,30-10-1980-,TransformOneToOne,Pension Asset-Pneumo,1875000,false,
US,A_Chempax_MAFCO,A_Chempax_MAFCO,Ac,DetailAccount,Everyone,30-10-1990-0001,TransformOneToOne,Defer Tax Asset LT,1740000,false,
US,A_Chempax_MAFCO,A_Chempax_MAFCO,Ac,DetailAccount,Everyone,30-10-1990-0002,TransformOneToOne,Defer Tax Asset NOL,1740000,false,
US,A_Chempax_MAFCO,A_Chempax_MAFCO,Ac,DetailAccount,Everyone,30-10-1990-0003,TransformOneToOne,Def. Tax Asset-AMT,1740000,false,
US,A_Chempax_MAFCO,A_Chempax_MAFCO,Ac,DetailAccount,Everyone,30-10-1990-0004,TransformOneToOne,Def. Tax Asset-Curr.,1740000,false,
US,A_Chempax_MAFCO,A_Chempax_MAFCO,Ac,DetailAccount,Everyone,30-10-2000-,TransformOneToOne,Revolver,2506010,true,
US,A_Chempax_MAFCO,A_Chempax_MAFCO,Ac,DetailAccount,Everyone,30-10-2010-,TransformOneToOne,Current long term de,2106000,true,
US,A_Chempax_MAFCO,A_Chempax_MAFCO,Ac,DetailAccount,Everyone,30-10-2020-,TransformOneToOne,Operating Lease Liab,2201900,true,
US,A_Chempax_MAFCO,A_Chempax_MAFCO,Ac,DetailAccount,Everyone,30-10-2050-,TransformOneToOne,Accounts Payable,2150000,true,
US,A_Chempax_MAFCO,A_Chempax_MAFCO,Ac,DetailAccount,Everyone,30-10-2055-,TransformOneToOne,Unvouchered A/P,2150020,true,
US,A_Chempax_MAFCO,A_Chempax_MAFCO,Ac,DetailAccount,Everyone,30-10-2060-,TransformOneToOne,Acc Accts Pay,2150000,true,
US,A_Chempax_MAFCO,A_Chempax_MAFCO,Ac,DetailAccount,Everyone,30-10-2060-0001,TransformOneToOne,Acc Pay-Parma Land R,2150000,true,
US,A_Chempax_MAFCO,A_Chempax_MAFCO,Ac,DetailAccount,Everyone,30-10-2060-0044,TransformOneToOne,Acc A/P Asbestos,2150000,true,
US,A_Chempax_MAFCO,A_Chempax_MAFCO,Ac,DetailAccount,Everyone,30-10-2061-,TransformOneToOne,A|P acc rec w/o inv,2150020,true,
US,A_Chempax_MAFCO,A_Chempax_MAFCO,Ac,DetailAccount,Everyone,30-10-2062-,TransformOneToOne,FG Accrual,2150000,true,
US,A_Chempax_MAFCO,A_Chempax_MAFCO,Ac,DetailAccount,Everyone,30-10-2063-,TransformOneToOne,Concur Clearing,2320090,true,
US,A_Chempax_MAFCO,A_Chempax_MAFCO,Ac,DetailAccount,Everyone,30-10-2070-,TransformOneToOne,Interco Adjust Topsi,2381000,true,
US,A_Chempax_MAFCO,A_Chempax_MAFCO,Ac,DetailAccount,Everyone,30-10-2089-,TransformOneToOne,Federal Excise Taxes,2310690,true,
US,A_Chempax_MAFCO,A_Chempax_MAFCO,Ac,DetailAccount,Everyone,30-10-2090-,TransformOneToOne,Retiree Insur. Payme,2312590,true,
US,A_Chempax_MAFCO,A_Chempax_MAFCO,Ac,DetailAccount,Everyone,30-10-2091-,TransformOneToOne,HealthIns COBRA ARRA,2320110,true,
US,A_Chempax_MAFCO,A_Chempax_MAFCO,Ac,DetailAccount,Everyone,30-10-2100-,TransformOneToOne,Retiree BRP liabilit,2312530,true,
US,A_Chempax_MAFCO,A_Chempax_MAFCO,Ac,DetailAccount,Everyone,30-10-2110-,TransformOneToOne,Tax Reserve,2200020,true,
US,A_Chempax_MAFCO,A_Chempax_MAFCO,Ac,DetailAccount,Everyone,30-10-2112-,TransformOneToOne,Federal Taxes Payabl,2200020,true,
US,A_Chempax_MAFCO,A_Chempax_MAFCO,Ac,DetailAccount,Everyone,30-10-2210-,TransformOneToOne,Acc Payroll,2311000,true,
US,A_Chempax_MAFCO,A_Chempax_MAFCO,Ac,DetailAccount,Everyone,30-10-2211-,TransformOneToOne,Other Accrued Employee Benefits and Costs,2312590,true,
US,A_Chempax_MAFCO,A_Chempax_MAFCO,Ac,DetailAccount,Everyone,30-10-2212-,TransformOneToOne,Accrued Severance,2311030,true,
US,A_Chempax_MAFCO,A_Chempax_MAFCO,Ac,DetailAccount,Everyone,30-10-2260-0022,TransformOneToOne,Inter Company A/P,2381000,true,
US,A_Chempax_MAFCO,A_Chempax_MAFCO,Ac,DetailAccount,Everyone,30-10-2260-0023,TransformOneToOne,Inter Company A/P,2381000,true,
US,A_Chempax_MAFCO,A_Chempax_MAFCO,Ac,DetailAccount,Everyone,30-10-2260-0024,TransformOneToOne,Inter Company A/P,2381000,true,
US,A_Chempax_MAFCO,A_Chempax_MAFCO,Ac,DetailAccount,Everyone,30-10-2260-0034,TransformOneToOne,Inter Company A/P,2381000,true,
US,A_Chempax_MAFCO,A_Chempax_MAFCO,Ac,DetailAccount,Everyone,30-10-2260-0036,TransformOneToOne,I/C Accounts Payable-EVD Holdings,2381000,true,
US,A_Chempax_MAFCO,A_Chempax_MAFCO,Ac,DetailAccount,Everyone,30-10-2260-0052,TransformOneToOne,InterCo A/P-Merisant India,2381000,true,
US,A_Chempax_MAFCO,A_Chempax_MAFCO,Ac,DetailAccount,Everyone,30-10-2260-0053,TransformOneToOne,InterCo A/P-Merisant Thailand,2381000,true,
US,A_Chempax_MAFCO,A_Chempax_MAFCO,Ac,DetailAccount,Everyone,30-10-2260-0056,TransformOneToOne,InterCo A/P-Merisant LLC,2381000,true,
US,A_Chempax_MAFCO,A_Chempax_MAFCO,Ac,DetailAccount,Everyone,30-10-2260-0061,TransformOneToOne,InterCo A/P-WEB,2381000,true,
US,A_Chempax_MAFCO,A_Chempax_MAFCO,Ac,DetailAccount,Everyone,30-10-2290-,TransformOneToOne,Va state inc. tax w\,2320130,true,
US,A_Chempax_MAFCO,A_Chempax_MAFCO,Ac,DetailAccount,Everyone,30-10-2300-,TransformOneToOne,PA inc tax w\h,2320130,true,
US,A_Chempax_MAFCO,A_Chempax_MAFCO,Ac,DetailAccount,Everyone,30-10-2310-,TransformOneToOne,CA Tax W/H,2320130,true,
US,A_Chempax_MAFCO,A_Chempax_MAFCO,Ac,DetailAccount,Everyone,30-10-2311-,TransformOneToOne,CA Unempoyment Tax,2312590,true,
US,A_Chempax_MAFCO,A_Chempax_MAFCO,Ac,DetailAccount,Everyone,30-10-2312-,TransformOneToOne,CA Training Tax,2312590,true,
US,A_Chempax_MAFCO,A_Chempax_MAFCO,Ac,DetailAccount,Everyone,30-10-2313-,TransformOneToOne,CA Disability Insura,2312590,true,
US,A_Chempax_MAFCO,A_Chempax_MAFCO,Ac,DetailAccount,Everyone,30-10-2314-,TransformOneToOne,Ohio State Tax W/H,2320130,true,
US,A_Chempax_MAFCO,A_Chempax_MAFCO,Ac,DetailAccount,Everyone,30-10-2317-,TransformOneToOne,Accrued Employee Payroll Taxes Withholding,2320130,true,
US,A_Chempax_MAFCO,A_Chempax_MAFCO,Ac,DetailAccount,Everyone,30-10-2320-,TransformOneToOne,FUTA,2312000,true,
US,A_Chempax_MAFCO,A_Chempax_MAFCO,Ac,DetailAccount,Everyone,30-10-2320-0014,TransformOneToOne,FUTA,2312000,true,
US,A_Chempax_MAFCO,A_Chempax_MAFCO,Ac,DetailAccount,Everyone,30-10-2320-0015,TransformOneToOne,FUTA,2312000,true,
US,A_Chempax_MAFCO,A_Chempax_MAFCO,Ac,DetailAccount,Everyone,30-10-2330-,TransformOneToOne,NJ Unemp Comp Ins,2312590,true,
US,A_Chempax_MAFCO,A_Chempax_MAFCO,Ac,DetailAccount,Everyone,30-10-2330-0014,TransformOneToOne,Unemp Comp Ins,2312590,true,
US,A_Chempax_MAFCO,A_Chempax_MAFCO,Ac,DetailAccount,Everyone,30-10-2330-0015,TransformOneToOne,Unemp Comp Ins,2312590,true,
US,A_Chempax_MAFCO,A_Chempax_MAFCO,Ac,DetailAccount,Everyone,30-10-2331-,TransformOneToOne,NY Unemp Comp Ins,2312590,true,
US,A_Chempax_MAFCO,A_Chempax_MAFCO,Ac,DetailAccount,Everyone,30-10-2332-,TransformOneToOne,NY Disability Ins,2312590,true,
US,A_Chempax_MAFCO,A_Chempax_MAFCO,Ac,DetailAccount,Everyone,30-10-2333-,TransformOneToOne,NY Family Leave,2312590,true,
US,A_Chempax_MAFCO,A_Chempax_MAFCO,Ac,DetailAccount,Everyone,30-10-2334-,TransformOneToOne,NJ Disability Employ,2312590,true,
US,A_Chempax_MAFCO,A_Chempax_MAFCO,Ac,DetailAccount,Everyone,30-10-2335-,TransformOneToOne,Ohio State Unemploye,2312590,true,
US,A_Chempax_MAFCO,A_Chempax_MAFCO,Ac,DetailAccount,Everyone,30-10-2336-,TransformOneToOne,MI Umemp Comp Ins,2312590,true,
US,A_Chempax_MAFCO,A_Chempax_MAFCO,Ac,DetailAccount,Everyone,30-10-2337-,TransformOneToOne,MI St Tax W/H,2320130,true,
US,A_Chempax_MAFCO,A_Chempax_MAFCO,Ac,DetailAccount,Everyone,30-10-2338-,TransformOneToOne,GA Unemp Comp Insura,2312590,true,
US,A_Chempax_MAFCO,A_Chempax_MAFCO,Ac,DetailAccount,Everyone,30-10-2339-,TransformOneToOne,GA St Tax W/H,2320130,true,
US,A_Chempax_MAFCO,A_Chempax_MAFCO,Ac,DetailAccount,Everyone,30-10-2340-,TransformOneToOne,Acc Property Tax,2310600,true,
US,A_Chempax_MAFCO,A_Chempax_MAFCO,Ac,DetailAccount,Everyone,30-10-2350-,TransformOneToOne,NJ St Sales Tax,2310610,true,
US,A_Chempax_MAFCO,A_Chempax_MAFCO,Ac,DetailAccount,Everyone,30-10-2360-,TransformOneToOne,Phila wage tax w\h,2320130,true,
US,A_Chempax_MAFCO,A_Chempax_MAFCO,Ac,DetailAccount,Everyone,30-10-2370-,TransformOneToOne,NY St Tax W/H,2320130,true,
US,A_Chempax_MAFCO,A_Chempax_MAFCO,Ac,DetailAccount,Everyone,30-10-2380-,TransformOneToOne,NY City Tax W/H,2320130,true,
US,A_Chempax_MAFCO,A_Chempax_MAFCO,Ac,DetailAccount,Everyone,30-10-2390-,TransformOneToOne,Unemployement VA,2312000,true,
US,A_Chempax_MAFCO,A_Chempax_MAFCO,Ac,DetailAccount,Everyone,30-10-2400-,TransformOneToOne,State Franchise Taxe,2310690,true,
US,A_Chempax_MAFCO,A_Chempax_MAFCO,Ac,DetailAccount,Everyone,30-10-2410-,TransformOneToOne,State Corp Inc Tax,2200020,true,
US,A_Chempax_MAFCO,A_Chempax_MAFCO,Ac,DetailAccount,Everyone,30-10-2410-0090,TransformOneToOne,State Inc Tax - VA,2200020,true,
US,A_Chempax_MAFCO,A_Chempax_MAFCO,Ac,DetailAccount,Everyone,30-10-2420-,TransformOneToOne,Payroll ded misc,2320120,true,
US,A_Chempax_MAFCO,A_Chempax_MAFCO,Ac,DetailAccount,Everyone,30-10-2430-,TransformOneToOne,N.J. inc tax w\h,2320130,true,
US,A_Chempax_MAFCO,A_Chempax_MAFCO,Ac,DetailAccount,Everyone,30-10-2450-,TransformOneToOne,Fed Inc Tax W/H,2320130,true,
US,A_Chempax_MAFCO,A_Chempax_MAFCO,Ac,DetailAccount,Everyone,30-10-2460-,TransformOneToOne,FICA w/h,2320130,true,
US,A_Chempax_MAFCO,A_Chempax_MAFCO,Ac,DetailAccount,Everyone,30-10-2470-,TransformOneToOne,FICA Co. lia,2312000,true,
US,A_Chempax_MAFCO,A_Chempax_MAFCO,Ac,DetailAccount,Everyone,30-10-2530-,TransformOneToOne,PACRA reserve,2312590,true,
US,A_Chempax_MAFCO,A_Chempax_MAFCO,Ac,DetailAccount,Everyone,30-10-2540-,TransformOneToOne,Union dues w\h,2320120,true,
US,A_Chempax_MAFCO,A_Chempax_MAFCO,Ac,DetailAccount,Everyone,30-10-2550-,TransformOneToOne,Wrkmn's Comp-Factory,2312590,true,
US,A_Chempax_MAFCO,A_Chempax_MAFCO,Ac,DetailAccount,Everyone,30-10-2550-0093,TransformOneToOne,Wrkmn's Comp Pneumo,2312590,true,
US,A_Chempax_MAFCO,A_Chempax_MAFCO,Ac,DetailAccount,Everyone,30-10-2570-,TransformOneToOne,Credit union w\h,2320120,true,
US,A_Chempax_MAFCO,A_Chempax_MAFCO,Ac,DetailAccount,Everyone,30-10-2580-,TransformOneToOne,Employee charity W\H,2320120,true,
US,A_Chempax_MAFCO,A_Chempax_MAFCO,Ac,DetailAccount,Everyone,30-10-2590-,TransformOneToOne,Factory Pension,2312530,true,
US,A_Chempax_MAFCO,A_Chempax_MAFCO,Ac,DetailAccount,Everyone,30-10-2600-,TransformOneToOne,Salary Pension,2312530,true,
US,A_Chempax_MAFCO,A_Chempax_MAFCO,Ac,DetailAccount,Everyone,30-10-2610-,TransformOneToOne,BRP Pension,2755030,true,
US,A_Chempax_MAFCO,A_Chempax_MAFCO,Ac,DetailAccount,Everyone,30-10-2620-,TransformOneToOne,Acc Vacation,2312510,true,
US,A_Chempax_MAFCO,A_Chempax_MAFCO,Ac,DetailAccount,Everyone,30-10-2620-0014,TransformOneToOne,Acc Vacation,2312510,true,
US,A_Chempax_MAFCO,A_Chempax_MAFCO,Ac,DetailAccount,Everyone,30-10-2620-0015,TransformOneToOne,Acc Vacation,2312510,true,
US,A_Chempax_MAFCO,A_Chempax_MAFCO,Ac,DetailAccount,Everyone,30-10-2650-,TransformOneToOne,401K W/H,2320100,true,
US,A_Chempax_MAFCO,A_Chempax_MAFCO,Ac,DetailAccount,Everyone,30-10-2650-0001,TransformOneToOne,401K W/H Loan,2320100,true,
US,A_Chempax_MAFCO,A_Chempax_MAFCO,Ac,DetailAccount,Everyone,30-10-2650-0014,TransformOneToOne,401K W/H,2320100,true,
US,A_Chempax_MAFCO,A_Chempax_MAFCO,Ac,DetailAccount,Everyone,30-10-2650-0015,TransformOneToOne,401K W/H,2320100,true,
US,A_Chempax_MAFCO,A_Chempax_MAFCO,Ac,DetailAccount,Everyone,30-10-2650-2015,TransformOneToOne,401K W/H Hourly,2320100,true,
US,A_Chempax_MAFCO,A_Chempax_MAFCO,Ac,DetailAccount,Everyone,30-10-2651-0014,TransformOneToOne,401K ROTH After Tax,2312500,true,
US,A_Chempax_MAFCO,A_Chempax_MAFCO,Ac,DetailAccount,Everyone,30-10-2651-0015,TransformOneToOne,401K ROTH After Tax,2312500,true,
US,A_Chempax_MAFCO,A_Chempax_MAFCO,Ac,DetailAccount,Everyone,30-10-2652-0014,TransformOneToOne,401K ROTH Match,2312500,true,
US,A_Chempax_MAFCO,A_Chempax_MAFCO,Ac,DetailAccount,Everyone,30-10-2652-0015,TransformOneToOne,401K ROTH Match,2312500,true,
US,A_Chempax_MAFCO,A_Chempax_MAFCO,Ac,DetailAccount,Everyone,30-10-2655-0014,TransformOneToOne,401K Match Salary,2312500,true,
US,A_Chempax_MAFCO,A_Chempax_MAFCO,Ac,DetailAccount,Everyone,30-10-2655-0015,TransformOneToOne,401K Match Hourly,2312500,true,
US,A_Chempax_MAFCO,A_Chempax_MAFCO,Ac,DetailAccount,Everyone,30-10-2656-0014,TransformOneToOne,Acc health & life in,2320120,true,
US,A_Chempax_MAFCO,A_Chempax_MAFCO,Ac,DetailAccount,Everyone,30-10-2656-0015,TransformOneToOne,Acc Health Ins-Facty,2320120,true,
US,A_Chempax_MAFCO,A_Chempax_MAFCO,Ac,DetailAccount,Everyone,30-10-2659-,TransformOneToOne,LTIP Accrual,2820900,true,
US,A_Chempax_MAFCO,A_Chempax_MAFCO,Ac,DetailAccount,Everyone,30-10-2660-,TransformOneToOne,Accrued Payroll - Annual Incentive Plan,2311010,true,
US,A_Chempax_MAFCO,A_Chempax_MAFCO,Ac,DetailAccount,Everyone,30-10-2661-,TransformOneToOne,Accrued Insurance,2320030,true,
US,A_Chempax_MAFCO,A_Chempax_MAFCO,Ac,DetailAccount,Everyone,30-10-2661-0014,TransformOneToOne,Insur Opt-Out Salary,2320030,true,
US,A_Chempax_MAFCO,A_Chempax_MAFCO,Ac,DetailAccount,Everyone,30-10-2661-0015,TransformOneToOne,Insur Opt-Out Hourly,2320030,true,
US,A_Chempax_MAFCO,A_Chempax_MAFCO,Ac,DetailAccount,Everyone,30-10-2662-0014,TransformOneToOne,Accrued Insurance,2320030,true,
US,A_Chempax_MAFCO,A_Chempax_MAFCO,Ac,DetailAccount,Everyone,30-10-2662-0015,TransformOneToOne,Accrued Insurance,2320030,true,
US,A_Chempax_MAFCO,A_Chempax_MAFCO,Ac,DetailAccount,Everyone,30-10-2664-,TransformOneToOne,Acc Sewer Svcs,2320020,true,
US,A_Chempax_MAFCO,A_Chempax_MAFCO,Ac,DetailAccount,Everyone,30-10-2670-,TransformOneToOne,Acc Int Pay,2320040,true,
US,A_Chempax_MAFCO,A_Chempax_MAFCO,Ac,DetailAccount,Everyone,30-10-2680-,TransformOneToOne,Old Checks Outstand,2153900,true,
US,A_Chempax_MAFCO,A_Chempax_MAFCO,Ac,DetailAccount,Everyone,30-10-2681-,TransformOneToOne,St Omega Reserve,2320090,true,
US,A_Chempax_MAFCO,A_Chempax_MAFCO,Ac,DetailAccount,Everyone,30-10-2682-,TransformOneToOne,St DCAA Reserve,2320090,true,
US,A_Chempax_MAFCO,A_Chempax_MAFCO,Ac,DetailAccount,Everyone,30-10-2683-,TransformOneToOne,Accr DevelopmentCost,2320090,true,
US,A_Chempax_MAFCO,A_Chempax_MAFCO,Ac,DetailAccount,Everyone,30-10-2685-,TransformOneToOne,Other Acc Tax-Pneumo,2320090,true,
US,A_Chempax_MAFCO,A_Chempax_MAFCO,Ac,DetailAccount,Everyone,30-10-2687-,TransformOneToOne,Acc Prof Svcs,2314090,true,
US,A_Chempax_MAFCO,A_Chempax_MAFCO,Ac,DetailAccount,Everyone,30-10-2688-,TransformOneToOne,Acc Commissions,2313020,true,
US,A_Chempax_MAFCO,A_Chempax_MAFCO,Ac,DetailAccount,Everyone,30-10-2689-,TransformOneToOne,GP Rebates,2313510,true,
US,A_Chempax_MAFCO,A_Chempax_MAFCO,Ac,DetailAccount,Everyone,30-10-2690-,TransformOneToOne,Accr Liab-Fed Mogul,2314090,true,
US,A_Chempax_MAFCO,A_Chempax_MAFCO,Ac,DetailAccount,Everyone,30-10-2710-,TransformOneToOne,LT FICA Co. Liabilit,2820900,true,
US,A_Chempax_MAFCO,A_Chempax_MAFCO,Ac,DetailAccount,Everyone,30-10-2711-,TransformOneToOne,Insurance liability,2820900,true,
US,A_Chempax_MAFCO,A_Chempax_MAFCO,Ac,DetailAccount,Everyone,30-10-2770-,TransformOneToOne,Acc Whitman Arbitr,2820900,true,
US,A_Chempax_MAFCO,A_Chempax_MAFCO,Ac,DetailAccount,Everyone,30-10-2775-,TransformOneToOne,Acc Cooper Arbitr Co,2820900,true,
US,A_Chempax_MAFCO,A_Chempax_MAFCO,Ac,DetailAccount,Everyone,30-10-2775-0010,TransformOneToOne,Cooper Arbitr Cost,2820900,true,
US,A_Chempax_MAFCO,A_Chempax_MAFCO,Ac,DetailAccount,Everyone,30-10-2800-,TransformOneToOne,Revolving Credit,2506010,true,
US,A_Chempax_MAFCO,A_Chempax_MAFCO,Ac,DetailAccount,Everyone,30-10-2801-,TransformOneToOne,Term Loan - LT,2506000,true,
US,A_Chempax_MAFCO,A_Chempax_MAFCO,Ac,DetailAccount,Everyone,30-10-2810-,TransformOneToOne,Pneumo Lt Reserve,2820900,true,
US,A_Chempax_MAFCO,A_Chempax_MAFCO,Ac,DetailAccount,Everyone,30-10-2830-,TransformOneToOne,Tax reserve,2651010,true,
US,A_Chempax_MAFCO,A_Chempax_MAFCO,Ac,DetailAccount,Everyone,30-10-2840-,TransformOneToOne,Deferred Tax Lia L-T,2651010,true,
US,A_Chempax_MAFCO,A_Chempax_MAFCO,Ac,DetailAccount,Everyone,30-10-2850-,TransformOneToOne,"Oper Lease Liab, non",2701900,true,
US,A_Chempax_MAFCO,A_Chempax_MAFCO,Ac,DetailAccount,Everyone,30-10-2940-,TransformOneToOne,Comp Inc,3205000,true,
US,A_Chempax_MAFCO,A_Chempax_MAFCO,Ac,DetailAccount,Everyone,30-10-2940-0001,TransformOneToOne,Other Comp pensn tax,3205000,true,
US,A_Chempax_MAFCO,A_Chempax_MAFCO,Ac,DetailAccount,Everyone,30-10-2940-0014,TransformOneToOne,Comp Inc pensn Salar,3205000,true,
US,A_Chempax_MAFCO,A_Chempax_MAFCO,Ac,DetailAccount,Everyone,30-10-2940-0015,TransformOneToOne,Comp Inc pens factry,3205000,true,
US,A_Chempax_MAFCO,A_Chempax_MAFCO,Ac,DetailAccount,Everyone,30-10-2940-0016,TransformOneToOne,Comp Inc pension BRP,3205000,true,
US,A_Chempax_MAFCO,A_Chempax_MAFCO,Ac,DetailAccount,Everyone,30-10-2940-0017,TransformOneToOne,Comp Inc pension MNP,3205000,true,
US,A_Chempax_MAFCO,A_Chempax_MAFCO,Ac,DetailAccount,Everyone,30-10-2945-,TransformOneToOne,Other comp inc int r,3205000,true,
US,A_Chempax_MAFCO,A_Chempax_MAFCO,Ac,DetailAccount,Everyone,30-10-2950-,TransformOneToOne,Accum Translation Ad,3301000,true,
US,A_Chempax_MAFCO,A_Chempax_MAFCO,Ac,DetailAccount,Everyone,30-10-2950-0003,TransformOneToOne,Accum Translation Ad,3301000,true,
US,A_Chempax_MAFCO,A_Chempax_MAFCO,Ac,DetailAccount,Everyone,30-10-2950-0028,TransformOneToOne,Accum translate Shan,3301000,true,
US,A_Chempax_MAFCO,A_Chempax_MAFCO,Ac,DetailAccount,Everyone,30-10-2960-,TransformOneToOne,Common Stock,3002000,true,
US,A_Chempax_MAFCO,A_Chempax_MAFCO,Ac,DetailAccount,Everyone,30-10-2970-,TransformOneToOne,Paid in Capital,3101000,true,
US,A_Chempax_MAFCO,A_Chempax_MAFCO,Ac,DetailAccount,Everyone,30-10-2990-,TransformOneToOne,Retained Earnings,3500000,true,
US,A_Chempax_MAFCO,A_Chempax_MAFCO,Ac,DetailAccount,Everyone,30-10-2991-,TransformOneToOne,Accumulated Retained,3500000,true,
US,A_Chempax_MAFCO,A_Chempax_MAFCO,Ac,DetailAccount,Everyone,30-10-3010-,TransformOneToOne,Sales Trade,4000000,true,
US,A_Chempax_MAFCO,A_Chempax_MAFCO,Ac,DetailAccount,Everyone,30-10-3011-,TransformOneToOne,Sales MAG,4000000,true,
US,A_Chempax_MAFCO,A_Chempax_MAFCO,Ac,DetailAccount,Everyone,30-10-3012-,TransformOneToOne,Sales resale,4000000,true,
US,A_Chempax_MAFCO,A_Chempax_MAFCO,Ac,DetailAccount,Everyone,30-10-3013-,TransformOneToOne,Sales in transit res,4000000,true,
US,A_Chempax_MAFCO,A_Chempax_MAFCO,Ac,DetailAccount,Everyone,30-10-3015-,TransformOneToOne,Sales-Interco EVD,4800000,true,
US,A_Chempax_MAFCO,A_Chempax_MAFCO,Ac,DetailAccount,Everyone,30-10-3019-,TransformOneToOne,Sales-Interco China,4800000,true,
US,A_Chempax_MAFCO,A_Chempax_MAFCO,Ac,DetailAccount,Everyone,30-10-3019-0022,TransformOneToOne,Sales - Interco - SMB,4800000,true,
US,A_Chempax_MAFCO,A_Chempax_MAFCO,Ac,DetailAccount,Everyone,30-10-3019-0023,TransformOneToOne,Sales - Interco - WF,4800000,true,
US,A_Chempax_MAFCO,A_Chempax_MAFCO,Ac,DetailAccount,Everyone,30-10-3019-0024,TransformOneToOne,Sales - Interco - ZFTZ,4800000,true,
US,A_Chempax_MAFCO,A_Chempax_MAFCO,Ac,DetailAccount,Everyone,30-10-3019-0034,TransformOneToOne,Sales - Interco - EVD,4800000,true,
US,A_Chempax_MAFCO,A_Chempax_MAFCO,Ac,DetailAccount,Everyone,30-10-3019-0056,TransformOneToOne,Sales - Interco - Merisant,4800000,true,
US,A_Chempax_MAFCO,A_Chempax_MAFCO,Ac,DetailAccount,Everyone,30-10-3020-,TransformOneToOne,Sales Discount,4100020,true,
US,A_Chempax_MAFCO,A_Chempax_MAFCO,Ac,DetailAccount,Everyone,30-10-3030-,TransformOneToOne,Returns & Allow,4100000,true,
US,A_Chempax_MAFCO,A_Chempax_MAFCO,Ac,DetailAccount,Everyone,30-10-3031-,TransformOneToOne,Returns & Allow MAG,4100000,true,
US,A_Chempax_MAFCO,A_Chempax_MAFCO,Ac,DetailAccount,Everyone,30-10-3040-,TransformOneToOne,Freight Out,6010000,false,
US,A_Chempax_MAFCO,A_Chempax_MAFCO,Ac,DetailAccount,Everyone,30-10-3050-,TransformOneToOne,Customer Returns,4100000,true,
US,A_Chempax_MAFCO,A_Chempax_MAFCO,Ac,DetailAccount,Everyone,30-10-3060-,TransformOneToOne,Sales Rebates,4100020,true,
US,A_Chempax_MAFCO,A_Chempax_MAFCO,Ac,DetailAccount,Everyone,30-10-3070-,TransformOneToOne,Freight revenue,4000000,true,
US,A_Chempax_MAFCO,A_Chempax_MAFCO,Ac,DetailAccount,Everyone,30-10-3210-0056,TransformOneToOne,Sales other - Merisa,4800000,true,
US,A_Chempax_MAFCO,A_Chempax_MAFCO,Ac,DetailAccount,Everyone,30-10-4010-2100,TransformOneToOne,Cost of sales,5000000,false,
US,A_Chempax_MAFCO,A_Chempax_MAFCO,Ac,DetailAccount,Everyone,30-10-4015-2100,TransformOneToOne,COS-Interco EVD,5800000,false,
US,A_Chempax_MAFCO,A_Chempax_MAFCO,Ac,DetailAccount,Everyone,30-10-4019-0022,TransformOneToOne,COGS - Interco - SMB,5800000,false,
US,A_Chempax_MAFCO,A_Chempax_MAFCO,Ac,DetailAccount,Everyone,30-10-4019-0023,TransformOneToOne,COGS - Interco - WF,5800000,false,
US,A_Chempax_MAFCO,A_Chempax_MAFCO,Ac,DetailAccount,Everyone,30-10-4019-0024,TransformOneToOne,COGS - Interco - ZFTZ,5800000,false,
US,A_Chempax_MAFCO,A_Chempax_MAFCO,Ac,DetailAccount,Everyone,30-10-4019-0034,TransformOneToOne,COGS - Interco - EVD,5800000,false,
US,A_Chempax_MAFCO,A_Chempax_MAFCO,Ac,DetailAccount,Everyone,30-10-4019-0056,TransformOneToOne,COGS - Interco - Merisant,5800000,false,
US,A_Chempax_MAFCO,A_Chempax_MAFCO,Ac,DetailAccount,Everyone,30-10-4019-2100,TransformOneToOne,COS-Interco China,5800000,false,
US,A_Chempax_MAFCO,A_Chempax_MAFCO,Ac,DetailAccount,Everyone,30-10-4100-2100,TransformOneToOne,Cost of resale sales,5000000,false,
US,A_Chempax_MAFCO,A_Chempax_MAFCO,Ac,DetailAccount,Everyone,30-10-4100-2200,TransformOneToOne,COS-Misc Differences,5000000,false,
US,A_Chempax_MAFCO,A_Chempax_MAFCO,Ac,DetailAccount,Everyone,30-10-4210-2100,TransformOneToOne,Cost of sales other,5000000,false,
US,A_Chempax_MAFCO,A_Chempax_MAFCO,Ac,DetailAccount,Everyone,30-10-5010-2100,TransformOneToOne,Root Used,6030020,false,
US,A_Chempax_MAFCO,A_Chempax_MAFCO,Ac,DetailAccount,Everyone,30-10-5020-2100,TransformOneToOne,Lic Oth RawMatl Used,6030020,false,
US,A_Chempax_MAFCO,A_Chempax_MAFCO,Ac,DetailAccount,Everyone,30-10-5030-2100,TransformOneToOne,Proc Matl Used-Lic,6030020,false,
US,A_Chempax_MAFCO,A_Chempax_MAFCO,Ac,DetailAccount,Everyone,30-10-5040-2107,TransformOneToOne,Wrap Mtl-UF,6020000,false,
US,A_Chempax_MAFCO,A_Chempax_MAFCO,Ac,DetailAccount,Everyone,30-10-5040-2128,TransformOneToOne,Wrap Mtl-Lic,6020000,false,
US,A_Chempax_MAFCO,A_Chempax_MAFCO,Ac,DetailAccount,Everyone,30-10-5045-2128,TransformOneToOne,Wrap Matls-Pallets,6020000,false,
US,A_Chempax_MAFCO,A_Chempax_MAFCO,Ac,DetailAccount,Everyone,30-10-5090-2100,TransformOneToOne,Remelt Usage,6030020,false,
US,A_Chempax_MAFCO,A_Chempax_MAFCO,Ac,DetailAccount,Everyone,30-10-5100-2100,TransformOneToOne,Chinese Remelt Usage,6030020,false,
US,A_Chempax_MAFCO,A_Chempax_MAFCO,Ac,DetailAccount,Everyone,30-10-5500-2061,TransformOneToOne,Drayage,6030020,false,
US,A_Chempax_MAFCO,A_Chempax_MAFCO,Ac,DetailAccount,Everyone,30-10-5510-2626,TransformOneToOne,Demurage,6010010,false,
US,A_Chempax_MAFCO,A_Chempax_MAFCO,Ac,DetailAccount,Everyone,30-10-5900-2100,TransformOneToOne,Inv Adj-Lic FG/Resal,6030020,false,
US,A_Chempax_MAFCO,A_Chempax_MAFCO,Ac,DetailAccount,Everyone,30-10-5901-2095,TransformOneToOne,Inv Adjust MAG COGS restructuring,6030033,false,
US,A_Chempax_MAFCO,A_Chempax_MAFCO,Ac,DetailAccount,Everyone,30-10-5902-2100,TransformOneToOne,Inv Adjust-Lic WIP,6030020,false,
US,A_Chempax_MAFCO,A_Chempax_MAFCO,Ac,DetailAccount,Everyone,30-10-5903-2100,TransformOneToOne,Inv Adjust-Remelts,6030020,false,
US,A_Chempax_MAFCO,A_Chempax_MAFCO,Ac,DetailAccount,Everyone,30-10-5904-2100,TransformOneToOne,Inv Adjust-Root,6030020,false,
US,A_Chempax_MAFCO,A_Chempax_MAFCO,Ac,DetailAccount,Everyone,30-10-5905-2100,TransformOneToOne,Inv Adjust-Other RM,6030030,false,
US,A_Chempax_MAFCO,A_Chempax_MAFCO,Ac,DetailAccount,Everyone,30-10-5910-2100,TransformOneToOne,Mfg vs Std-Licorice,6020035,false,
US,A_Chempax_MAFCO,A_Chempax_MAFCO,Ac,DetailAccount,Everyone,30-10-5910-2102,TransformOneToOne,Mfg var-Grinding,6020035,false,
US,A_Chempax_MAFCO,A_Chempax_MAFCO,Ac,DetailAccount,Everyone,30-10-5910-2103,TransformOneToOne,Mfg var - extraction,6020035,false,
US,A_Chempax_MAFCO,A_Chempax_MAFCO,Ac,DetailAccount,Everyone,30-10-5910-2106,TransformOneToOne,Mfg var - evaporatio,6020035,false,
US,A_Chempax_MAFCO,A_Chempax_MAFCO,Ac,DetailAccount,Everyone,30-10-5910-2115,TransformOneToOne,Mfg var-Spray Dryer,6020035,false,
US,A_Chempax_MAFCO,A_Chempax_MAFCO,Ac,DetailAccount,Everyone,30-10-5910-2117,TransformOneToOne,Mfg var- batch blend,6020035,false,
US,A_Chempax_MAFCO,A_Chempax_MAFCO,Ac,DetailAccount,Everyone,30-10-5910-2118,TransformOneToOne,Mfg var-dry blending,6020035,false,
US,A_Chempax_MAFCO,A_Chempax_MAFCO,Ac,DetailAccount,Everyone,30-10-5910-2121,TransformOneToOne,Mfg var-paste finish,6020035,false,
US,A_Chempax_MAFCO,A_Chempax_MAFCO,Ac,DetailAccount,Everyone,30-10-5910-2122,TransformOneToOne,Mfg var-Paste Wrap,6020035,false,
US,A_Chempax_MAFCO,A_Chempax_MAFCO,Ac,DetailAccount,Everyone,30-10-5910-2128,TransformOneToOne,Mfg var-Lic Overhead,6020035,false,
US,A_Chempax_MAFCO,A_Chempax_MAFCO,Ac,DetailAccount,Everyone,30-10-5911-2128,TransformOneToOne,Inventory Adj-Std Co,6030040,false,
US,A_Chempax_MAFCO,A_Chempax_MAFCO,Ac,DetailAccount,Everyone,30-10-5912-2128,TransformOneToOne,Mfg. FOOTPRINT INEFF,6020035,false,
US,A_Chempax_MAFCO,A_Chempax_MAFCO,Ac,DetailAccount,Everyone,30-10-5935-2100,TransformOneToOne,Capitalized Var Def/,6020036,false,
US,A_Chempax_MAFCO,A_Chempax_MAFCO,Ac,DetailAccount,Everyone,30-10-5940-2100,TransformOneToOne,Purchase Var-Lic Gen,6030010,false,
US,A_Chempax_MAFCO,A_Chempax_MAFCO,Ac,DetailAccount,Everyone,30-10-5940-2109,TransformOneToOne,Purchase Var MAG,6030010,false,
US,A_Chempax_MAFCO,A_Chempax_MAFCO,Ac,DetailAccount,Everyone,30-10-5941-0090,TransformOneToOne,Purchase Acc FG,6020010,false,
US,A_Chempax_MAFCO,A_Chempax_MAFCO,Ac,DetailAccount,Everyone,30-10-5941-0133,TransformOneToOne,Purchase Acc Derivat,6030010,false,
US,A_Chempax_MAFCO,A_Chempax_MAFCO,Ac,DetailAccount,Everyone,30-10-5941-0135,TransformOneToOne,Purchase Acc Remelts,6020010,false,
US,A_Chempax_MAFCO,A_Chempax_MAFCO,Ac,DetailAccount,Everyone,30-10-5945-2100,TransformOneToOne,Purchase Var-Root,6030010,false,
US,A_Chempax_MAFCO,A_Chempax_MAFCO,Ac,DetailAccount,Everyone,30-10-5946-2100,TransformOneToOne,Purchase Var-Remelts,6030010,false,
US,A_Chempax_MAFCO,A_Chempax_MAFCO,Ac,DetailAccount,Everyone,30-10-6020-2128,TransformOneToOne,ETO Treatment,6310040,false,
US,A_Chempax_MAFCO,A_Chempax_MAFCO,Ac,DetailAccount,Everyone,30-10-6070-2040,TransformOneToOne,Freight in,6130020,false,
US,A_Chempax_MAFCO,A_Chempax_MAFCO,Ac,DetailAccount,Everyone,30-10-6070-2050,TransformOneToOne,Freight in,6130020,false,
US,A_Chempax_MAFCO,A_Chempax_MAFCO,Ac,DetailAccount,Everyone,30-10-6070-2055,TransformOneToOne,Freight in,6130020,false,
US,A_Chempax_MAFCO,A_Chempax_MAFCO,Ac,DetailAccount,Everyone,30-10-6070-2058,TransformOneToOne,Freight in,6130020,false,
US,A_Chempax_MAFCO,A_Chempax_MAFCO,Ac,DetailAccount,Everyone,30-10-6070-2059,TransformOneToOne,Freight in,6130020,false,
US,A_Chempax_MAFCO,A_Chempax_MAFCO,Ac,DetailAccount,Everyone,30-10-6070-2060,TransformOneToOne,Freight in,6130020,false,
US,A_Chempax_MAFCO,A_Chempax_MAFCO,Ac,DetailAccount,Everyone,30-10-6070-2061,TransformOneToOne,Freight in,6130020,false,
US,A_Chempax_MAFCO,A_Chempax_MAFCO,Ac,DetailAccount,Everyone,30-10-6070-2062,TransformOneToOne,Freight in,6130020,false,
US,A_Chempax_MAFCO,A_Chempax_MAFCO,Ac,DetailAccount,Everyone,30-10-6070-2063,TransformOneToOne,Freight in,6130020,false,
US,A_Chempax_MAFCO,A_Chempax_MAFCO,Ac,DetailAccount,Everyone,30-10-6070-2088,TransformOneToOne,Freight in,6130020,false,
US,A_Chempax_MAFCO,A_Chempax_MAFCO,Ac,DetailAccount,Everyone,30-10-6070-2101,TransformOneToOne,Freight in,6130020,false,
US,A_Chempax_MAFCO,A_Chempax_MAFCO,Ac,DetailAccount,Everyone,30-10-6070-2102,TransformOneToOne,Freight in,6130020,false,
US,A_Chempax_MAFCO,A_Chempax_MAFCO,Ac,DetailAccount,Everyone,30-10-6070-2103,TransformOneToOne,Freight in,6130020,false,
US,A_Chempax_MAFCO,A_Chempax_MAFCO,Ac,DetailAccount,Everyone,30-10-6070-2104,TransformOneToOne,Freight in,6130020,false,
US,A_Chempax_MAFCO,A_Chempax_MAFCO,Ac,DetailAccount,Everyone,30-10-6070-2105,TransformOneToOne,Freight in,6130020,false,
US,A_Chempax_MAFCO,A_Chempax_MAFCO,Ac,DetailAccount,Everyone,30-10-6070-2106,TransformOneToOne,Freight in,6130020,false,
US,A_Chempax_MAFCO,A_Chempax_MAFCO,Ac,DetailAccount,Everyone,30-10-6070-2115,TransformOneToOne,Freight in,6130020,false,
US,A_Chempax_MAFCO,A_Chempax_MAFCO,Ac,DetailAccount,Everyone,30-10-6070-2117,TransformOneToOne,Freight in,6130020,false,
US,A_Chempax_MAFCO,A_Chempax_MAFCO,Ac,DetailAccount,Everyone,30-10-6070-2118,TransformOneToOne,Freight in,6130020,false,
US,A_Chempax_MAFCO,A_Chempax_MAFCO,Ac,DetailAccount,Everyone,30-10-6070-2121,TransformOneToOne,Freight in,6130020,false,
US,A_Chempax_MAFCO,A_Chempax_MAFCO,Ac,DetailAccount,Everyone,30-10-6070-2122,TransformOneToOne,Freight in,6130020,false,
US,A_Chempax_MAFCO,A_Chempax_MAFCO,Ac,DetailAccount,Everyone,30-10-6070-2124,TransformOneToOne,Freight in,6130020,false,
US,A_Chempax_MAFCO,A_Chempax_MAFCO,Ac,DetailAccount,Everyone,30-10-6070-2127,TransformOneToOne,Freight in,6130020,false,
US,A_Chempax_MAFCO,A_Chempax_MAFCO,Ac,DetailAccount,Everyone,30-10-6070-2128,TransformOneToOne,Freight in,6130020,false,
US,A_Chempax_MAFCO,A_Chempax_MAFCO,Ac,DetailAccount,Everyone,30-10-6070-2200,TransformOneToOne,Freight in,6130020,false,
US,A_Chempax_MAFCO,A_Chempax_MAFCO,Ac,DetailAccount,Everyone,30-10-6070-2201,TransformOneToOne,Freight in,6130020,false,
US,A_Chempax_MAFCO,A_Chempax_MAFCO,Ac,DetailAccount,Everyone,30-10-6070-5090,TransformOneToOne,Freight in,6130020,false,
US,A_Chempax_MAFCO,A_Chempax_MAFCO,Ac,DetailAccount,Everyone,30-10-6070-5091,TransformOneToOne,Freight in,6130020,false,
US,A_Chempax_MAFCO,A_Chempax_MAFCO,Ac,DetailAccount,Everyone,30-10-6070-5094,TransformOneToOne,Freight in,6130020,false,
US,A_Chempax_MAFCO,A_Chempax_MAFCO,Ac,DetailAccount,Everyone,30-10-6070-5130,TransformOneToOne,Freight in,6130020,false,
US,A_Chempax_MAFCO,A_Chempax_MAFCO,Ac,DetailAccount,Everyone,30-10-6080-2040,TransformOneToOne,Operating Supplies,6410010,false,
US,A_Chempax_MAFCO,A_Chempax_MAFCO,Ac,DetailAccount,Everyone,30-10-6080-2050,TransformOneToOne,Operating Supplies,6410010,false,
US,A_Chempax_MAFCO,A_Chempax_MAFCO,Ac,DetailAccount,Everyone,30-10-6080-2055,TransformOneToOne,Operating Supplies,6410010,false,
US,A_Chempax_MAFCO,A_Chempax_MAFCO,Ac,DetailAccount,Everyone,30-10-6080-2058,TransformOneToOne,Operating Supplies,6410010,false,
US,A_Chempax_MAFCO,A_Chempax_MAFCO,Ac,DetailAccount,Everyone,30-10-6080-2059,TransformOneToOne,Operating Supplies,6410010,false,
US,A_Chempax_MAFCO,A_Chempax_MAFCO,Ac,DetailAccount,Everyone,30-10-6080-2060,TransformOneToOne,Operating Supplies,6410010,false,
US,A_Chempax_MAFCO,A_Chempax_MAFCO,Ac,DetailAccount,Everyone,30-10-6080-2061,TransformOneToOne,Operating Supplies,6410010,false,
US,A_Chempax_MAFCO,A_Chempax_MAFCO,Ac,DetailAccount,Everyone,30-10-6080-2062,TransformOneToOne,Operating Supplies,6410010,false,
US,A_Chempax_MAFCO,A_Chempax_MAFCO,Ac,DetailAccount,Everyone,30-10-6080-2063,TransformOneToOne,Operating Supplies,6410010,false,
US,A_Chempax_MAFCO,A_Chempax_MAFCO,Ac,DetailAccount,Everyone,30-10-6080-2088,TransformOneToOne,Operating Supplies,6410010,false,
US,A_Chempax_MAFCO,A_Chempax_MAFCO,Ac,DetailAccount,Everyone,30-10-6080-2101,TransformOneToOne,Operating Supplies,6410010,false,
US,A_Chempax_MAFCO,A_Chempax_MAFCO,Ac,DetailAccount,Everyone,30-10-6080-2102,TransformOneToOne,Operating Supplies,6410010,false,
US,A_Chempax_MAFCO,A_Chempax_MAFCO,Ac,DetailAccount,Everyone,30-10-6080-2103,TransformOneToOne,Operating Supplies,6410010,false,
US,A_Chempax_MAFCO,A_Chempax_MAFCO,Ac,DetailAccount,Everyone,30-10-6080-2104,TransformOneToOne,Operating Supplies,6410010,false,
US,A_Chempax_MAFCO,A_Chempax_MAFCO,Ac,DetailAccount,Everyone,30-10-6080-2105,TransformOneToOne,Operating Supplies,6410010,false,
US,A_Chempax_MAFCO,A_Chempax_MAFCO,Ac,DetailAccount,Everyone,30-10-6080-2106,TransformOneToOne,Operating Supplies,6410010,false,
US,A_Chempax_MAFCO,A_Chempax_MAFCO,Ac,DetailAccount,Everyone,30-10-6080-2107,TransformOneToOne,Operating Supplies,6410010,false,
US,A_Chempax_MAFCO,A_Chempax_MAFCO,Ac,DetailAccount,Everyone,30-10-6080-2115,TransformOneToOne,Operating Supplies,6410010,false,
US,A_Chempax_MAFCO,A_Chempax_MAFCO,Ac,DetailAccount,Everyone,30-10-6080-2117,TransformOneToOne,Operating Supplies,6410010,false,
US,A_Chempax_MAFCO,A_Chempax_MAFCO,Ac,DetailAccount,Everyone,30-10-6080-2118,TransformOneToOne,Operating Supplies,6410010,false,
US,A_Chempax_MAFCO,A_Chempax_MAFCO,Ac,DetailAccount,Everyone,30-10-6080-2121,TransformOneToOne,Operating Supplies,6410010,false,
US,A_Chempax_MAFCO,A_Chempax_MAFCO,Ac,DetailAccount,Everyone,30-10-6080-2122,TransformOneToOne,Operating Supplies,6410010,false,
US,A_Chempax_MAFCO,A_Chempax_MAFCO,Ac,DetailAccount,Everyone,30-10-6080-2124,TransformOneToOne,Operating Supplies,6410010,false,
US,A_Chempax_MAFCO,A_Chempax_MAFCO,Ac,DetailAccount,Everyone,30-10-6080-2127,TransformOneToOne,Operating Supplies,6410010,false,
US,A_Chempax_MAFCO,A_Chempax_MAFCO,Ac,DetailAccount,Everyone,30-10-6080-2128,TransformOneToOne,Operating Supplies,6410010,false,
US,A_Chempax_MAFCO,A_Chempax_MAFCO,Ac,DetailAccount,Everyone,30-10-6080-2200,TransformOneToOne,Operating Supplies,6410010,false,
US,A_Chempax_MAFCO,A_Chempax_MAFCO,Ac,DetailAccount,Everyone,30-10-6080-2201,TransformOneToOne,Operating Supplies,6410010,false,
US,A_Chempax_MAFCO,A_Chempax_MAFCO,Ac,DetailAccount,Everyone,30-10-6080-5002,TransformOneToOne,Operating Supplies,6410010,false,
US,A_Chempax_MAFCO,A_Chempax_MAFCO,Ac,DetailAccount,Everyone,30-10-6080-5090,TransformOneToOne,Operating Supplies,6410010,false,
US,A_Chempax_MAFCO,A_Chempax_MAFCO,Ac,DetailAccount,Everyone,30-10-6080-5091,TransformOneToOne,Operating Supplies,6410010,false,
US,A_Chempax_MAFCO,A_Chempax_MAFCO,Ac,DetailAccount,Everyone,30-10-6080-5094,TransformOneToOne,Operating Supplies,6410010,false,
US,A_Chempax_MAFCO,A_Chempax_MAFCO,Ac,DetailAccount,Everyone,30-10-6080-5109,TransformOneToOne,Operating Supplies,6410010,false,
US,A_Chempax_MAFCO,A_Chempax_MAFCO,Ac,DetailAccount,Everyone,30-10-6080-5130,TransformOneToOne,Operating Supplies,6410010,false,
US,A_Chempax_MAFCO,A_Chempax_MAFCO,Ac,DetailAccount,Everyone,30-10-6090-2040,TransformOneToOne,Water & Sewer,6120020,false,
US,A_Chempax_MAFCO,A_Chempax_MAFCO,Ac,DetailAccount,Everyone,30-10-6090-2050,TransformOneToOne,Water & Sewer,6120020,false,
US,A_Chempax_MAFCO,A_Chempax_MAFCO,Ac,DetailAccount,Everyone,30-10-6090-2055,TransformOneToOne,Water & Sewer,6120020,false,
US,A_Chempax_MAFCO,A_Chempax_MAFCO,Ac,DetailAccount,Everyone,30-10-6090-2058,TransformOneToOne,Water & Sewer,6120020,false,
US,A_Chempax_MAFCO,A_Chempax_MAFCO,Ac,DetailAccount,Everyone,30-10-6090-2059,TransformOneToOne,Water & Sewer,6120020,false,
US,A_Chempax_MAFCO,A_Chempax_MAFCO,Ac,DetailAccount,Everyone,30-10-6090-2060,TransformOneToOne,Water & Sewer,6120020,false,
US,A_Chempax_MAFCO,A_Chempax_MAFCO,Ac,DetailAccount,Everyone,30-10-6090-2061,TransformOneToOne,Water & Sewer,6120020,false,
US,A_Chempax_MAFCO,A_Chempax_MAFCO,Ac,DetailAccount,Everyone,30-10-6090-2062,TransformOneToOne,Water & Sewer,6120020,false,
US,A_Chempax_MAFCO,A_Chempax_MAFCO,Ac,DetailAccount,Everyone,30-10-6090-2063,TransformOneToOne,Water & Sewer,6120020,false,
US,A_Chempax_MAFCO,A_Chempax_MAFCO,Ac,DetailAccount,Everyone,30-10-6090-2088,TransformOneToOne,Water & Sewer,6120020,false,
US,A_Chempax_MAFCO,A_Chempax_MAFCO,Ac,DetailAccount,Everyone,30-10-6090-2101,TransformOneToOne,Water & Sewer,6120020,false,
US,A_Chempax_MAFCO,A_Chempax_MAFCO,Ac,DetailAccount,Everyone,30-10-6090-2102,TransformOneToOne,Water & Sewer,6120020,false,
US,A_Chempax_MAFCO,A_Chempax_MAFCO,Ac,DetailAccount,Everyone,30-10-6090-2103,TransformOneToOne,Water & Sewer,6120020,false,
US,A_Chempax_MAFCO,A_Chempax_MAFCO,Ac,DetailAccount,Everyone,30-10-6090-2104,TransformOneToOne,Water & Sewer,6120020,false,
US,A_Chempax_MAFCO,A_Chempax_MAFCO,Ac,DetailAccount,Everyone,30-10-6090-2105,TransformOneToOne,Water & Sewer,6120020,false,
US,A_Chempax_MAFCO,A_Chempax_MAFCO,Ac,DetailAccount,Everyone,30-10-6090-2106,TransformOneToOne,Water & Sewer,6120020,false,
US,A_Chempax_MAFCO,A_Chempax_MAFCO,Ac,DetailAccount,Everyone,30-10-6090-2115,TransformOneToOne,Water & Sewer,6120020,false,
US,A_Chempax_MAFCO,A_Chempax_MAFCO,Ac,DetailAccount,Everyone,30-10-6090-2117,TransformOneToOne,Water & Sewer,6120020,false,
US,A_Chempax_MAFCO,A_Chempax_MAFCO,Ac,DetailAccount,Everyone,30-10-6090-2118,TransformOneToOne,Water & Sewer,6120020,false,
US,A_Chempax_MAFCO,A_Chempax_MAFCO,Ac,DetailAccount,Everyone,30-10-6090-2121,TransformOneToOne,Water & Sewer,6120020,false,
US,A_Chempax_MAFCO,A_Chempax_MAFCO,Ac,DetailAccount,Everyone,30-10-6090-2122,TransformOneToOne,Water & Sewer,6120020,false,
US,A_Chempax_MAFCO,A_Chempax_MAFCO,Ac,DetailAccount,Everyone,30-10-6090-2124,TransformOneToOne,Water & Sewer,6120020,false,
US,A_Chempax_MAFCO,A_Chempax_MAFCO,Ac,DetailAccount,Everyone,30-10-6090-2127,TransformOneToOne,Water & Sewer,6120020,false,
US,A_Chempax_MAFCO,A_Chempax_MAFCO,Ac,DetailAccount,Everyone,30-10-6090-2128,TransformOneToOne,Water & Sewer,6120020,false,
US,A_Chempax_MAFCO,A_Chempax_MAFCO,Ac,DetailAccount,Everyone,30-10-6090-2200,TransformOneToOne,Water & Sewer,6120020,false,
US,A_Chempax_MAFCO,A_Chempax_MAFCO,Ac,DetailAccount,Everyone,30-10-6090-2201,TransformOneToOne,Water & Sewer,6120020,false,
US,A_Chempax_MAFCO,A_Chempax_MAFCO,Ac,DetailAccount,Everyone,30-10-6090-5091,TransformOneToOne,Water & Sewer,6120020,false,
US,A_Chempax_MAFCO,A_Chempax_MAFCO,Ac,DetailAccount,Everyone,30-10-6090-5094,TransformOneToOne,Water & Sewer,6120020,false,
US,A_Chempax_MAFCO,A_Chempax_MAFCO,Ac,DetailAccount,Everyone,30-10-6090-5130,TransformOneToOne,Water & Sewer,6120020,false,
US,A_Chempax_MAFCO,A_Chempax_MAFCO,Ac,DetailAccount,Everyone,30-10-6100-2040,TransformOneToOne,Steam Cost,6120030,false,
US,A_Chempax_MAFCO,A_Chempax_MAFCO,Ac,DetailAccount,Everyone,30-10-6100-2050,TransformOneToOne,Steam Cost,6120030,false,
US,A_Chempax_MAFCO,A_Chempax_MAFCO,Ac,DetailAccount,Everyone,30-10-6100-2055,TransformOneToOne,Steam Cost,6120030,false,
US,A_Chempax_MAFCO,A_Chempax_MAFCO,Ac,DetailAccount,Everyone,30-10-6100-2058,TransformOneToOne,Steam Cost,6120030,false,
US,A_Chempax_MAFCO,A_Chempax_MAFCO,Ac,DetailAccount,Everyone,30-10-6100-2059,TransformOneToOne,Steam Cost,6120030,false,
US,A_Chempax_MAFCO,A_Chempax_MAFCO,Ac,DetailAccount,Everyone,30-10-6100-2060,TransformOneToOne,Steam Cost,6120030,false,
US,A_Chempax_MAFCO,A_Chempax_MAFCO,Ac,DetailAccount,Everyone,30-10-6100-2061,TransformOneToOne,Steam Cost,6120030,false,
US,A_Chempax_MAFCO,A_Chempax_MAFCO,Ac,DetailAccount,Everyone,30-10-6100-2062,TransformOneToOne,Steam Cost,6120030,false,
US,A_Chempax_MAFCO,A_Chempax_MAFCO,Ac,DetailAccount,Everyone,30-10-6100-2063,TransformOneToOne,Steam Cost,6120030,false,
US,A_Chempax_MAFCO,A_Chempax_MAFCO,Ac,DetailAccount,Everyone,30-10-6100-2088,TransformOneToOne,Steam Cost,6120030,false,
US,A_Chempax_MAFCO,A_Chempax_MAFCO,Ac,DetailAccount,Everyone,30-10-6100-2101,TransformOneToOne,Steam Cost,6120030,false,
US,A_Chempax_MAFCO,A_Chempax_MAFCO,Ac,DetailAccount,Everyone,30-10-6100-2102,TransformOneToOne,Steam Cost,6120030,false,
US,A_Chempax_MAFCO,A_Chempax_MAFCO,Ac,DetailAccount,Everyone,30-10-6100-2103,TransformOneToOne,Steam Cost,6120030,false,
US,A_Chempax_MAFCO,A_Chempax_MAFCO,Ac,DetailAccount,Everyone,30-10-6100-2104,TransformOneToOne,Steam Cost,6120030,false,
US,A_Chempax_MAFCO,A_Chempax_MAFCO,Ac,DetailAccount,Everyone,30-10-6100-2105,TransformOneToOne,Steam Cost,6120030,false,
US,A_Chempax_MAFCO,A_Chempax_MAFCO,Ac,DetailAccount,Everyone,30-10-6100-2106,TransformOneToOne,Steam Cost,6120030,false,
US,A_Chempax_MAFCO,A_Chempax_MAFCO,Ac,DetailAccount,Everyone,30-10-6100-2115,TransformOneToOne,Steam Cost,6120030,false,
US,A_Chempax_MAFCO,A_Chempax_MAFCO,Ac,DetailAccount,Everyone,30-10-6100-2117,TransformOneToOne,Steam Cost,6120030,false,
US,A_Chempax_MAFCO,A_Chempax_MAFCO,Ac,DetailAccount,Everyone,30-10-6100-2118,TransformOneToOne,Steam Cost,6120030,false,
US,A_Chempax_MAFCO,A_Chempax_MAFCO,Ac,DetailAccount,Everyone,30-10-6100-2121,TransformOneToOne,Steam Cost,6120030,false,
US,A_Chempax_MAFCO,A_Chempax_MAFCO,Ac,DetailAccount,Everyone,30-10-6100-2122,TransformOneToOne,Steam Cost,6120030,false,
US,A_Chempax_MAFCO,A_Chempax_MAFCO,Ac,DetailAccount,Everyone,30-10-6100-2124,TransformOneToOne,Steam Cost,6120030,false,
US,A_Chempax_MAFCO,A_Chempax_MAFCO,Ac,DetailAccount,Everyone,30-10-6100-2127,TransformOneToOne,Steam Cost,6120030,false,
US,A_Chempax_MAFCO,A_Chempax_MAFCO,Ac,DetailAccount,Everyone,30-10-6100-2128,TransformOneToOne,Steam Cost,6120030,false,
US,A_Chempax_MAFCO,A_Chempax_MAFCO,Ac,DetailAccount,Everyone,30-10-6100-2200,TransformOneToOne,Steam Cost,6120030,false,
US,A_Chempax_MAFCO,A_Chempax_MAFCO,Ac,DetailAccount,Everyone,30-10-6100-2201,TransformOneToOne,Steam Cost,6120030,false,
US,A_Chempax_MAFCO,A_Chempax_MAFCO,Ac,DetailAccount,Everyone,30-10-6100-5091,TransformOneToOne,Steam Cost,6120030,false,
US,A_Chempax_MAFCO,A_Chempax_MAFCO,Ac,DetailAccount,Everyone,30-10-6100-5094,TransformOneToOne,Steam Cost,6120030,false,
US,A_Chempax_MAFCO,A_Chempax_MAFCO,Ac,DetailAccount,Everyone,30-10-6100-5130,TransformOneToOne,Steam Cost,6120030,false,
US,A_Chempax_MAFCO,A_Chempax_MAFCO,Ac,DetailAccount,Everyone,30-10-6110-2040,TransformOneToOne,Electricity,6120000,false,
US,A_Chempax_MAFCO,A_Chempax_MAFCO,Ac,DetailAccount,Everyone,30-10-6110-2050,TransformOneToOne,Electricity,6120000,false,
US,A_Chempax_MAFCO,A_Chempax_MAFCO,Ac,DetailAccount,Everyone,30-10-6110-2055,TransformOneToOne,Electricity,6120000,false,
US,A_Chempax_MAFCO,A_Chempax_MAFCO,Ac,DetailAccount,Everyone,30-10-6110-2058,TransformOneToOne,Electricity,6120000,false,
US,A_Chempax_MAFCO,A_Chempax_MAFCO,Ac,DetailAccount,Everyone,30-10-6110-2059,TransformOneToOne,Electricity,6120000,false,
US,A_Chempax_MAFCO,A_Chempax_MAFCO,Ac,DetailAccount,Everyone,30-10-6110-2060,TransformOneToOne,Electricity,6120000,false,
US,A_Chempax_MAFCO,A_Chempax_MAFCO,Ac,DetailAccount,Everyone,30-10-6110-2061,TransformOneToOne,Electricity,6120000,false,
US,A_Chempax_MAFCO,A_Chempax_MAFCO,Ac,DetailAccount,Everyone,30-10-6110-2062,TransformOneToOne,Electricity,6120000,false,
US,A_Chempax_MAFCO,A_Chempax_MAFCO,Ac,DetailAccount,Everyone,30-10-6110-2063,TransformOneToOne,Electricity,6120000,false,
US,A_Chempax_MAFCO,A_Chempax_MAFCO,Ac,DetailAccount,Everyone,30-10-6110-2088,TransformOneToOne,Electricity,6120000,false,
US,A_Chempax_MAFCO,A_Chempax_MAFCO,Ac,DetailAccount,Everyone,30-10-6110-2101,TransformOneToOne,Electricity,6120000,false,
US,A_Chempax_MAFCO,A_Chempax_MAFCO,Ac,DetailAccount,Everyone,30-10-6110-2102,TransformOneToOne,Electricity,6120000,false,
US,A_Chempax_MAFCO,A_Chempax_MAFCO,Ac,DetailAccount,Everyone,30-10-6110-2103,TransformOneToOne,Electricity,6120000,false,
US,A_Chempax_MAFCO,A_Chempax_MAFCO,Ac,DetailAccount,Everyone,30-10-6110-2104,TransformOneToOne,Electricity,6120000,false,
US,A_Chempax_MAFCO,A_Chempax_MAFCO,Ac,DetailAccount,Everyone,30-10-6110-2105,TransformOneToOne,Electricity,6120000,false,
US,A_Chempax_MAFCO,A_Chempax_MAFCO,Ac,DetailAccount,Everyone,30-10-6110-2106,TransformOneToOne,Electricity,6120000,false,
US,A_Chempax_MAFCO,A_Chempax_MAFCO,Ac,DetailAccount,Everyone,30-10-6110-2115,TransformOneToOne,Electricity,6120000,false,
US,A_Chempax_MAFCO,A_Chempax_MAFCO,Ac,DetailAccount,Everyone,30-10-6110-2117,TransformOneToOne,Electricity,6120000,false,
US,A_Chempax_MAFCO,A_Chempax_MAFCO,Ac,DetailAccount,Everyone,30-10-6110-2118,TransformOneToOne,Electricity,6120000,false,
US,A_Chempax_MAFCO,A_Chempax_MAFCO,Ac,DetailAccount,Everyone,30-10-6110-2121,TransformOneToOne,Electricity,6120000,false,
US,A_Chempax_MAFCO,A_Chempax_MAFCO,Ac,DetailAccount,Everyone,30-10-6110-2122,TransformOneToOne,Electricity,6120000,false,
US,A_Chempax_MAFCO,A_Chempax_MAFCO,Ac,DetailAccount,Everyone,30-10-6110-2124,TransformOneToOne,Electricity,6120000,false,
US,A_Chempax_MAFCO,A_Chempax_MAFCO,Ac,DetailAccount,Everyone,30-10-6110-2127,TransformOneToOne,Electricity,6120000,false,
US,A_Chempax_MAFCO,A_Chempax_MAFCO,Ac,DetailAccount,Everyone,30-10-6110-2128,TransformOneToOne,Electricity,6120000,false,
US,A_Chempax_MAFCO,A_Chempax_MAFCO,Ac,DetailAccount,Everyone,30-10-6110-2200,TransformOneToOne,Electricity,6120000,false,
US,A_Chempax_MAFCO,A_Chempax_MAFCO,Ac,DetailAccount,Everyone,30-10-6110-2201,TransformOneToOne,Electricity,6120000,false,
US,A_Chempax_MAFCO,A_Chempax_MAFCO,Ac,DetailAccount,Everyone,30-10-6110-5003,TransformOneToOne,Electicity/CAM,6120000,false,
US,A_Chempax_MAFCO,A_Chempax_MAFCO,Ac,DetailAccount,Everyone,30-10-6110-5091,TransformOneToOne,Electricity,6120000,false,
US,A_Chempax_MAFCO,A_Chempax_MAFCO,Ac,DetailAccount,Everyone,30-10-6110-5094,TransformOneToOne,Electricity,6120000,false,
US,A_Chempax_MAFCO,A_Chempax_MAFCO,Ac,DetailAccount,Everyone,30-10-6110-5130,TransformOneToOne,Electricity,6120000,false,
US,A_Chempax_MAFCO,A_Chempax_MAFCO,Ac,DetailAccount,Everyone,30-10-6120-2040,TransformOneToOne,Gas Used,6120010,false,
US,A_Chempax_MAFCO,A_Chempax_MAFCO,Ac,DetailAccount,Everyone,30-10-6120-2050,TransformOneToOne,Gas Used,6120010,false,
US,A_Chempax_MAFCO,A_Chempax_MAFCO,Ac,DetailAccount,Everyone,30-10-6120-2055,TransformOneToOne,Gas Used,6120010,false,
US,A_Chempax_MAFCO,A_Chempax_MAFCO,Ac,DetailAccount,Everyone,30-10-6120-2058,TransformOneToOne,Gas Used,6120010,false,
US,A_Chempax_MAFCO,A_Chempax_MAFCO,Ac,DetailAccount,Everyone,30-10-6120-2059,TransformOneToOne,Gas Used,6120010,false,
US,A_Chempax_MAFCO,A_Chempax_MAFCO,Ac,DetailAccount,Everyone,30-10-6120-2060,TransformOneToOne,Gas Used,6120010,false,
US,A_Chempax_MAFCO,A_Chempax_MAFCO,Ac,DetailAccount,Everyone,30-10-6120-2061,TransformOneToOne,Gas Used,6120010,false,
US,A_Chempax_MAFCO,A_Chempax_MAFCO,Ac,DetailAccount,Everyone,30-10-6120-2062,TransformOneToOne,Gas Used,6120010,false,
US,A_Chempax_MAFCO,A_Chempax_MAFCO,Ac,DetailAccount,Everyone,30-10-6120-2063,TransformOneToOne,Gas Used,6120010,false,
US,A_Chempax_MAFCO,A_Chempax_MAFCO,Ac,DetailAccount,Everyone,30-10-6120-2088,TransformOneToOne,Gas Used,6120010,false,
US,A_Chempax_MAFCO,A_Chempax_MAFCO,Ac,DetailAccount,Everyone,30-10-6120-2101,TransformOneToOne,Gas Used,6120010,false,
US,A_Chempax_MAFCO,A_Chempax_MAFCO,Ac,DetailAccount,Everyone,30-10-6120-2102,TransformOneToOne,Gas Used,6120010,false,
US,A_Chempax_MAFCO,A_Chempax_MAFCO,Ac,DetailAccount,Everyone,30-10-6120-2103,TransformOneToOne,Gas Used,6120010,false,
US,A_Chempax_MAFCO,A_Chempax_MAFCO,Ac,DetailAccount,Everyone,30-10-6120-2104,TransformOneToOne,Gas Used,6120010,false,
US,A_Chempax_MAFCO,A_Chempax_MAFCO,Ac,DetailAccount,Everyone,30-10-6120-2105,TransformOneToOne,Gas Used,6120010,false,
US,A_Chempax_MAFCO,A_Chempax_MAFCO,Ac,DetailAccount,Everyone,30-10-6120-2106,TransformOneToOne,Gas Used,6120010,false,
US,A_Chempax_MAFCO,A_Chempax_MAFCO,Ac,DetailAccount,Everyone,30-10-6120-2115,TransformOneToOne,Gas Used,6120010,false,
US,A_Chempax_MAFCO,A_Chempax_MAFCO,Ac,DetailAccount,Everyone,30-10-6120-2117,TransformOneToOne,Gas Used,6120010,false,
US,A_Chempax_MAFCO,A_Chempax_MAFCO,Ac,DetailAccount,Everyone,30-10-6120-2118,TransformOneToOne,Gas Used,6120010,false,
US,A_Chempax_MAFCO,A_Chempax_MAFCO,Ac,DetailAccount,Everyone,30-10-6120-2121,TransformOneToOne,Gas Used,6120010,false,
US,A_Chempax_MAFCO,A_Chempax_MAFCO,Ac,DetailAccount,Everyone,30-10-6120-2122,TransformOneToOne,Gas Used,6120010,false,
US,A_Chempax_MAFCO,A_Chempax_MAFCO,Ac,DetailAccount,Everyone,30-10-6120-2124,TransformOneToOne,Gas Used,6120010,false,
US,A_Chempax_MAFCO,A_Chempax_MAFCO,Ac,DetailAccount,Everyone,30-10-6120-2127,TransformOneToOne,Gas Used,6120010,false,
US,A_Chempax_MAFCO,A_Chempax_MAFCO,Ac,DetailAccount,Everyone,30-10-6120-2128,TransformOneToOne,Gas Used,6120010,false,
US,A_Chempax_MAFCO,A_Chempax_MAFCO,Ac,DetailAccount,Everyone,30-10-6120-2200,TransformOneToOne,Gas Used,6120010,false,
US,A_Chempax_MAFCO,A_Chempax_MAFCO,Ac,DetailAccount,Everyone,30-10-6120-2201,TransformOneToOne,Gas Used,6120010,false,
US,A_Chempax_MAFCO,A_Chempax_MAFCO,Ac,DetailAccount,Everyone,30-10-6120-5091,TransformOneToOne,Gas Used,6120010,false,
US,A_Chempax_MAFCO,A_Chempax_MAFCO,Ac,DetailAccount,Everyone,30-10-6120-5094,TransformOneToOne,Gas Used,6120010,false,
US,A_Chempax_MAFCO,A_Chempax_MAFCO,Ac,DetailAccount,Everyone,30-10-6120-5130,TransformOneToOne,Gas Used,6120010,false,
US,A_Chempax_MAFCO,A_Chempax_MAFCO,Ac,DetailAccount,Everyone,30-10-6130-2050,TransformOneToOne,Fuel Used,6120030,false,
US,A_Chempax_MAFCO,A_Chempax_MAFCO,Ac,DetailAccount,Everyone,30-10-6130-2055,TransformOneToOne,Fuel Used,6120030,false,
US,A_Chempax_MAFCO,A_Chempax_MAFCO,Ac,DetailAccount,Everyone,30-10-6130-2058,TransformOneToOne,Fuel Used,6120030,false,
US,A_Chempax_MAFCO,A_Chempax_MAFCO,Ac,DetailAccount,Everyone,30-10-6130-2059,TransformOneToOne,Fuel Used,6120030,false,
US,A_Chempax_MAFCO,A_Chempax_MAFCO,Ac,DetailAccount,Everyone,30-10-6130-2060,TransformOneToOne,Fuel Used,6120030,false,
US,A_Chempax_MAFCO,A_Chempax_MAFCO,Ac,DetailAccount,Everyone,30-10-6130-2061,TransformOneToOne,Fuel Used,6120030,false,
US,A_Chempax_MAFCO,A_Chempax_MAFCO,Ac,DetailAccount,Everyone,30-10-6130-2062,TransformOneToOne,Fuel Used,6120030,false,
US,A_Chempax_MAFCO,A_Chempax_MAFCO,Ac,DetailAccount,Everyone,30-10-6130-2063,TransformOneToOne,Fuel Used,6120030,false,
US,A_Chempax_MAFCO,A_Chempax_MAFCO,Ac,DetailAccount,Everyone,30-10-6130-2088,TransformOneToOne,Fuel Used,6120030,false,
US,A_Chempax_MAFCO,A_Chempax_MAFCO,Ac,DetailAccount,Everyone,30-10-6130-2101,TransformOneToOne,Fuel Used,6120030,false,
US,A_Chempax_MAFCO,A_Chempax_MAFCO,Ac,DetailAccount,Everyone,30-10-6130-2102,TransformOneToOne,Fuel Used,6120030,false,
US,A_Chempax_MAFCO,A_Chempax_MAFCO,Ac,DetailAccount,Everyone,30-10-6130-2103,TransformOneToOne,Fuel Used,6120030,false,
US,A_Chempax_MAFCO,A_Chempax_MAFCO,Ac,DetailAccount,Everyone,30-10-6130-2104,TransformOneToOne,Fuel Used,6120030,false,
US,A_Chempax_MAFCO,A_Chempax_MAFCO,Ac,DetailAccount,Everyone,30-10-6130-2105,TransformOneToOne,Fuel Used,6120030,false,
US,A_Chempax_MAFCO,A_Chempax_MAFCO,Ac,DetailAccount,Everyone,30-10-6130-2106,TransformOneToOne,Fuel Used,6120030,false,
US,A_Chempax_MAFCO,A_Chempax_MAFCO,Ac,DetailAccount,Everyone,30-10-6130-2115,TransformOneToOne,Fuel Used,6120030,false,
US,A_Chempax_MAFCO,A_Chempax_MAFCO,Ac,DetailAccount,Everyone,30-10-6130-2117,TransformOneToOne,Fuel Used,6120030,false,
US,A_Chempax_MAFCO,A_Chempax_MAFCO,Ac,DetailAccount,Everyone,30-10-6130-2118,TransformOneToOne,Fuel Used,6120030,false,
US,A_Chempax_MAFCO,A_Chempax_MAFCO,Ac,DetailAccount,Everyone,30-10-6130-2121,TransformOneToOne,Fuel Used,6120030,false,
US,A_Chempax_MAFCO,A_Chempax_MAFCO,Ac,DetailAccount,Everyone,30-10-6130-2122,TransformOneToOne,Fuel Used,6120030,false,
US,A_Chempax_MAFCO,A_Chempax_MAFCO,Ac,DetailAccount,Everyone,30-10-6130-2124,TransformOneToOne,Fuel Used,6120030,false,
US,A_Chempax_MAFCO,A_Chempax_MAFCO,Ac,DetailAccount,Everyone,30-10-6130-2127,TransformOneToOne,Fuel Used,6120030,false,
US,A_Chempax_MAFCO,A_Chempax_MAFCO,Ac,DetailAccount,Everyone,30-10-6130-2128,TransformOneToOne,Fuel Used,6120030,false,
US,A_Chempax_MAFCO,A_Chempax_MAFCO,Ac,DetailAccount,Everyone,30-10-6130-2200,TransformOneToOne,Fuel Used,6120030,false,
US,A_Chempax_MAFCO,A_Chempax_MAFCO,Ac,DetailAccount,Everyone,30-10-6130-2201,TransformOneToOne,Fuel Used,6120030,false,
US,A_Chempax_MAFCO,A_Chempax_MAFCO,Ac,DetailAccount,Everyone,30-10-6130-5091,TransformOneToOne,Fuel Used,6120030,false,
US,A_Chempax_MAFCO,A_Chempax_MAFCO,Ac,DetailAccount,Everyone,30-10-6130-5094,TransformOneToOne,Fuel Used,6120030,false,
US,A_Chempax_MAFCO,A_Chempax_MAFCO,Ac,DetailAccount,Everyone,30-10-6130-5130,TransformOneToOne,Fuel Used,6120030,false,
US,A_Chempax_MAFCO,A_Chempax_MAFCO,Ac,DetailAccount,Everyone,30-10-6140-2040,TransformOneToOne,Power Purchased,6120000,false,
US,A_Chempax_MAFCO,A_Chempax_MAFCO,Ac,DetailAccount,Everyone,30-10-6140-2050,TransformOneToOne,Power Purchased,6120000,false,
US,A_Chempax_MAFCO,A_Chempax_MAFCO,Ac,DetailAccount,Everyone,30-10-6140-2055,TransformOneToOne,Power Purchased,6120000,false,
US,A_Chempax_MAFCO,A_Chempax_MAFCO,Ac,DetailAccount,Everyone,30-10-6140-2058,TransformOneToOne,Power Purchased,6120000,false,
US,A_Chempax_MAFCO,A_Chempax_MAFCO,Ac,DetailAccount,Everyone,30-10-6140-2059,TransformOneToOne,Power Purchased,6120000,false,
US,A_Chempax_MAFCO,A_Chempax_MAFCO,Ac,DetailAccount,Everyone,30-10-6140-2060,TransformOneToOne,Power Purchased,6120000,false,
US,A_Chempax_MAFCO,A_Chempax_MAFCO,Ac,DetailAccount,Everyone,30-10-6140-2061,TransformOneToOne,Power Purchased,6120000,false,
US,A_Chempax_MAFCO,A_Chempax_MAFCO,Ac,DetailAccount,Everyone,30-10-6140-2062,TransformOneToOne,Power Purchased,6120000,false,
US,A_Chempax_MAFCO,A_Chempax_MAFCO,Ac,DetailAccount,Everyone,30-10-6140-2063,TransformOneToOne,Power Purchased,6120000,false,
US,A_Chempax_MAFCO,A_Chempax_MAFCO,Ac,DetailAccount,Everyone,30-10-6140-2088,TransformOneToOne,Power Purchased,6120000,false,
US,A_Chempax_MAFCO,A_Chempax_MAFCO,Ac,DetailAccount,Everyone,30-10-6140-2101,TransformOneToOne,Power Purchased,6120000,false,
US,A_Chempax_MAFCO,A_Chempax_MAFCO,Ac,DetailAccount,Everyone,30-10-6140-2102,TransformOneToOne,Power Purchased,6120000,false,
US,A_Chempax_MAFCO,A_Chempax_MAFCO,Ac,DetailAccount,Everyone,30-10-6140-2103,TransformOneToOne,Power Purchased,6120000,false,
US,A_Chempax_MAFCO,A_Chempax_MAFCO,Ac,DetailAccount,Everyone,30-10-6140-2104,TransformOneToOne,Power Purchased,6120000,false,
US,A_Chempax_MAFCO,A_Chempax_MAFCO,Ac,DetailAccount,Everyone,30-10-6140-2105,TransformOneToOne,Power Purchased,6120000,false,
US,A_Chempax_MAFCO,A_Chempax_MAFCO,Ac,DetailAccount,Everyone,30-10-6140-2106,TransformOneToOne,Power Purchased,6120000,false,
US,A_Chempax_MAFCO,A_Chempax_MAFCO,Ac,DetailAccount,Everyone,30-10-6140-2115,TransformOneToOne,Power Purchased,6120000,false,
US,A_Chempax_MAFCO,A_Chempax_MAFCO,Ac,DetailAccount,Everyone,30-10-6140-2117,TransformOneToOne,Power Purchased,6120000,false,
US,A_Chempax_MAFCO,A_Chempax_MAFCO,Ac,DetailAccount,Everyone,30-10-6140-2118,TransformOneToOne,Power Purchased,6120000,false,
US,A_Chempax_MAFCO,A_Chempax_MAFCO,Ac,DetailAccount,Everyone,30-10-6140-2121,TransformOneToOne,Power Purchased,6120000,false,
US,A_Chempax_MAFCO,A_Chempax_MAFCO,Ac,DetailAccount,Everyone,30-10-6140-2122,TransformOneToOne,Power Purchased,6120000,false,
US,A_Chempax_MAFCO,A_Chempax_MAFCO,Ac,DetailAccount,Everyone,30-10-6140-2124,TransformOneToOne,Power Purchased,6120000,false,
US,A_Chempax_MAFCO,A_Chempax_MAFCO,Ac,DetailAccount,Everyone,30-10-6140-2127,TransformOneToOne,Power Purchased,6120000,false,
US,A_Chempax_MAFCO,A_Chempax_MAFCO,Ac,DetailAccount,Everyone,30-10-6140-2128,TransformOneToOne,Power Purchased,6120000,false,
US,A_Chempax_MAFCO,A_Chempax_MAFCO,Ac,DetailAccount,Everyone,30-10-6140-2200,TransformOneToOne,Power Purchased,6120000,false,
US,A_Chempax_MAFCO,A_Chempax_MAFCO,Ac,DetailAccount,Everyone,30-10-6140-2201,TransformOneToOne,Power Purchased,6120000,false,
US,A_Chempax_MAFCO,A_Chempax_MAFCO,Ac,DetailAccount,Everyone,30-10-6140-5091,TransformOneToOne,Power Purchased,6120000,false,
US,A_Chempax_MAFCO,A_Chempax_MAFCO,Ac,DetailAccount,Everyone,30-10-6140-5094,TransformOneToOne,Power Purchased,6120000,false,
US,A_Chempax_MAFCO,A_Chempax_MAFCO,Ac,DetailAccount,Everyone,30-10-6140-5130,TransformOneToOne,Power Purchased,6120000,false,
US,A_Chempax_MAFCO,A_Chempax_MAFCO,Ac,DetailAccount,Everyone,30-10-6150-2040,TransformOneToOne,Repair Material,6330020,false,
US,A_Chempax_MAFCO,A_Chempax_MAFCO,Ac,DetailAccount,Everyone,30-10-6150-2050,TransformOneToOne,Repair Material,6330020,false,
US,A_Chempax_MAFCO,A_Chempax_MAFCO,Ac,DetailAccount,Everyone,30-10-6150-2055,TransformOneToOne,Repair Material,6330020,false,
US,A_Chempax_MAFCO,A_Chempax_MAFCO,Ac,DetailAccount,Everyone,30-10-6150-2058,TransformOneToOne,Repair Material,6330020,false,
US,A_Chempax_MAFCO,A_Chempax_MAFCO,Ac,DetailAccount,Everyone,30-10-6150-2059,TransformOneToOne,Repair Material,6330020,false,
US,A_Chempax_MAFCO,A_Chempax_MAFCO,Ac,DetailAccount,Everyone,30-10-6150-2060,TransformOneToOne,Repair Material,6330020,false,
US,A_Chempax_MAFCO,A_Chempax_MAFCO,Ac,DetailAccount,Everyone,30-10-6150-2061,TransformOneToOne,Repair Material,6330020,false,
US,A_Chempax_MAFCO,A_Chempax_MAFCO,Ac,DetailAccount,Everyone,30-10-6150-2062,TransformOneToOne,Repair Material,6330020,false,
US,A_Chempax_MAFCO,A_Chempax_MAFCO,Ac,DetailAccount,Everyone,30-10-6150-2063,TransformOneToOne,Repair Material,6330020,false,
US,A_Chempax_MAFCO,A_Chempax_MAFCO,Ac,DetailAccount,Everyone,30-10-6150-2088,TransformOneToOne,Repair Material,6330020,false,
US,A_Chempax_MAFCO,A_Chempax_MAFCO,Ac,DetailAccount,Everyone,30-10-6150-2101,TransformOneToOne,Repair Material,6330020,false,
US,A_Chempax_MAFCO,A_Chempax_MAFCO,Ac,DetailAccount,Everyone,30-10-6150-2102,TransformOneToOne,Repair Material,6330020,false,
US,A_Chempax_MAFCO,A_Chempax_MAFCO,Ac,DetailAccount,Everyone,30-10-6150-2103,TransformOneToOne,Repair Material,6330020,false,
US,A_Chempax_MAFCO,A_Chempax_MAFCO,Ac,DetailAccount,Everyone,30-10-6150-2104,TransformOneToOne,Repair Material,6330020,false,
US,A_Chempax_MAFCO,A_Chempax_MAFCO,Ac,DetailAccount,Everyone,30-10-6150-2105,TransformOneToOne,Repair Material,6330020,false,
US,A_Chempax_MAFCO,A_Chempax_MAFCO,Ac,DetailAccount,Everyone,30-10-6150-2106,TransformOneToOne,Repair Material,6330020,false,
US,A_Chempax_MAFCO,A_Chempax_MAFCO,Ac,DetailAccount,Everyone,30-10-6150-2107,TransformOneToOne,Repair Material,6330020,false,
US,A_Chempax_MAFCO,A_Chempax_MAFCO,Ac,DetailAccount,Everyone,30-10-6150-2109,TransformOneToOne,Repair Material,6330020,false,
US,A_Chempax_MAFCO,A_Chempax_MAFCO,Ac,DetailAccount,Everyone,30-10-6150-2115,TransformOneToOne,Repair Material,6330020,false,
US,A_Chempax_MAFCO,A_Chempax_MAFCO,Ac,DetailAccount,Everyone,30-10-6150-2117,TransformOneToOne,Repair Material,6330020,false,
US,A_Chempax_MAFCO,A_Chempax_MAFCO,Ac,DetailAccount,Everyone,30-10-6150-2118,TransformOneToOne,Repair Material,6330020,false,
US,A_Chempax_MAFCO,A_Chempax_MAFCO,Ac,DetailAccount,Everyone,30-10-6150-2121,TransformOneToOne,Repair Material,6330020,false,
US,A_Chempax_MAFCO,A_Chempax_MAFCO,Ac,DetailAccount,Everyone,30-10-6150-2122,TransformOneToOne,Repair Material,6330020,false,
US,A_Chempax_MAFCO,A_Chempax_MAFCO,Ac,DetailAccount,Everyone,30-10-6150-2124,TransformOneToOne,Repair Material,6330020,false,
US,A_Chempax_MAFCO,A_Chempax_MAFCO,Ac,DetailAccount,Everyone,30-10-6150-2127,TransformOneToOne,Repair Material,6330020,false,
US,A_Chempax_MAFCO,A_Chempax_MAFCO,Ac,DetailAccount,Everyone,30-10-6150-2128,TransformOneToOne,Repair Material,6330020,false,
US,A_Chempax_MAFCO,A_Chempax_MAFCO,Ac,DetailAccount,Everyone,30-10-6150-2200,TransformOneToOne,Repair Material,6330020,false,
US,A_Chempax_MAFCO,A_Chempax_MAFCO,Ac,DetailAccount,Everyone,30-10-6150-2201,TransformOneToOne,Repair Material,6330020,false,
US,A_Chempax_MAFCO,A_Chempax_MAFCO,Ac,DetailAccount,Everyone,30-10-6150-5091,TransformOneToOne,Repair Material,6330020,false,
US,A_Chempax_MAFCO,A_Chempax_MAFCO,Ac,DetailAccount,Everyone,30-10-6150-5094,TransformOneToOne,Repair Material,6330020,false,
US,A_Chempax_MAFCO,A_Chempax_MAFCO,Ac,DetailAccount,Everyone,30-10-6150-5130,TransformOneToOne,Repair Material,6330020,false,
US,A_Chempax_MAFCO,A_Chempax_MAFCO,Ac,DetailAccount,Everyone,30-10-6160-2050,TransformOneToOne,Repair Service,6330010,false,
US,A_Chempax_MAFCO,A_Chempax_MAFCO,Ac,DetailAccount,Everyone,30-10-6160-2055,TransformOneToOne,Repair Service,6330010,false,
US,A_Chempax_MAFCO,A_Chempax_MAFCO,Ac,DetailAccount,Everyone,30-10-6160-2058,TransformOneToOne,Repair Service,6330010,false,
US,A_Chempax_MAFCO,A_Chempax_MAFCO,Ac,DetailAccount,Everyone,30-10-6160-2059,TransformOneToOne,Repair Service,6330010,false,
US,A_Chempax_MAFCO,A_Chempax_MAFCO,Ac,DetailAccount,Everyone,30-10-6160-2060,TransformOneToOne,Repair Service,6330010,false,
US,A_Chempax_MAFCO,A_Chempax_MAFCO,Ac,DetailAccount,Everyone,30-10-6160-2061,TransformOneToOne,Repair Service,6330010,false,
US,A_Chempax_MAFCO,A_Chempax_MAFCO,Ac,DetailAccount,Everyone,30-10-6160-2062,TransformOneToOne,Repair Service,6330010,false,
US,A_Chempax_MAFCO,A_Chempax_MAFCO,Ac,DetailAccount,Everyone,30-10-6160-2063,TransformOneToOne,Repair Service,6330010,false,
US,A_Chempax_MAFCO,A_Chempax_MAFCO,Ac,DetailAccount,Everyone,30-10-6160-2088,TransformOneToOne,Repair Service,6330010,false,
US,A_Chempax_MAFCO,A_Chempax_MAFCO,Ac,DetailAccount,Everyone,30-10-6160-2101,TransformOneToOne,Repair Service,6330010,false,
US,A_Chempax_MAFCO,A_Chempax_MAFCO,Ac,DetailAccount,Everyone,30-10-6160-2102,TransformOneToOne,Repair Service,6330010,false,
US,A_Chempax_MAFCO,A_Chempax_MAFCO,Ac,DetailAccount,Everyone,30-10-6160-2103,TransformOneToOne,Repair Service,6330010,false,
US,A_Chempax_MAFCO,A_Chempax_MAFCO,Ac,DetailAccount,Everyone,30-10-6160-2104,TransformOneToOne,Repair Service,6330010,false,
US,A_Chempax_MAFCO,A_Chempax_MAFCO,Ac,DetailAccount,Everyone,30-10-6160-2105,TransformOneToOne,Repair Service,6330010,false,
US,A_Chempax_MAFCO,A_Chempax_MAFCO,Ac,DetailAccount,Everyone,30-10-6160-2106,TransformOneToOne,Repair Service,6330010,false,
US,A_Chempax_MAFCO,A_Chempax_MAFCO,Ac,DetailAccount,Everyone,30-10-6160-2107,TransformOneToOne,Repair Service,6330010,false,
US,A_Chempax_MAFCO,A_Chempax_MAFCO,Ac,DetailAccount,Everyone,30-10-6160-2115,TransformOneToOne,Repair Service,6330010,false,
US,A_Chempax_MAFCO,A_Chempax_MAFCO,Ac,DetailAccount,Everyone,30-10-6160-2117,TransformOneToOne,Repair Service,6330010,false,
US,A_Chempax_MAFCO,A_Chempax_MAFCO,Ac,DetailAccount,Everyone,30-10-6160-2118,TransformOneToOne,Repair Service,6330010,false,
US,A_Chempax_MAFCO,A_Chempax_MAFCO,Ac,DetailAccount,Everyone,30-10-6160-2121,TransformOneToOne,Repair Service,6330010,false,
US,A_Chempax_MAFCO,A_Chempax_MAFCO,Ac,DetailAccount,Everyone,30-10-6160-2122,TransformOneToOne,Repair Service,6330010,false,
US,A_Chempax_MAFCO,A_Chempax_MAFCO,Ac,DetailAccount,Everyone,30-10-6160-2124,TransformOneToOne,Repair Service,6330010,false,
US,A_Chempax_MAFCO,A_Chempax_MAFCO,Ac,DetailAccount,Everyone,30-10-6160-2127,TransformOneToOne,Repair Service,6330010,false,
US,A_Chempax_MAFCO,A_Chempax_MAFCO,Ac,DetailAccount,Everyone,30-10-6160-2128,TransformOneToOne,Repair Service,6330010,false,
US,A_Chempax_MAFCO,A_Chempax_MAFCO,Ac,DetailAccount,Everyone,30-10-6160-2200,TransformOneToOne,Repair Service,6330010,false,
US,A_Chempax_MAFCO,A_Chempax_MAFCO,Ac,DetailAccount,Everyone,30-10-6160-2201,TransformOneToOne,Repair Service,6330010,false,
US,A_Chempax_MAFCO,A_Chempax_MAFCO,Ac,DetailAccount,Everyone,30-10-6160-5088,TransformOneToOne,Repair Service R&D,6330010,false,
US,A_Chempax_MAFCO,A_Chempax_MAFCO,Ac,DetailAccount,Everyone,30-10-6160-5091,TransformOneToOne,Repair Service,6330010,false,
US,A_Chempax_MAFCO,A_Chempax_MAFCO,Ac,DetailAccount,Everyone,30-10-6160-5094,TransformOneToOne,Repair Service,6330010,false,
US,A_Chempax_MAFCO,A_Chempax_MAFCO,Ac,DetailAccount,Everyone,30-10-6160-5130,TransformOneToOne,Repair Service,6330010,false,
US,A_Chempax_MAFCO,A_Chempax_MAFCO,Ac,DetailAccount,Everyone,30-10-6170-2040,TransformOneToOne,Repair Mafco Labor,6330010,false,
US,A_Chempax_MAFCO,A_Chempax_MAFCO,Ac,DetailAccount,Everyone,30-10-6170-2050,TransformOneToOne,Repair Mafco Labor,6330010,false,
US,A_Chempax_MAFCO,A_Chempax_MAFCO,Ac,DetailAccount,Everyone,30-10-6170-2055,TransformOneToOne,Repair Mafco Labor,6330010,false,
US,A_Chempax_MAFCO,A_Chempax_MAFCO,Ac,DetailAccount,Everyone,30-10-6170-2058,TransformOneToOne,Repair Mafco Labor,6330010,false,
US,A_Chempax_MAFCO,A_Chempax_MAFCO,Ac,DetailAccount,Everyone,30-10-6170-2059,TransformOneToOne,Repair Mafco Labor,6330010,false,
US,A_Chempax_MAFCO,A_Chempax_MAFCO,Ac,DetailAccount,Everyone,30-10-6170-2060,TransformOneToOne,Repair Mafco Labor,6330010,false,
US,A_Chempax_MAFCO,A_Chempax_MAFCO,Ac,DetailAccount,Everyone,30-10-6170-2061,TransformOneToOne,Repair Mafco Labor,6330010,false,
US,A_Chempax_MAFCO,A_Chempax_MAFCO,Ac,DetailAccount,Everyone,30-10-6170-2062,TransformOneToOne,Repair Mafco Labor,6330010,false,
US,A_Chempax_MAFCO,A_Chempax_MAFCO,Ac,DetailAccount,Everyone,30-10-6170-2063,TransformOneToOne,Repair Mafco Labor,6330010,false,
US,A_Chempax_MAFCO,A_Chempax_MAFCO,Ac,DetailAccount,Everyone,30-10-6170-2088,TransformOneToOne,Repair Mafco Labor,6330010,false,
US,A_Chempax_MAFCO,A_Chempax_MAFCO,Ac,DetailAccount,Everyone,30-10-6170-2101,TransformOneToOne,Repair Mafco Labor,6330010,false,
US,A_Chempax_MAFCO,A_Chempax_MAFCO,Ac,DetailAccount,Everyone,30-10-6170-2102,TransformOneToOne,Repair Mafco Labor,6330010,false,
US,A_Chempax_MAFCO,A_Chempax_MAFCO,Ac,DetailAccount,Everyone,30-10-6170-2103,TransformOneToOne,Repair Mafco Labor,6330010,false,
US,A_Chempax_MAFCO,A_Chempax_MAFCO,Ac,DetailAccount,Everyone,30-10-6170-2104,TransformOneToOne,Repair Mafco Labor,6330010,false,
US,A_Chempax_MAFCO,A_Chempax_MAFCO,Ac,DetailAccount,Everyone,30-10-6170-2105,TransformOneToOne,Repair Mafco Labor,6330010,false,
US,A_Chempax_MAFCO,A_Chempax_MAFCO,Ac,DetailAccount,Everyone,30-10-6170-2106,TransformOneToOne,Repair Mafco Labor,6330010,false,
US,A_Chempax_MAFCO,A_Chempax_MAFCO,Ac,DetailAccount,Everyone,30-10-6170-2107,TransformOneToOne,Repair Mafco Labor,6330010,false,
US,A_Chempax_MAFCO,A_Chempax_MAFCO,Ac,DetailAccount,Everyone,30-10-6170-2109,TransformOneToOne,Repair Mafco Labor,6330010,false,
US,A_Chempax_MAFCO,A_Chempax_MAFCO,Ac,DetailAccount,Everyone,30-10-6170-2115,TransformOneToOne,Repair Mafco Labor,6330010,false,
US,A_Chempax_MAFCO,A_Chempax_MAFCO,Ac,DetailAccount,Everyone,30-10-6170-2117,TransformOneToOne,Repair Mafco Labor,6330010,false,
US,A_Chempax_MAFCO,A_Chempax_MAFCO,Ac,DetailAccount,Everyone,30-10-6170-2118,TransformOneToOne,Repair Mafco Labor,6330010,false,
US,A_Chempax_MAFCO,A_Chempax_MAFCO,Ac,DetailAccount,Everyone,30-10-6170-2121,TransformOneToOne,Repair Mafco Labor,6330010,false,
US,A_Chempax_MAFCO,A_Chempax_MAFCO,Ac,DetailAccount,Everyone,30-10-6170-2122,TransformOneToOne,Repair Mafco Labor,6330010,false,
US,A_Chempax_MAFCO,A_Chempax_MAFCO,Ac,DetailAccount,Everyone,30-10-6170-2124,TransformOneToOne,Repair Mafco Labor,6330010,false,
US,A_Chempax_MAFCO,A_Chempax_MAFCO,Ac,DetailAccount,Everyone,30-10-6170-2127,TransformOneToOne,Repair Mafco Labor,6330010,false,
US,A_Chempax_MAFCO,A_Chempax_MAFCO,Ac,DetailAccount,Everyone,30-10-6170-2128,TransformOneToOne,Repair Mafco Labor,6330010,false,
US,A_Chempax_MAFCO,A_Chempax_MAFCO,Ac,DetailAccount,Everyone,30-10-6170-2200,TransformOneToOne,Repair Mafco Labor,6330010,false,
US,A_Chempax_MAFCO,A_Chempax_MAFCO,Ac,DetailAccount,Everyone,30-10-6170-2201,TransformOneToOne,Repair Mafco Labor,6330010,false,
US,A_Chempax_MAFCO,A_Chempax_MAFCO,Ac,DetailAccount,Everyone,30-10-6170-2503,TransformOneToOne,Repair Mafco Labor,6330010,false,
US,A_Chempax_MAFCO,A_Chempax_MAFCO,Ac,DetailAccount,Everyone,30-10-6170-5090,TransformOneToOne,Repair Mafco Labor,6330010,false,
US,A_Chempax_MAFCO,A_Chempax_MAFCO,Ac,DetailAccount,Everyone,30-10-6170-5091,TransformOneToOne,Repair Mafco Labor,6330010,false,
US,A_Chempax_MAFCO,A_Chempax_MAFCO,Ac,DetailAccount,Everyone,30-10-6170-5093,TransformOneToOne,Repair Mafco Labor,6330010,false,
US,A_Chempax_MAFCO,A_Chempax_MAFCO,Ac,DetailAccount,Everyone,30-10-6170-5094,TransformOneToOne,Repair Mafco Labor,6330010,false,
US,A_Chempax_MAFCO,A_Chempax_MAFCO,Ac,DetailAccount,Everyone,30-10-6170-5130,TransformOneToOne,Repair Mafco Labor,6330010,false,
US,A_Chempax_MAFCO,A_Chempax_MAFCO,Ac,DetailAccount,Everyone,30-10-6210-2040,TransformOneToOne,Labor,6210000,false,
US,A_Chempax_MAFCO,A_Chempax_MAFCO,Ac,DetailAccount,Everyone,30-10-6210-2050,TransformOneToOne,Labor,6210000,false,
US,A_Chempax_MAFCO,A_Chempax_MAFCO,Ac,DetailAccount,Everyone,30-10-6210-2055,TransformOneToOne,Labor,6210000,false,
US,A_Chempax_MAFCO,A_Chempax_MAFCO,Ac,DetailAccount,Everyone,30-10-6210-2058,TransformOneToOne,Labor,6210000,false,
US,A_Chempax_MAFCO,A_Chempax_MAFCO,Ac,DetailAccount,Everyone,30-10-6210-2059,TransformOneToOne,Labor,6210000,false,
US,A_Chempax_MAFCO,A_Chempax_MAFCO,Ac,DetailAccount,Everyone,30-10-6210-2060,TransformOneToOne,Labor,6210000,false,
US,A_Chempax_MAFCO,A_Chempax_MAFCO,Ac,DetailAccount,Everyone,30-10-6210-2061,TransformOneToOne,Labor,6210000,false,
US,A_Chempax_MAFCO,A_Chempax_MAFCO,Ac,DetailAccount,Everyone,30-10-6210-2062,TransformOneToOne,Labor,6210000,false,
US,A_Chempax_MAFCO,A_Chempax_MAFCO,Ac,DetailAccount,Everyone,30-10-6210-2063,TransformOneToOne,Labor,6210000,false,
US,A_Chempax_MAFCO,A_Chempax_MAFCO,Ac,DetailAccount,Everyone,30-10-6210-2088,TransformOneToOne,Labor,6210000,false,
US,A_Chempax_MAFCO,A_Chempax_MAFCO,Ac,DetailAccount,Everyone,30-10-6210-2101,TransformOneToOne,Labor,6210000,false,
US,A_Chempax_MAFCO,A_Chempax_MAFCO,Ac,DetailAccount,Everyone,30-10-6210-2102,TransformOneToOne,Labor,6210000,false,
US,A_Chempax_MAFCO,A_Chempax_MAFCO,Ac,DetailAccount,Everyone,30-10-6210-2103,TransformOneToOne,Labor,6210000,false,
US,A_Chempax_MAFCO,A_Chempax_MAFCO,Ac,DetailAccount,Everyone,30-10-6210-2104,TransformOneToOne,Labor,6210000,false,
US,A_Chempax_MAFCO,A_Chempax_MAFCO,Ac,DetailAccount,Everyone,30-10-6210-2105,TransformOneToOne,Labor,6210000,false,
US,A_Chempax_MAFCO,A_Chempax_MAFCO,Ac,DetailAccount,Everyone,30-10-6210-2106,TransformOneToOne,Labor,6210000,false,
US,A_Chempax_MAFCO,A_Chempax_MAFCO,Ac,DetailAccount,Everyone,30-10-6210-2107,TransformOneToOne,Labor,6210000,false,
US,A_Chempax_MAFCO,A_Chempax_MAFCO,Ac,DetailAccount,Everyone,30-10-6210-2115,TransformOneToOne,Labor,6210000,false,
US,A_Chempax_MAFCO,A_Chempax_MAFCO,Ac,DetailAccount,Everyone,30-10-6210-2117,TransformOneToOne,Labor,6210000,false,
US,A_Chempax_MAFCO,A_Chempax_MAFCO,Ac,DetailAccount,Everyone,30-10-6210-2118,TransformOneToOne,Labor,6210000,false,
US,A_Chempax_MAFCO,A_Chempax_MAFCO,Ac,DetailAccount,Everyone,30-10-6210-2121,TransformOneToOne,Labor,6210000,false,
US,A_Chempax_MAFCO,A_Chempax_MAFCO,Ac,DetailAccount,Everyone,30-10-6210-2122,TransformOneToOne,Labor,6210000,false,
US,A_Chempax_MAFCO,A_Chempax_MAFCO,Ac,DetailAccount,Everyone,30-10-6210-2124,TransformOneToOne,Labor,6210000,false,
US,A_Chempax_MAFCO,A_Chempax_MAFCO,Ac,DetailAccount,Everyone,30-10-6210-2127,TransformOneToOne,Labor,6210000,false,
US,A_Chempax_MAFCO,A_Chempax_MAFCO,Ac,DetailAccount,Everyone,30-10-6210-2128,TransformOneToOne,Labor,6210000,false,
US,A_Chempax_MAFCO,A_Chempax_MAFCO,Ac,DetailAccount,Everyone,30-10-6210-2200,TransformOneToOne,Labor,6210000,false,
US,A_Chempax_MAFCO,A_Chempax_MAFCO,Ac,DetailAccount,Everyone,30-10-6210-2201,TransformOneToOne,Labor,6210000,false,
US,A_Chempax_MAFCO,A_Chempax_MAFCO,Ac,DetailAccount,Everyone,30-10-6210-5090,TransformOneToOne,Labor,6210000,false,
US,A_Chempax_MAFCO,A_Chempax_MAFCO,Ac,DetailAccount,Everyone,30-10-6210-5091,TransformOneToOne,Labor,6210000,false,
US,A_Chempax_MAFCO,A_Chempax_MAFCO,Ac,DetailAccount,Everyone,30-10-6210-5094,TransformOneToOne,Labor,6210000,false,
US,A_Chempax_MAFCO,A_Chempax_MAFCO,Ac,DetailAccount,Everyone,30-10-6210-5130,TransformOneToOne,Labor,6210000,false,
US,A_Chempax_MAFCO,A_Chempax_MAFCO,Ac,DetailAccount,Everyone,30-10-6220-2040,TransformOneToOne,Labor Fringe,6210110,false,
US,A_Chempax_MAFCO,A_Chempax_MAFCO,Ac,DetailAccount,Everyone,30-10-6220-2050,TransformOneToOne,Labor Fringe,6210110,false,
US,A_Chempax_MAFCO,A_Chempax_MAFCO,Ac,DetailAccount,Everyone,30-10-6220-2055,TransformOneToOne,Labor Fringe,6210110,false,
US,A_Chempax_MAFCO,A_Chempax_MAFCO,Ac,DetailAccount,Everyone,30-10-6220-2058,TransformOneToOne,Labor Fringe,6210110,false,
US,A_Chempax_MAFCO,A_Chempax_MAFCO,Ac,DetailAccount,Everyone,30-10-6220-2059,TransformOneToOne,Labor Fringe,6210110,false,
US,A_Chempax_MAFCO,A_Chempax_MAFCO,Ac,DetailAccount,Everyone,30-10-6220-2060,TransformOneToOne,Labor Fringe,6210110,false,
US,A_Chempax_MAFCO,A_Chempax_MAFCO,Ac,DetailAccount,Everyone,30-10-6220-2061,TransformOneToOne,Labor Fringe,6210110,false,
US,A_Chempax_MAFCO,A_Chempax_MAFCO,Ac,DetailAccount,Everyone,30-10-6220-2062,TransformOneToOne,Labor Fringe,6210110,false,
US,A_Chempax_MAFCO,A_Chempax_MAFCO,Ac,DetailAccount,Everyone,30-10-6220-2063,TransformOneToOne,Labor Fringe,6210110,false,
US,A_Chempax_MAFCO,A_Chempax_MAFCO,Ac,DetailAccount,Everyone,30-10-6220-2088,TransformOneToOne,Labor Fringe,6210110,false,
US,A_Chempax_MAFCO,A_Chempax_MAFCO,Ac,DetailAccount,Everyone,30-10-6220-2101,TransformOneToOne,Labor Fringe,6210110,false,
US,A_Chempax_MAFCO,A_Chempax_MAFCO,Ac,DetailAccount,Everyone,30-10-6220-2102,TransformOneToOne,Labor Fringe,6210110,false,
US,A_Chempax_MAFCO,A_Chempax_MAFCO,Ac,DetailAccount,Everyone,30-10-6220-2103,TransformOneToOne,Labor Fringe,6210110,false,
US,A_Chempax_MAFCO,A_Chempax_MAFCO,Ac,DetailAccount,Everyone,30-10-6220-2104,TransformOneToOne,Labor Fringe,6210110,false,
US,A_Chempax_MAFCO,A_Chempax_MAFCO,Ac,DetailAccount,Everyone,30-10-6220-2105,TransformOneToOne,Labor Fringe,6210110,false,
US,A_Chempax_MAFCO,A_Chempax_MAFCO,Ac,DetailAccount,Everyone,30-10-6220-2106,TransformOneToOne,Labor Fringe,6210110,false,
US,A_Chempax_MAFCO,A_Chempax_MAFCO,Ac,DetailAccount,Everyone,30-10-6220-2107,TransformOneToOne,Labor Fringe,6210110,false,
US,A_Chempax_MAFCO,A_Chempax_MAFCO,Ac,DetailAccount,Everyone,30-10-6220-2115,TransformOneToOne,Labor Fringe,6210110,false,
US,A_Chempax_MAFCO,A_Chempax_MAFCO,Ac,DetailAccount,Everyone,30-10-6220-2117,TransformOneToOne,Labor Fringe,6210110,false,
US,A_Chempax_MAFCO,A_Chempax_MAFCO,Ac,DetailAccount,Everyone,30-10-6220-2118,TransformOneToOne,Labor Fringe,6210110,false,
US,A_Chempax_MAFCO,A_Chempax_MAFCO,Ac,DetailAccount,Everyone,30-10-6220-2121,TransformOneToOne,Labor Fringe,6210110,false,
US,A_Chempax_MAFCO,A_Chempax_MAFCO,Ac,DetailAccount,Everyone,30-10-6220-2122,TransformOneToOne,Labor Fringe,6210110,false,
US,A_Chempax_MAFCO,A_Chempax_MAFCO,Ac,DetailAccount,Everyone,30-10-6220-2124,TransformOneToOne,Labor Fringe,6210110,false,
US,A_Chempax_MAFCO,A_Chempax_MAFCO,Ac,DetailAccount,Everyone,30-10-6220-2127,TransformOneToOne,Labor Fringe,6210110,false,
US,A_Chempax_MAFCO,A_Chempax_MAFCO,Ac,DetailAccount,Everyone,30-10-6220-2128,TransformOneToOne,Labor Fringe,6210110,false,
US,A_Chempax_MAFCO,A_Chempax_MAFCO,Ac,DetailAccount,Everyone,30-10-6220-2200,TransformOneToOne,Labor Fringe,6210110,false,
US,A_Chempax_MAFCO,A_Chempax_MAFCO,Ac,DetailAccount,Everyone,30-10-6220-2201,TransformOneToOne,Labor Fringe,6210110,false,
US,A_Chempax_MAFCO,A_Chempax_MAFCO,Ac,DetailAccount,Everyone,30-10-6220-5091,TransformOneToOne,Labor Fringe,6210110,false,
US,A_Chempax_MAFCO,A_Chempax_MAFCO,Ac,DetailAccount,Everyone,30-10-6220-5094,TransformOneToOne,Labor Fringe,6210110,false,
US,A_Chempax_MAFCO,A_Chempax_MAFCO,Ac,DetailAccount,Everyone,30-10-6220-5130,TransformOneToOne,Labor Fringe,6210110,false,
US,A_Chempax_MAFCO,A_Chempax_MAFCO,Ac,DetailAccount,Everyone,30-10-6270-2040,TransformOneToOne,Salary Exp,6210000,false,
US,A_Chempax_MAFCO,A_Chempax_MAFCO,Ac,DetailAccount,Everyone,30-10-6270-2050,TransformOneToOne,Salary Exp,6210000,false,
US,A_Chempax_MAFCO,A_Chempax_MAFCO,Ac,DetailAccount,Everyone,30-10-6270-2055,TransformOneToOne,Salary Exp,6210000,false,
US,A_Chempax_MAFCO,A_Chempax_MAFCO,Ac,DetailAccount,Everyone,30-10-6270-2058,TransformOneToOne,Salary Exp,6210000,false,
US,A_Chempax_MAFCO,A_Chempax_MAFCO,Ac,DetailAccount,Everyone,30-10-6270-2059,TransformOneToOne,Salary Exp,6210000,false,
US,A_Chempax_MAFCO,A_Chempax_MAFCO,Ac,DetailAccount,Everyone,30-10-6270-2060,TransformOneToOne,Salary Exp,6210000,false,
US,A_Chempax_MAFCO,A_Chempax_MAFCO,Ac,DetailAccount,Everyone,30-10-6270-2061,TransformOneToOne,Salary Exp,6210000,false,
US,A_Chempax_MAFCO,A_Chempax_MAFCO,Ac,DetailAccount,Everyone,30-10-6270-2062,TransformOneToOne,Salary Exp,6210000,false,
US,A_Chempax_MAFCO,A_Chempax_MAFCO,Ac,DetailAccount,Everyone,30-10-6270-2063,TransformOneToOne,Salary Exp,6210000,false,
US,A_Chempax_MAFCO,A_Chempax_MAFCO,Ac,DetailAccount,Everyone,30-10-6270-2088,TransformOneToOne,Salary Exp,6210000,false,
US,A_Chempax_MAFCO,A_Chempax_MAFCO,Ac,DetailAccount,Everyone,30-10-6270-2101,TransformOneToOne,Salary Exp,6210000,false,
US,A_Chempax_MAFCO,A_Chempax_MAFCO,Ac,DetailAccount,Everyone,30-10-6270-2102,TransformOneToOne,Salary Exp,6210000,false,
US,A_Chempax_MAFCO,A_Chempax_MAFCO,Ac,DetailAccount,Everyone,30-10-6270-2103,TransformOneToOne,Salary Exp,6210000,false,
US,A_Chempax_MAFCO,A_Chempax_MAFCO,Ac,DetailAccount,Everyone,30-10-6270-2104,TransformOneToOne,Salary Exp,6210000,false,
US,A_Chempax_MAFCO,A_Chempax_MAFCO,Ac,DetailAccount,Everyone,30-10-6270-2105,TransformOneToOne,Salary Exp,6210000,false,
US,A_Chempax_MAFCO,A_Chempax_MAFCO,Ac,DetailAccount,Everyone,30-10-6270-2106,TransformOneToOne,Salary Exp,6210000,false,
US,A_Chempax_MAFCO,A_Chempax_MAFCO,Ac,DetailAccount,Everyone,30-10-6270-2109,TransformOneToOne,Salary Exp,6210000,false,
US,A_Chempax_MAFCO,A_Chempax_MAFCO,Ac,DetailAccount,Everyone,30-10-6270-2115,TransformOneToOne,Salary Exp,6210000,false,
US,A_Chempax_MAFCO,A_Chempax_MAFCO,Ac,DetailAccount,Everyone,30-10-6270-2117,TransformOneToOne,Salary Exp,6210000,false,
US,A_Chempax_MAFCO,A_Chempax_MAFCO,Ac,DetailAccount,Everyone,30-10-6270-2118,TransformOneToOne,Salary Exp,6210000,false,
US,A_Chempax_MAFCO,A_Chempax_MAFCO,Ac,DetailAccount,Everyone,30-10-6270-2121,TransformOneToOne,Salary Exp,6210000,false,
US,A_Chempax_MAFCO,A_Chempax_MAFCO,Ac,DetailAccount,Everyone,30-10-6270-2122,TransformOneToOne,Salary Exp,6210000,false,
US,A_Chempax_MAFCO,A_Chempax_MAFCO,Ac,DetailAccount,Everyone,30-10-6270-2124,TransformOneToOne,Salary Exp,6210000,false,
US,A_Chempax_MAFCO,A_Chempax_MAFCO,Ac,DetailAccount,Everyone,30-10-6270-2127,TransformOneToOne,Salary Exp,6210000,false,
US,A_Chempax_MAFCO,A_Chempax_MAFCO,Ac,DetailAccount,Everyone,30-10-6270-2128,TransformOneToOne,Salary Exp,6210000,false,
US,A_Chempax_MAFCO,A_Chempax_MAFCO,Ac,DetailAccount,Everyone,30-10-6270-2200,TransformOneToOne,Salary Exp,6210000,false,
US,A_Chempax_MAFCO,A_Chempax_MAFCO,Ac,DetailAccount,Everyone,30-10-6270-2201,TransformOneToOne,Salary Exp,6210000,false,
US,A_Chempax_MAFCO,A_Chempax_MAFCO,Ac,DetailAccount,Everyone,30-10-6270-5001,TransformOneToOne,Salary Exp,6210000,false,
US,A_Chempax_MAFCO,A_Chempax_MAFCO,Ac,DetailAccount,Everyone,30-10-6270-5002,TransformOneToOne,Salary Exp,6210000,false,
US,A_Chempax_MAFCO,A_Chempax_MAFCO,Ac,DetailAccount,Everyone,30-10-6270-5004,TransformOneToOne,Salary Exp,6210000,false,
US,A_Chempax_MAFCO,A_Chempax_MAFCO,Ac,DetailAccount,Everyone,30-10-6270-5006,TransformOneToOne,Salary Exp,6210000,false,
US,A_Chempax_MAFCO,A_Chempax_MAFCO,Ac,DetailAccount,Everyone,30-10-6270-5091,TransformOneToOne,Salary Exp,6210000,false,
US,A_Chempax_MAFCO,A_Chempax_MAFCO,Ac,DetailAccount,Everyone,30-10-6270-5094,TransformOneToOne,Salary Exp,6210000,false,
US,A_Chempax_MAFCO,A_Chempax_MAFCO,Ac,DetailAccount,Everyone,30-10-6270-5130,TransformOneToOne,Salary Exp,6210000,false,
US,A_Chempax_MAFCO,A_Chempax_MAFCO,Ac,DetailAccount,Everyone,30-10-6271-2128,TransformOneToOne,Stock compensation,6210060,false,
US,A_Chempax_MAFCO,A_Chempax_MAFCO,Ac,DetailAccount,Everyone,30-10-6271-5091,TransformOneToOne,Stock compensation,6210060,false,
US,A_Chempax_MAFCO,A_Chempax_MAFCO,Ac,DetailAccount,Everyone,30-10-6272-2201,TransformOneToOne,Stock Comp Bonus,6210060,false,
US,A_Chempax_MAFCO,A_Chempax_MAFCO,Ac,DetailAccount,Everyone,30-10-6272-5091,TransformOneToOne,Stock Comp Bonus,6210060,false,
US,A_Chempax_MAFCO,A_Chempax_MAFCO,Ac,DetailAccount,Everyone,30-10-6273-2128,TransformOneToOne,Stock Based Incentive Plan,6210060,false,
US,A_Chempax_MAFCO,A_Chempax_MAFCO,Ac,DetailAccount,Everyone,30-10-6273-5091,TransformOneToOne,Stock Based Incentive Plan,6210060,false,
US,A_Chempax_MAFCO,A_Chempax_MAFCO,Ac,DetailAccount,Everyone,30-10-6274-2101,TransformOneToOne,Annual Bonus Plan,6210040,false,
US,A_Chempax_MAFCO,A_Chempax_MAFCO,Ac,DetailAccount,Everyone,30-10-6274-5001,TransformOneToOne,Annual Incentive Plan,6210040,false,
US,A_Chempax_MAFCO,A_Chempax_MAFCO,Ac,DetailAccount,Everyone,30-10-6274-5002,TransformOneToOne,Annual Incentive Plan,6210040,false,
US,A_Chempax_MAFCO,A_Chempax_MAFCO,Ac,DetailAccount,Everyone,30-10-6274-5004,TransformOneToOne,Annual Incentive Plan,6210040,false,
US,A_Chempax_MAFCO,A_Chempax_MAFCO,Ac,DetailAccount,Everyone,30-10-6274-5006,TransformOneToOne,Annual Incentive Plan,6210040,false,
US,A_Chempax_MAFCO,A_Chempax_MAFCO,Ac,DetailAccount,Everyone,30-10-6274-5094,TransformOneToOne,Annual Incentive Plan,6210040,false,
US,A_Chempax_MAFCO,A_Chempax_MAFCO,Ac,DetailAccount,Everyone,30-10-6274-5130,TransformOneToOne,Annual Incentive Plan,6210040,false,
US,A_Chempax_MAFCO,A_Chempax_MAFCO,Ac,DetailAccount,Everyone,30-10-6275-5091,TransformOneToOne,Severance,6210020,false,
US,A_Chempax_MAFCO,A_Chempax_MAFCO,Ac,DetailAccount,Everyone,30-10-6280-2040,TransformOneToOne,Salary Fringe,6210110,false,
US,A_Chempax_MAFCO,A_Chempax_MAFCO,Ac,DetailAccount,Everyone,30-10-6280-2050,TransformOneToOne,Salary Fringe,6210110,false,
US,A_Chempax_MAFCO,A_Chempax_MAFCO,Ac,DetailAccount,Everyone,30-10-6280-2055,TransformOneToOne,Salary Fringe,6210110,false,
US,A_Chempax_MAFCO,A_Chempax_MAFCO,Ac,DetailAccount,Everyone,30-10-6280-2058,TransformOneToOne,Salary Fringe,6210110,false,
US,A_Chempax_MAFCO,A_Chempax_MAFCO,Ac,DetailAccount,Everyone,30-10-6280-2059,TransformOneToOne,Salary Fringe,6210110,false,
US,A_Chempax_MAFCO,A_Chempax_MAFCO,Ac,DetailAccount,Everyone,30-10-6280-2060,TransformOneToOne,Salary Fringe,6210110,false,
US,A_Chempax_MAFCO,A_Chempax_MAFCO,Ac,DetailAccount,Everyone,30-10-6280-2061,TransformOneToOne,Salary Fringe,6210110,false,
US,A_Chempax_MAFCO,A_Chempax_MAFCO,Ac,DetailAccount,Everyone,30-10-6280-2062,TransformOneToOne,Salary Fringe,6210110,false,
US,A_Chempax_MAFCO,A_Chempax_MAFCO,Ac,DetailAccount,Everyone,30-10-6280-2063,TransformOneToOne,Salary Fringe,6210110,false,
US,A_Chempax_MAFCO,A_Chempax_MAFCO,Ac,DetailAccount,Everyone,30-10-6280-2088,TransformOneToOne,Salary Fringe,6210110,false,
US,A_Chempax_MAFCO,A_Chempax_MAFCO,Ac,DetailAccount,Everyone,30-10-6280-2101,TransformOneToOne,Salary Fringe,6210110,false,
US,A_Chempax_MAFCO,A_Chempax_MAFCO,Ac,DetailAccount,Everyone,30-10-6280-2102,TransformOneToOne,Salary Fringe,6210110,false,
US,A_Chempax_MAFCO,A_Chempax_MAFCO,Ac,DetailAccount,Everyone,30-10-6280-2103,TransformOneToOne,Salary Fringe,6210110,false,
US,A_Chempax_MAFCO,A_Chempax_MAFCO,Ac,DetailAccount,Everyone,30-10-6280-2104,TransformOneToOne,Salary Fringe,6210110,false,
US,A_Chempax_MAFCO,A_Chempax_MAFCO,Ac,DetailAccount,Everyone,30-10-6280-2105,TransformOneToOne,Salary Fringe,6210110,false,
US,A_Chempax_MAFCO,A_Chempax_MAFCO,Ac,DetailAccount,Everyone,30-10-6280-2106,TransformOneToOne,Salary Fringe,6210110,false,
US,A_Chempax_MAFCO,A_Chempax_MAFCO,Ac,DetailAccount,Everyone,30-10-6280-2109,TransformOneToOne,Salary Fringe,6210110,false,
US,A_Chempax_MAFCO,A_Chempax_MAFCO,Ac,DetailAccount,Everyone,30-10-6280-2115,TransformOneToOne,Salary Fringe,6210110,false,
US,A_Chempax_MAFCO,A_Chempax_MAFCO,Ac,DetailAccount,Everyone,30-10-6280-2117,TransformOneToOne,Salary Fringe,6210110,false,
US,A_Chempax_MAFCO,A_Chempax_MAFCO,Ac,DetailAccount,Everyone,30-10-6280-2118,TransformOneToOne,Salary Fringe,6210110,false,
US,A_Chempax_MAFCO,A_Chempax_MAFCO,Ac,DetailAccount,Everyone,30-10-6280-2121,TransformOneToOne,Salary Fringe,6210110,false,
US,A_Chempax_MAFCO,A_Chempax_MAFCO,Ac,DetailAccount,Everyone,30-10-6280-2122,TransformOneToOne,Salary Fringe,6210110,false,
US,A_Chempax_MAFCO,A_Chempax_MAFCO,Ac,DetailAccount,Everyone,30-10-6280-2124,TransformOneToOne,Salary Fringe,6210110,false,
US,A_Chempax_MAFCO,A_Chempax_MAFCO,Ac,DetailAccount,Everyone,30-10-6280-2127,TransformOneToOne,Salary Fringe,6210110,false,
US,A_Chempax_MAFCO,A_Chempax_MAFCO,Ac,DetailAccount,Everyone,30-10-6280-2128,TransformOneToOne,Salary Fringe,6210110,false,
US,A_Chempax_MAFCO,A_Chempax_MAFCO,Ac,DetailAccount,Everyone,30-10-6280-2200,TransformOneToOne,Salary Fringe,6210110,false,
US,A_Chempax_MAFCO,A_Chempax_MAFCO,Ac,DetailAccount,Everyone,30-10-6280-2201,TransformOneToOne,Salary Fringe,6210110,false,
US,A_Chempax_MAFCO,A_Chempax_MAFCO,Ac,DetailAccount,Everyone,30-10-6280-5001,TransformOneToOne,Salary Fringe,6210110,false,
US,A_Chempax_MAFCO,A_Chempax_MAFCO,Ac,DetailAccount,Everyone,30-10-6280-5002,TransformOneToOne,Salary Fringe,6210110,false,
US,A_Chempax_MAFCO,A_Chempax_MAFCO,Ac,DetailAccount,Everyone,30-10-6280-5004,TransformOneToOne,Salary Fringe,6210110,false,
US,A_Chempax_MAFCO,A_Chempax_MAFCO,Ac,DetailAccount,Everyone,30-10-6280-5006,TransformOneToOne,Salary Fringe,6210110,false,
US,A_Chempax_MAFCO,A_Chempax_MAFCO,Ac,DetailAccount,Everyone,30-10-6280-5091,TransformOneToOne,Salary Fringe,6210110,false,
US,A_Chempax_MAFCO,A_Chempax_MAFCO,Ac,DetailAccount,Everyone,30-10-6280-5094,TransformOneToOne,Salary Fringe,6210110,false,
US,A_Chempax_MAFCO,A_Chempax_MAFCO,Ac,DetailAccount,Everyone,30-10-6280-5130,TransformOneToOne,Salary Fringe,6210110,false,
US,A_Chempax_MAFCO,A_Chempax_MAFCO,Ac,DetailAccount,Everyone,30-10-6290-2040,TransformOneToOne,Club Dues,6610030,false,
US,A_Chempax_MAFCO,A_Chempax_MAFCO,Ac,DetailAccount,Everyone,30-10-6290-2050,TransformOneToOne,Club Dues,6610030,false,
US,A_Chempax_MAFCO,A_Chempax_MAFCO,Ac,DetailAccount,Everyone,30-10-6290-2055,TransformOneToOne,Club Dues,6610030,false,
US,A_Chempax_MAFCO,A_Chempax_MAFCO,Ac,DetailAccount,Everyone,30-10-6290-2058,TransformOneToOne,Club Dues,6610030,false,
US,A_Chempax_MAFCO,A_Chempax_MAFCO,Ac,DetailAccount,Everyone,30-10-6290-2059,TransformOneToOne,Club Dues,6610030,false,
US,A_Chempax_MAFCO,A_Chempax_MAFCO,Ac,DetailAccount,Everyone,30-10-6290-2060,TransformOneToOne,Club Dues,6610030,false,
US,A_Chempax_MAFCO,A_Chempax_MAFCO,Ac,DetailAccount,Everyone,30-10-6290-2061,TransformOneToOne,Club Dues,6610030,false,
US,A_Chempax_MAFCO,A_Chempax_MAFCO,Ac,DetailAccount,Everyone,30-10-6290-2062,TransformOneToOne,Club Dues,6610030,false,
US,A_Chempax_MAFCO,A_Chempax_MAFCO,Ac,DetailAccount,Everyone,30-10-6290-2063,TransformOneToOne,Club Dues,6610030,false,
US,A_Chempax_MAFCO,A_Chempax_MAFCO,Ac,DetailAccount,Everyone,30-10-6290-2088,TransformOneToOne,Club Dues,6610030,false,
US,A_Chempax_MAFCO,A_Chempax_MAFCO,Ac,DetailAccount,Everyone,30-10-6290-2101,TransformOneToOne,Club Dues,6610030,false,
US,A_Chempax_MAFCO,A_Chempax_MAFCO,Ac,DetailAccount,Everyone,30-10-6290-2102,TransformOneToOne,Club Dues,6610030,false,
US,A_Chempax_MAFCO,A_Chempax_MAFCO,Ac,DetailAccount,Everyone,30-10-6290-2103,TransformOneToOne,Club Dues,6610030,false,
US,A_Chempax_MAFCO,A_Chempax_MAFCO,Ac,DetailAccount,Everyone,30-10-6290-2104,TransformOneToOne,Club Dues,6610030,false,
US,A_Chempax_MAFCO,A_Chempax_MAFCO,Ac,DetailAccount,Everyone,30-10-6290-2105,TransformOneToOne,Club Dues,6610030,false,
US,A_Chempax_MAFCO,A_Chempax_MAFCO,Ac,DetailAccount,Everyone,30-10-6290-2106,TransformOneToOne,Club Dues,6610030,false,
US,A_Chempax_MAFCO,A_Chempax_MAFCO,Ac,DetailAccount,Everyone,30-10-6290-2109,TransformOneToOne,Club Dues,6610030,false,
US,A_Chempax_MAFCO,A_Chempax_MAFCO,Ac,DetailAccount,Everyone,30-10-6290-2115,TransformOneToOne,Club Dues,6610030,false,
US,A_Chempax_MAFCO,A_Chempax_MAFCO,Ac,DetailAccount,Everyone,30-10-6290-2117,TransformOneToOne,Club Dues,6610030,false,
US,A_Chempax_MAFCO,A_Chempax_MAFCO,Ac,DetailAccount,Everyone,30-10-6290-2118,TransformOneToOne,Club Dues,6610030,false,
US,A_Chempax_MAFCO,A_Chempax_MAFCO,Ac,DetailAccount,Everyone,30-10-6290-2121,TransformOneToOne,Club Dues,6610030,false,
US,A_Chempax_MAFCO,A_Chempax_MAFCO,Ac,DetailAccount,Everyone,30-10-6290-2122,TransformOneToOne,Club Dues,6610030,false,
US,A_Chempax_MAFCO,A_Chempax_MAFCO,Ac,DetailAccount,Everyone,30-10-6290-2124,TransformOneToOne,Club Dues,6610030,false,
US,A_Chempax_MAFCO,A_Chempax_MAFCO,Ac,DetailAccount,Everyone,30-10-6290-2127,TransformOneToOne,Club Dues,6610030,false,
US,A_Chempax_MAFCO,A_Chempax_MAFCO,Ac,DetailAccount,Everyone,30-10-6290-2128,TransformOneToOne,Club Dues,6610030,false,
US,A_Chempax_MAFCO,A_Chempax_MAFCO,Ac,DetailAccount,Everyone,30-10-6290-2200,TransformOneToOne,Club Dues,6610030,false,
US,A_Chempax_MAFCO,A_Chempax_MAFCO,Ac,DetailAccount,Everyone,30-10-6290-2201,TransformOneToOne,Club Dues,6610030,false,
US,A_Chempax_MAFCO,A_Chempax_MAFCO,Ac,DetailAccount,Everyone,30-10-6290-5091,TransformOneToOne,Club Dues,6610030,false,
US,A_Chempax_MAFCO,A_Chempax_MAFCO,Ac,DetailAccount,Everyone,30-10-6290-5094,TransformOneToOne,Club Dues,6610030,false,
US,A_Chempax_MAFCO,A_Chempax_MAFCO,Ac,DetailAccount,Everyone,30-10-6290-5130,TransformOneToOne,Club Dues,6610030,false,
US,A_Chempax_MAFCO,A_Chempax_MAFCO,Ac,DetailAccount,Everyone,30-10-6310-2040,TransformOneToOne,Safety Exp,6410020,false,
US,A_Chempax_MAFCO,A_Chempax_MAFCO,Ac,DetailAccount,Everyone,30-10-6310-2050,TransformOneToOne,Safety Exp,6410020,false,
US,A_Chempax_MAFCO,A_Chempax_MAFCO,Ac,DetailAccount,Everyone,30-10-6310-2055,TransformOneToOne,Safety Exp,6410020,false,
US,A_Chempax_MAFCO,A_Chempax_MAFCO,Ac,DetailAccount,Everyone,30-10-6310-2058,TransformOneToOne,Safety Exp,6410020,false,
US,A_Chempax_MAFCO,A_Chempax_MAFCO,Ac,DetailAccount,Everyone,30-10-6310-2059,TransformOneToOne,Safety Exp,6410020,false,
US,A_Chempax_MAFCO,A_Chempax_MAFCO,Ac,DetailAccount,Everyone,30-10-6310-2060,TransformOneToOne,Safety Exp,6410020,false,
US,A_Chempax_MAFCO,A_Chempax_MAFCO,Ac,DetailAccount,Everyone,30-10-6310-2061,TransformOneToOne,Safety Exp,6410020,false,
US,A_Chempax_MAFCO,A_Chempax_MAFCO,Ac,DetailAccount,Everyone,30-10-6310-2062,TransformOneToOne,Safety Exp,6410020,false,
US,A_Chempax_MAFCO,A_Chempax_MAFCO,Ac,DetailAccount,Everyone,30-10-6310-2063,TransformOneToOne,Safety Exp,6410020,false,
US,A_Chempax_MAFCO,A_Chempax_MAFCO,Ac,DetailAccount,Everyone,30-10-6310-2088,TransformOneToOne,Safety Exp,6410020,false,
US,A_Chempax_MAFCO,A_Chempax_MAFCO,Ac,DetailAccount,Everyone,30-10-6310-2101,TransformOneToOne,Safety Exp,6410020,false,
US,A_Chempax_MAFCO,A_Chempax_MAFCO,Ac,DetailAccount,Everyone,30-10-6310-2102,TransformOneToOne,Safety Exp,6410020,false,
US,A_Chempax_MAFCO,A_Chempax_MAFCO,Ac,DetailAccount,Everyone,30-10-6310-2103,TransformOneToOne,Safety Exp,6410020,false,
US,A_Chempax_MAFCO,A_Chempax_MAFCO,Ac,DetailAccount,Everyone,30-10-6310-2104,TransformOneToOne,Safety Exp,6410020,false,
US,A_Chempax_MAFCO,A_Chempax_MAFCO,Ac,DetailAccount,Everyone,30-10-6310-2105,TransformOneToOne,Safety Exp,6410020,false,
US,A_Chempax_MAFCO,A_Chempax_MAFCO,Ac,DetailAccount,Everyone,30-10-6310-2106,TransformOneToOne,Safety Exp,6410020,false,
US,A_Chempax_MAFCO,A_Chempax_MAFCO,Ac,DetailAccount,Everyone,30-10-6310-2109,TransformOneToOne,Safety Exp,6410020,false,
US,A_Chempax_MAFCO,A_Chempax_MAFCO,Ac,DetailAccount,Everyone,30-10-6310-2115,TransformOneToOne,Safety Exp,6410020,false,
US,A_Chempax_MAFCO,A_Chempax_MAFCO,Ac,DetailAccount,Everyone,30-10-6310-2117,TransformOneToOne,Safety Exp,6410020,false,
US,A_Chempax_MAFCO,A_Chempax_MAFCO,Ac,DetailAccount,Everyone,30-10-6310-2118,TransformOneToOne,Safety Exp,6410020,false,
US,A_Chempax_MAFCO,A_Chempax_MAFCO,Ac,DetailAccount,Everyone,30-10-6310-2121,TransformOneToOne,Safety Exp,6410020,false,
US,A_Chempax_MAFCO,A_Chempax_MAFCO,Ac,DetailAccount,Everyone,30-10-6310-2122,TransformOneToOne,Safety Exp,6410020,false,
US,A_Chempax_MAFCO,A_Chempax_MAFCO,Ac,DetailAccount,Everyone,30-10-6310-2124,TransformOneToOne,Safety Exp,6410020,false,
US,A_Chempax_MAFCO,A_Chempax_MAFCO,Ac,DetailAccount,Everyone,30-10-6310-2127,TransformOneToOne,Safety Exp,6410020,false,
US,A_Chempax_MAFCO,A_Chempax_MAFCO,Ac,DetailAccount,Everyone,30-10-6310-2128,TransformOneToOne,Safety Exp,6410020,false,
US,A_Chempax_MAFCO,A_Chempax_MAFCO,Ac,DetailAccount,Everyone,30-10-6310-2200,TransformOneToOne,Safety Exp,6410020,false,
US,A_Chempax_MAFCO,A_Chempax_MAFCO,Ac,DetailAccount,Everyone,30-10-6310-2201,TransformOneToOne,Safety Exp,6410020,false,
US,A_Chempax_MAFCO,A_Chempax_MAFCO,Ac,DetailAccount,Everyone,30-10-6310-5003,TransformOneToOne,Safety Exp,6410020,false,
US,A_Chempax_MAFCO,A_Chempax_MAFCO,Ac,DetailAccount,Everyone,30-10-6310-5090,TransformOneToOne,Safety Exp,6410020,false,
US,A_Chempax_MAFCO,A_Chempax_MAFCO,Ac,DetailAccount,Everyone,30-10-6310-5091,TransformOneToOne,Safety Exp,6410020,false,
US,A_Chempax_MAFCO,A_Chempax_MAFCO,Ac,DetailAccount,Everyone,30-10-6310-5094,TransformOneToOne,Safety Exp,6410020,false,
US,A_Chempax_MAFCO,A_Chempax_MAFCO,Ac,DetailAccount,Everyone,30-10-6310-5130,TransformOneToOne,Safety Exp,6410020,false,
US,A_Chempax_MAFCO,A_Chempax_MAFCO,Ac,DetailAccount,Everyone,30-10-6320-2040,TransformOneToOne,Occup Alloc,6120030,false,
US,A_Chempax_MAFCO,A_Chempax_MAFCO,Ac,DetailAccount,Everyone,30-10-6320-2050,TransformOneToOne,Occup Alloc,6120030,false,
US,A_Chempax_MAFCO,A_Chempax_MAFCO,Ac,DetailAccount,Everyone,30-10-6320-2055,TransformOneToOne,Occup Alloc,6120030,false,
US,A_Chempax_MAFCO,A_Chempax_MAFCO,Ac,DetailAccount,Everyone,30-10-6320-2058,TransformOneToOne,Occup Alloc,6120030,false,
US,A_Chempax_MAFCO,A_Chempax_MAFCO,Ac,DetailAccount,Everyone,30-10-6320-2059,TransformOneToOne,Occup Alloc,6120030,false,
US,A_Chempax_MAFCO,A_Chempax_MAFCO,Ac,DetailAccount,Everyone,30-10-6320-2060,TransformOneToOne,Occup Alloc,6120030,false,
US,A_Chempax_MAFCO,A_Chempax_MAFCO,Ac,DetailAccount,Everyone,30-10-6320-2061,TransformOneToOne,Occup Alloc,6120030,false,
US,A_Chempax_MAFCO,A_Chempax_MAFCO,Ac,DetailAccount,Everyone,30-10-6320-2062,TransformOneToOne,Occup Alloc,6120030,false,
US,A_Chempax_MAFCO,A_Chempax_MAFCO,Ac,DetailAccount,Everyone,30-10-6320-2063,TransformOneToOne,Occup Alloc,6120030,false,
US,A_Chempax_MAFCO,A_Chempax_MAFCO,Ac,DetailAccount,Everyone,30-10-6320-2088,TransformOneToOne,Occup Alloc,6120030,false,
US,A_Chempax_MAFCO,A_Chempax_MAFCO,Ac,DetailAccount,Everyone,30-10-6320-2101,TransformOneToOne,Occup Alloc,6120030,false,
US,A_Chempax_MAFCO,A_Chempax_MAFCO,Ac,DetailAccount,Everyone,30-10-6320-2102,TransformOneToOne,Occup Alloc,6120030,false,
US,A_Chempax_MAFCO,A_Chempax_MAFCO,Ac,DetailAccount,Everyone,30-10-6320-2103,TransformOneToOne,Occup Alloc,6120030,false,
US,A_Chempax_MAFCO,A_Chempax_MAFCO,Ac,DetailAccount,Everyone,30-10-6320-2104,TransformOneToOne,Occup Alloc,6120030,false,
US,A_Chempax_MAFCO,A_Chempax_MAFCO,Ac,DetailAccount,Everyone,30-10-6320-2105,TransformOneToOne,Occup Alloc,6120030,false,
US,A_Chempax_MAFCO,A_Chempax_MAFCO,Ac,DetailAccount,Everyone,30-10-6320-2106,TransformOneToOne,Occup Alloc,6120030,false,
US,A_Chempax_MAFCO,A_Chempax_MAFCO,Ac,DetailAccount,Everyone,30-10-6320-2109,TransformOneToOne,Occup Alloc,6120030,false,
US,A_Chempax_MAFCO,A_Chempax_MAFCO,Ac,DetailAccount,Everyone,30-10-6320-2115,TransformOneToOne,Occup Alloc,6120030,false,
US,A_Chempax_MAFCO,A_Chempax_MAFCO,Ac,DetailAccount,Everyone,30-10-6320-2117,TransformOneToOne,Occup Alloc,6120030,false,
US,A_Chempax_MAFCO,A_Chempax_MAFCO,Ac,DetailAccount,Everyone,30-10-6320-2118,TransformOneToOne,Occup Alloc,6120030,false,
US,A_Chempax_MAFCO,A_Chempax_MAFCO,Ac,DetailAccount,Everyone,30-10-6320-2121,TransformOneToOne,Occup Alloc,6120030,false,
US,A_Chempax_MAFCO,A_Chempax_MAFCO,Ac,DetailAccount,Everyone,30-10-6320-2122,TransformOneToOne,Occup Alloc,6120030,false,
US,A_Chempax_MAFCO,A_Chempax_MAFCO,Ac,DetailAccount,Everyone,30-10-6320-2124,TransformOneToOne,Occup Alloc,6120030,false,
US,A_Chempax_MAFCO,A_Chempax_MAFCO,Ac,DetailAccount,Everyone,30-10-6320-2127,TransformOneToOne,Occup Alloc,6120030,false,
US,A_Chempax_MAFCO,A_Chempax_MAFCO,Ac,DetailAccount,Everyone,30-10-6320-2128,TransformOneToOne,Occup Alloc,6120030,false,
US,A_Chempax_MAFCO,A_Chempax_MAFCO,Ac,DetailAccount,Everyone,30-10-6320-2200,TransformOneToOne,Occup Alloc,6120030,false,
US,A_Chempax_MAFCO,A_Chempax_MAFCO,Ac,DetailAccount,Everyone,30-10-6320-2201,TransformOneToOne,Occup Alloc,6120030,false,
US,A_Chempax_MAFCO,A_Chempax_MAFCO,Ac,DetailAccount,Everyone,30-10-6320-5091,TransformOneToOne,Occup Alloc,6120030,false,
US,A_Chempax_MAFCO,A_Chempax_MAFCO,Ac,DetailAccount,Everyone,30-10-6320-5094,TransformOneToOne,Occup Alloc,6120030,false,
US,A_Chempax_MAFCO,A_Chempax_MAFCO,Ac,DetailAccount,Everyone,30-10-6320-5130,TransformOneToOne,Occup Alloc,6120030,false,
US,A_Chempax_MAFCO,A_Chempax_MAFCO,Ac,DetailAccount,Everyone,30-10-6330-2040,TransformOneToOne,Rent,6320010,false,
US,A_Chempax_MAFCO,A_Chempax_MAFCO,Ac,DetailAccount,Everyone,30-10-6330-2050,TransformOneToOne,Rent,6320010,false,
US,A_Chempax_MAFCO,A_Chempax_MAFCO,Ac,DetailAccount,Everyone,30-10-6330-2055,TransformOneToOne,Rent,6320010,false,
US,A_Chempax_MAFCO,A_Chempax_MAFCO,Ac,DetailAccount,Everyone,30-10-6330-2058,TransformOneToOne,Rent,6320010,false,
US,A_Chempax_MAFCO,A_Chempax_MAFCO,Ac,DetailAccount,Everyone,30-10-6330-2059,TransformOneToOne,Rent,6320010,false,
US,A_Chempax_MAFCO,A_Chempax_MAFCO,Ac,DetailAccount,Everyone,30-10-6330-2060,TransformOneToOne,Rent,6320010,false,
US,A_Chempax_MAFCO,A_Chempax_MAFCO,Ac,DetailAccount,Everyone,30-10-6330-2061,TransformOneToOne,Rent,6320010,false,
US,A_Chempax_MAFCO,A_Chempax_MAFCO,Ac,DetailAccount,Everyone,30-10-6330-2062,TransformOneToOne,Rent,6320010,false,
US,A_Chempax_MAFCO,A_Chempax_MAFCO,Ac,DetailAccount,Everyone,30-10-6330-2063,TransformOneToOne,Rent,6320010,false,
US,A_Chempax_MAFCO,A_Chempax_MAFCO,Ac,DetailAccount,Everyone,30-10-6330-2088,TransformOneToOne,Rent,6320010,false,
US,A_Chempax_MAFCO,A_Chempax_MAFCO,Ac,DetailAccount,Everyone,30-10-6330-2101,TransformOneToOne,Rent,6320010,false,
US,A_Chempax_MAFCO,A_Chempax_MAFCO,Ac,DetailAccount,Everyone,30-10-6330-2102,TransformOneToOne,Rent,6320010,false,
US,A_Chempax_MAFCO,A_Chempax_MAFCO,Ac,DetailAccount,Everyone,30-10-6330-2103,TransformOneToOne,Rent,6320010,false,
US,A_Chempax_MAFCO,A_Chempax_MAFCO,Ac,DetailAccount,Everyone,30-10-6330-2104,TransformOneToOne,Rent,6320010,false,
US,A_Chempax_MAFCO,A_Chempax_MAFCO,Ac,DetailAccount,Everyone,30-10-6330-2105,TransformOneToOne,Rent,6320010,false,
US,A_Chempax_MAFCO,A_Chempax_MAFCO,Ac,DetailAccount,Everyone,30-10-6330-2106,TransformOneToOne,Rent,6320010,false,
US,A_Chempax_MAFCO,A_Chempax_MAFCO,Ac,DetailAccount,Everyone,30-10-6330-2109,TransformOneToOne,Rent,6320010,false,
US,A_Chempax_MAFCO,A_Chempax_MAFCO,Ac,DetailAccount,Everyone,30-10-6330-2115,TransformOneToOne,Rent,6320010,false,
US,A_Chempax_MAFCO,A_Chempax_MAFCO,Ac,DetailAccount,Everyone,30-10-6330-2117,TransformOneToOne,Rent,6320010,false,
US,A_Chempax_MAFCO,A_Chempax_MAFCO,Ac,DetailAccount,Everyone,30-10-6330-2118,TransformOneToOne,Rent,6320010,false,
US,A_Chempax_MAFCO,A_Chempax_MAFCO,Ac,DetailAccount,Everyone,30-10-6330-2121,TransformOneToOne,Rent,6320010,false,
US,A_Chempax_MAFCO,A_Chempax_MAFCO,Ac,DetailAccount,Everyone,30-10-6330-2122,TransformOneToOne,Rent,6320010,false,
US,A_Chempax_MAFCO,A_Chempax_MAFCO,Ac,DetailAccount,Everyone,30-10-6330-2124,TransformOneToOne,Rent,6320010,false,
US,A_Chempax_MAFCO,A_Chempax_MAFCO,Ac,DetailAccount,Everyone,30-10-6330-2126,TransformOneToOne,Rent,6320010,false,
US,A_Chempax_MAFCO,A_Chempax_MAFCO,Ac,DetailAccount,Everyone,30-10-6330-2127,TransformOneToOne,Rent,6320010,false,
US,A_Chempax_MAFCO,A_Chempax_MAFCO,Ac,DetailAccount,Everyone,30-10-6330-2128,TransformOneToOne,Rent,6320010,false,
US,A_Chempax_MAFCO,A_Chempax_MAFCO,Ac,DetailAccount,Everyone,30-10-6330-2200,TransformOneToOne,Rent,6320010,false,
US,A_Chempax_MAFCO,A_Chempax_MAFCO,Ac,DetailAccount,Everyone,30-10-6330-2201,TransformOneToOne,Rent,6320010,false,
US,A_Chempax_MAFCO,A_Chempax_MAFCO,Ac,DetailAccount,Everyone,30-10-6330-5001,TransformOneToOne,Rent,6320010,false,
US,A_Chempax_MAFCO,A_Chempax_MAFCO,Ac,DetailAccount,Everyone,30-10-6330-5002,TransformOneToOne,Rent,6320010,false,
US,A_Chempax_MAFCO,A_Chempax_MAFCO,Ac,DetailAccount,Everyone,30-10-6330-5004,TransformOneToOne,Rent,6320010,false,
US,A_Chempax_MAFCO,A_Chempax_MAFCO,Ac,DetailAccount,Everyone,30-10-6330-5005,TransformOneToOne,Rent,6320010,false,
US,A_Chempax_MAFCO,A_Chempax_MAFCO,Ac,DetailAccount,Everyone,30-10-6330-5006,TransformOneToOne,Rent,6320010,false,
US,A_Chempax_MAFCO,A_Chempax_MAFCO,Ac,DetailAccount,Everyone,30-10-6330-5091,TransformOneToOne,Rent,6320010,false,
US,A_Chempax_MAFCO,A_Chempax_MAFCO,Ac,DetailAccount,Everyone,30-10-6330-5094,TransformOneToOne,Rent,6320010,false,
US,A_Chempax_MAFCO,A_Chempax_MAFCO,Ac,DetailAccount,Everyone,30-10-6330-5130,TransformOneToOne,Rent,6320010,false,
US,A_Chempax_MAFCO,A_Chempax_MAFCO,Ac,DetailAccount,Everyone,30-10-6331-2128,TransformOneToOne,Amort expense-Custom,6910110,false,
US,A_Chempax_MAFCO,A_Chempax_MAFCO,Ac,DetailAccount,Everyone,30-10-6331-5091,TransformOneToOne,Amort exp-Custom rel,6910110,false,
US,A_Chempax_MAFCO,A_Chempax_MAFCO,Ac,DetailAccount,Everyone,30-10-6332-5091,TransformOneToOne,Amort Expense-Altria,6910110,false,
US,A_Chempax_MAFCO,A_Chempax_MAFCO,Ac,DetailAccount,Everyone,30-10-6333-5091,TransformOneToOne,Amort Exp-Cust Backl,6910110,false,
US,A_Chempax_MAFCO,A_Chempax_MAFCO,Ac,DetailAccount,Everyone,30-10-6334-,TransformOneToOne,ASC 842-Operating Le,6320020,false,
US,A_Chempax_MAFCO,A_Chempax_MAFCO,Ac,DetailAccount,Everyone,30-10-6336-5091,TransformOneToOne,Amort Exp-Trademarks,6910100,false,
US,A_Chempax_MAFCO,A_Chempax_MAFCO,Ac,DetailAccount,Everyone,30-10-6337-5091,TransformOneToOne,Rent-Leased Property,6320000,false,
US,A_Chempax_MAFCO,A_Chempax_MAFCO,Ac,DetailAccount,Everyone,30-10-6340-2040,TransformOneToOne,Depreciation,6710000,false,
US,A_Chempax_MAFCO,A_Chempax_MAFCO,Ac,DetailAccount,Everyone,30-10-6340-2050,TransformOneToOne,Depreciation,6710000,false,
US,A_Chempax_MAFCO,A_Chempax_MAFCO,Ac,DetailAccount,Everyone,30-10-6340-2055,TransformOneToOne,Depreciation,6710000,false,
US,A_Chempax_MAFCO,A_Chempax_MAFCO,Ac,DetailAccount,Everyone,30-10-6340-2058,TransformOneToOne,Depreciation,6710000,false,
US,A_Chempax_MAFCO,A_Chempax_MAFCO,Ac,DetailAccount,Everyone,30-10-6340-2059,TransformOneToOne,Depreciation,6710000,false,
US,A_Chempax_MAFCO,A_Chempax_MAFCO,Ac,DetailAccount,Everyone,30-10-6340-2060,TransformOneToOne,Depreciation,6710000,false,
US,A_Chempax_MAFCO,A_Chempax_MAFCO,Ac,DetailAccount,Everyone,30-10-6340-2061,TransformOneToOne,Depreciation,6710000,false,
US,A_Chempax_MAFCO,A_Chempax_MAFCO,Ac,DetailAccount,Everyone,30-10-6340-2062,TransformOneToOne,Depreciation,6710000,false,
US,A_Chempax_MAFCO,A_Chempax_MAFCO,Ac,DetailAccount,Everyone,30-10-6340-2063,TransformOneToOne,Depreciation,6710000,false,
US,A_Chempax_MAFCO,A_Chempax_MAFCO,Ac,DetailAccount,Everyone,30-10-6340-2088,TransformOneToOne,Depreciation,6710000,false,
US,A_Chempax_MAFCO,A_Chempax_MAFCO,Ac,DetailAccount,Everyone,30-10-6340-2095,TransformOneToOne,Depreciation,6710000,false,
US,A_Chempax_MAFCO,A_Chempax_MAFCO,Ac,DetailAccount,Everyone,30-10-6340-2101,TransformOneToOne,Depreciation,6710000,false,
US,A_Chempax_MAFCO,A_Chempax_MAFCO,Ac,DetailAccount,Everyone,30-10-6340-2102,TransformOneToOne,Depreciation,6710000,false,
US,A_Chempax_MAFCO,A_Chempax_MAFCO,Ac,DetailAccount,Everyone,30-10-6340-2103,TransformOneToOne,Depreciation,6710000,false,
US,A_Chempax_MAFCO,A_Chempax_MAFCO,Ac,DetailAccount,Everyone,30-10-6340-2104,TransformOneToOne,Depreciation,6710000,false,
US,A_Chempax_MAFCO,A_Chempax_MAFCO,Ac,DetailAccount,Everyone,30-10-6340-2105,TransformOneToOne,Depreciation,6710000,false,
US,A_Chempax_MAFCO,A_Chempax_MAFCO,Ac,DetailAccount,Everyone,30-10-6340-2106,TransformOneToOne,Depreciation,6710000,false,
US,A_Chempax_MAFCO,A_Chempax_MAFCO,Ac,DetailAccount,Everyone,30-10-6340-2107,TransformOneToOne,Depreciation CWE,6710000,false,
US,A_Chempax_MAFCO,A_Chempax_MAFCO,Ac,DetailAccount,Everyone,30-10-6340-2109,TransformOneToOne,Depreciation,6710000,false,
US,A_Chempax_MAFCO,A_Chempax_MAFCO,Ac,DetailAccount,Everyone,30-10-6340-2115,TransformOneToOne,Depreciation,6710000,false,
US,A_Chempax_MAFCO,A_Chempax_MAFCO,Ac,DetailAccount,Everyone,30-10-6340-2117,TransformOneToOne,Depreciation,6710000,false,
US,A_Chempax_MAFCO,A_Chempax_MAFCO,Ac,DetailAccount,Everyone,30-10-6340-2118,TransformOneToOne,Depreciation,6710000,false,
US,A_Chempax_MAFCO,A_Chempax_MAFCO,Ac,DetailAccount,Everyone,30-10-6340-2121,TransformOneToOne,Depreciation,6710000,false,
US,A_Chempax_MAFCO,A_Chempax_MAFCO,Ac,DetailAccount,Everyone,30-10-6340-2122,TransformOneToOne,Depreciation,6710000,false,
US,A_Chempax_MAFCO,A_Chempax_MAFCO,Ac,DetailAccount,Everyone,30-10-6340-2124,TransformOneToOne,Depreciation,6710000,false,
US,A_Chempax_MAFCO,A_Chempax_MAFCO,Ac,DetailAccount,Everyone,30-10-6340-2127,TransformOneToOne,Depreciation,6710000,false,
US,A_Chempax_MAFCO,A_Chempax_MAFCO,Ac,DetailAccount,Everyone,30-10-6340-2128,TransformOneToOne,Depreciation,6710000,false,
US,A_Chempax_MAFCO,A_Chempax_MAFCO,Ac,DetailAccount,Everyone,30-10-6340-2200,TransformOneToOne,Depreciation,6710000,false,
US,A_Chempax_MAFCO,A_Chempax_MAFCO,Ac,DetailAccount,Everyone,30-10-6340-2201,TransformOneToOne,Depreciation,6710000,false,
US,A_Chempax_MAFCO,A_Chempax_MAFCO,Ac,DetailAccount,Everyone,30-10-6340-5002,TransformOneToOne,Depreciation,6710000,false,
US,A_Chempax_MAFCO,A_Chempax_MAFCO,Ac,DetailAccount,Everyone,30-10-6340-5003,TransformOneToOne,Depreciation,6710000,false,
US,A_Chempax_MAFCO,A_Chempax_MAFCO,Ac,DetailAccount,Everyone,30-10-6340-5004,TransformOneToOne,Depreciation,6710000,false,
US,A_Chempax_MAFCO,A_Chempax_MAFCO,Ac,DetailAccount,Everyone,30-10-6340-5006,TransformOneToOne,Depreciation,6710000,false,
US,A_Chempax_MAFCO,A_Chempax_MAFCO,Ac,DetailAccount,Everyone,30-10-6340-5088,TransformOneToOne,Mt. Laurel R&D Lab Equipment,6710000,false,
US,A_Chempax_MAFCO,A_Chempax_MAFCO,Ac,DetailAccount,Everyone,30-10-6340-5091,TransformOneToOne,Depreciation,6710000,false,
US,A_Chempax_MAFCO,A_Chempax_MAFCO,Ac,DetailAccount,Everyone,30-10-6340-5094,TransformOneToOne,Depreciation,6710000,false,
US,A_Chempax_MAFCO,A_Chempax_MAFCO,Ac,DetailAccount,Everyone,30-10-6340-5130,TransformOneToOne,Depreciation,6710000,false,
US,A_Chempax_MAFCO,A_Chempax_MAFCO,Ac,DetailAccount,Everyone,30-10-6350-2040,TransformOneToOne,Taxes & Lic,6420020,false,
US,A_Chempax_MAFCO,A_Chempax_MAFCO,Ac,DetailAccount,Everyone,30-10-6350-2050,TransformOneToOne,Taxes & Lic,6420020,false,
US,A_Chempax_MAFCO,A_Chempax_MAFCO,Ac,DetailAccount,Everyone,30-10-6350-2055,TransformOneToOne,Taxes & Lic,6420020,false,
US,A_Chempax_MAFCO,A_Chempax_MAFCO,Ac,DetailAccount,Everyone,30-10-6350-2058,TransformOneToOne,Taxes & Lic,6420020,false,
US,A_Chempax_MAFCO,A_Chempax_MAFCO,Ac,DetailAccount,Everyone,30-10-6350-2059,TransformOneToOne,Taxes & Lic,6420020,false,
US,A_Chempax_MAFCO,A_Chempax_MAFCO,Ac,DetailAccount,Everyone,30-10-6350-2060,TransformOneToOne,Taxes & Lic,6420020,false,
US,A_Chempax_MAFCO,A_Chempax_MAFCO,Ac,DetailAccount,Everyone,30-10-6350-2061,TransformOneToOne,Taxes & Lic,6420020,false,
US,A_Chempax_MAFCO,A_Chempax_MAFCO,Ac,DetailAccount,Everyone,30-10-6350-2062,TransformOneToOne,Taxes & Lic,6420020,false,
US,A_Chempax_MAFCO,A_Chempax_MAFCO,Ac,DetailAccount,Everyone,30-10-6350-2063,TransformOneToOne,Taxes & Lic,6420020,false,
US,A_Chempax_MAFCO,A_Chempax_MAFCO,Ac,DetailAccount,Everyone,30-10-6350-2088,TransformOneToOne,Taxes & Lic,6420020,false,
US,A_Chempax_MAFCO,A_Chempax_MAFCO,Ac,DetailAccount,Everyone,30-10-6350-2101,TransformOneToOne,Taxes & Lic,6420020,false,
US,A_Chempax_MAFCO,A_Chempax_MAFCO,Ac,DetailAccount,Everyone,30-10-6350-2102,TransformOneToOne,Taxes & Lic,6420020,false,
US,A_Chempax_MAFCO,A_Chempax_MAFCO,Ac,DetailAccount,Everyone,30-10-6350-2103,TransformOneToOne,Taxes & Lic,6420020,false,
US,A_Chempax_MAFCO,A_Chempax_MAFCO,Ac,DetailAccount,Everyone,30-10-6350-2104,TransformOneToOne,Taxes & Lic,6420020,false,
US,A_Chempax_MAFCO,A_Chempax_MAFCO,Ac,DetailAccount,Everyone,30-10-6350-2105,TransformOneToOne,Taxes & Lic,6420020,false,
US,A_Chempax_MAFCO,A_Chempax_MAFCO,Ac,DetailAccount,Everyone,30-10-6350-2106,TransformOneToOne,Taxes & Lic,6420020,false,
US,A_Chempax_MAFCO,A_Chempax_MAFCO,Ac,DetailAccount,Everyone,30-10-6350-2109,TransformOneToOne,Taxes & Lic,6420020,false,
US,A_Chempax_MAFCO,A_Chempax_MAFCO,Ac,DetailAccount,Everyone,30-10-6350-2115,TransformOneToOne,Taxes & Lic,6420020,false,
US,A_Chempax_MAFCO,A_Chempax_MAFCO,Ac,DetailAccount,Everyone,30-10-6350-2117,TransformOneToOne,Taxes & Lic,6420020,false,
US,A_Chempax_MAFCO,A_Chempax_MAFCO,Ac,DetailAccount,Everyone,30-10-6350-2118,TransformOneToOne,Taxes & Lic,6420020,false,
US,A_Chempax_MAFCO,A_Chempax_MAFCO,Ac,DetailAccount,Everyone,30-10-6350-2121,TransformOneToOne,Taxes & Lic,6420020,false,
US,A_Chempax_MAFCO,A_Chempax_MAFCO,Ac,DetailAccount,Everyone,30-10-6350-2122,TransformOneToOne,Taxes & Lic,6420020,false,
US,A_Chempax_MAFCO,A_Chempax_MAFCO,Ac,DetailAccount,Everyone,30-10-6350-2124,TransformOneToOne,Taxes & Lic,6420020,false,
US,A_Chempax_MAFCO,A_Chempax_MAFCO,Ac,DetailAccount,Everyone,30-10-6350-2127,TransformOneToOne,Taxes & Lic,6420020,false,
US,A_Chempax_MAFCO,A_Chempax_MAFCO,Ac,DetailAccount,Everyone,30-10-6350-2128,TransformOneToOne,Taxes & Lic,6420020,false,
US,A_Chempax_MAFCO,A_Chempax_MAFCO,Ac,DetailAccount,Everyone,30-10-6350-2200,TransformOneToOne,Taxes & Lic,6420020,false,
US,A_Chempax_MAFCO,A_Chempax_MAFCO,Ac,DetailAccount,Everyone,30-10-6350-2201,TransformOneToOne,Taxes & Lic,6420020,false,
US,A_Chempax_MAFCO,A_Chempax_MAFCO,Ac,DetailAccount,Everyone,30-10-6350-5002,TransformOneToOne,Taxes & Lic,6420020,false,
US,A_Chempax_MAFCO,A_Chempax_MAFCO,Ac,DetailAccount,Everyone,30-10-6350-5003,TransformOneToOne,Taxes & Lic,6420020,false,
US,A_Chempax_MAFCO,A_Chempax_MAFCO,Ac,DetailAccount,Everyone,30-10-6350-5091,TransformOneToOne,Taxes & Lic,6420020,false,
US,A_Chempax_MAFCO,A_Chempax_MAFCO,Ac,DetailAccount,Everyone,30-10-6350-5094,TransformOneToOne,Taxes & Lic,6420020,false,
US,A_Chempax_MAFCO,A_Chempax_MAFCO,Ac,DetailAccount,Everyone,30-10-6350-5130,TransformOneToOne,Taxes & Lic,6420020,false,
US,A_Chempax_MAFCO,A_Chempax_MAFCO,Ac,DetailAccount,Everyone,30-10-6360-2040,TransformOneToOne,Insurance,6610130,false,
US,A_Chempax_MAFCO,A_Chempax_MAFCO,Ac,DetailAccount,Everyone,30-10-6360-2050,TransformOneToOne,Insurance,6610130,false,
US,A_Chempax_MAFCO,A_Chempax_MAFCO,Ac,DetailAccount,Everyone,30-10-6360-2055,TransformOneToOne,Insurance,6610130,false,
US,A_Chempax_MAFCO,A_Chempax_MAFCO,Ac,DetailAccount,Everyone,30-10-6360-2058,TransformOneToOne,Insurance,6610130,false,
US,A_Chempax_MAFCO,A_Chempax_MAFCO,Ac,DetailAccount,Everyone,30-10-6360-2059,TransformOneToOne,Insurance,6610130,false,
US,A_Chempax_MAFCO,A_Chempax_MAFCO,Ac,DetailAccount,Everyone,30-10-6360-2060,TransformOneToOne,Insurance,6610130,false,
US,A_Chempax_MAFCO,A_Chempax_MAFCO,Ac,DetailAccount,Everyone,30-10-6360-2061,TransformOneToOne,Insurance,6610130,false,
US,A_Chempax_MAFCO,A_Chempax_MAFCO,Ac,DetailAccount,Everyone,30-10-6360-2062,TransformOneToOne,Insurance,6610130,false,
US,A_Chempax_MAFCO,A_Chempax_MAFCO,Ac,DetailAccount,Everyone,30-10-6360-2063,TransformOneToOne,Insurance,6610130,false,
US,A_Chempax_MAFCO,A_Chempax_MAFCO,Ac,DetailAccount,Everyone,30-10-6360-2088,TransformOneToOne,Insurance,6610130,false,
US,A_Chempax_MAFCO,A_Chempax_MAFCO,Ac,DetailAccount,Everyone,30-10-6360-2101,TransformOneToOne,Insurance,6610130,false,
US,A_Chempax_MAFCO,A_Chempax_MAFCO,Ac,DetailAccount,Everyone,30-10-6360-2102,TransformOneToOne,Insurance,6610130,false,
US,A_Chempax_MAFCO,A_Chempax_MAFCO,Ac,DetailAccount,Everyone,30-10-6360-2103,TransformOneToOne,Insurance,6610130,false,
US,A_Chempax_MAFCO,A_Chempax_MAFCO,Ac,DetailAccount,Everyone,30-10-6360-2104,TransformOneToOne,Insurance,6610130,false,
US,A_Chempax_MAFCO,A_Chempax_MAFCO,Ac,DetailAccount,Everyone,30-10-6360-2105,TransformOneToOne,Insurance,6610130,false,
US,A_Chempax_MAFCO,A_Chempax_MAFCO,Ac,DetailAccount,Everyone,30-10-6360-2106,TransformOneToOne,Insurance,6610130,false,
US,A_Chempax_MAFCO,A_Chempax_MAFCO,Ac,DetailAccount,Everyone,30-10-6360-2109,TransformOneToOne,Insurance,6610130,false,
US,A_Chempax_MAFCO,A_Chempax_MAFCO,Ac,DetailAccount,Everyone,30-10-6360-2115,TransformOneToOne,Insurance,6610130,false,
US,A_Chempax_MAFCO,A_Chempax_MAFCO,Ac,DetailAccount,Everyone,30-10-6360-2117,TransformOneToOne,Insurance,6610130,false,
US,A_Chempax_MAFCO,A_Chempax_MAFCO,Ac,DetailAccount,Everyone,30-10-6360-2118,TransformOneToOne,Insurance,6610130,false,
US,A_Chempax_MAFCO,A_Chempax_MAFCO,Ac,DetailAccount,Everyone,30-10-6360-2121,TransformOneToOne,Insurance,6610130,false,
US,A_Chempax_MAFCO,A_Chempax_MAFCO,Ac,DetailAccount,Everyone,30-10-6360-2122,TransformOneToOne,Insurance,6610130,false,
US,A_Chempax_MAFCO,A_Chempax_MAFCO,Ac,DetailAccount,Everyone,30-10-6360-2124,TransformOneToOne,Insurance,6610130,false,
US,A_Chempax_MAFCO,A_Chempax_MAFCO,Ac,DetailAccount,Everyone,30-10-6360-2127,TransformOneToOne,Insurance,6610130,false,
US,A_Chempax_MAFCO,A_Chempax_MAFCO,Ac,DetailAccount,Everyone,30-10-6360-2128,TransformOneToOne,Insurance,6610130,false,
US,A_Chempax_MAFCO,A_Chempax_MAFCO,Ac,DetailAccount,Everyone,30-10-6360-2200,TransformOneToOne,Insurance,6610130,false,
US,A_Chempax_MAFCO,A_Chempax_MAFCO,Ac,DetailAccount,Everyone,30-10-6360-2201,TransformOneToOne,Insurance,6610130,false,
US,A_Chempax_MAFCO,A_Chempax_MAFCO,Ac,DetailAccount,Everyone,30-10-6360-5091,TransformOneToOne,Insurance,6610130,false,
US,A_Chempax_MAFCO,A_Chempax_MAFCO,Ac,DetailAccount,Everyone,30-10-6360-5094,TransformOneToOne,Insurance,6610130,false,
US,A_Chempax_MAFCO,A_Chempax_MAFCO,Ac,DetailAccount,Everyone,30-10-6360-5130,TransformOneToOne,Insurance,6610130,false,
US,A_Chempax_MAFCO,A_Chempax_MAFCO,Ac,DetailAccount,Everyone,30-10-6370-2040,TransformOneToOne,Travel Nonded,6610040,false,
US,A_Chempax_MAFCO,A_Chempax_MAFCO,Ac,DetailAccount,Everyone,30-10-6370-2050,TransformOneToOne,Travel Nonded,6610040,false,
US,A_Chempax_MAFCO,A_Chempax_MAFCO,Ac,DetailAccount,Everyone,30-10-6370-2055,TransformOneToOne,Travel Nonded,6610040,false,
US,A_Chempax_MAFCO,A_Chempax_MAFCO,Ac,DetailAccount,Everyone,30-10-6370-2058,TransformOneToOne,Travel Nonded,6610040,false,
US,A_Chempax_MAFCO,A_Chempax_MAFCO,Ac,DetailAccount,Everyone,30-10-6370-2059,TransformOneToOne,Travel Nonded,6610040,false,
US,A_Chempax_MAFCO,A_Chempax_MAFCO,Ac,DetailAccount,Everyone,30-10-6370-2060,TransformOneToOne,Travel Nonded,6610040,false,
US,A_Chempax_MAFCO,A_Chempax_MAFCO,Ac,DetailAccount,Everyone,30-10-6370-2061,TransformOneToOne,Travel Nonded,6610040,false,
US,A_Chempax_MAFCO,A_Chempax_MAFCO,Ac,DetailAccount,Everyone,30-10-6370-2062,TransformOneToOne,Travel Nonded,6610040,false,
US,A_Chempax_MAFCO,A_Chempax_MAFCO,Ac,DetailAccount,Everyone,30-10-6370-2063,TransformOneToOne,Travel Nonded,6610040,false,
US,A_Chempax_MAFCO,A_Chempax_MAFCO,Ac,DetailAccount,Everyone,30-10-6370-2088,TransformOneToOne,Travel Nonded,6610040,false,
US,A_Chempax_MAFCO,A_Chempax_MAFCO,Ac,DetailAccount,Everyone,30-10-6370-2101,TransformOneToOne,Travel Nonded,6610040,false,
US,A_Chempax_MAFCO,A_Chempax_MAFCO,Ac,DetailAccount,Everyone,30-10-6370-2102,TransformOneToOne,Travel Nonded,6610040,false,
US,A_Chempax_MAFCO,A_Chempax_MAFCO,Ac,DetailAccount,Everyone,30-10-6370-2103,TransformOneToOne,Travel Nonded,6610040,false,
US,A_Chempax_MAFCO,A_Chempax_MAFCO,Ac,DetailAccount,Everyone,30-10-6370-2104,TransformOneToOne,Travel Nonded,6610040,false,
US,A_Chempax_MAFCO,A_Chempax_MAFCO,Ac,DetailAccount,Everyone,30-10-6370-2105,TransformOneToOne,Travel Nonded,6610040,false,
US,A_Chempax_MAFCO,A_Chempax_MAFCO,Ac,DetailAccount,Everyone,30-10-6370-2106,TransformOneToOne,Travel Nonded,6610040,false,
US,A_Chempax_MAFCO,A_Chempax_MAFCO,Ac,DetailAccount,Everyone,30-10-6370-2109,TransformOneToOne,Travel Nonded,6610040,false,
US,A_Chempax_MAFCO,A_Chempax_MAFCO,Ac,DetailAccount,Everyone,30-10-6370-2115,TransformOneToOne,Travel Nonded,6610040,false,
US,A_Chempax_MAFCO,A_Chempax_MAFCO,Ac,DetailAccount,Everyone,30-10-6370-2117,TransformOneToOne,Travel Nonded,6610040,false,
US,A_Chempax_MAFCO,A_Chempax_MAFCO,Ac,DetailAccount,Everyone,30-10-6370-2118,TransformOneToOne,Travel Nonded,6610040,false,
US,A_Chempax_MAFCO,A_Chempax_MAFCO,Ac,DetailAccount,Everyone,30-10-6370-2121,TransformOneToOne,Travel Nonded,6610040,false,
US,A_Chempax_MAFCO,A_Chempax_MAFCO,Ac,DetailAccount,Everyone,30-10-6370-2122,TransformOneToOne,Travel Nonded,6610040,false,
US,A_Chempax_MAFCO,A_Chempax_MAFCO,Ac,DetailAccount,Everyone,30-10-6370-2124,TransformOneToOne,Travel Nonded,6610040,false,
US,A_Chempax_MAFCO,A_Chempax_MAFCO,Ac,DetailAccount,Everyone,30-10-6370-2126,TransformOneToOne,Travel Nonded,6610040,false,
US,A_Chempax_MAFCO,A_Chempax_MAFCO,Ac,DetailAccount,Everyone,30-10-6370-2127,TransformOneToOne,Travel Nonded,6610040,false,
US,A_Chempax_MAFCO,A_Chempax_MAFCO,Ac,DetailAccount,Everyone,30-10-6370-2128,TransformOneToOne,Travel Nonded,6610040,false,
US,A_Chempax_MAFCO,A_Chempax_MAFCO,Ac,DetailAccount,Everyone,30-10-6370-2200,TransformOneToOne,Travel Nonded,6610040,false,
US,A_Chempax_MAFCO,A_Chempax_MAFCO,Ac,DetailAccount,Everyone,30-10-6370-2201,TransformOneToOne,Travel Nonded,6610040,false,
US,A_Chempax_MAFCO,A_Chempax_MAFCO,Ac,DetailAccount,Everyone,30-10-6370-5001,TransformOneToOne,Travel Nonded,6610040,false,
US,A_Chempax_MAFCO,A_Chempax_MAFCO,Ac,DetailAccount,Everyone,30-10-6370-5002,TransformOneToOne,Travel Nonded,6610040,false,
US,A_Chempax_MAFCO,A_Chempax_MAFCO,Ac,DetailAccount,Everyone,30-10-6370-5003,TransformOneToOne,Travel Nonded,6610040,false,
US,A_Chempax_MAFCO,A_Chempax_MAFCO,Ac,DetailAccount,Everyone,30-10-6370-5004,TransformOneToOne,Travel Non-ded,6610040,false,
US,A_Chempax_MAFCO,A_Chempax_MAFCO,Ac,DetailAccount,Everyone,30-10-6370-5005,TransformOneToOne,Travel Nonded,6610040,false,
US,A_Chempax_MAFCO,A_Chempax_MAFCO,Ac,DetailAccount,Everyone,30-10-6370-5006,TransformOneToOne,Travel Nonded,6610040,false,
US,A_Chempax_MAFCO,A_Chempax_MAFCO,Ac,DetailAccount,Everyone,30-10-6370-5091,TransformOneToOne,Travel Nonded,6610040,false,
US,A_Chempax_MAFCO,A_Chempax_MAFCO,Ac,DetailAccount,Everyone,30-10-6370-5094,TransformOneToOne,Travel Nonded,6610040,false,
US,A_Chempax_MAFCO,A_Chempax_MAFCO,Ac,DetailAccount,Everyone,30-10-6370-5130,TransformOneToOne,Travel Nonded,6610040,false,
US,A_Chempax_MAFCO,A_Chempax_MAFCO,Ac,DetailAccount,Everyone,30-10-6380-2040,TransformOneToOne,Prof Svcs,6310100,false,
US,A_Chempax_MAFCO,A_Chempax_MAFCO,Ac,DetailAccount,Everyone,30-10-6380-2050,TransformOneToOne,Prof Svcs,6310100,false,
US,A_Chempax_MAFCO,A_Chempax_MAFCO,Ac,DetailAccount,Everyone,30-10-6380-2055,TransformOneToOne,Prof Svcs,6310100,false,
US,A_Chempax_MAFCO,A_Chempax_MAFCO,Ac,DetailAccount,Everyone,30-10-6380-2058,TransformOneToOne,Prof Svcs,6310100,false,
US,A_Chempax_MAFCO,A_Chempax_MAFCO,Ac,DetailAccount,Everyone,30-10-6380-2059,TransformOneToOne,Prof Svcs,6310100,false,
US,A_Chempax_MAFCO,A_Chempax_MAFCO,Ac,DetailAccount,Everyone,30-10-6380-2060,TransformOneToOne,Prof Svcs,6310100,false,
US,A_Chempax_MAFCO,A_Chempax_MAFCO,Ac,DetailAccount,Everyone,30-10-6380-2061,TransformOneToOne,Prof Svcs,6310100,false,
US,A_Chempax_MAFCO,A_Chempax_MAFCO,Ac,DetailAccount,Everyone,30-10-6380-2062,TransformOneToOne,Prof Svcs,6310100,false,
US,A_Chempax_MAFCO,A_Chempax_MAFCO,Ac,DetailAccount,Everyone,30-10-6380-2063,TransformOneToOne,Prof Svcs,6310100,false,
US,A_Chempax_MAFCO,A_Chempax_MAFCO,Ac,DetailAccount,Everyone,30-10-6380-2088,TransformOneToOne,Prof Svcs,6310100,false,
US,A_Chempax_MAFCO,A_Chempax_MAFCO,Ac,DetailAccount,Everyone,30-10-6380-2101,TransformOneToOne,Prof Svcs,6310100,false,
US,A_Chempax_MAFCO,A_Chempax_MAFCO,Ac,DetailAccount,Everyone,30-10-6380-2102,TransformOneToOne,Prof Svcs,6310100,false,
US,A_Chempax_MAFCO,A_Chempax_MAFCO,Ac,DetailAccount,Everyone,30-10-6380-2103,TransformOneToOne,Prof Svcs,6310100,false,
US,A_Chempax_MAFCO,A_Chempax_MAFCO,Ac,DetailAccount,Everyone,30-10-6380-2104,TransformOneToOne,Prof Svcs,6310100,false,
US,A_Chempax_MAFCO,A_Chempax_MAFCO,Ac,DetailAccount,Everyone,30-10-6380-2105,TransformOneToOne,Prof Svcs,6310100,false,
US,A_Chempax_MAFCO,A_Chempax_MAFCO,Ac,DetailAccount,Everyone,30-10-6380-2106,TransformOneToOne,Prof Svcs,6310100,false,
US,A_Chempax_MAFCO,A_Chempax_MAFCO,Ac,DetailAccount,Everyone,30-10-6380-2109,TransformOneToOne,Prof Svcs,6310100,false,
US,A_Chempax_MAFCO,A_Chempax_MAFCO,Ac,DetailAccount,Everyone,30-10-6380-2115,TransformOneToOne,Prof Svcs,6310100,false,
US,A_Chempax_MAFCO,A_Chempax_MAFCO,Ac,DetailAccount,Everyone,30-10-6380-2117,TransformOneToOne,Prof Svcs,6310100,false,
US,A_Chempax_MAFCO,A_Chempax_MAFCO,Ac,DetailAccount,Everyone,30-10-6380-2118,TransformOneToOne,Prof Svcs,6310100,false,
US,A_Chempax_MAFCO,A_Chempax_MAFCO,Ac,DetailAccount,Everyone,30-10-6380-2121,TransformOneToOne,Prof Svcs,6310100,false,
US,A_Chempax_MAFCO,A_Chempax_MAFCO,Ac,DetailAccount,Everyone,30-10-6380-2122,TransformOneToOne,Prof Svcs,6310100,false,
US,A_Chempax_MAFCO,A_Chempax_MAFCO,Ac,DetailAccount,Everyone,30-10-6380-2124,TransformOneToOne,Prof Svcs,6310100,false,
US,A_Chempax_MAFCO,A_Chempax_MAFCO,Ac,DetailAccount,Everyone,30-10-6380-2126,TransformOneToOne,Prof Svcs,6310100,false,
US,A_Chempax_MAFCO,A_Chempax_MAFCO,Ac,DetailAccount,Everyone,30-10-6380-2127,TransformOneToOne,Prof Svcs,6310100,false,
US,A_Chempax_MAFCO,A_Chempax_MAFCO,Ac,DetailAccount,Everyone,30-10-6380-2128,TransformOneToOne,Prof Svcs,6310100,false,
US,A_Chempax_MAFCO,A_Chempax_MAFCO,Ac,DetailAccount,Everyone,30-10-6380-2200,TransformOneToOne,Prof Svcs,6310100,false,
US,A_Chempax_MAFCO,A_Chempax_MAFCO,Ac,DetailAccount,Everyone,30-10-6380-2201,TransformOneToOne,Prof Svcs,6310100,false,
US,A_Chempax_MAFCO,A_Chempax_MAFCO,Ac,DetailAccount,Everyone,30-10-6380-5001,TransformOneToOne,Prof Svcs Acc,6310100,false,
US,A_Chempax_MAFCO,A_Chempax_MAFCO,Ac,DetailAccount,Everyone,30-10-6380-5002,TransformOneToOne,Prof Svcs HR,6310100,false,
US,A_Chempax_MAFCO,A_Chempax_MAFCO,Ac,DetailAccount,Everyone,30-10-6380-5003,TransformOneToOne,Professional Service,6310100,false,
US,A_Chempax_MAFCO,A_Chempax_MAFCO,Ac,DetailAccount,Everyone,30-10-6380-5004,TransformOneToOne,Prof Svcs Corp,6310100,false,
US,A_Chempax_MAFCO,A_Chempax_MAFCO,Ac,DetailAccount,Everyone,30-10-6380-5005,TransformOneToOne,Prof Svcs Legal,6310100,false,
US,A_Chempax_MAFCO,A_Chempax_MAFCO,Ac,DetailAccount,Everyone,30-10-6380-5006,TransformOneToOne,Prof Svcs IT,6310100,false,
US,A_Chempax_MAFCO,A_Chempax_MAFCO,Ac,DetailAccount,Everyone,30-10-6380-5007,TransformOneToOne,Prof Svcs,6310100,false,
US,A_Chempax_MAFCO,A_Chempax_MAFCO,Ac,DetailAccount,Everyone,30-10-6380-5091,TransformOneToOne,Prof Svcs,6310100,false,
US,A_Chempax_MAFCO,A_Chempax_MAFCO,Ac,DetailAccount,Everyone,30-10-6380-5094,TransformOneToOne,Prof Svcs,6310100,false,
US,A_Chempax_MAFCO,A_Chempax_MAFCO,Ac,DetailAccount,Everyone,30-10-6380-5130,TransformOneToOne,Prof Svcs,6610150,false,
US,A_Chempax_MAFCO,A_Chempax_MAFCO,Ac,DetailAccount,Everyone,30-10-6381-2101,TransformOneToOne,Prof Svcs - Legal,6430040,false,
US,A_Chempax_MAFCO,A_Chempax_MAFCO,Ac,DetailAccount,Everyone,30-10-6381-2128,TransformOneToOne,Prof Svcs - Legal,6430040,false,
US,A_Chempax_MAFCO,A_Chempax_MAFCO,Ac,DetailAccount,Everyone,30-10-6381-2201,TransformOneToOne,Prof Svcs - Legal,6430040,false,
US,A_Chempax_MAFCO,A_Chempax_MAFCO,Ac,DetailAccount,Everyone,30-10-6381-5091,TransformOneToOne,Prof Svcs - Legal,6430040,false,
US,A_Chempax_MAFCO,A_Chempax_MAFCO,Ac,DetailAccount,Everyone,30-10-6381-5094,TransformOneToOne,Prof Svcs - Legal,6430040,false,
US,A_Chempax_MAFCO,A_Chempax_MAFCO,Ac,DetailAccount,Everyone,30-10-6381-5130,TransformOneToOne,Prof Svcs - Legal,6430040,false,
US,A_Chempax_MAFCO,A_Chempax_MAFCO,Ac,DetailAccount,Everyone,30-10-6382-5091,TransformOneToOne,Prof serv - audit,6310080,false,
US,A_Chempax_MAFCO,A_Chempax_MAFCO,Ac,DetailAccount,Everyone,30-10-6383-5001,TransformOneToOne,Prof Serv IT,6310100,false,
US,A_Chempax_MAFCO,A_Chempax_MAFCO,Ac,DetailAccount,Everyone,30-10-6383-5006,TransformOneToOne,Prof Serv IT,6310100,false,
US,A_Chempax_MAFCO,A_Chempax_MAFCO,Ac,DetailAccount,Everyone,30-10-6383-5007,TransformOneToOne,Prof Serv IT,6310100,false,
US,A_Chempax_MAFCO,A_Chempax_MAFCO,Ac,DetailAccount,Everyone,30-10-6383-5091,TransformOneToOne,Prof Serv IT,6310100,false,
US,A_Chempax_MAFCO,A_Chempax_MAFCO,Ac,DetailAccount,Everyone,30-10-6384-5091,TransformOneToOne,Compliance,6310100,false,
US,A_Chempax_MAFCO,A_Chempax_MAFCO,Ac,DetailAccount,Everyone,30-10-6390-,TransformOneToOne,Other Exp,6610070,false,
US,A_Chempax_MAFCO,A_Chempax_MAFCO,Ac,DetailAccount,Everyone,30-10-6390-2040,TransformOneToOne,Other Exp,6610070,false,
US,A_Chempax_MAFCO,A_Chempax_MAFCO,Ac,DetailAccount,Everyone,30-10-6390-2050,TransformOneToOne,Other Exp,6610070,false,
US,A_Chempax_MAFCO,A_Chempax_MAFCO,Ac,DetailAccount,Everyone,30-10-6390-2055,TransformOneToOne,Other Exp,6610070,false,
US,A_Chempax_MAFCO,A_Chempax_MAFCO,Ac,DetailAccount,Everyone,30-10-6390-2058,TransformOneToOne,Other Exp,6610070,false,
US,A_Chempax_MAFCO,A_Chempax_MAFCO,Ac,DetailAccount,Everyone,30-10-6390-2059,TransformOneToOne,Other Exp,6610070,false,
US,A_Chempax_MAFCO,A_Chempax_MAFCO,Ac,DetailAccount,Everyone,30-10-6390-2060,TransformOneToOne,Other Exp,6610070,false,
US,A_Chempax_MAFCO,A_Chempax_MAFCO,Ac,DetailAccount,Everyone,30-10-6390-2061,TransformOneToOne,Other Exp,6610070,false,
US,A_Chempax_MAFCO,A_Chempax_MAFCO,Ac,DetailAccount,Everyone,30-10-6390-2062,TransformOneToOne,Other Exp,6610070,false,
US,A_Chempax_MAFCO,A_Chempax_MAFCO,Ac,DetailAccount,Everyone,30-10-6390-2063,TransformOneToOne,Other Exp,6610070,false,
US,A_Chempax_MAFCO,A_Chempax_MAFCO,Ac,DetailAccount,Everyone,30-10-6390-2088,TransformOneToOne,Other Exp,6610070,false,
US,A_Chempax_MAFCO,A_Chempax_MAFCO,Ac,DetailAccount,Everyone,30-10-6390-2095,TransformOneToOne,Other Expense,6610070,false,
US,A_Chempax_MAFCO,A_Chempax_MAFCO,Ac,DetailAccount,Everyone,30-10-6390-2101,TransformOneToOne,Other Exp,6610070,false,
US,A_Chempax_MAFCO,A_Chempax_MAFCO,Ac,DetailAccount,Everyone,30-10-6390-2102,TransformOneToOne,Other Exp,6610070,false,
US,A_Chempax_MAFCO,A_Chempax_MAFCO,Ac,DetailAccount,Everyone,30-10-6390-2103,TransformOneToOne,Other Exp,6610070,false,
US,A_Chempax_MAFCO,A_Chempax_MAFCO,Ac,DetailAccount,Everyone,30-10-6390-2104,TransformOneToOne,Other Exp,6610070,false,
US,A_Chempax_MAFCO,A_Chempax_MAFCO,Ac,DetailAccount,Everyone,30-10-6390-2105,TransformOneToOne,Other Exp,6610070,false,
US,A_Chempax_MAFCO,A_Chempax_MAFCO,Ac,DetailAccount,Everyone,30-10-6390-2106,TransformOneToOne,Other Exp,6610070,false,
US,A_Chempax_MAFCO,A_Chempax_MAFCO,Ac,DetailAccount,Everyone,30-10-6390-2109,TransformOneToOne,Other Exp,6610070,false,
US,A_Chempax_MAFCO,A_Chempax_MAFCO,Ac,DetailAccount,Everyone,30-10-6390-2115,TransformOneToOne,Other Exp,6610070,false,
US,A_Chempax_MAFCO,A_Chempax_MAFCO,Ac,DetailAccount,Everyone,30-10-6390-2117,TransformOneToOne,Other Exp,6610070,false,
US,A_Chempax_MAFCO,A_Chempax_MAFCO,Ac,DetailAccount,Everyone,30-10-6390-2118,TransformOneToOne,Other Exp,6610070,false,
US,A_Chempax_MAFCO,A_Chempax_MAFCO,Ac,DetailAccount,Everyone,30-10-6390-2121,TransformOneToOne,Other Exp,6610070,false,
US,A_Chempax_MAFCO,A_Chempax_MAFCO,Ac,DetailAccount,Everyone,30-10-6390-2122,TransformOneToOne,Other Exp,6610070,false,
US,A_Chempax_MAFCO,A_Chempax_MAFCO,Ac,DetailAccount,Everyone,30-10-6390-2124,TransformOneToOne,Other Exp,6610070,false,
US,A_Chempax_MAFCO,A_Chempax_MAFCO,Ac,DetailAccount,Everyone,30-10-6390-2126,TransformOneToOne,Other Exp,6610070,false,
US,A_Chempax_MAFCO,A_Chempax_MAFCO,Ac,DetailAccount,Everyone,30-10-6390-2127,TransformOneToOne,Other Exp,6610070,false,
US,A_Chempax_MAFCO,A_Chempax_MAFCO,Ac,DetailAccount,Everyone,30-10-6390-2128,TransformOneToOne,Other Exp,6610070,false,
US,A_Chempax_MAFCO,A_Chempax_MAFCO,Ac,DetailAccount,Everyone,30-10-6390-2200,TransformOneToOne,Other Exp,6610070,false,
US,A_Chempax_MAFCO,A_Chempax_MAFCO,Ac,DetailAccount,Everyone,30-10-6390-2201,TransformOneToOne,Other Exp,6610070,false,
US,A_Chempax_MAFCO,A_Chempax_MAFCO,Ac,DetailAccount,Everyone,30-10-6390-5001,TransformOneToOne,Other Exp,6610070,false,
US,A_Chempax_MAFCO,A_Chempax_MAFCO,Ac,DetailAccount,Everyone,30-10-6390-5002,TransformOneToOne,Other Exp,6610070,false,
US,A_Chempax_MAFCO,A_Chempax_MAFCO,Ac,DetailAccount,Everyone,30-10-6390-5003,TransformOneToOne,Other Exp,6610070,false,
US,A_Chempax_MAFCO,A_Chempax_MAFCO,Ac,DetailAccount,Everyone,30-10-6390-5004,TransformOneToOne,Other Exp,6610070,false,
US,A_Chempax_MAFCO,A_Chempax_MAFCO,Ac,DetailAccount,Everyone,30-10-6390-5005,TransformOneToOne,Other Exp,6610070,false,
US,A_Chempax_MAFCO,A_Chempax_MAFCO,Ac,DetailAccount,Everyone,30-10-6390-5006,TransformOneToOne,Other Exp,6610070,false,
US,A_Chempax_MAFCO,A_Chempax_MAFCO,Ac,DetailAccount,Everyone,30-10-6390-5007,TransformOneToOne,Other Exp,6610070,false,
US,A_Chempax_MAFCO,A_Chempax_MAFCO,Ac,DetailAccount,Everyone,30-10-6390-5091,TransformOneToOne,Other Exp,6610070,false,
US,A_Chempax_MAFCO,A_Chempax_MAFCO,Ac,DetailAccount,Everyone,30-10-6390-5094,TransformOneToOne,Other Exp,6610070,false,
US,A_Chempax_MAFCO,A_Chempax_MAFCO,Ac,DetailAccount,Everyone,30-10-6390-5130,TransformOneToOne,Other Exp,6610070,false,
US,A_Chempax_MAFCO,A_Chempax_MAFCO,Ac,DetailAccount,Everyone,30-10-6391-2095,TransformOneToOne,Severance Pay,6210020,false,
US,A_Chempax_MAFCO,A_Chempax_MAFCO,Ac,DetailAccount,Everyone,30-10-6391-2128,TransformOneToOne,Severance Exp,6210020,false,
US,A_Chempax_MAFCO,A_Chempax_MAFCO,Ac,DetailAccount,Everyone,30-10-6391-5001,TransformOneToOne,Severance Exp,6210020,false,
US,A_Chempax_MAFCO,A_Chempax_MAFCO,Ac,DetailAccount,Everyone,30-10-6391-5091,TransformOneToOne,Severance Exp,6210020,false,
US,A_Chempax_MAFCO,A_Chempax_MAFCO,Ac,DetailAccount,Everyone,30-10-6392-5091,TransformOneToOne,Transaction Bonus,6210050,false,
US,A_Chempax_MAFCO,A_Chempax_MAFCO,Ac,DetailAccount,Everyone,30-10-6393-2128,TransformOneToOne,Relocation Exp,6210160,false,
US,A_Chempax_MAFCO,A_Chempax_MAFCO,Ac,DetailAccount,Everyone,30-10-6393-5004,TransformOneToOne,Relocation Exp,6210160,false,
US,A_Chempax_MAFCO,A_Chempax_MAFCO,Ac,DetailAccount,Everyone,30-10-6393-5091,TransformOneToOne,Relocation Exp,6210160,false,
US,A_Chempax_MAFCO,A_Chempax_MAFCO,Ac,DetailAccount,Everyone,30-10-6394-5091,TransformOneToOne,Other Compon net bet,6210160,false,
US,A_Chempax_MAFCO,A_Chempax_MAFCO,Ac,DetailAccount,Everyone,30-10-6395-0091,TransformOneToOne,Other compon net ben,8140100,false,
US,A_Chempax_MAFCO,A_Chempax_MAFCO,Ac,DetailAccount,Everyone,30-10-6396-5091,TransformOneToOne,M&F Expenses Paid,6310100,false,
US,A_Chempax_MAFCO,A_Chempax_MAFCO,Ac,DetailAccount,Everyone,30-10-6397-2128,TransformOneToOne,Disposal Cost,6310100,false,
US,A_Chempax_MAFCO,A_Chempax_MAFCO,Ac,DetailAccount,Everyone,30-10-6397-2201,TransformOneToOne,Disposal Cost,6310100,false,
US,A_Chempax_MAFCO,A_Chempax_MAFCO,Ac,DetailAccount,Everyone,30-10-6400-2040,TransformOneToOne,Meal Allow,6220030,false,
US,A_Chempax_MAFCO,A_Chempax_MAFCO,Ac,DetailAccount,Everyone,30-10-6400-2050,TransformOneToOne,Meal Allow,6220030,false,
US,A_Chempax_MAFCO,A_Chempax_MAFCO,Ac,DetailAccount,Everyone,30-10-6400-2055,TransformOneToOne,Meal Allow,6220030,false,
US,A_Chempax_MAFCO,A_Chempax_MAFCO,Ac,DetailAccount,Everyone,30-10-6400-2058,TransformOneToOne,Meal Allow,6220030,false,
US,A_Chempax_MAFCO,A_Chempax_MAFCO,Ac,DetailAccount,Everyone,30-10-6400-2059,TransformOneToOne,Meal Allow,6220030,false,
US,A_Chempax_MAFCO,A_Chempax_MAFCO,Ac,DetailAccount,Everyone,30-10-6400-2060,TransformOneToOne,Meal Allow,6220030,false,
US,A_Chempax_MAFCO,A_Chempax_MAFCO,Ac,DetailAccount,Everyone,30-10-6400-2061,TransformOneToOne,Meal Allow,6220030,false,
US,A_Chempax_MAFCO,A_Chempax_MAFCO,Ac,DetailAccount,Everyone,30-10-6400-2062,TransformOneToOne,Meal Allow,6220030,false,
US,A_Chempax_MAFCO,A_Chempax_MAFCO,Ac,DetailAccount,Everyone,30-10-6400-2063,TransformOneToOne,Meal Allow,6220030,false,
US,A_Chempax_MAFCO,A_Chempax_MAFCO,Ac,DetailAccount,Everyone,30-10-6400-2088,TransformOneToOne,Meal Allow,6220030,false,
US,A_Chempax_MAFCO,A_Chempax_MAFCO,Ac,DetailAccount,Everyone,30-10-6400-2101,TransformOneToOne,Meal Allow,6220030,false,
US,A_Chempax_MAFCO,A_Chempax_MAFCO,Ac,DetailAccount,Everyone,30-10-6400-2102,TransformOneToOne,Meal Allow,6220030,false,
US,A_Chempax_MAFCO,A_Chempax_MAFCO,Ac,DetailAccount,Everyone,30-10-6400-2103,TransformOneToOne,Meal Allow,6220030,false,
US,A_Chempax_MAFCO,A_Chempax_MAFCO,Ac,DetailAccount,Everyone,30-10-6400-2104,TransformOneToOne,Meal Allow,6220030,false,
US,A_Chempax_MAFCO,A_Chempax_MAFCO,Ac,DetailAccount,Everyone,30-10-6400-2105,TransformOneToOne,Meal Allow,6220030,false,
US,A_Chempax_MAFCO,A_Chempax_MAFCO,Ac,DetailAccount,Everyone,30-10-6400-2106,TransformOneToOne,Meal Allow,6220030,false,
US,A_Chempax_MAFCO,A_Chempax_MAFCO,Ac,DetailAccount,Everyone,30-10-6400-2109,TransformOneToOne,Meal Allow,6220030,false,
US,A_Chempax_MAFCO,A_Chempax_MAFCO,Ac,DetailAccount,Everyone,30-10-6400-2115,TransformOneToOne,Meal Allow,6220030,false,
US,A_Chempax_MAFCO,A_Chempax_MAFCO,Ac,DetailAccount,Everyone,30-10-6400-2117,TransformOneToOne,Meal Allow,6220030,false,
US,A_Chempax_MAFCO,A_Chempax_MAFCO,Ac,DetailAccount,Everyone,30-10-6400-2118,TransformOneToOne,Meal Allow,6220030,false,
US,A_Chempax_MAFCO,A_Chempax_MAFCO,Ac,DetailAccount,Everyone,30-10-6400-2121,TransformOneToOne,Meal Allow,6220030,false,
US,A_Chempax_MAFCO,A_Chempax_MAFCO,Ac,DetailAccount,Everyone,30-10-6400-2122,TransformOneToOne,Meal Allow,6220030,false,
US,A_Chempax_MAFCO,A_Chempax_MAFCO,Ac,DetailAccount,Everyone,30-10-6400-2124,TransformOneToOne,Meal Allow,6220030,false,
US,A_Chempax_MAFCO,A_Chempax_MAFCO,Ac,DetailAccount,Everyone,30-10-6400-2127,TransformOneToOne,Meal Allow,6220030,false,
US,A_Chempax_MAFCO,A_Chempax_MAFCO,Ac,DetailAccount,Everyone,30-10-6400-2128,TransformOneToOne,Meal Allow,6220030,false,
US,A_Chempax_MAFCO,A_Chempax_MAFCO,Ac,DetailAccount,Everyone,30-10-6400-2200,TransformOneToOne,Meal Allow,6220030,false,
US,A_Chempax_MAFCO,A_Chempax_MAFCO,Ac,DetailAccount,Everyone,30-10-6400-2201,TransformOneToOne,Meal Allow,6220030,false,
US,A_Chempax_MAFCO,A_Chempax_MAFCO,Ac,DetailAccount,Everyone,30-10-6400-5091,TransformOneToOne,Meal Allow,6220030,false,
US,A_Chempax_MAFCO,A_Chempax_MAFCO,Ac,DetailAccount,Everyone,30-10-6400-5094,TransformOneToOne,Meal Allow,6220030,false,
US,A_Chempax_MAFCO,A_Chempax_MAFCO,Ac,DetailAccount,Everyone,30-10-6400-5130,TransformOneToOne,Meal Allow,6220030,false,
US,A_Chempax_MAFCO,A_Chempax_MAFCO,Ac,DetailAccount,Everyone,30-10-6410-2040,TransformOneToOne,Advertisment,6510070,false,
US,A_Chempax_MAFCO,A_Chempax_MAFCO,Ac,DetailAccount,Everyone,30-10-6410-2050,TransformOneToOne,Advertisment,6510070,false,
US,A_Chempax_MAFCO,A_Chempax_MAFCO,Ac,DetailAccount,Everyone,30-10-6410-2055,TransformOneToOne,Advertisment,6510070,false,
US,A_Chempax_MAFCO,A_Chempax_MAFCO,Ac,DetailAccount,Everyone,30-10-6410-2058,TransformOneToOne,Advertisment,6510070,false,
US,A_Chempax_MAFCO,A_Chempax_MAFCO,Ac,DetailAccount,Everyone,30-10-6410-2059,TransformOneToOne,Advertisment,6510070,false,
US,A_Chempax_MAFCO,A_Chempax_MAFCO,Ac,DetailAccount,Everyone,30-10-6410-2060,TransformOneToOne,Advertisment,6510070,false,
US,A_Chempax_MAFCO,A_Chempax_MAFCO,Ac,DetailAccount,Everyone,30-10-6410-2061,TransformOneToOne,Advertisment,6510070,false,
US,A_Chempax_MAFCO,A_Chempax_MAFCO,Ac,DetailAccount,Everyone,30-10-6410-2062,TransformOneToOne,Advertisment,6510070,false,
US,A_Chempax_MAFCO,A_Chempax_MAFCO,Ac,DetailAccount,Everyone,30-10-6410-2063,TransformOneToOne,Advertisment,6510070,false,
US,A_Chempax_MAFCO,A_Chempax_MAFCO,Ac,DetailAccount,Everyone,30-10-6410-2088,TransformOneToOne,Advertisment,6510070,false,
US,A_Chempax_MAFCO,A_Chempax_MAFCO,Ac,DetailAccount,Everyone,30-10-6410-2101,TransformOneToOne,Advertisment,6510070,false,
US,A_Chempax_MAFCO,A_Chempax_MAFCO,Ac,DetailAccount,Everyone,30-10-6410-2102,TransformOneToOne,Advertisment,6510070,false,
US,A_Chempax_MAFCO,A_Chempax_MAFCO,Ac,DetailAccount,Everyone,30-10-6410-2103,TransformOneToOne,Advertisment,6510070,false,
US,A_Chempax_MAFCO,A_Chempax_MAFCO,Ac,DetailAccount,Everyone,30-10-6410-2104,TransformOneToOne,Advertisment,6510070,false,
US,A_Chempax_MAFCO,A_Chempax_MAFCO,Ac,DetailAccount,Everyone,30-10-6410-2105,TransformOneToOne,Advertisment,6510070,false,
US,A_Chempax_MAFCO,A_Chempax_MAFCO,Ac,DetailAccount,Everyone,30-10-6410-2106,TransformOneToOne,Advertisment,6510070,false,
US,A_Chempax_MAFCO,A_Chempax_MAFCO,Ac,DetailAccount,Everyone,30-10-6410-2109,TransformOneToOne,Advertisment,6510070,false,
US,A_Chempax_MAFCO,A_Chempax_MAFCO,Ac,DetailAccount,Everyone,30-10-6410-2115,TransformOneToOne,Advertisment,6510070,false,
US,A_Chempax_MAFCO,A_Chempax_MAFCO,Ac,DetailAccount,Everyone,30-10-6410-2117,TransformOneToOne,Advertisment,6510070,false,
US,A_Chempax_MAFCO,A_Chempax_MAFCO,Ac,DetailAccount,Everyone,30-10-6410-2118,TransformOneToOne,Advertisment,6510070,false,
US,A_Chempax_MAFCO,A_Chempax_MAFCO,Ac,DetailAccount,Everyone,30-10-6410-2121,TransformOneToOne,Advertisment,6510070,false,
US,A_Chempax_MAFCO,A_Chempax_MAFCO,Ac,DetailAccount,Everyone,30-10-6410-2122,TransformOneToOne,Advertisment,6510070,false,
US,A_Chempax_MAFCO,A_Chempax_MAFCO,Ac,DetailAccount,Everyone,30-10-6410-2124,TransformOneToOne,Advertisment,6510070,false,
US,A_Chempax_MAFCO,A_Chempax_MAFCO,Ac,DetailAccount,Everyone,30-10-6410-2127,TransformOneToOne,Advertisment,6510070,false,
US,A_Chempax_MAFCO,A_Chempax_MAFCO,Ac,DetailAccount,Everyone,30-10-6410-2128,TransformOneToOne,Advertisment,6510070,false,
US,A_Chempax_MAFCO,A_Chempax_MAFCO,Ac,DetailAccount,Everyone,30-10-6410-2200,TransformOneToOne,Advertisment,6510070,false,
US,A_Chempax_MAFCO,A_Chempax_MAFCO,Ac,DetailAccount,Everyone,30-10-6410-2201,TransformOneToOne,Advertisment,6510070,false,
US,A_Chempax_MAFCO,A_Chempax_MAFCO,Ac,DetailAccount,Everyone,30-10-6410-5091,TransformOneToOne,Advertisment,6510070,false,
US,A_Chempax_MAFCO,A_Chempax_MAFCO,Ac,DetailAccount,Everyone,30-10-6410-5094,TransformOneToOne,Advertisment,6510070,false,
US,A_Chempax_MAFCO,A_Chempax_MAFCO,Ac,DetailAccount,Everyone,30-10-6410-5130,TransformOneToOne,Advertisment,6510070,false,
US,A_Chempax_MAFCO,A_Chempax_MAFCO,Ac,DetailAccount,Everyone,30-10-6410-5506,TransformOneToOne,Advertisment,6510070,false,
US,A_Chempax_MAFCO,A_Chempax_MAFCO,Ac,DetailAccount,Everyone,30-10-6420-2040,TransformOneToOne,Guard Svc,6310070,false,
US,A_Chempax_MAFCO,A_Chempax_MAFCO,Ac,DetailAccount,Everyone,30-10-6420-2050,TransformOneToOne,Guard Svc,6310070,false,
US,A_Chempax_MAFCO,A_Chempax_MAFCO,Ac,DetailAccount,Everyone,30-10-6420-2055,TransformOneToOne,Guard Svc,6310070,false,
US,A_Chempax_MAFCO,A_Chempax_MAFCO,Ac,DetailAccount,Everyone,30-10-6420-2058,TransformOneToOne,Guard Svc,6310070,false,
US,A_Chempax_MAFCO,A_Chempax_MAFCO,Ac,DetailAccount,Everyone,30-10-6420-2059,TransformOneToOne,Guard Svc,6310070,false,
US,A_Chempax_MAFCO,A_Chempax_MAFCO,Ac,DetailAccount,Everyone,30-10-6420-2060,TransformOneToOne,Guard Svc,6310070,false,
US,A_Chempax_MAFCO,A_Chempax_MAFCO,Ac,DetailAccount,Everyone,30-10-6420-2061,TransformOneToOne,Guard Svc,6310070,false,
US,A_Chempax_MAFCO,A_Chempax_MAFCO,Ac,DetailAccount,Everyone,30-10-6420-2062,TransformOneToOne,Guard Svc,6310070,false,
US,A_Chempax_MAFCO,A_Chempax_MAFCO,Ac,DetailAccount,Everyone,30-10-6420-2063,TransformOneToOne,Guard Svc,6310070,false,
US,A_Chempax_MAFCO,A_Chempax_MAFCO,Ac,DetailAccount,Everyone,30-10-6420-2088,TransformOneToOne,Guard Svc,6310070,false,
US,A_Chempax_MAFCO,A_Chempax_MAFCO,Ac,DetailAccount,Everyone,30-10-6420-2101,TransformOneToOne,Guard Svc,6310070,false,
US,A_Chempax_MAFCO,A_Chempax_MAFCO,Ac,DetailAccount,Everyone,30-10-6420-2102,TransformOneToOne,Guard Svc,6310070,false,
US,A_Chempax_MAFCO,A_Chempax_MAFCO,Ac,DetailAccount,Everyone,30-10-6420-2103,TransformOneToOne,Guard Svc,6310070,false,
US,A_Chempax_MAFCO,A_Chempax_MAFCO,Ac,DetailAccount,Everyone,30-10-6420-2104,TransformOneToOne,Guard Svc,6310070,false,
US,A_Chempax_MAFCO,A_Chempax_MAFCO,Ac,DetailAccount,Everyone,30-10-6420-2105,TransformOneToOne,Guard Svc,6310070,false,
US,A_Chempax_MAFCO,A_Chempax_MAFCO,Ac,DetailAccount,Everyone,30-10-6420-2106,TransformOneToOne,Guard Svc,6310070,false,
US,A_Chempax_MAFCO,A_Chempax_MAFCO,Ac,DetailAccount,Everyone,30-10-6420-2109,TransformOneToOne,Guard Svc,6310070,false,
US,A_Chempax_MAFCO,A_Chempax_MAFCO,Ac,DetailAccount,Everyone,30-10-6420-2115,TransformOneToOne,Guard Svc,6310070,false,
US,A_Chempax_MAFCO,A_Chempax_MAFCO,Ac,DetailAccount,Everyone,30-10-6420-2117,TransformOneToOne,Guard Svc,6310070,false,
US,A_Chempax_MAFCO,A_Chempax_MAFCO,Ac,DetailAccount,Everyone,30-10-6420-2118,TransformOneToOne,Guard Svc,6310070,false,
US,A_Chempax_MAFCO,A_Chempax_MAFCO,Ac,DetailAccount,Everyone,30-10-6420-2121,TransformOneToOne,Guard Svc,6310070,false,
US,A_Chempax_MAFCO,A_Chempax_MAFCO,Ac,DetailAccount,Everyone,30-10-6420-2122,TransformOneToOne,Guard Svc,6310070,false,
US,A_Chempax_MAFCO,A_Chempax_MAFCO,Ac,DetailAccount,Everyone,30-10-6420-2124,TransformOneToOne,Guard Svc,6310070,false,
US,A_Chempax_MAFCO,A_Chempax_MAFCO,Ac,DetailAccount,Everyone,30-10-6420-2127,TransformOneToOne,Guard Svc,6310070,false,
US,A_Chempax_MAFCO,A_Chempax_MAFCO,Ac,DetailAccount,Everyone,30-10-6420-2128,TransformOneToOne,Guard Svc,6310070,false,
US,A_Chempax_MAFCO,A_Chempax_MAFCO,Ac,DetailAccount,Everyone,30-10-6420-2200,TransformOneToOne,Guard Svc,6310070,false,
US,A_Chempax_MAFCO,A_Chempax_MAFCO,Ac,DetailAccount,Everyone,30-10-6420-2201,TransformOneToOne,Guard Svc,6310070,false,
US,A_Chempax_MAFCO,A_Chempax_MAFCO,Ac,DetailAccount,Everyone,30-10-6420-5091,TransformOneToOne,Guard Svc,6310070,false,
US,A_Chempax_MAFCO,A_Chempax_MAFCO,Ac,DetailAccount,Everyone,30-10-6420-5094,TransformOneToOne,Guard Svc,6310070,false,
US,A_Chempax_MAFCO,A_Chempax_MAFCO,Ac,DetailAccount,Everyone,30-10-6420-5130,TransformOneToOne,Guard Svc,6310070,false,
US,A_Chempax_MAFCO,A_Chempax_MAFCO,Ac,DetailAccount,Everyone,30-10-6430-2040,TransformOneToOne,Travel,6220010,false,
US,A_Chempax_MAFCO,A_Chempax_MAFCO,Ac,DetailAccount,Everyone,30-10-6430-2050,TransformOneToOne,Travel,6220010,false,
US,A_Chempax_MAFCO,A_Chempax_MAFCO,Ac,DetailAccount,Everyone,30-10-6430-2055,TransformOneToOne,Travel,6220010,false,
US,A_Chempax_MAFCO,A_Chempax_MAFCO,Ac,DetailAccount,Everyone,30-10-6430-2058,TransformOneToOne,Travel,6220010,false,
US,A_Chempax_MAFCO,A_Chempax_MAFCO,Ac,DetailAccount,Everyone,30-10-6430-2059,TransformOneToOne,Travel,6220010,false,
US,A_Chempax_MAFCO,A_Chempax_MAFCO,Ac,DetailAccount,Everyone,30-10-6430-2060,TransformOneToOne,Travel,6220010,false,
US,A_Chempax_MAFCO,A_Chempax_MAFCO,Ac,DetailAccount,Everyone,30-10-6430-2061,TransformOneToOne,Travel,6220010,false,
US,A_Chempax_MAFCO,A_Chempax_MAFCO,Ac,DetailAccount,Everyone,30-10-6430-2062,TransformOneToOne,Travel,6220010,false,
US,A_Chempax_MAFCO,A_Chempax_MAFCO,Ac,DetailAccount,Everyone,30-10-6430-2063,TransformOneToOne,Travel,6220010,false,
US,A_Chempax_MAFCO,A_Chempax_MAFCO,Ac,DetailAccount,Everyone,30-10-6430-2088,TransformOneToOne,Travel,6220010,false,
US,A_Chempax_MAFCO,A_Chempax_MAFCO,Ac,DetailAccount,Everyone,30-10-6430-2101,TransformOneToOne,Travel,6220010,false,
US,A_Chempax_MAFCO,A_Chempax_MAFCO,Ac,DetailAccount,Everyone,30-10-6430-2102,TransformOneToOne,Travel,6220010,false,
US,A_Chempax_MAFCO,A_Chempax_MAFCO,Ac,DetailAccount,Everyone,30-10-6430-2103,TransformOneToOne,Travel,6220010,false,
US,A_Chempax_MAFCO,A_Chempax_MAFCO,Ac,DetailAccount,Everyone,30-10-6430-2104,TransformOneToOne,Travel,6220010,false,
US,A_Chempax_MAFCO,A_Chempax_MAFCO,Ac,DetailAccount,Everyone,30-10-6430-2105,TransformOneToOne,Travel,6220010,false,
US,A_Chempax_MAFCO,A_Chempax_MAFCO,Ac,DetailAccount,Everyone,30-10-6430-2106,TransformOneToOne,Travel,6220010,false,
US,A_Chempax_MAFCO,A_Chempax_MAFCO,Ac,DetailAccount,Everyone,30-10-6430-2109,TransformOneToOne,Travel,6220010,false,
US,A_Chempax_MAFCO,A_Chempax_MAFCO,Ac,DetailAccount,Everyone,30-10-6430-2115,TransformOneToOne,Travel,6220010,false,
US,A_Chempax_MAFCO,A_Chempax_MAFCO,Ac,DetailAccount,Everyone,30-10-6430-2117,TransformOneToOne,Travel,6220010,false,
US,A_Chempax_MAFCO,A_Chempax_MAFCO,Ac,DetailAccount,Everyone,30-10-6430-2118,TransformOneToOne,Travel,6220010,false,
US,A_Chempax_MAFCO,A_Chempax_MAFCO,Ac,DetailAccount,Everyone,30-10-6430-2121,TransformOneToOne,Travel,6220010,false,
US,A_Chempax_MAFCO,A_Chempax_MAFCO,Ac,DetailAccount,Everyone,30-10-6430-2122,TransformOneToOne,Travel,6220010,false,
US,A_Chempax_MAFCO,A_Chempax_MAFCO,Ac,DetailAccount,Everyone,30-10-6430-2124,TransformOneToOne,Travel,6220010,false,
US,A_Chempax_MAFCO,A_Chempax_MAFCO,Ac,DetailAccount,Everyone,30-10-6430-2126,TransformOneToOne,Travel,6220010,false,
US,A_Chempax_MAFCO,A_Chempax_MAFCO,Ac,DetailAccount,Everyone,30-10-6430-2127,TransformOneToOne,Travel,6220010,false,
US,A_Chempax_MAFCO,A_Chempax_MAFCO,Ac,DetailAccount,Everyone,30-10-6430-2128,TransformOneToOne,Travel,6220010,false,
US,A_Chempax_MAFCO,A_Chempax_MAFCO,Ac,DetailAccount,Everyone,30-10-6430-2200,TransformOneToOne,Travel,6220010,false,
US,A_Chempax_MAFCO,A_Chempax_MAFCO,Ac,DetailAccount,Everyone,30-10-6430-2201,TransformOneToOne,Travel,6220010,false,
US,A_Chempax_MAFCO,A_Chempax_MAFCO,Ac,DetailAccount,Everyone,30-10-6430-5001,TransformOneToOne,Travel,6220010,false,
US,A_Chempax_MAFCO,A_Chempax_MAFCO,Ac,DetailAccount,Everyone,30-10-6430-5002,TransformOneToOne,Travel,6220010,false,
US,A_Chempax_MAFCO,A_Chempax_MAFCO,Ac,DetailAccount,Everyone,30-10-6430-5003,TransformOneToOne,Travel,6220010,false,
US,A_Chempax_MAFCO,A_Chempax_MAFCO,Ac,DetailAccount,Everyone,30-10-6430-5004,TransformOneToOne,Travel,6220010,false,
US,A_Chempax_MAFCO,A_Chempax_MAFCO,Ac,DetailAccount,Everyone,30-10-6430-5005,TransformOneToOne,Travel,6220010,false,
US,A_Chempax_MAFCO,A_Chempax_MAFCO,Ac,DetailAccount,Everyone,30-10-6430-5006,TransformOneToOne,Travel,6220010,false,
US,A_Chempax_MAFCO,A_Chempax_MAFCO,Ac,DetailAccount,Everyone,30-10-6430-5007,TransformOneToOne,Travel,6220010,false,
US,A_Chempax_MAFCO,A_Chempax_MAFCO,Ac,DetailAccount,Everyone,30-10-6430-5091,TransformOneToOne,Travel,6220010,false,
US,A_Chempax_MAFCO,A_Chempax_MAFCO,Ac,DetailAccount,Everyone,30-10-6430-5094,TransformOneToOne,Travel,6220010,false,
US,A_Chempax_MAFCO,A_Chempax_MAFCO,Ac,DetailAccount,Everyone,30-10-6430-5130,TransformOneToOne,Travel,6220010,false,
US,A_Chempax_MAFCO,A_Chempax_MAFCO,Ac,DetailAccount,Everyone,30-10-6435-5130,TransformOneToOne,Moving exp for emplo,6210160,false,
US,A_Chempax_MAFCO,A_Chempax_MAFCO,Ac,DetailAccount,Everyone,30-10-6440-2040,TransformOneToOne,Stationery Supply,6410000,false,
US,A_Chempax_MAFCO,A_Chempax_MAFCO,Ac,DetailAccount,Everyone,30-10-6440-2050,TransformOneToOne,Stationery Supply,6410000,false,
US,A_Chempax_MAFCO,A_Chempax_MAFCO,Ac,DetailAccount,Everyone,30-10-6440-2055,TransformOneToOne,Stationery Supply,6410000,false,
US,A_Chempax_MAFCO,A_Chempax_MAFCO,Ac,DetailAccount,Everyone,30-10-6440-2058,TransformOneToOne,Stationery Supply,6410000,false,
US,A_Chempax_MAFCO,A_Chempax_MAFCO,Ac,DetailAccount,Everyone,30-10-6440-2059,TransformOneToOne,Stationery Supply,6410000,false,
US,A_Chempax_MAFCO,A_Chempax_MAFCO,Ac,DetailAccount,Everyone,30-10-6440-2060,TransformOneToOne,Stationery Supply,6410000,false,
US,A_Chempax_MAFCO,A_Chempax_MAFCO,Ac,DetailAccount,Everyone,30-10-6440-2061,TransformOneToOne,Stationery Supply,6410000,false,
US,A_Chempax_MAFCO,A_Chempax_MAFCO,Ac,DetailAccount,Everyone,30-10-6440-2062,TransformOneToOne,Stationery Supply,6410000,false,
US,A_Chempax_MAFCO,A_Chempax_MAFCO,Ac,DetailAccount,Everyone,30-10-6440-2063,TransformOneToOne,Stationery Supply,6410000,false,
US,A_Chempax_MAFCO,A_Chempax_MAFCO,Ac,DetailAccount,Everyone,30-10-6440-2088,TransformOneToOne,Stationery Supply,6410000,false,
US,A_Chempax_MAFCO,A_Chempax_MAFCO,Ac,DetailAccount,Everyone,30-10-6440-2101,TransformOneToOne,Stationery Supply,6410000,false,
US,A_Chempax_MAFCO,A_Chempax_MAFCO,Ac,DetailAccount,Everyone,30-10-6440-2102,TransformOneToOne,Stationery Supply,6410000,false,
US,A_Chempax_MAFCO,A_Chempax_MAFCO,Ac,DetailAccount,Everyone,30-10-6440-2103,TransformOneToOne,Stationery Supply,6410000,false,
US,A_Chempax_MAFCO,A_Chempax_MAFCO,Ac,DetailAccount,Everyone,30-10-6440-2104,TransformOneToOne,Stationery Supply,6410000,false,
US,A_Chempax_MAFCO,A_Chempax_MAFCO,Ac,DetailAccount,Everyone,30-10-6440-2105,TransformOneToOne,Stationery Supply,6410000,false,
US,A_Chempax_MAFCO,A_Chempax_MAFCO,Ac,DetailAccount,Everyone,30-10-6440-2106,TransformOneToOne,Stationery Supply,6410000,false,
US,A_Chempax_MAFCO,A_Chempax_MAFCO,Ac,DetailAccount,Everyone,30-10-6440-2109,TransformOneToOne,Stationery Supply,6410000,false,
US,A_Chempax_MAFCO,A_Chempax_MAFCO,Ac,DetailAccount,Everyone,30-10-6440-2115,TransformOneToOne,Stationery Supply,6410000,false,
US,A_Chempax_MAFCO,A_Chempax_MAFCO,Ac,DetailAccount,Everyone,30-10-6440-2117,TransformOneToOne,Stationery Supply,6410000,false,
US,A_Chempax_MAFCO,A_Chempax_MAFCO,Ac,DetailAccount,Everyone,30-10-6440-2118,TransformOneToOne,Stationery Supply,6410000,false,
US,A_Chempax_MAFCO,A_Chempax_MAFCO,Ac,DetailAccount,Everyone,30-10-6440-2121,TransformOneToOne,Stationery Supply,6410000,false,
US,A_Chempax_MAFCO,A_Chempax_MAFCO,Ac,DetailAccount,Everyone,30-10-6440-2122,TransformOneToOne,Stationery Supply,6410000,false,
US,A_Chempax_MAFCO,A_Chempax_MAFCO,Ac,DetailAccount,Everyone,30-10-6440-2124,TransformOneToOne,Stationery Supply,6410000,false,
US,A_Chempax_MAFCO,A_Chempax_MAFCO,Ac,DetailAccount,Everyone,30-10-6440-2126,TransformOneToOne,Stationery Supply,6410000,false,
US,A_Chempax_MAFCO,A_Chempax_MAFCO,Ac,DetailAccount,Everyone,30-10-6440-2127,TransformOneToOne,Stationery Supply,6410000,false,
US,A_Chempax_MAFCO,A_Chempax_MAFCO,Ac,DetailAccount,Everyone,30-10-6440-2128,TransformOneToOne,Stationery Supply,6410000,false,
US,A_Chempax_MAFCO,A_Chempax_MAFCO,Ac,DetailAccount,Everyone,30-10-6440-2200,TransformOneToOne,Stationery Supply,6410000,false,
US,A_Chempax_MAFCO,A_Chempax_MAFCO,Ac,DetailAccount,Everyone,30-10-6440-2201,TransformOneToOne,Stationery Supply,6410000,false,
US,A_Chempax_MAFCO,A_Chempax_MAFCO,Ac,DetailAccount,Everyone,30-10-6440-5001,TransformOneToOne,Stationery Supply,6410000,false,
US,A_Chempax_MAFCO,A_Chempax_MAFCO,Ac,DetailAccount,Everyone,30-10-6440-5002,TransformOneToOne,Stationery Supply,6410000,false,
US,A_Chempax_MAFCO,A_Chempax_MAFCO,Ac,DetailAccount,Everyone,30-10-6440-5003,TransformOneToOne,Stationery Supply,6410000,false,
US,A_Chempax_MAFCO,A_Chempax_MAFCO,Ac,DetailAccount,Everyone,30-10-6440-5004,TransformOneToOne,Stationery Supply,6410000,false,
US,A_Chempax_MAFCO,A_Chempax_MAFCO,Ac,DetailAccount,Everyone,30-10-6440-5005,TransformOneToOne,Stationery Supply,6410000,false,
US,A_Chempax_MAFCO,A_Chempax_MAFCO,Ac,DetailAccount,Everyone,30-10-6440-5006,TransformOneToOne,Stationery Supply,6410000,false,
US,A_Chempax_MAFCO,A_Chempax_MAFCO,Ac,DetailAccount,Everyone,30-10-6440-5007,TransformOneToOne,Stationery Supply,6410040,false,
US,A_Chempax_MAFCO,A_Chempax_MAFCO,Ac,DetailAccount,Everyone,30-10-6440-5091,TransformOneToOne,Stationery Supply,6410000,false,
US,A_Chempax_MAFCO,A_Chempax_MAFCO,Ac,DetailAccount,Everyone,30-10-6440-5094,TransformOneToOne,Stationery Supply,6410000,false,
US,A_Chempax_MAFCO,A_Chempax_MAFCO,Ac,DetailAccount,Everyone,30-10-6440-5130,TransformOneToOne,Stationery Supply,6410000,false,
US,A_Chempax_MAFCO,A_Chempax_MAFCO,Ac,DetailAccount,Everyone,30-10-6450-2040,TransformOneToOne,Commission Inc,6530000,false,
US,A_Chempax_MAFCO,A_Chempax_MAFCO,Ac,DetailAccount,Everyone,30-10-6450-2050,TransformOneToOne,Commission Inc,6530000,false,
US,A_Chempax_MAFCO,A_Chempax_MAFCO,Ac,DetailAccount,Everyone,30-10-6450-2055,TransformOneToOne,Commission Inc,6530000,false,
US,A_Chempax_MAFCO,A_Chempax_MAFCO,Ac,DetailAccount,Everyone,30-10-6450-2058,TransformOneToOne,Commission Inc,6530000,false,
US,A_Chempax_MAFCO,A_Chempax_MAFCO,Ac,DetailAccount,Everyone,30-10-6450-2059,TransformOneToOne,Commission Inc,6530000,false,
US,A_Chempax_MAFCO,A_Chempax_MAFCO,Ac,DetailAccount,Everyone,30-10-6450-2060,TransformOneToOne,Commission Inc,6530000,false,
US,A_Chempax_MAFCO,A_Chempax_MAFCO,Ac,DetailAccount,Everyone,30-10-6450-2061,TransformOneToOne,Commission Inc,6530000,false,
US,A_Chempax_MAFCO,A_Chempax_MAFCO,Ac,DetailAccount,Everyone,30-10-6450-2062,TransformOneToOne,Commission Inc,6530000,false,
US,A_Chempax_MAFCO,A_Chempax_MAFCO,Ac,DetailAccount,Everyone,30-10-6450-2063,TransformOneToOne,Commission Inc,6530000,false,
US,A_Chempax_MAFCO,A_Chempax_MAFCO,Ac,DetailAccount,Everyone,30-10-6450-2088,TransformOneToOne,Commission Inc,6530000,false,
US,A_Chempax_MAFCO,A_Chempax_MAFCO,Ac,DetailAccount,Everyone,30-10-6450-2101,TransformOneToOne,Commission Inc,6530000,false,
US,A_Chempax_MAFCO,A_Chempax_MAFCO,Ac,DetailAccount,Everyone,30-10-6450-2102,TransformOneToOne,Commission Inc,6530000,false,
US,A_Chempax_MAFCO,A_Chempax_MAFCO,Ac,DetailAccount,Everyone,30-10-6450-2103,TransformOneToOne,Commission Inc,6530000,false,
US,A_Chempax_MAFCO,A_Chempax_MAFCO,Ac,DetailAccount,Everyone,30-10-6450-2104,TransformOneToOne,Commission Inc,6530000,false,
US,A_Chempax_MAFCO,A_Chempax_MAFCO,Ac,DetailAccount,Everyone,30-10-6450-2105,TransformOneToOne,Commission Inc,6530000,false,
US,A_Chempax_MAFCO,A_Chempax_MAFCO,Ac,DetailAccount,Everyone,30-10-6450-2106,TransformOneToOne,Commission Inc,6530000,false,
US,A_Chempax_MAFCO,A_Chempax_MAFCO,Ac,DetailAccount,Everyone,30-10-6450-2109,TransformOneToOne,Commission Inc,6530000,false,
US,A_Chempax_MAFCO,A_Chempax_MAFCO,Ac,DetailAccount,Everyone,30-10-6450-2115,TransformOneToOne,Commission Inc,6530000,false,
US,A_Chempax_MAFCO,A_Chempax_MAFCO,Ac,DetailAccount,Everyone,30-10-6450-2117,TransformOneToOne,Commission Inc,6530000,false,
US,A_Chempax_MAFCO,A_Chempax_MAFCO,Ac,DetailAccount,Everyone,30-10-6450-2118,TransformOneToOne,Commission Inc,6530000,false,
US,A_Chempax_MAFCO,A_Chempax_MAFCO,Ac,DetailAccount,Everyone,30-10-6450-2121,TransformOneToOne,Commission Inc,6530000,false,
US,A_Chempax_MAFCO,A_Chempax_MAFCO,Ac,DetailAccount,Everyone,30-10-6450-2122,TransformOneToOne,Commission Inc,6530000,false,
US,A_Chempax_MAFCO,A_Chempax_MAFCO,Ac,DetailAccount,Everyone,30-10-6450-2124,TransformOneToOne,Commission Inc,6530000,false,
US,A_Chempax_MAFCO,A_Chempax_MAFCO,Ac,DetailAccount,Everyone,30-10-6450-2127,TransformOneToOne,Commission Inc,6530000,false,
US,A_Chempax_MAFCO,A_Chempax_MAFCO,Ac,DetailAccount,Everyone,30-10-6450-2128,TransformOneToOne,Commission Inc,6530000,false,
US,A_Chempax_MAFCO,A_Chempax_MAFCO,Ac,DetailAccount,Everyone,30-10-6450-2200,TransformOneToOne,Commission Inc,6530000,false,
US,A_Chempax_MAFCO,A_Chempax_MAFCO,Ac,DetailAccount,Everyone,30-10-6450-2201,TransformOneToOne,Commission Inc,6530000,false,
US,A_Chempax_MAFCO,A_Chempax_MAFCO,Ac,DetailAccount,Everyone,30-10-6450-5091,TransformOneToOne,Commission Inc,6530000,false,
US,A_Chempax_MAFCO,A_Chempax_MAFCO,Ac,DetailAccount,Everyone,30-10-6450-5094,TransformOneToOne,Commission Inc,6530000,false,
US,A_Chempax_MAFCO,A_Chempax_MAFCO,Ac,DetailAccount,Everyone,30-10-6450-5130,TransformOneToOne,Commission Inc,6530000,false,
US,A_Chempax_MAFCO,A_Chempax_MAFCO,Ac,DetailAccount,Everyone,30-10-6460-2040,TransformOneToOne,Communication,6310030,false,
US,A_Chempax_MAFCO,A_Chempax_MAFCO,Ac,DetailAccount,Everyone,30-10-6460-2050,TransformOneToOne,Communication,6310030,false,
US,A_Chempax_MAFCO,A_Chempax_MAFCO,Ac,DetailAccount,Everyone,30-10-6460-2055,TransformOneToOne,Communication,6310030,false,
US,A_Chempax_MAFCO,A_Chempax_MAFCO,Ac,DetailAccount,Everyone,30-10-6460-2058,TransformOneToOne,Communication,6310030,false,
US,A_Chempax_MAFCO,A_Chempax_MAFCO,Ac,DetailAccount,Everyone,30-10-6460-2059,TransformOneToOne,Communication,6310030,false,
US,A_Chempax_MAFCO,A_Chempax_MAFCO,Ac,DetailAccount,Everyone,30-10-6460-2060,TransformOneToOne,Communication,6310030,false,
US,A_Chempax_MAFCO,A_Chempax_MAFCO,Ac,DetailAccount,Everyone,30-10-6460-2061,TransformOneToOne,Communication,6310030,false,
US,A_Chempax_MAFCO,A_Chempax_MAFCO,Ac,DetailAccount,Everyone,30-10-6460-2062,TransformOneToOne,Communication,6310030,false,
US,A_Chempax_MAFCO,A_Chempax_MAFCO,Ac,DetailAccount,Everyone,30-10-6460-2063,TransformOneToOne,Communication,6310030,false,
US,A_Chempax_MAFCO,A_Chempax_MAFCO,Ac,DetailAccount,Everyone,30-10-6460-2088,TransformOneToOne,Communication,6310030,false,
US,A_Chempax_MAFCO,A_Chempax_MAFCO,Ac,DetailAccount,Everyone,30-10-6460-2101,TransformOneToOne,Communication,6310030,false,
US,A_Chempax_MAFCO,A_Chempax_MAFCO,Ac,DetailAccount,Everyone,30-10-6460-2102,TransformOneToOne,Communication,6310030,false,
US,A_Chempax_MAFCO,A_Chempax_MAFCO,Ac,DetailAccount,Everyone,30-10-6460-2103,TransformOneToOne,Communication,6310030,false,
US,A_Chempax_MAFCO,A_Chempax_MAFCO,Ac,DetailAccount,Everyone,30-10-6460-2104,TransformOneToOne,Communication,6310030,false,
US,A_Chempax_MAFCO,A_Chempax_MAFCO,Ac,DetailAccount,Everyone,30-10-6460-2105,TransformOneToOne,Communication,6310030,false,
US,A_Chempax_MAFCO,A_Chempax_MAFCO,Ac,DetailAccount,Everyone,30-10-6460-2106,TransformOneToOne,Communication,6310030,false,
US,A_Chempax_MAFCO,A_Chempax_MAFCO,Ac,DetailAccount,Everyone,30-10-6460-2109,TransformOneToOne,Communication,6310030,false,
US,A_Chempax_MAFCO,A_Chempax_MAFCO,Ac,DetailAccount,Everyone,30-10-6460-2115,TransformOneToOne,Communication,6310030,false,
US,A_Chempax_MAFCO,A_Chempax_MAFCO,Ac,DetailAccount,Everyone,30-10-6460-2117,TransformOneToOne,Communication,6310030,false,
US,A_Chempax_MAFCO,A_Chempax_MAFCO,Ac,DetailAccount,Everyone,30-10-6460-2118,TransformOneToOne,Communication,6310030,false,
US,A_Chempax_MAFCO,A_Chempax_MAFCO,Ac,DetailAccount,Everyone,30-10-6460-2121,TransformOneToOne,Communication,6310030,false,
US,A_Chempax_MAFCO,A_Chempax_MAFCO,Ac,DetailAccount,Everyone,30-10-6460-2122,TransformOneToOne,Communication,6310030,false,
US,A_Chempax_MAFCO,A_Chempax_MAFCO,Ac,DetailAccount,Everyone,30-10-6460-2124,TransformOneToOne,Communication,6310030,false,
US,A_Chempax_MAFCO,A_Chempax_MAFCO,Ac,DetailAccount,Everyone,30-10-6460-2126,TransformOneToOne,Communication,6310030,false,
US,A_Chempax_MAFCO,A_Chempax_MAFCO,Ac,DetailAccount,Everyone,30-10-6460-2127,TransformOneToOne,Communication,6310030,false,
US,A_Chempax_MAFCO,A_Chempax_MAFCO,Ac,DetailAccount,Everyone,30-10-6460-2128,TransformOneToOne,Communication,6310030,false,
US,A_Chempax_MAFCO,A_Chempax_MAFCO,Ac,DetailAccount,Everyone,30-10-6460-2200,TransformOneToOne,Communication,6310030,false,
US,A_Chempax_MAFCO,A_Chempax_MAFCO,Ac,DetailAccount,Everyone,30-10-6460-2201,TransformOneToOne,Communication,6310030,false,
US,A_Chempax_MAFCO,A_Chempax_MAFCO,Ac,DetailAccount,Everyone,30-10-6460-5001,TransformOneToOne,Communication,6310030,false,
US,A_Chempax_MAFCO,A_Chempax_MAFCO,Ac,DetailAccount,Everyone,30-10-6460-5002,TransformOneToOne,Communication,6310030,false,
US,A_Chempax_MAFCO,A_Chempax_MAFCO,Ac,DetailAccount,Everyone,30-10-6460-5004,TransformOneToOne,Communication,6310030,false,
US,A_Chempax_MAFCO,A_Chempax_MAFCO,Ac,DetailAccount,Everyone,30-10-6460-5005,TransformOneToOne,Communication,6310030,false,
US,A_Chempax_MAFCO,A_Chempax_MAFCO,Ac,DetailAccount,Everyone,30-10-6460-5006,TransformOneToOne,Communication,6310030,false,
US,A_Chempax_MAFCO,A_Chempax_MAFCO,Ac,DetailAccount,Everyone,30-10-6460-5007,TransformOneToOne,Communication,6310030,false,
US,A_Chempax_MAFCO,A_Chempax_MAFCO,Ac,DetailAccount,Everyone,30-10-6460-5091,TransformOneToOne,Communication,6310030,false,
US,A_Chempax_MAFCO,A_Chempax_MAFCO,Ac,DetailAccount,Everyone,30-10-6460-5094,TransformOneToOne,Communication,6310030,false,
US,A_Chempax_MAFCO,A_Chempax_MAFCO,Ac,DetailAccount,Everyone,30-10-6460-5130,TransformOneToOne,Communication,6310030,false,
US,A_Chempax_MAFCO,A_Chempax_MAFCO,Ac,DetailAccount,Everyone,30-10-6470-2040,TransformOneToOne,Commission Exp,6530000,false,
US,A_Chempax_MAFCO,A_Chempax_MAFCO,Ac,DetailAccount,Everyone,30-10-6470-2050,TransformOneToOne,Commission Exp,6530000,false,
US,A_Chempax_MAFCO,A_Chempax_MAFCO,Ac,DetailAccount,Everyone,30-10-6470-2055,TransformOneToOne,Commission Exp,6530000,false,
US,A_Chempax_MAFCO,A_Chempax_MAFCO,Ac,DetailAccount,Everyone,30-10-6470-2058,TransformOneToOne,Commission Exp,6530000,false,
US,A_Chempax_MAFCO,A_Chempax_MAFCO,Ac,DetailAccount,Everyone,30-10-6470-2059,TransformOneToOne,Commission Exp,6530000,false,
US,A_Chempax_MAFCO,A_Chempax_MAFCO,Ac,DetailAccount,Everyone,30-10-6470-2060,TransformOneToOne,Commission Exp,6530000,false,
US,A_Chempax_MAFCO,A_Chempax_MAFCO,Ac,DetailAccount,Everyone,30-10-6470-2061,TransformOneToOne,Commission Exp,6530000,false,
US,A_Chempax_MAFCO,A_Chempax_MAFCO,Ac,DetailAccount,Everyone,30-10-6470-2062,TransformOneToOne,Commission Exp,6530000,false,
US,A_Chempax_MAFCO,A_Chempax_MAFCO,Ac,DetailAccount,Everyone,30-10-6470-2063,TransformOneToOne,Commission Exp,6530000,false,
US,A_Chempax_MAFCO,A_Chempax_MAFCO,Ac,DetailAccount,Everyone,30-10-6470-2088,TransformOneToOne,Commission Exp,6530000,false,
US,A_Chempax_MAFCO,A_Chempax_MAFCO,Ac,DetailAccount,Everyone,30-10-6470-2101,TransformOneToOne,Commission Exp,6530000,false,
US,A_Chempax_MAFCO,A_Chempax_MAFCO,Ac,DetailAccount,Everyone,30-10-6470-2102,TransformOneToOne,Commission Exp,6530000,false,
US,A_Chempax_MAFCO,A_Chempax_MAFCO,Ac,DetailAccount,Everyone,30-10-6470-2103,TransformOneToOne,Commission Exp,6530000,false,
US,A_Chempax_MAFCO,A_Chempax_MAFCO,Ac,DetailAccount,Everyone,30-10-6470-2104,TransformOneToOne,Commission Exp,6530000,false,
US,A_Chempax_MAFCO,A_Chempax_MAFCO,Ac,DetailAccount,Everyone,30-10-6470-2105,TransformOneToOne,Commission Exp,6530000,false,
US,A_Chempax_MAFCO,A_Chempax_MAFCO,Ac,DetailAccount,Everyone,30-10-6470-2106,TransformOneToOne,Commission Exp,6530000,false,
US,A_Chempax_MAFCO,A_Chempax_MAFCO,Ac,DetailAccount,Everyone,30-10-6470-2109,TransformOneToOne,Commission Exp,6530000,false,
US,A_Chempax_MAFCO,A_Chempax_MAFCO,Ac,DetailAccount,Everyone,30-10-6470-2115,TransformOneToOne,Commission Exp,6530000,false,
US,A_Chempax_MAFCO,A_Chempax_MAFCO,Ac,DetailAccount,Everyone,30-10-6470-2117,TransformOneToOne,Commission Exp,6530000,false,
US,A_Chempax_MAFCO,A_Chempax_MAFCO,Ac,DetailAccount,Everyone,30-10-6470-2118,TransformOneToOne,Commission Exp,6530000,false,
US,A_Chempax_MAFCO,A_Chempax_MAFCO,Ac,DetailAccount,Everyone,30-10-6470-2121,TransformOneToOne,Commission Exp,6530000,false,
US,A_Chempax_MAFCO,A_Chempax_MAFCO,Ac,DetailAccount,Everyone,30-10-6470-2122,TransformOneToOne,Commission Exp,6530000,false,
US,A_Chempax_MAFCO,A_Chempax_MAFCO,Ac,DetailAccount,Everyone,30-10-6470-2124,TransformOneToOne,Commission Exp,6530000,false,
US,A_Chempax_MAFCO,A_Chempax_MAFCO,Ac,DetailAccount,Everyone,30-10-6470-2127,TransformOneToOne,Commission Exp,6530000,false,
US,A_Chempax_MAFCO,A_Chempax_MAFCO,Ac,DetailAccount,Everyone,30-10-6470-2128,TransformOneToOne,Commission Exp,6530000,false,
US,A_Chempax_MAFCO,A_Chempax_MAFCO,Ac,DetailAccount,Everyone,30-10-6470-2200,TransformOneToOne,Commission Exp,6530000,false,
US,A_Chempax_MAFCO,A_Chempax_MAFCO,Ac,DetailAccount,Everyone,30-10-6470-2201,TransformOneToOne,Commission Exp,6530000,false,
US,A_Chempax_MAFCO,A_Chempax_MAFCO,Ac,DetailAccount,Everyone,30-10-6470-5091,TransformOneToOne,Commission Exp,6530000,false,
US,A_Chempax_MAFCO,A_Chempax_MAFCO,Ac,DetailAccount,Everyone,30-10-6470-5094,TransformOneToOne,Commission Exp,6530000,false,
US,A_Chempax_MAFCO,A_Chempax_MAFCO,Ac,DetailAccount,Everyone,30-10-6470-5130,TransformOneToOne,Commission Exp,6530000,false,
US,A_Chempax_MAFCO,A_Chempax_MAFCO,Ac,DetailAccount,Everyone,30-10-6480-2040,TransformOneToOne,Dues & Subsc,6610030,false,
US,A_Chempax_MAFCO,A_Chempax_MAFCO,Ac,DetailAccount,Everyone,30-10-6480-2050,TransformOneToOne,Dues & Subsc,6610030,false,
US,A_Chempax_MAFCO,A_Chempax_MAFCO,Ac,DetailAccount,Everyone,30-10-6480-2055,TransformOneToOne,Dues & Subsc,6610030,false,
US,A_Chempax_MAFCO,A_Chempax_MAFCO,Ac,DetailAccount,Everyone,30-10-6480-2058,TransformOneToOne,Dues & Subsc,6610030,false,
US,A_Chempax_MAFCO,A_Chempax_MAFCO,Ac,DetailAccount,Everyone,30-10-6480-2059,TransformOneToOne,Dues & Subsc,6610030,false,
US,A_Chempax_MAFCO,A_Chempax_MAFCO,Ac,DetailAccount,Everyone,30-10-6480-2060,TransformOneToOne,Dues & Subsc,6610030,false,
US,A_Chempax_MAFCO,A_Chempax_MAFCO,Ac,DetailAccount,Everyone,30-10-6480-2061,TransformOneToOne,Dues & Subsc,6610030,false,
US,A_Chempax_MAFCO,A_Chempax_MAFCO,Ac,DetailAccount,Everyone,30-10-6480-2062,TransformOneToOne,Dues & Subsc,6610030,false,
US,A_Chempax_MAFCO,A_Chempax_MAFCO,Ac,DetailAccount,Everyone,30-10-6480-2063,TransformOneToOne,Dues & Subsc,6610030,false,
US,A_Chempax_MAFCO,A_Chempax_MAFCO,Ac,DetailAccount,Everyone,30-10-6480-2088,TransformOneToOne,Dues & Subsc,6610030,false,
US,A_Chempax_MAFCO,A_Chempax_MAFCO,Ac,DetailAccount,Everyone,30-10-6480-2101,TransformOneToOne,Dues & Subsc,6610030,false,
US,A_Chempax_MAFCO,A_Chempax_MAFCO,Ac,DetailAccount,Everyone,30-10-6480-2102,TransformOneToOne,Dues & Subsc,6610030,false,
US,A_Chempax_MAFCO,A_Chempax_MAFCO,Ac,DetailAccount,Everyone,30-10-6480-2103,TransformOneToOne,Dues & Subsc,6610030,false,
US,A_Chempax_MAFCO,A_Chempax_MAFCO,Ac,DetailAccount,Everyone,30-10-6480-2104,TransformOneToOne,Dues & Subsc,6610030,false,
US,A_Chempax_MAFCO,A_Chempax_MAFCO,Ac,DetailAccount,Everyone,30-10-6480-2105,TransformOneToOne,Dues & Subsc,6610030,false,
US,A_Chempax_MAFCO,A_Chempax_MAFCO,Ac,DetailAccount,Everyone,30-10-6480-2106,TransformOneToOne,Dues & Subsc,6610030,false,
US,A_Chempax_MAFCO,A_Chempax_MAFCO,Ac,DetailAccount,Everyone,30-10-6480-2109,TransformOneToOne,Dues & Subsc,6610030,false,
US,A_Chempax_MAFCO,A_Chempax_MAFCO,Ac,DetailAccount,Everyone,30-10-6480-2115,TransformOneToOne,Dues & Subsc,6610030,false,
US,A_Chempax_MAFCO,A_Chempax_MAFCO,Ac,DetailAccount,Everyone,30-10-6480-2117,TransformOneToOne,Dues & Subsc,6610030,false,
US,A_Chempax_MAFCO,A_Chempax_MAFCO,Ac,DetailAccount,Everyone,30-10-6480-2118,TransformOneToOne,Dues & Subsc,6610030,false,
US,A_Chempax_MAFCO,A_Chempax_MAFCO,Ac,DetailAccount,Everyone,30-10-6480-2121,TransformOneToOne,Dues & Subsc,6610030,false,
US,A_Chempax_MAFCO,A_Chempax_MAFCO,Ac,DetailAccount,Everyone,30-10-6480-2122,TransformOneToOne,Dues & Subsc,6610030,false,
US,A_Chempax_MAFCO,A_Chempax_MAFCO,Ac,DetailAccount,Everyone,30-10-6480-2124,TransformOneToOne,Dues & Subsc,6610030,false,
US,A_Chempax_MAFCO,A_Chempax_MAFCO,Ac,DetailAccount,Everyone,30-10-6480-2126,TransformOneToOne,Dues & Subsc,6610030,false,
US,A_Chempax_MAFCO,A_Chempax_MAFCO,Ac,DetailAccount,Everyone,30-10-6480-2127,TransformOneToOne,Dues & Subsc,6610030,false,
US,A_Chempax_MAFCO,A_Chempax_MAFCO,Ac,DetailAccount,Everyone,30-10-6480-2128,TransformOneToOne,Dues & Subsc,6610030,false,
US,A_Chempax_MAFCO,A_Chempax_MAFCO,Ac,DetailAccount,Everyone,30-10-6480-2200,TransformOneToOne,Dues & Subsc,6610030,false,
US,A_Chempax_MAFCO,A_Chempax_MAFCO,Ac,DetailAccount,Everyone,30-10-6480-2201,TransformOneToOne,Dues & Subsc,6610030,false,
US,A_Chempax_MAFCO,A_Chempax_MAFCO,Ac,DetailAccount,Everyone,30-10-6480-5001,TransformOneToOne,Dues & Subsc,6610030,false,
US,A_Chempax_MAFCO,A_Chempax_MAFCO,Ac,DetailAccount,Everyone,30-10-6480-5002,TransformOneToOne,Dues & Subsc,6610030,false,
US,A_Chempax_MAFCO,A_Chempax_MAFCO,Ac,DetailAccount,Everyone,30-10-6480-5003,TransformOneToOne,Dues & Subsc,6610030,false,
US,A_Chempax_MAFCO,A_Chempax_MAFCO,Ac,DetailAccount,Everyone,30-10-6480-5004,TransformOneToOne,Dues & Subsc,6610030,false,
US,A_Chempax_MAFCO,A_Chempax_MAFCO,Ac,DetailAccount,Everyone,30-10-6480-5005,TransformOneToOne,Dues & Subsc,6610030,false,
US,A_Chempax_MAFCO,A_Chempax_MAFCO,Ac,DetailAccount,Everyone,30-10-6480-5006,TransformOneToOne,Dues & Subsc,6610030,false,
US,A_Chempax_MAFCO,A_Chempax_MAFCO,Ac,DetailAccount,Everyone,30-10-6480-5091,TransformOneToOne,Dues & Subsc,6610030,false,
US,A_Chempax_MAFCO,A_Chempax_MAFCO,Ac,DetailAccount,Everyone,30-10-6480-5094,TransformOneToOne,Dues & Subsc,6610030,false,
US,A_Chempax_MAFCO,A_Chempax_MAFCO,Ac,DetailAccount,Everyone,30-10-6480-5109,TransformOneToOne,Memberships and Subscriptions,6610030,false,
US,A_Chempax_MAFCO,A_Chempax_MAFCO,Ac,DetailAccount,Everyone,30-10-6480-5130,TransformOneToOne,Dues & Subsc,6610030,false,
US,A_Chempax_MAFCO,A_Chempax_MAFCO,Ac,DetailAccount,Everyone,30-10-6490-2040,TransformOneToOne,Shutdown,6310100,false,
US,A_Chempax_MAFCO,A_Chempax_MAFCO,Ac,DetailAccount,Everyone,30-10-6490-2050,TransformOneToOne,Shutdown,6310100,false,
US,A_Chempax_MAFCO,A_Chempax_MAFCO,Ac,DetailAccount,Everyone,30-10-6490-2055,TransformOneToOne,Shutdown,6310100,false,
US,A_Chempax_MAFCO,A_Chempax_MAFCO,Ac,DetailAccount,Everyone,30-10-6490-2058,TransformOneToOne,Shutdown,6310100,false,
US,A_Chempax_MAFCO,A_Chempax_MAFCO,Ac,DetailAccount,Everyone,30-10-6490-2059,TransformOneToOne,Shutdown,6310100,false,
US,A_Chempax_MAFCO,A_Chempax_MAFCO,Ac,DetailAccount,Everyone,30-10-6490-2060,TransformOneToOne,Shutdown,6310100,false,
US,A_Chempax_MAFCO,A_Chempax_MAFCO,Ac,DetailAccount,Everyone,30-10-6490-2061,TransformOneToOne,Shutdown,6310100,false,
US,A_Chempax_MAFCO,A_Chempax_MAFCO,Ac,DetailAccount,Everyone,30-10-6490-2062,TransformOneToOne,Shutdown,6310100,false,
US,A_Chempax_MAFCO,A_Chempax_MAFCO,Ac,DetailAccount,Everyone,30-10-6490-2063,TransformOneToOne,Shutdown,6310100,false,
US,A_Chempax_MAFCO,A_Chempax_MAFCO,Ac,DetailAccount,Everyone,30-10-6490-2088,TransformOneToOne,Shutdown,6310100,false,
US,A_Chempax_MAFCO,A_Chempax_MAFCO,Ac,DetailAccount,Everyone,30-10-6490-2100,TransformOneToOne,Shutdown,6310100,false,
US,A_Chempax_MAFCO,A_Chempax_MAFCO,Ac,DetailAccount,Everyone,30-10-6490-2101,TransformOneToOne,Shutdown,6310100,false,
US,A_Chempax_MAFCO,A_Chempax_MAFCO,Ac,DetailAccount,Everyone,30-10-6490-2102,TransformOneToOne,Shutdown,6310100,false,
US,A_Chempax_MAFCO,A_Chempax_MAFCO,Ac,DetailAccount,Everyone,30-10-6490-2103,TransformOneToOne,Shutdown,6310100,false,
US,A_Chempax_MAFCO,A_Chempax_MAFCO,Ac,DetailAccount,Everyone,30-10-6490-2104,TransformOneToOne,Shutdown,6310100,false,
US,A_Chempax_MAFCO,A_Chempax_MAFCO,Ac,DetailAccount,Everyone,30-10-6490-2105,TransformOneToOne,Shutdown,6310100,false,
US,A_Chempax_MAFCO,A_Chempax_MAFCO,Ac,DetailAccount,Everyone,30-10-6490-2106,TransformOneToOne,Shutdown,6310100,false,
US,A_Chempax_MAFCO,A_Chempax_MAFCO,Ac,DetailAccount,Everyone,30-10-6490-2109,TransformOneToOne,Shutdown,6310100,false,
US,A_Chempax_MAFCO,A_Chempax_MAFCO,Ac,DetailAccount,Everyone,30-10-6490-2115,TransformOneToOne,Shutdown,6310100,false,
US,A_Chempax_MAFCO,A_Chempax_MAFCO,Ac,DetailAccount,Everyone,30-10-6490-2117,TransformOneToOne,Shutdown,6310100,false,
US,A_Chempax_MAFCO,A_Chempax_MAFCO,Ac,DetailAccount,Everyone,30-10-6490-2118,TransformOneToOne,Shutdown,6310100,false,
US,A_Chempax_MAFCO,A_Chempax_MAFCO,Ac,DetailAccount,Everyone,30-10-6490-2121,TransformOneToOne,Shutdown,6310100,false,
US,A_Chempax_MAFCO,A_Chempax_MAFCO,Ac,DetailAccount,Everyone,30-10-6490-2122,TransformOneToOne,Shutdown,6310100,false,
US,A_Chempax_MAFCO,A_Chempax_MAFCO,Ac,DetailAccount,Everyone,30-10-6490-2124,TransformOneToOne,Shutdown,6310100,false,
US,A_Chempax_MAFCO,A_Chempax_MAFCO,Ac,DetailAccount,Everyone,30-10-6490-2127,TransformOneToOne,Shutdown,6310100,false,
US,A_Chempax_MAFCO,A_Chempax_MAFCO,Ac,DetailAccount,Everyone,30-10-6490-2128,TransformOneToOne,Shutdown,6310100,false,
US,A_Chempax_MAFCO,A_Chempax_MAFCO,Ac,DetailAccount,Everyone,30-10-6490-2200,TransformOneToOne,Shutdown,6310100,false,
US,A_Chempax_MAFCO,A_Chempax_MAFCO,Ac,DetailAccount,Everyone,30-10-6490-2201,TransformOneToOne,Shutdown,6310100,false,
US,A_Chempax_MAFCO,A_Chempax_MAFCO,Ac,DetailAccount,Everyone,30-10-6490-5091,TransformOneToOne,Shutdown,6310100,false,
US,A_Chempax_MAFCO,A_Chempax_MAFCO,Ac,DetailAccount,Everyone,30-10-6490-5094,TransformOneToOne,Shutdown,6310100,false,
US,A_Chempax_MAFCO,A_Chempax_MAFCO,Ac,DetailAccount,Everyone,30-10-6490-5130,TransformOneToOne,Shutdown,6310100,false,
US,A_Chempax_MAFCO,A_Chempax_MAFCO,Ac,DetailAccount,Everyone,30-10-6500-2040,TransformOneToOne,Contribution Exp,6610010,false,
US,A_Chempax_MAFCO,A_Chempax_MAFCO,Ac,DetailAccount,Everyone,30-10-6500-2050,TransformOneToOne,Contribution Exp,6610010,false,
US,A_Chempax_MAFCO,A_Chempax_MAFCO,Ac,DetailAccount,Everyone,30-10-6500-2055,TransformOneToOne,Contribution Exp,6610010,false,
US,A_Chempax_MAFCO,A_Chempax_MAFCO,Ac,DetailAccount,Everyone,30-10-6500-2058,TransformOneToOne,Contribution Exp,6610010,false,
US,A_Chempax_MAFCO,A_Chempax_MAFCO,Ac,DetailAccount,Everyone,30-10-6500-2059,TransformOneToOne,Contribution Exp,6610010,false,
US,A_Chempax_MAFCO,A_Chempax_MAFCO,Ac,DetailAccount,Everyone,30-10-6500-2060,TransformOneToOne,Contribution Exp,6610010,false,
US,A_Chempax_MAFCO,A_Chempax_MAFCO,Ac,DetailAccount,Everyone,30-10-6500-2061,TransformOneToOne,Contribution Exp,6610010,false,
US,A_Chempax_MAFCO,A_Chempax_MAFCO,Ac,DetailAccount,Everyone,30-10-6500-2062,TransformOneToOne,Contribution Exp,6610010,false,
US,A_Chempax_MAFCO,A_Chempax_MAFCO,Ac,DetailAccount,Everyone,30-10-6500-2063,TransformOneToOne,Contribution Exp,6610010,false,
US,A_Chempax_MAFCO,A_Chempax_MAFCO,Ac,DetailAccount,Everyone,30-10-6500-2088,TransformOneToOne,Contribution Exp,6610010,false,
US,A_Chempax_MAFCO,A_Chempax_MAFCO,Ac,DetailAccount,Everyone,30-10-6500-2101,TransformOneToOne,Contribution Exp,6610010,false,
US,A_Chempax_MAFCO,A_Chempax_MAFCO,Ac,DetailAccount,Everyone,30-10-6500-2102,TransformOneToOne,Contribution Exp,6610010,false,
US,A_Chempax_MAFCO,A_Chempax_MAFCO,Ac,DetailAccount,Everyone,30-10-6500-2103,TransformOneToOne,Contribution Exp,6610010,false,
US,A_Chempax_MAFCO,A_Chempax_MAFCO,Ac,DetailAccount,Everyone,30-10-6500-2104,TransformOneToOne,Contribution Exp,6610010,false,
US,A_Chempax_MAFCO,A_Chempax_MAFCO,Ac,DetailAccount,Everyone,30-10-6500-2105,TransformOneToOne,Contribution Exp,6610010,false,
US,A_Chempax_MAFCO,A_Chempax_MAFCO,Ac,DetailAccount,Everyone,30-10-6500-2106,TransformOneToOne,Contribution Exp,6610010,false,
US,A_Chempax_MAFCO,A_Chempax_MAFCO,Ac,DetailAccount,Everyone,30-10-6500-2109,TransformOneToOne,Contribution Exp,6610010,false,
US,A_Chempax_MAFCO,A_Chempax_MAFCO,Ac,DetailAccount,Everyone,30-10-6500-2115,TransformOneToOne,Contribution Exp,6610010,false,
US,A_Chempax_MAFCO,A_Chempax_MAFCO,Ac,DetailAccount,Everyone,30-10-6500-2117,TransformOneToOne,Contribution Exp,6610010,false,
US,A_Chempax_MAFCO,A_Chempax_MAFCO,Ac,DetailAccount,Everyone,30-10-6500-2118,TransformOneToOne,Contribution Exp,6610010,false,
US,A_Chempax_MAFCO,A_Chempax_MAFCO,Ac,DetailAccount,Everyone,30-10-6500-2121,TransformOneToOne,Contribution Exp,6610010,false,
US,A_Chempax_MAFCO,A_Chempax_MAFCO,Ac,DetailAccount,Everyone,30-10-6500-2122,TransformOneToOne,Contribution Exp,6610010,false,
US,A_Chempax_MAFCO,A_Chempax_MAFCO,Ac,DetailAccount,Everyone,30-10-6500-2124,TransformOneToOne,Contribution Exp,6610010,false,
US,A_Chempax_MAFCO,A_Chempax_MAFCO,Ac,DetailAccount,Everyone,30-10-6500-2127,TransformOneToOne,Contribution Exp,6610010,false,
US,A_Chempax_MAFCO,A_Chempax_MAFCO,Ac,DetailAccount,Everyone,30-10-6500-2128,TransformOneToOne,Contribution Exp,6610010,false,
US,A_Chempax_MAFCO,A_Chempax_MAFCO,Ac,DetailAccount,Everyone,30-10-6500-2200,TransformOneToOne,Contribution Exp,6610010,false,
US,A_Chempax_MAFCO,A_Chempax_MAFCO,Ac,DetailAccount,Everyone,30-10-6500-2201,TransformOneToOne,Contribution Exp,6610010,false,
US,A_Chempax_MAFCO,A_Chempax_MAFCO,Ac,DetailAccount,Everyone,30-10-6500-5091,TransformOneToOne,Contribution Exp,6610010,false,
US,A_Chempax_MAFCO,A_Chempax_MAFCO,Ac,DetailAccount,Everyone,30-10-6500-5094,TransformOneToOne,Contribution Exp,6610010,false,
US,A_Chempax_MAFCO,A_Chempax_MAFCO,Ac,DetailAccount,Everyone,30-10-6500-5130,TransformOneToOne,Contribution Exp,6610010,false,
US,A_Chempax_MAFCO,A_Chempax_MAFCO,Ac,DetailAccount,Everyone,30-10-6510-2040,TransformOneToOne,Bank Fees,6610140,false,
US,A_Chempax_MAFCO,A_Chempax_MAFCO,Ac,DetailAccount,Everyone,30-10-6510-2050,TransformOneToOne,Bank Fees,6610140,false,
US,A_Chempax_MAFCO,A_Chempax_MAFCO,Ac,DetailAccount,Everyone,30-10-6510-2055,TransformOneToOne,Bank Fees,6610140,false,
US,A_Chempax_MAFCO,A_Chempax_MAFCO,Ac,DetailAccount,Everyone,30-10-6510-2058,TransformOneToOne,Bank Fees,6610140,false,
US,A_Chempax_MAFCO,A_Chempax_MAFCO,Ac,DetailAccount,Everyone,30-10-6510-2059,TransformOneToOne,Bank Fees,6610140,false,
US,A_Chempax_MAFCO,A_Chempax_MAFCO,Ac,DetailAccount,Everyone,30-10-6510-2060,TransformOneToOne,Bank Fees,6610140,false,
US,A_Chempax_MAFCO,A_Chempax_MAFCO,Ac,DetailAccount,Everyone,30-10-6510-2061,TransformOneToOne,Bank Fees,6610140,false,
US,A_Chempax_MAFCO,A_Chempax_MAFCO,Ac,DetailAccount,Everyone,30-10-6510-2062,TransformOneToOne,Bank Fees,6610140,false,
US,A_Chempax_MAFCO,A_Chempax_MAFCO,Ac,DetailAccount,Everyone,30-10-6510-2063,TransformOneToOne,Bank Fees,6610140,false,
US,A_Chempax_MAFCO,A_Chempax_MAFCO,Ac,DetailAccount,Everyone,30-10-6510-2088,TransformOneToOne,Bank Fees,6610140,false,
US,A_Chempax_MAFCO,A_Chempax_MAFCO,Ac,DetailAccount,Everyone,30-10-6510-2101,TransformOneToOne,Bank Fees,6610140,false,
US,A_Chempax_MAFCO,A_Chempax_MAFCO,Ac,DetailAccount,Everyone,30-10-6510-2102,TransformOneToOne,Bank Fees,6610140,false,
US,A_Chempax_MAFCO,A_Chempax_MAFCO,Ac,DetailAccount,Everyone,30-10-6510-2103,TransformOneToOne,Bank Fees,6610140,false,
US,A_Chempax_MAFCO,A_Chempax_MAFCO,Ac,DetailAccount,Everyone,30-10-6510-2104,TransformOneToOne,Bank Fees,6610140,false,
US,A_Chempax_MAFCO,A_Chempax_MAFCO,Ac,DetailAccount,Everyone,30-10-6510-2105,TransformOneToOne,Bank Fees,6610140,false,
US,A_Chempax_MAFCO,A_Chempax_MAFCO,Ac,DetailAccount,Everyone,30-10-6510-2106,TransformOneToOne,Bank Fees,6610140,false,
US,A_Chempax_MAFCO,A_Chempax_MAFCO,Ac,DetailAccount,Everyone,30-10-6510-2109,TransformOneToOne,Bank Fees,6610140,false,
US,A_Chempax_MAFCO,A_Chempax_MAFCO,Ac,DetailAccount,Everyone,30-10-6510-2115,TransformOneToOne,Bank Fees,6610140,false,
US,A_Chempax_MAFCO,A_Chempax_MAFCO,Ac,DetailAccount,Everyone,30-10-6510-2117,TransformOneToOne,Bank Fees,6610140,false,
US,A_Chempax_MAFCO,A_Chempax_MAFCO,Ac,DetailAccount,Everyone,30-10-6510-2118,TransformOneToOne,Bank Fees,6610140,false,
US,A_Chempax_MAFCO,A_Chempax_MAFCO,Ac,DetailAccount,Everyone,30-10-6510-2121,TransformOneToOne,Bank Fees,6610140,false,
US,A_Chempax_MAFCO,A_Chempax_MAFCO,Ac,DetailAccount,Everyone,30-10-6510-2122,TransformOneToOne,Bank Fees,6610140,false,
US,A_Chempax_MAFCO,A_Chempax_MAFCO,Ac,DetailAccount,Everyone,30-10-6510-2124,TransformOneToOne,Bank Fees,6610140,false,
US,A_Chempax_MAFCO,A_Chempax_MAFCO,Ac,DetailAccount,Everyone,30-10-6510-2127,TransformOneToOne,Bank Fees,6610140,false,
US,A_Chempax_MAFCO,A_Chempax_MAFCO,Ac,DetailAccount,Everyone,30-10-6510-2128,TransformOneToOne,Bank Fees,6610140,false,
US,A_Chempax_MAFCO,A_Chempax_MAFCO,Ac,DetailAccount,Everyone,30-10-6510-2200,TransformOneToOne,Bank Fees,6610140,false,
US,A_Chempax_MAFCO,A_Chempax_MAFCO,Ac,DetailAccount,Everyone,30-10-6510-2201,TransformOneToOne,Bank Fees,6610140,false,
US,A_Chempax_MAFCO,A_Chempax_MAFCO,Ac,DetailAccount,Everyone,30-10-6510-5001,TransformOneToOne,Bank Fees,6610140,false,
US,A_Chempax_MAFCO,A_Chempax_MAFCO,Ac,DetailAccount,Everyone,30-10-6510-5002,TransformOneToOne,Bank Fees,6610140,false,
US,A_Chempax_MAFCO,A_Chempax_MAFCO,Ac,DetailAccount,Everyone,30-10-6510-5004,TransformOneToOne,Bank Fees,6610140,false,
US,A_Chempax_MAFCO,A_Chempax_MAFCO,Ac,DetailAccount,Everyone,30-10-6510-5007,TransformOneToOne,Bank Fees,6610140,false,
US,A_Chempax_MAFCO,A_Chempax_MAFCO,Ac,DetailAccount,Everyone,30-10-6510-5091,TransformOneToOne,Bank Fees,6610140,false,
US,A_Chempax_MAFCO,A_Chempax_MAFCO,Ac,DetailAccount,Everyone,30-10-6510-5094,TransformOneToOne,Bank Fees,6610140,false,
US,A_Chempax_MAFCO,A_Chempax_MAFCO,Ac,DetailAccount,Everyone,30-10-6510-5130,TransformOneToOne,Bank Fees,6610140,false,
US,A_Chempax_MAFCO,A_Chempax_MAFCO,Ac,DetailAccount,Everyone,30-10-6520-2040,TransformOneToOne,Education Exp,6210150,false,
US,A_Chempax_MAFCO,A_Chempax_MAFCO,Ac,DetailAccount,Everyone,30-10-6520-2050,TransformOneToOne,Education Exp,6210150,false,
US,A_Chempax_MAFCO,A_Chempax_MAFCO,Ac,DetailAccount,Everyone,30-10-6520-2055,TransformOneToOne,Education Exp,6210150,false,
US,A_Chempax_MAFCO,A_Chempax_MAFCO,Ac,DetailAccount,Everyone,30-10-6520-2058,TransformOneToOne,Education Exp,6210150,false,
US,A_Chempax_MAFCO,A_Chempax_MAFCO,Ac,DetailAccount,Everyone,30-10-6520-2059,TransformOneToOne,Education Exp,6210150,false,
US,A_Chempax_MAFCO,A_Chempax_MAFCO,Ac,DetailAccount,Everyone,30-10-6520-2060,TransformOneToOne,Education Exp,6210150,false,
US,A_Chempax_MAFCO,A_Chempax_MAFCO,Ac,DetailAccount,Everyone,30-10-6520-2061,TransformOneToOne,Education Exp,6210150,false,
US,A_Chempax_MAFCO,A_Chempax_MAFCO,Ac,DetailAccount,Everyone,30-10-6520-2062,TransformOneToOne,Education Exp,6210150,false,
US,A_Chempax_MAFCO,A_Chempax_MAFCO,Ac,DetailAccount,Everyone,30-10-6520-2063,TransformOneToOne,Education Exp,6210150,false,
US,A_Chempax_MAFCO,A_Chempax_MAFCO,Ac,DetailAccount,Everyone,30-10-6520-2088,TransformOneToOne,Education Exp,6210150,false,
US,A_Chempax_MAFCO,A_Chempax_MAFCO,Ac,DetailAccount,Everyone,30-10-6520-2101,TransformOneToOne,Education Exp,6210150,false,
US,A_Chempax_MAFCO,A_Chempax_MAFCO,Ac,DetailAccount,Everyone,30-10-6520-2102,TransformOneToOne,Education Exp,6210150,false,
US,A_Chempax_MAFCO,A_Chempax_MAFCO,Ac,DetailAccount,Everyone,30-10-6520-2103,TransformOneToOne,Education Exp,6210150,false,
US,A_Chempax_MAFCO,A_Chempax_MAFCO,Ac,DetailAccount,Everyone,30-10-6520-2104,TransformOneToOne,Education Exp,6210150,false,
US,A_Chempax_MAFCO,A_Chempax_MAFCO,Ac,DetailAccount,Everyone,30-10-6520-2105,TransformOneToOne,Education Exp,6210150,false,
US,A_Chempax_MAFCO,A_Chempax_MAFCO,Ac,DetailAccount,Everyone,30-10-6520-2106,TransformOneToOne,Education Exp,6210150,false,
US,A_Chempax_MAFCO,A_Chempax_MAFCO,Ac,DetailAccount,Everyone,30-10-6520-2109,TransformOneToOne,Education Exp,6210150,false,
US,A_Chempax_MAFCO,A_Chempax_MAFCO,Ac,DetailAccount,Everyone,30-10-6520-2115,TransformOneToOne,Education Exp,6210150,false,
US,A_Chempax_MAFCO,A_Chempax_MAFCO,Ac,DetailAccount,Everyone,30-10-6520-2117,TransformOneToOne,Education Exp,6210150,false,
US,A_Chempax_MAFCO,A_Chempax_MAFCO,Ac,DetailAccount,Everyone,30-10-6520-2118,TransformOneToOne,Education Exp,6210150,false,
US,A_Chempax_MAFCO,A_Chempax_MAFCO,Ac,DetailAccount,Everyone,30-10-6520-2121,TransformOneToOne,Education Exp,6210150,false,
US,A_Chempax_MAFCO,A_Chempax_MAFCO,Ac,DetailAccount,Everyone,30-10-6520-2122,TransformOneToOne,Education Exp,6210150,false,
US,A_Chempax_MAFCO,A_Chempax_MAFCO,Ac,DetailAccount,Everyone,30-10-6520-2124,TransformOneToOne,Education Exp,6210150,false,
US,A_Chempax_MAFCO,A_Chempax_MAFCO,Ac,DetailAccount,Everyone,30-10-6520-2126,TransformOneToOne,Education Exp,6210150,false,
US,A_Chempax_MAFCO,A_Chempax_MAFCO,Ac,DetailAccount,Everyone,30-10-6520-2127,TransformOneToOne,Education Exp,6210150,false,
US,A_Chempax_MAFCO,A_Chempax_MAFCO,Ac,DetailAccount,Everyone,30-10-6520-2128,TransformOneToOne,Education Exp,6210150,false,
US,A_Chempax_MAFCO,A_Chempax_MAFCO,Ac,DetailAccount,Everyone,30-10-6520-2200,TransformOneToOne,Education Exp,6210150,false,
US,A_Chempax_MAFCO,A_Chempax_MAFCO,Ac,DetailAccount,Everyone,30-10-6520-2201,TransformOneToOne,Education Exp,6210150,false,
US,A_Chempax_MAFCO,A_Chempax_MAFCO,Ac,DetailAccount,Everyone,30-10-6520-5001,TransformOneToOne,Education Exp,6210150,false,
US,A_Chempax_MAFCO,A_Chempax_MAFCO,Ac,DetailAccount,Everyone,30-10-6520-5002,TransformOneToOne,Education Exp,6210150,false,
US,A_Chempax_MAFCO,A_Chempax_MAFCO,Ac,DetailAccount,Everyone,30-10-6520-5004,TransformOneToOne,Education Exp,6210150,false,
US,A_Chempax_MAFCO,A_Chempax_MAFCO,Ac,DetailAccount,Everyone,30-10-6520-5005,TransformOneToOne,Education Exp,6210150,false,
US,A_Chempax_MAFCO,A_Chempax_MAFCO,Ac,DetailAccount,Everyone,30-10-6520-5006,TransformOneToOne,Education Exp,6210150,false,
US,A_Chempax_MAFCO,A_Chempax_MAFCO,Ac,DetailAccount,Everyone,30-10-6520-5090,TransformOneToOne,Education Exp,6210150,false,
US,A_Chempax_MAFCO,A_Chempax_MAFCO,Ac,DetailAccount,Everyone,30-10-6520-5091,TransformOneToOne,Education Exp,6210150,false,
US,A_Chempax_MAFCO,A_Chempax_MAFCO,Ac,DetailAccount,Everyone,30-10-6520-5094,TransformOneToOne,Education Exp,6210150,false,
US,A_Chempax_MAFCO,A_Chempax_MAFCO,Ac,DetailAccount,Everyone,30-10-6520-5130,TransformOneToOne,Education Exp,6210150,false,
US,A_Chempax_MAFCO,A_Chempax_MAFCO,Ac,DetailAccount,Everyone,30-10-6540-2040,TransformOneToOne,Enviro Exp,6610070,false,
US,A_Chempax_MAFCO,A_Chempax_MAFCO,Ac,DetailAccount,Everyone,30-10-6540-2050,TransformOneToOne,Enviro Exp,6610070,false,
US,A_Chempax_MAFCO,A_Chempax_MAFCO,Ac,DetailAccount,Everyone,30-10-6540-2055,TransformOneToOne,Enviro Exp,6610070,false,
US,A_Chempax_MAFCO,A_Chempax_MAFCO,Ac,DetailAccount,Everyone,30-10-6540-2058,TransformOneToOne,Enviro Exp,6610070,false,
US,A_Chempax_MAFCO,A_Chempax_MAFCO,Ac,DetailAccount,Everyone,30-10-6540-2059,TransformOneToOne,Enviro Exp,6610070,false,
US,A_Chempax_MAFCO,A_Chempax_MAFCO,Ac,DetailAccount,Everyone,30-10-6540-2060,TransformOneToOne,Enviro Exp,6610070,false,
US,A_Chempax_MAFCO,A_Chempax_MAFCO,Ac,DetailAccount,Everyone,30-10-6540-2061,TransformOneToOne,Enviro Exp,6610070,false,
US,A_Chempax_MAFCO,A_Chempax_MAFCO,Ac,DetailAccount,Everyone,30-10-6540-2062,TransformOneToOne,Enviro Exp,6610070,false,
US,A_Chempax_MAFCO,A_Chempax_MAFCO,Ac,DetailAccount,Everyone,30-10-6540-2063,TransformOneToOne,Enviro Exp,6610070,false,
US,A_Chempax_MAFCO,A_Chempax_MAFCO,Ac,DetailAccount,Everyone,30-10-6540-2088,TransformOneToOne,Enviro Exp,6610070,false,
US,A_Chempax_MAFCO,A_Chempax_MAFCO,Ac,DetailAccount,Everyone,30-10-6540-2101,TransformOneToOne,Enviro Exp,6610070,false,
US,A_Chempax_MAFCO,A_Chempax_MAFCO,Ac,DetailAccount,Everyone,30-10-6540-2102,TransformOneToOne,Enviro Exp,6610070,false,
US,A_Chempax_MAFCO,A_Chempax_MAFCO,Ac,DetailAccount,Everyone,30-10-6540-2103,TransformOneToOne,Enviro Exp,6610070,false,
US,A_Chempax_MAFCO,A_Chempax_MAFCO,Ac,DetailAccount,Everyone,30-10-6540-2104,TransformOneToOne,Enviro Exp,6610070,false,
US,A_Chempax_MAFCO,A_Chempax_MAFCO,Ac,DetailAccount,Everyone,30-10-6540-2105,TransformOneToOne,Enviro Exp,6610070,false,
US,A_Chempax_MAFCO,A_Chempax_MAFCO,Ac,DetailAccount,Everyone,30-10-6540-2106,TransformOneToOne,Enviro Exp,6610070,false,
US,A_Chempax_MAFCO,A_Chempax_MAFCO,Ac,DetailAccount,Everyone,30-10-6540-2109,TransformOneToOne,Enviro Exp,6610070,false,
US,A_Chempax_MAFCO,A_Chempax_MAFCO,Ac,DetailAccount,Everyone,30-10-6540-2115,TransformOneToOne,Enviro Exp,6610070,false,
US,A_Chempax_MAFCO,A_Chempax_MAFCO,Ac,DetailAccount,Everyone,30-10-6540-2117,TransformOneToOne,Enviro Exp,6610070,false,
US,A_Chempax_MAFCO,A_Chempax_MAFCO,Ac,DetailAccount,Everyone,30-10-6540-2118,TransformOneToOne,Enviro Exp,6610070,false,
US,A_Chempax_MAFCO,A_Chempax_MAFCO,Ac,DetailAccount,Everyone,30-10-6540-2121,TransformOneToOne,Enviro Exp,6610070,false,
US,A_Chempax_MAFCO,A_Chempax_MAFCO,Ac,DetailAccount,Everyone,30-10-6540-2122,TransformOneToOne,Enviro Exp,6610070,false,
US,A_Chempax_MAFCO,A_Chempax_MAFCO,Ac,DetailAccount,Everyone,30-10-6540-2124,TransformOneToOne,Enviro Exp,6610070,false,
US,A_Chempax_MAFCO,A_Chempax_MAFCO,Ac,DetailAccount,Everyone,30-10-6540-2127,TransformOneToOne,Enviro Exp,6610070,false,
US,A_Chempax_MAFCO,A_Chempax_MAFCO,Ac,DetailAccount,Everyone,30-10-6540-2128,TransformOneToOne,Enviro Exp,6610070,false,
US,A_Chempax_MAFCO,A_Chempax_MAFCO,Ac,DetailAccount,Everyone,30-10-6540-2200,TransformOneToOne,Enviro Exp,6610070,false,
US,A_Chempax_MAFCO,A_Chempax_MAFCO,Ac,DetailAccount,Everyone,30-10-6540-2201,TransformOneToOne,Enviro Exp,6610070,false,
US,A_Chempax_MAFCO,A_Chempax_MAFCO,Ac,DetailAccount,Everyone,30-10-6540-5091,TransformOneToOne,Enviro Exp,6610070,false,
US,A_Chempax_MAFCO,A_Chempax_MAFCO,Ac,DetailAccount,Everyone,30-10-6540-5094,TransformOneToOne,Enviro Exp,6610070,false,
US,A_Chempax_MAFCO,A_Chempax_MAFCO,Ac,DetailAccount,Everyone,30-10-6540-5130,TransformOneToOne,Enviro Exp,6610070,false,
US,A_Chempax_MAFCO,A_Chempax_MAFCO,Ac,DetailAccount,Everyone,30-10-6550-2040,TransformOneToOne,Alarm System,6310070,false,
US,A_Chempax_MAFCO,A_Chempax_MAFCO,Ac,DetailAccount,Everyone,30-10-6550-2050,TransformOneToOne,Alarm System,6310070,false,
US,A_Chempax_MAFCO,A_Chempax_MAFCO,Ac,DetailAccount,Everyone,30-10-6550-2055,TransformOneToOne,Alarm System,6310070,false,
US,A_Chempax_MAFCO,A_Chempax_MAFCO,Ac,DetailAccount,Everyone,30-10-6550-2058,TransformOneToOne,Alarm System,6310070,false,
US,A_Chempax_MAFCO,A_Chempax_MAFCO,Ac,DetailAccount,Everyone,30-10-6550-2059,TransformOneToOne,Alarm System,6310070,false,
US,A_Chempax_MAFCO,A_Chempax_MAFCO,Ac,DetailAccount,Everyone,30-10-6550-2060,TransformOneToOne,Alarm System,6310070,false,
US,A_Chempax_MAFCO,A_Chempax_MAFCO,Ac,DetailAccount,Everyone,30-10-6550-2061,TransformOneToOne,Alarm System,6310070,false,
US,A_Chempax_MAFCO,A_Chempax_MAFCO,Ac,DetailAccount,Everyone,30-10-6550-2062,TransformOneToOne,Alarm System,6310070,false,
US,A_Chempax_MAFCO,A_Chempax_MAFCO,Ac,DetailAccount,Everyone,30-10-6550-2063,TransformOneToOne,Alarm System,6310070,false,
US,A_Chempax_MAFCO,A_Chempax_MAFCO,Ac,DetailAccount,Everyone,30-10-6550-2088,TransformOneToOne,Alarm System,6310070,false,
US,A_Chempax_MAFCO,A_Chempax_MAFCO,Ac,DetailAccount,Everyone,30-10-6550-2101,TransformOneToOne,Alarm System,6310070,false,
US,A_Chempax_MAFCO,A_Chempax_MAFCO,Ac,DetailAccount,Everyone,30-10-6550-2102,TransformOneToOne,Alarm System,6310070,false,
US,A_Chempax_MAFCO,A_Chempax_MAFCO,Ac,DetailAccount,Everyone,30-10-6550-2103,TransformOneToOne,Alarm System,6310070,false,
US,A_Chempax_MAFCO,A_Chempax_MAFCO,Ac,DetailAccount,Everyone,30-10-6550-2104,TransformOneToOne,Alarm System,6310070,false,
US,A_Chempax_MAFCO,A_Chempax_MAFCO,Ac,DetailAccount,Everyone,30-10-6550-2105,TransformOneToOne,Alarm System,6310070,false,
US,A_Chempax_MAFCO,A_Chempax_MAFCO,Ac,DetailAccount,Everyone,30-10-6550-2106,TransformOneToOne,Alarm System,6310070,false,
US,A_Chempax_MAFCO,A_Chempax_MAFCO,Ac,DetailAccount,Everyone,30-10-6550-2109,TransformOneToOne,Alarm System,6310070,false,
US,A_Chempax_MAFCO,A_Chempax_MAFCO,Ac,DetailAccount,Everyone,30-10-6550-2115,TransformOneToOne,Alarm System,6310070,false,
US,A_Chempax_MAFCO,A_Chempax_MAFCO,Ac,DetailAccount,Everyone,30-10-6550-2117,TransformOneToOne,Alarm System,6310070,false,
US,A_Chempax_MAFCO,A_Chempax_MAFCO,Ac,DetailAccount,Everyone,30-10-6550-2118,TransformOneToOne,Alarm System,6310070,false,
US,A_Chempax_MAFCO,A_Chempax_MAFCO,Ac,DetailAccount,Everyone,30-10-6550-2121,TransformOneToOne,Alarm System,6310070,false,
US,A_Chempax_MAFCO,A_Chempax_MAFCO,Ac,DetailAccount,Everyone,30-10-6550-2122,TransformOneToOne,Alarm System,6310070,false,
US,A_Chempax_MAFCO,A_Chempax_MAFCO,Ac,DetailAccount,Everyone,30-10-6550-2124,TransformOneToOne,Alarm System,6310070,false,
US,A_Chempax_MAFCO,A_Chempax_MAFCO,Ac,DetailAccount,Everyone,30-10-6550-2127,TransformOneToOne,Alarm System,6310070,false,
US,A_Chempax_MAFCO,A_Chempax_MAFCO,Ac,DetailAccount,Everyone,30-10-6550-2128,TransformOneToOne,Alarm System,6310070,false,
US,A_Chempax_MAFCO,A_Chempax_MAFCO,Ac,DetailAccount,Everyone,30-10-6550-2200,TransformOneToOne,Alarm System,6310070,false,
US,A_Chempax_MAFCO,A_Chempax_MAFCO,Ac,DetailAccount,Everyone,30-10-6550-2201,TransformOneToOne,Alarm System,6310070,false,
US,A_Chempax_MAFCO,A_Chempax_MAFCO,Ac,DetailAccount,Everyone,30-10-6550-5091,TransformOneToOne,Alarm System,6310070,false,
US,A_Chempax_MAFCO,A_Chempax_MAFCO,Ac,DetailAccount,Everyone,30-10-6550-5094,TransformOneToOne,Alarm System,6310070,false,
US,A_Chempax_MAFCO,A_Chempax_MAFCO,Ac,DetailAccount,Everyone,30-10-6550-5130,TransformOneToOne,Alarm System,6310070,false,
US,A_Chempax_MAFCO,A_Chempax_MAFCO,Ac,DetailAccount,Everyone,30-10-6600-2128,TransformOneToOne,Emission,6310020,false,
US,A_Chempax_MAFCO,A_Chempax_MAFCO,Ac,DetailAccount,Everyone,30-10-6720-2040,TransformOneToOne,CC Alloc,6610090,false,
US,A_Chempax_MAFCO,A_Chempax_MAFCO,Ac,DetailAccount,Everyone,30-10-6720-2050,TransformOneToOne,CC Alloc,6610090,false,
US,A_Chempax_MAFCO,A_Chempax_MAFCO,Ac,DetailAccount,Everyone,30-10-6720-2055,TransformOneToOne,CC Alloc,6610090,false,
US,A_Chempax_MAFCO,A_Chempax_MAFCO,Ac,DetailAccount,Everyone,30-10-6720-2058,TransformOneToOne,CC Alloc,6610090,false,
US,A_Chempax_MAFCO,A_Chempax_MAFCO,Ac,DetailAccount,Everyone,30-10-6720-2059,TransformOneToOne,CC Alloc,6610090,false,
US,A_Chempax_MAFCO,A_Chempax_MAFCO,Ac,DetailAccount,Everyone,30-10-6720-2060,TransformOneToOne,CC Alloc,6610090,false,
US,A_Chempax_MAFCO,A_Chempax_MAFCO,Ac,DetailAccount,Everyone,30-10-6720-2061,TransformOneToOne,CC Alloc,6610090,false,
US,A_Chempax_MAFCO,A_Chempax_MAFCO,Ac,DetailAccount,Everyone,30-10-6720-2062,TransformOneToOne,CC Alloc,6610090,false,
US,A_Chempax_MAFCO,A_Chempax_MAFCO,Ac,DetailAccount,Everyone,30-10-6720-2063,TransformOneToOne,CC Alloc,6610090,false,
US,A_Chempax_MAFCO,A_Chempax_MAFCO,Ac,DetailAccount,Everyone,30-10-6720-2088,TransformOneToOne,CC Alloc,6610090,false,
US,A_Chempax_MAFCO,A_Chempax_MAFCO,Ac,DetailAccount,Everyone,30-10-6720-2100,TransformOneToOne,CC Alloc,6610090,false,
US,A_Chempax_MAFCO,A_Chempax_MAFCO,Ac,DetailAccount,Everyone,30-10-6720-2101,TransformOneToOne,CC Alloc,6610090,false,
US,A_Chempax_MAFCO,A_Chempax_MAFCO,Ac,DetailAccount,Everyone,30-10-6720-2102,TransformOneToOne,CC Alloc,6610090,false,
US,A_Chempax_MAFCO,A_Chempax_MAFCO,Ac,DetailAccount,Everyone,30-10-6720-2103,TransformOneToOne,CC Alloc,6610090,false,
US,A_Chempax_MAFCO,A_Chempax_MAFCO,Ac,DetailAccount,Everyone,30-10-6720-2104,TransformOneToOne,CC Alloc,6610090,false,
US,A_Chempax_MAFCO,A_Chempax_MAFCO,Ac,DetailAccount,Everyone,30-10-6720-2105,TransformOneToOne,CC Alloc,6610090,false,
US,A_Chempax_MAFCO,A_Chempax_MAFCO,Ac,DetailAccount,Everyone,30-10-6720-2106,TransformOneToOne,CC Alloc,6610090,false,
US,A_Chempax_MAFCO,A_Chempax_MAFCO,Ac,DetailAccount,Everyone,30-10-6720-2109,TransformOneToOne,CC Alloc,6610090,false,
US,A_Chempax_MAFCO,A_Chempax_MAFCO,Ac,DetailAccount,Everyone,30-10-6720-2115,TransformOneToOne,CC Alloc,6610090,false,
US,A_Chempax_MAFCO,A_Chempax_MAFCO,Ac,DetailAccount,Everyone,30-10-6720-2117,TransformOneToOne,CC Alloc,6610090,false,
US,A_Chempax_MAFCO,A_Chempax_MAFCO,Ac,DetailAccount,Everyone,30-10-6720-2118,TransformOneToOne,CC Alloc,6610090,false,
US,A_Chempax_MAFCO,A_Chempax_MAFCO,Ac,DetailAccount,Everyone,30-10-6720-2121,TransformOneToOne,CC Alloc,6610090,false,
US,A_Chempax_MAFCO,A_Chempax_MAFCO,Ac,DetailAccount,Everyone,30-10-6720-2122,TransformOneToOne,CC Alloc,6610090,false,
US,A_Chempax_MAFCO,A_Chempax_MAFCO,Ac,DetailAccount,Everyone,30-10-6720-2124,TransformOneToOne,CC Alloc,6610090,false,
US,A_Chempax_MAFCO,A_Chempax_MAFCO,Ac,DetailAccount,Everyone,30-10-6720-2127,TransformOneToOne,CC Alloc,6610090,false,
US,A_Chempax_MAFCO,A_Chempax_MAFCO,Ac,DetailAccount,Everyone,30-10-6720-2128,TransformOneToOne,CC Alloc,6610090,false,
US,A_Chempax_MAFCO,A_Chempax_MAFCO,Ac,DetailAccount,Everyone,30-10-6720-2200,TransformOneToOne,CC Alloc,6610090,false,
US,A_Chempax_MAFCO,A_Chempax_MAFCO,Ac,DetailAccount,Everyone,30-10-6720-2201,TransformOneToOne,CC Alloc,6610090,false,
US,A_Chempax_MAFCO,A_Chempax_MAFCO,Ac,DetailAccount,Everyone,30-10-6720-2500,TransformOneToOne,CC Alloc,6610090,false,
US,A_Chempax_MAFCO,A_Chempax_MAFCO,Ac,DetailAccount,Everyone,30-10-6720-2626,TransformOneToOne,CC Alloc,6610090,false,
US,A_Chempax_MAFCO,A_Chempax_MAFCO,Ac,DetailAccount,Everyone,30-10-6720-2706,TransformOneToOne,CC Alloc,6610090,false,
US,A_Chempax_MAFCO,A_Chempax_MAFCO,Ac,DetailAccount,Everyone,30-10-6720-5091,TransformOneToOne,CC Alloc,6610090,false,
US,A_Chempax_MAFCO,A_Chempax_MAFCO,Ac,DetailAccount,Everyone,30-10-6720-5094,TransformOneToOne,CC Alloc,6610090,false,
US,A_Chempax_MAFCO,A_Chempax_MAFCO,Ac,DetailAccount,Everyone,30-10-6720-5130,TransformOneToOne,CC Alloc,6610090,false,
US,A_Chempax_MAFCO,A_Chempax_MAFCO,Ac,DetailAccount,Everyone,30-10-6730-2058,TransformOneToOne,Substation Alloc,6120000,false,
US,A_Chempax_MAFCO,A_Chempax_MAFCO,Ac,DetailAccount,Everyone,30-10-6730-2059,TransformOneToOne,Substation Alloc,6120000,false,
US,A_Chempax_MAFCO,A_Chempax_MAFCO,Ac,DetailAccount,Everyone,30-10-6740-,TransformOneToOne,Investment Inc/Exp on DC Assets,8190100,false,
US,A_Chempax_MAFCO,A_Chempax_MAFCO,Ac,DetailAccount,Everyone,30-10-6740-0091,TransformOneToOne,Invest Inc,8190100,false,
US,A_Chempax_MAFCO,A_Chempax_MAFCO,Ac,DetailAccount,Everyone,30-10-6750-0091,TransformOneToOne,Interest Inc Interco,8410800,false,
US,A_Chempax_MAFCO,A_Chempax_MAFCO,Ac,DetailAccount,Everyone,30-10-6751-,TransformOneToOne,Interest Income,8410100,false,
US,A_Chempax_MAFCO,A_Chempax_MAFCO,Ac,DetailAccount,Everyone,30-10-6752-,TransformOneToOne,Interest Income-PVI,8410100,false,
US,A_Chempax_MAFCO,A_Chempax_MAFCO,Ac,DetailAccount,Everyone,30-10-6753-,TransformOneToOne,Amort disc PVI bonds,8190100,false,
US,A_Chempax_MAFCO,A_Chempax_MAFCO,Ac,DetailAccount,Everyone,30-10-6762-0091,TransformOneToOne,Non Operating Expenses,8190100,false,
US,A_Chempax_MAFCO,A_Chempax_MAFCO,Ac,DetailAccount,Everyone,30-10-6770-0020,TransformOneToOne,Sub Profit,8120100,false,
US,A_Chempax_MAFCO,A_Chempax_MAFCO,Ac,DetailAccount,Everyone,30-10-6770-0025,TransformOneToOne,Sub Profit,8120100,false,
US,A_Chempax_MAFCO,A_Chempax_MAFCO,Ac,DetailAccount,Everyone,30-10-6770-0026,TransformOneToOne,Sub Profit,8120100,false,
US,A_Chempax_MAFCO,A_Chempax_MAFCO,Ac,DetailAccount,Everyone,30-10-6770-0028,TransformOneToOne,Sub Profit,8120100,false,
US,A_Chempax_MAFCO,A_Chempax_MAFCO,Ac,DetailAccount,Everyone,30-10-6770-0030,TransformOneToOne,Sub Profit,8120100,false,
US,A_Chempax_MAFCO,A_Chempax_MAFCO,Ac,DetailAccount,Everyone,30-10-6770-0034,TransformOneToOne,Sub Profit,8120100,false,
US,A_Chempax_MAFCO,A_Chempax_MAFCO,Ac,DetailAccount,Everyone,30-10-6770-0036,TransformOneToOne,Sub Profit,8120100,false,
US,A_Chempax_MAFCO,A_Chempax_MAFCO,Ac,DetailAccount,Everyone,30-10-6770-0038,TransformOneToOne,Sub Profit,8120100,false,
US,A_Chempax_MAFCO,A_Chempax_MAFCO,Ac,DetailAccount,Everyone,30-10-6770-0039,TransformOneToOne,Sub Profit,8120100,false,
US,A_Chempax_MAFCO,A_Chempax_MAFCO,Ac,DetailAccount,Everyone,30-10-6770-0040,TransformOneToOne,Sub Profit,8120100,false,
US,A_Chempax_MAFCO,A_Chempax_MAFCO,Ac,DetailAccount,Everyone,30-10-6770-0041,TransformOneToOne,Sub Profit,8120100,false,
US,A_Chempax_MAFCO,A_Chempax_MAFCO,Ac,DetailAccount,Everyone,30-10-6770-0045,TransformOneToOne,Sub Profit,8120100,false,
US,A_Chempax_MAFCO,A_Chempax_MAFCO,Ac,DetailAccount,Everyone,30-10-6770-0070,TransformOneToOne,Sub Profit,8120100,false,
US,A_Chempax_MAFCO,A_Chempax_MAFCO,Ac,DetailAccount,Everyone,30-10-6790-2030,TransformOneToOne,ProfitInv use div 80,5850000,false,
US,A_Chempax_MAFCO,A_Chempax_MAFCO,Ac,DetailAccount,Everyone,30-10-6790-2036,TransformOneToOne,Profit Inv use div80,5850000,false,
US,A_Chempax_MAFCO,A_Chempax_MAFCO,Ac,DetailAccount,Everyone,30-10-6790-2070,TransformOneToOne,ProfitInv use div 80,5850000,false,
US,A_Chempax_MAFCO,A_Chempax_MAFCO,Ac,DetailAccount,Everyone,30-10-6800-,TransformOneToOne,Other Inc,8190100,false,
US,A_Chempax_MAFCO,A_Chempax_MAFCO,Ac,DetailAccount,Everyone,30-10-6800-0050,TransformOneToOne,Mer Sarl  Mark up,8190100,false,
US,A_Chempax_MAFCO,A_Chempax_MAFCO,Ac,DetailAccount,Everyone,30-10-6800-0091,TransformOneToOne,Other Inc,8190100,false,
US,A_Chempax_MAFCO,A_Chempax_MAFCO,Ac,DetailAccount,Everyone,30-10-6800-5005,TransformOneToOne,Other Exp,6610070,false,
US,A_Chempax_MAFCO,A_Chempax_MAFCO,Ac,DetailAccount,Everyone,30-10-6800-5091,TransformOneToOne,Other Inc,6610070,false,
US,A_Chempax_MAFCO,A_Chempax_MAFCO,Ac,DetailAccount,Everyone,30-10-6800-5094,TransformOneToOne,Other Inc,8190100,false,
US,A_Chempax_MAFCO,A_Chempax_MAFCO,Ac,DetailAccount,Everyone,30-10-6800-5130,TransformOneToOne,Other Inc,8190100,false,
US,A_Chempax_MAFCO,A_Chempax_MAFCO,Ac,DetailAccount,Everyone,30-10-6801-5091,TransformOneToOne,A/P disc,6610070,false,
US,A_Chempax_MAFCO,A_Chempax_MAFCO,Ac,DetailAccount,Everyone,30-10-6802-5091,TransformOneToOne,Misc inc customer ov,8190100,false,
US,A_Chempax_MAFCO,A_Chempax_MAFCO,Ac,DetailAccount,Everyone,30-10-6810-0091,TransformOneToOne,Fixed Asset Retire,8150100,false,
US,A_Chempax_MAFCO,A_Chempax_MAFCO,Ac,DetailAccount,Everyone,30-10-6810-5001,TransformOneToOne,Asset Write-Off Net Book Value,6720000,false,
US,A_Chempax_MAFCO,A_Chempax_MAFCO,Ac,DetailAccount,Everyone,30-10-6810-5091,TransformOneToOne,Fixed Asset Retire,8150100,false,
US,A_Chempax_MAFCO,A_Chempax_MAFCO,Ac,DetailAccount,Everyone,30-10-6840-,TransformOneToOne,Royalty,8190100,false,
US,A_Chempax_MAFCO,A_Chempax_MAFCO,Ac,DetailAccount,Everyone,30-10-6845-,TransformOneToOne,R&D for IP,8190100,false,
US,A_Chempax_MAFCO,A_Chempax_MAFCO,Ac,DetailAccount,Everyone,30-10-6850-0091,TransformOneToOne,Pension Inc,8140100,false,
US,A_Chempax_MAFCO,A_Chempax_MAFCO,Ac,DetailAccount,Everyone,30-10-6850-0093,TransformOneToOne,Pension Inc,8140100,false,
US,A_Chempax_MAFCO,A_Chempax_MAFCO,Ac,DetailAccount,Everyone,30-10-6860-0091,TransformOneToOne,Frgn Exchang IC loan,8110100,false,
US,A_Chempax_MAFCO,A_Chempax_MAFCO,Ac,DetailAccount,Everyone,30-10-6860-5091,TransformOneToOne,Foreign exchange SGA,8110100,false,
US,A_Chempax_MAFCO,A_Chempax_MAFCO,Ac,DetailAccount,Everyone,30-10-6870-0091,TransformOneToOne,Asset impairment,6610060,false,
US,A_Chempax_MAFCO,A_Chempax_MAFCO,Ac,DetailAccount,Everyone,30-10-6870-5001,TransformOneToOne,Bad Debt,6610060,false,
US,A_Chempax_MAFCO,A_Chempax_MAFCO,Ac,DetailAccount,Everyone,30-10-6870-5091,TransformOneToOne,Bad Debt,6610060,false,
US,A_Chempax_MAFCO,A_Chempax_MAFCO,Ac,DetailAccount,Everyone,30-10-6870-5095,TransformOneToOne,Asset Impair Camden,6720010,false,
US,A_Chempax_MAFCO,A_Chempax_MAFCO,Ac,DetailAccount,Everyone,30-10-6875-0091,TransformOneToOne,Restructuring,6930100,false,
US,A_Chempax_MAFCO,A_Chempax_MAFCO,Ac,DetailAccount,Everyone,30-10-6875-0910,TransformOneToOne,Disposal costs,6930100,false,
US,A_Chempax_MAFCO,A_Chempax_MAFCO,Ac,DetailAccount,Everyone,30-10-6876-0091,TransformOneToOne,Footprint Project,6310100,false,
US,A_Chempax_MAFCO,A_Chempax_MAFCO,Ac,DetailAccount,Everyone,30-10-6877-0091,TransformOneToOne,M&F Projects,6310100,false,
US,A_Chempax_MAFCO,A_Chempax_MAFCO,Ac,DetailAccount,Everyone,30-10-6880-5506,TransformOneToOne,Alloc Admin,6610090,false,
US,A_Chempax_MAFCO,A_Chempax_MAFCO,Ac,DetailAccount,Everyone,30-10-6920-,TransformOneToOne,Income Tax-NJ,8610000,false,
US,A_Chempax_MAFCO,A_Chempax_MAFCO,Ac,DetailAccount,Everyone,30-10-6930-,TransformOneToOne,Fed Income Tax,8610000,false,
US,A_Chempax_MAFCO,A_Chempax_MAFCO,Ac,DetailAccount,Everyone,30-10-6940-,TransformOneToOne,Foreign Income Tax,8610200,false,
US,A_Chempax_MAFCO,A_Chempax_MAFCO,Ac,DetailAccount,Everyone,30-10-7690-,TransformOneToOne,Amortz Loan Fees,6610140,false,
US,A_Chempax_MAFCO,A_Chempax_MAFCO,Ac,DetailAccount,Everyone,30-10-7700-,TransformOneToOne,Interest Expense-Rev,8410100,false,
US,A_Chempax_MAFCO,A_Chempax_MAFCO,Ac,DetailAccount,Everyone,30-10-7701-,TransformOneToOne,Interest exp term L,8410100,false,
US,A_Chempax_MAFCO,A_Chempax_MAFCO,Ac,DetailAccount,Everyone,30-10-7710-,TransformOneToOne,Interest Exp Other,8410100,false,
US,A_Chempax_MAFCO,A_Chempax_MAFCO,Ac,DetailAccount,Everyone,30-10-7750-5091,TransformOneToOne,Credit Fees,6610140,false,
US,A_Chempax_MAFCO,A_Chempax_MAFCO,Ac,DetailAccount,Everyone,30-10-8010-2015,TransformOneToOne,FICA Exp,6210080,false,
US,A_Chempax_MAFCO,A_Chempax_MAFCO,Ac,DetailAccount,Everyone,30-10-8010-5014,TransformOneToOne,FICA Exp,6210080,false,
US,A_Chempax_MAFCO,A_Chempax_MAFCO,Ac,DetailAccount,Everyone,30-10-8020-2015,TransformOneToOne,FUTA Exp,6210080,false,
US,A_Chempax_MAFCO,A_Chempax_MAFCO,Ac,DetailAccount,Everyone,30-10-8020-5014,TransformOneToOne,FUTA Exp,6210080,false,
US,A_Chempax_MAFCO,A_Chempax_MAFCO,Ac,DetailAccount,Everyone,30-10-8030-2015,TransformOneToOne,Unemployment Exp,6210160,false,
US,A_Chempax_MAFCO,A_Chempax_MAFCO,Ac,DetailAccount,Everyone,30-10-8030-5014,TransformOneToOne,Unemployment Exp,6210160,false,
US,A_Chempax_MAFCO,A_Chempax_MAFCO,Ac,DetailAccount,Everyone,30-10-8031-2015,TransformOneToOne,NJ Disability Employ,6210160,false,
US,A_Chempax_MAFCO,A_Chempax_MAFCO,Ac,DetailAccount,Everyone,30-10-8031-5014,TransformOneToOne,NJ Disability Employ,6210160,false,
US,A_Chempax_MAFCO,A_Chempax_MAFCO,Ac,DetailAccount,Everyone,30-10-8032-2015,TransformOneToOne,Training Tax,6210150,false,
US,A_Chempax_MAFCO,A_Chempax_MAFCO,Ac,DetailAccount,Everyone,30-10-8032-5014,TransformOneToOne,Training Tax,6210150,false,
US,A_Chempax_MAFCO,A_Chempax_MAFCO,Ac,DetailAccount,Everyone,30-10-8033-5014,TransformOneToOne,Other Employee Costs,6210160,false,
US,A_Chempax_MAFCO,A_Chempax_MAFCO,Ac,DetailAccount,Everyone,30-10-8050-2015,TransformOneToOne,Wrkman Comp Exp,6210160,false,
US,A_Chempax_MAFCO,A_Chempax_MAFCO,Ac,DetailAccount,Everyone,30-10-8050-5014,TransformOneToOne,Wrkman Comp Exp,6210160,false,
US,A_Chempax_MAFCO,A_Chempax_MAFCO,Ac,DetailAccount,Everyone,30-10-8090-2015,TransformOneToOne,Wages-Other,6210000,false,
US,A_Chempax_MAFCO,A_Chempax_MAFCO,Ac,DetailAccount,Everyone,30-10-8090-5014,TransformOneToOne,Wages-Other,6210000,false,
US,A_Chempax_MAFCO,A_Chempax_MAFCO,Ac,DetailAccount,Everyone,30-10-8120-2015,TransformOneToOne,Vacation Exp,6210010,false,
US,A_Chempax_MAFCO,A_Chempax_MAFCO,Ac,DetailAccount,Everyone,30-10-8120-5014,TransformOneToOne,Vacation Exp,6210010,false,
US,A_Chempax_MAFCO,A_Chempax_MAFCO,Ac,DetailAccount,Everyone,30-10-8120-5091,TransformOneToOne,Vacation Exp,6210010,false,
US,A_Chempax_MAFCO,A_Chempax_MAFCO,Ac,DetailAccount,Everyone,30-10-8130-2015,TransformOneToOne,Pension Restoration,6210090,false,
US,A_Chempax_MAFCO,A_Chempax_MAFCO,Ac,DetailAccount,Everyone,30-10-8130-5014,TransformOneToOne,Pension Restoration,6210090,false,
US,A_Chempax_MAFCO,A_Chempax_MAFCO,Ac,DetailAccount,Everyone,30-10-8140-2015,TransformOneToOne,Pension Exp,6210090,false,
US,A_Chempax_MAFCO,A_Chempax_MAFCO,Ac,DetailAccount,Everyone,30-10-8140-5014,TransformOneToOne,Pension Exp,6210090,false,
US,A_Chempax_MAFCO,A_Chempax_MAFCO,Ac,DetailAccount,Everyone,30-10-8150-2015,TransformOneToOne,401K ROTH expense,6210100,false,
US,A_Chempax_MAFCO,A_Chempax_MAFCO,Ac,DetailAccount,Everyone,30-10-8155-2015,TransformOneToOne,401K Match Hourly,6210100,false,
US,A_Chempax_MAFCO,A_Chempax_MAFCO,Ac,DetailAccount,Everyone,30-10-8155-5014,TransformOneToOne,401K Match Salary,6210100,false,
US,A_Chempax_MAFCO,A_Chempax_MAFCO,Ac,DetailAccount,Everyone,30-10-8160-2015,TransformOneToOne,Fringe-Other,6210110,false,
US,A_Chempax_MAFCO,A_Chempax_MAFCO,Ac,DetailAccount,Everyone,30-10-8160-5014,TransformOneToOne,Fringe-Other,6210110,false,
US,A_Chempax_MAFCO,A_Chempax_MAFCO,Ac,DetailAccount,Everyone,30-10-8170-2015,TransformOneToOne,Health & Life Ins Ex,6210130,false,
US,A_Chempax_MAFCO,A_Chempax_MAFCO,Ac,DetailAccount,Everyone,30-10-8170-5014,TransformOneToOne,Health & Life Ins Ex,6210130,false,
US,A_Chempax_MAFCO,A_Chempax_MAFCO,Ac,DetailAccount,Everyone,30-10-8170-5091,TransformOneToOne,Life Insur - Demutua,6210130,false,
US,A_Chempax_MAFCO,A_Chempax_MAFCO,Ac,DetailAccount,Everyone,30-10-8175-2015,TransformOneToOne,Insur Opt-Out Hourly,6210130,false,
US,A_Chempax_MAFCO,A_Chempax_MAFCO,Ac,DetailAccount,Everyone,30-10-8175-5014,TransformOneToOne,Insur Opt-Out Salary,6210130,false,
US,A_Chempax_MAFCO,A_Chempax_MAFCO,Ac,DetailAccount,Everyone,30-10-8180-5014,TransformOneToOne,Pension Exp Purch-Sa,6210090,false,
US,A_Chempax_MAFCO,A_Chempax_MAFCO,Ac,DetailAccount,Everyone,30-10-8190-2015,TransformOneToOne,Pension Exp Purch-Fa,8140100,false,
US,A_Chempax_MAFCO,A_Chempax_MAFCO,Ac,DetailAccount,Everyone,30-10-8200-2015,TransformOneToOne,Fringe Alloc-Neal,6210110,false,
US,A_Chempax_MAFCO,A_Chempax_MAFCO,Ac,DetailAccount,Everyone,30-10-8200-5014,TransformOneToOne,Fringe Alloc-Neal,6210110,false,
US,A_Chempax_MAFCO,A_Chempax_MAFCO,Ac,DetailAccount,Everyone,30-10-8210-5014,TransformOneToOne,Fringe Alloc-Pneumo,6210110,false,
US,A_Chempax_MAFCO,A_Chempax_MAFCO,Ac,DetailAccount,Everyone,30-10-8250-2015,TransformOneToOne,Fringe Alloc,6210110,false,
US,A_Chempax_MAFCO,A_Chempax_MAFCO,Ac,DetailAccount,Everyone,30-10-8250-2050,TransformOneToOne,Fringe Alloc,6210110,false,
US,A_Chempax_MAFCO,A_Chempax_MAFCO,Ac,DetailAccount,Everyone,30-10-8250-2055,TransformOneToOne,Fringe Alloc,6210110,false,
US,A_Chempax_MAFCO,A_Chempax_MAFCO,Ac,DetailAccount,Everyone,30-10-8250-2058,TransformOneToOne,Fringe Alloc,6210110,false,
US,A_Chempax_MAFCO,A_Chempax_MAFCO,Ac,DetailAccount,Everyone,30-10-8250-2059,TransformOneToOne,Fringe Alloc,6210110,false,
US,A_Chempax_MAFCO,A_Chempax_MAFCO,Ac,DetailAccount,Everyone,30-10-8250-2060,TransformOneToOne,Fringe Alloc,6210110,false,
US,A_Chempax_MAFCO,A_Chempax_MAFCO,Ac,DetailAccount,Everyone,30-10-8250-2061,TransformOneToOne,Fringe Alloc,6210110,false,
US,A_Chempax_MAFCO,A_Chempax_MAFCO,Ac,DetailAccount,Everyone,30-10-8250-2062,TransformOneToOne,Fringe Alloc,6210110,false,
US,A_Chempax_MAFCO,A_Chempax_MAFCO,Ac,DetailAccount,Everyone,30-10-8250-2063,TransformOneToOne,Fringe Alloc,6210110,false,
US,A_Chempax_MAFCO,A_Chempax_MAFCO,Ac,DetailAccount,Everyone,30-10-8250-2088,TransformOneToOne,Fringe Alloc,6210110,false,
US,A_Chempax_MAFCO,A_Chempax_MAFCO,Ac,DetailAccount,Everyone,30-10-8250-2101,TransformOneToOne,Fringe Alloc,6210110,false,
US,A_Chempax_MAFCO,A_Chempax_MAFCO,Ac,DetailAccount,Everyone,30-10-8250-2102,TransformOneToOne,Fringe Alloc,6210110,false,
US,A_Chempax_MAFCO,A_Chempax_MAFCO,Ac,DetailAccount,Everyone,30-10-8250-2103,TransformOneToOne,Fringe Alloc,6210110,false,
US,A_Chempax_MAFCO,A_Chempax_MAFCO,Ac,DetailAccount,Everyone,30-10-8250-2104,TransformOneToOne,Fringe Alloc,6210110,false,
US,A_Chempax_MAFCO,A_Chempax_MAFCO,Ac,DetailAccount,Everyone,30-10-8250-2105,TransformOneToOne,Fringe Alloc,6210110,false,
US,A_Chempax_MAFCO,A_Chempax_MAFCO,Ac,DetailAccount,Everyone,30-10-8250-2106,TransformOneToOne,Fringe Alloc,6210110,false,
US,A_Chempax_MAFCO,A_Chempax_MAFCO,Ac,DetailAccount,Everyone,30-10-8250-2109,TransformOneToOne,Fringe Alloc,6210110,false,
US,A_Chempax_MAFCO,A_Chempax_MAFCO,Ac,DetailAccount,Everyone,30-10-8250-2115,TransformOneToOne,Fringe Alloc,6210110,false,
US,A_Chempax_MAFCO,A_Chempax_MAFCO,Ac,DetailAccount,Everyone,30-10-8250-2117,TransformOneToOne,Fringe Alloc,6210110,false,
US,A_Chempax_MAFCO,A_Chempax_MAFCO,Ac,DetailAccount,Everyone,30-10-8250-2118,TransformOneToOne,Fringe Alloc,6210110,false,
US,A_Chempax_MAFCO,A_Chempax_MAFCO,Ac,DetailAccount,Everyone,30-10-8250-2121,TransformOneToOne,Fringe Alloc,6210110,false,
US,A_Chempax_MAFCO,A_Chempax_MAFCO,Ac,DetailAccount,Everyone,30-10-8250-2122,TransformOneToOne,Fringe Alloc,6210110,false,
US,A_Chempax_MAFCO,A_Chempax_MAFCO,Ac,DetailAccount,Everyone,30-10-8250-2124,TransformOneToOne,Fringe Alloc,6210110,false,
US,A_Chempax_MAFCO,A_Chempax_MAFCO,Ac,DetailAccount,Everyone,30-10-8250-2127,TransformOneToOne,Fringe Alloc,6210110,false,
US,A_Chempax_MAFCO,A_Chempax_MAFCO,Ac,DetailAccount,Everyone,30-10-8250-2128,TransformOneToOne,Fringe Alloc,6210110,false,
US,A_Chempax_MAFCO,A_Chempax_MAFCO,Ac,DetailAccount,Everyone,30-10-8250-2200,TransformOneToOne,Fringe Alloc,6210110,false,
US,A_Chempax_MAFCO,A_Chempax_MAFCO,Ac,DetailAccount,Everyone,30-10-8250-2201,TransformOneToOne,Fringe Alloc,6210110,false,
US,A_Chempax_MAFCO,A_Chempax_MAFCO,Ac,DetailAccount,Everyone,30-10-8250-5014,TransformOneToOne,Fringe Alloc,6210110,false,
US,A_Chempax_MAFCO,A_Chempax_MAFCO,Ac,DetailAccount,Everyone,30-10-8250-5091,TransformOneToOne,Fringe Alloc,6210110,false,
US,A_Chempax_MAFCO,A_Chempax_MAFCO,Ac,DetailAccount,Everyone,30-10-8250-5094,TransformOneToOne,Fringe Alloc,6210110,false,
US,A_Chempax_MAFCO,A_Chempax_MAFCO,Ac,DetailAccount,Everyone,30-10-8250-5130,TransformOneToOne,Fringe Alloc,6210110,false,
US,A_Chempax_MAFCO,A_Chempax_MAFCO,Ac,DetailAccount,Everyone,30-10-8300-2105,TransformOneToOne,Cap Cargo Cost-inter,6130020,false,
US,A_Chempax_MAFCO,A_Chempax_MAFCO,Ac,DetailAccount,Everyone,30-10-9800-,TransformOneToOne,Use division 15,8140100,false,
US,A_Chempax_MAFCO,A_Chempax_MAFCO,Ac,DetailAccount,Everyone,30-10-9900-,TransformOneToOne,Extraordinary Item-N,6930100,false,
US,A_Chempax_MAFCO,A_Chempax_MAFCO,Ac,DetailAccount,Everyone,30-11-1400-,TransformOneToOne,GP Raw Matl,1201000,false,
US,A_Chempax_MAFCO,A_Chempax_MAFCO,Ac,DetailAccount,Everyone,30-11-1450-,TransformOneToOne,GP Pkg Matls,1201400,false,
US,A_Chempax_MAFCO,A_Chempax_MAFCO,Ac,DetailAccount,Everyone,30-11-1450-2010,TransformOneToOne,GP PKG MTL - Purch,1201400,false,
US,A_Chempax_MAFCO,A_Chempax_MAFCO,Ac,DetailAccount,Everyone,30-11-1450-2011,TransformOneToOne,GP PKG MTL - USAGE,1201400,false,
US,A_Chempax_MAFCO,A_Chempax_MAFCO,Ac,DetailAccount,Everyone,30-11-1450-2012,TransformOneToOne,GP P[KG MTL - ADJ.,1201400,false,
US,A_Chempax_MAFCO,A_Chempax_MAFCO,Ac,DetailAccount,Everyone,30-11-1520-,TransformOneToOne,GP Fin Gds,1203000,false,
US,A_Chempax_MAFCO,A_Chempax_MAFCO,Ac,DetailAccount,Everyone,30-11-2061-,TransformOneToOne,A|P acc rec w/o inv,2150020,true,
US,A_Chempax_MAFCO,A_Chempax_MAFCO,Ac,DetailAccount,Everyone,30-11-3010-,TransformOneToOne,Sales Trade,4000000,true,
US,A_Chempax_MAFCO,A_Chempax_MAFCO,Ac,DetailAccount,Everyone,30-11-3020-,TransformOneToOne,Sales Discount,4100020,true,
US,A_Chempax_MAFCO,A_Chempax_MAFCO,Ac,DetailAccount,Everyone,30-11-3030-,TransformOneToOne,Returns & Allow,4100000,true,
US,A_Chempax_MAFCO,A_Chempax_MAFCO,Ac,DetailAccount,Everyone,30-11-3040-,TransformOneToOne,Freight Out,4100040,true,
US,A_Chempax_MAFCO,A_Chempax_MAFCO,Ac,DetailAccount,Everyone,30-11-3050-,TransformOneToOne,Customer Returns,4100000,true,
US,A_Chempax_MAFCO,A_Chempax_MAFCO,Ac,DetailAccount,Everyone,30-11-3060-,TransformOneToOne,Sales Rebates,4100020,true,
US,A_Chempax_MAFCO,A_Chempax_MAFCO,Ac,DetailAccount,Everyone,30-11-3070-,TransformOneToOne,Freight revenue,4000000,true,
US,A_Chempax_MAFCO,A_Chempax_MAFCO,Ac,DetailAccount,Everyone,30-11-4010-2500,TransformOneToOne,Cost of sales,5000000,false,
US,A_Chempax_MAFCO,A_Chempax_MAFCO,Ac,DetailAccount,Everyone,30-11-4100-2500,TransformOneToOne,Cost of resale sales,5000000,false,
US,A_Chempax_MAFCO,A_Chempax_MAFCO,Ac,DetailAccount,Everyone,30-11-5040-2503,TransformOneToOne,Packaging materials,6020000,false,
US,A_Chempax_MAFCO,A_Chempax_MAFCO,Ac,DetailAccount,Everyone,30-11-5900-2500,TransformOneToOne,Inv Adjust-GP,6030020,false,
US,A_Chempax_MAFCO,A_Chempax_MAFCO,Ac,DetailAccount,Everyone,30-11-5910-2500,TransformOneToOne,Mfg vs Std-GP,6020035,false,
US,A_Chempax_MAFCO,A_Chempax_MAFCO,Ac,DetailAccount,Everyone,30-11-5940-2500,TransformOneToOne,Purchase Price Variance - Raw Materials,6030010,false,
US,A_Chempax_MAFCO,A_Chempax_MAFCO,Ac,DetailAccount,Everyone,30-11-6070-2504,TransformOneToOne,Freight in,6130020,false,
US,A_Chempax_MAFCO,A_Chempax_MAFCO,Ac,DetailAccount,Everyone,30-11-6070-5040,TransformOneToOne,Freight in,6130020,false,
US,A_Chempax_MAFCO,A_Chempax_MAFCO,Ac,DetailAccount,Everyone,30-11-6080-2501,TransformOneToOne,Operating Supplies,6410010,false,
US,A_Chempax_MAFCO,A_Chempax_MAFCO,Ac,DetailAccount,Everyone,30-11-6080-2503,TransformOneToOne,Operating Supplies,6410010,false,
US,A_Chempax_MAFCO,A_Chempax_MAFCO,Ac,DetailAccount,Everyone,30-11-6080-5506,TransformOneToOne,Operating Supplies,6410010,false,
US,A_Chempax_MAFCO,A_Chempax_MAFCO,Ac,DetailAccount,Everyone,30-11-6090-2501,TransformOneToOne,Water & Sewer,6120020,false,
US,A_Chempax_MAFCO,A_Chempax_MAFCO,Ac,DetailAccount,Everyone,30-11-6090-2503,TransformOneToOne,Water & Sewer,6120020,false,
US,A_Chempax_MAFCO,A_Chempax_MAFCO,Ac,DetailAccount,Everyone,30-11-6090-5506,TransformOneToOne,Water & Sewer,6120020,false,
US,A_Chempax_MAFCO,A_Chempax_MAFCO,Ac,DetailAccount,Everyone,30-11-6100-2501,TransformOneToOne,Steam Cost,6120030,false,
US,A_Chempax_MAFCO,A_Chempax_MAFCO,Ac,DetailAccount,Everyone,30-11-6100-2503,TransformOneToOne,Steam Cost,6120030,false,
US,A_Chempax_MAFCO,A_Chempax_MAFCO,Ac,DetailAccount,Everyone,30-11-6100-5506,TransformOneToOne,Steam Cost,6120030,false,
US,A_Chempax_MAFCO,A_Chempax_MAFCO,Ac,DetailAccount,Everyone,30-11-6110-2501,TransformOneToOne,Electricity,6120000,false,
US,A_Chempax_MAFCO,A_Chempax_MAFCO,Ac,DetailAccount,Everyone,30-11-6110-2503,TransformOneToOne,Electricity,6120000,false,
US,A_Chempax_MAFCO,A_Chempax_MAFCO,Ac,DetailAccount,Everyone,30-11-6110-5506,TransformOneToOne,Electricity,6120000,false,
US,A_Chempax_MAFCO,A_Chempax_MAFCO,Ac,DetailAccount,Everyone,30-11-6120-2501,TransformOneToOne,Gas Used,6120010,false,
US,A_Chempax_MAFCO,A_Chempax_MAFCO,Ac,DetailAccount,Everyone,30-11-6120-2503,TransformOneToOne,Gas Used,6120010,false,
US,A_Chempax_MAFCO,A_Chempax_MAFCO,Ac,DetailAccount,Everyone,30-11-6120-5506,TransformOneToOne,Gas Used,6120010,false,
US,A_Chempax_MAFCO,A_Chempax_MAFCO,Ac,DetailAccount,Everyone,30-11-6130-2501,TransformOneToOne,Fuel Used,6120030,false,
US,A_Chempax_MAFCO,A_Chempax_MAFCO,Ac,DetailAccount,Everyone,30-11-6130-2503,TransformOneToOne,Fuel Used,6120030,false,
US,A_Chempax_MAFCO,A_Chempax_MAFCO,Ac,DetailAccount,Everyone,30-11-6130-5506,TransformOneToOne,Fuel Used,6120030,false,
US,A_Chempax_MAFCO,A_Chempax_MAFCO,Ac,DetailAccount,Everyone,30-11-6140-2501,TransformOneToOne,Power Purchased,6120000,false,
US,A_Chempax_MAFCO,A_Chempax_MAFCO,Ac,DetailAccount,Everyone,30-11-6140-2503,TransformOneToOne,Power Purchased,6120000,false,
US,A_Chempax_MAFCO,A_Chempax_MAFCO,Ac,DetailAccount,Everyone,30-11-6140-5506,TransformOneToOne,Power Purchased,6120000,false,
US,A_Chempax_MAFCO,A_Chempax_MAFCO,Ac,DetailAccount,Everyone,30-11-6150-2501,TransformOneToOne,Repair Material,6330020,false,
US,A_Chempax_MAFCO,A_Chempax_MAFCO,Ac,DetailAccount,Everyone,30-11-6150-2503,TransformOneToOne,Repair Material,6330020,false,
US,A_Chempax_MAFCO,A_Chempax_MAFCO,Ac,DetailAccount,Everyone,30-11-6150-5506,TransformOneToOne,Repair Material,6330020,false,
US,A_Chempax_MAFCO,A_Chempax_MAFCO,Ac,DetailAccount,Everyone,30-11-6160-2501,TransformOneToOne,Repair Service,6330010,false,
US,A_Chempax_MAFCO,A_Chempax_MAFCO,Ac,DetailAccount,Everyone,30-11-6160-2503,TransformOneToOne,Repair Service,6330010,false,
US,A_Chempax_MAFCO,A_Chempax_MAFCO,Ac,DetailAccount,Everyone,30-11-6160-5506,TransformOneToOne,Repair Service,6330010,false,
US,A_Chempax_MAFCO,A_Chempax_MAFCO,Ac,DetailAccount,Everyone,30-11-6170-2501,TransformOneToOne,Repair Mafco Labor,6330010,false,
US,A_Chempax_MAFCO,A_Chempax_MAFCO,Ac,DetailAccount,Everyone,30-11-6170-2503,TransformOneToOne,Repair Mafco Labor,6330010,false,
US,A_Chempax_MAFCO,A_Chempax_MAFCO,Ac,DetailAccount,Everyone,30-11-6170-5506,TransformOneToOne,Repair Mafco Labor,6330010,false,
US,A_Chempax_MAFCO,A_Chempax_MAFCO,Ac,DetailAccount,Everyone,30-11-6200-2501,TransformOneToOne,Travel No Ded,6610040,false,
US,A_Chempax_MAFCO,A_Chempax_MAFCO,Ac,DetailAccount,Everyone,30-11-6200-2503,TransformOneToOne,Travel No Ded,6610040,false,
US,A_Chempax_MAFCO,A_Chempax_MAFCO,Ac,DetailAccount,Everyone,30-11-6200-5506,TransformOneToOne,Travel No Ded,6610040,false,
US,A_Chempax_MAFCO,A_Chempax_MAFCO,Ac,DetailAccount,Everyone,30-11-6210-2501,TransformOneToOne,Labor,6210000,false,
US,A_Chempax_MAFCO,A_Chempax_MAFCO,Ac,DetailAccount,Everyone,30-11-6210-2503,TransformOneToOne,Labor,6210000,false,
US,A_Chempax_MAFCO,A_Chempax_MAFCO,Ac,DetailAccount,Everyone,30-11-6210-5506,TransformOneToOne,Labor,6210000,false,
US,A_Chempax_MAFCO,A_Chempax_MAFCO,Ac,DetailAccount,Everyone,30-11-6220-2501,TransformOneToOne,Labor Fringe,6210110,false,
US,A_Chempax_MAFCO,A_Chempax_MAFCO,Ac,DetailAccount,Everyone,30-11-6220-2503,TransformOneToOne,Labor Fringe,6210110,false,
US,A_Chempax_MAFCO,A_Chempax_MAFCO,Ac,DetailAccount,Everyone,30-11-6220-5506,TransformOneToOne,Labor Fringe,6210110,false,
US,A_Chempax_MAFCO,A_Chempax_MAFCO,Ac,DetailAccount,Everyone,30-11-6270-2501,TransformOneToOne,Salary Exp,6210000,false,
US,A_Chempax_MAFCO,A_Chempax_MAFCO,Ac,DetailAccount,Everyone,30-11-6270-2503,TransformOneToOne,Salary Exp,6210000,false,
US,A_Chempax_MAFCO,A_Chempax_MAFCO,Ac,DetailAccount,Everyone,30-11-6270-5506,TransformOneToOne,Salary Exp,6210000,false,
US,A_Chempax_MAFCO,A_Chempax_MAFCO,Ac,DetailAccount,Everyone,30-11-6280-2501,TransformOneToOne,Salary Fringe,6210110,false,
US,A_Chempax_MAFCO,A_Chempax_MAFCO,Ac,DetailAccount,Everyone,30-11-6280-2503,TransformOneToOne,Salary Fringe,6210110,false,
US,A_Chempax_MAFCO,A_Chempax_MAFCO,Ac,DetailAccount,Everyone,30-11-6280-5506,TransformOneToOne,Salary Fringe,6210110,false,
US,A_Chempax_MAFCO,A_Chempax_MAFCO,Ac,DetailAccount,Everyone,30-11-6290-2501,TransformOneToOne,Club Dues,6610030,false,
US,A_Chempax_MAFCO,A_Chempax_MAFCO,Ac,DetailAccount,Everyone,30-11-6290-2503,TransformOneToOne,Club Dues,6610030,false,
US,A_Chempax_MAFCO,A_Chempax_MAFCO,Ac,DetailAccount,Everyone,30-11-6290-5506,TransformOneToOne,Club Dues,6610030,false,
US,A_Chempax_MAFCO,A_Chempax_MAFCO,Ac,DetailAccount,Everyone,30-11-6310-2501,TransformOneToOne,Safety Exp,6410020,false,
US,A_Chempax_MAFCO,A_Chempax_MAFCO,Ac,DetailAccount,Everyone,30-11-6310-5506,TransformOneToOne,Safety Exp,6410020,false,
US,A_Chempax_MAFCO,A_Chempax_MAFCO,Ac,DetailAccount,Everyone,30-11-6320-2501,TransformOneToOne,Occup Alloc,6120030,false,
US,A_Chempax_MAFCO,A_Chempax_MAFCO,Ac,DetailAccount,Everyone,30-11-6320-2503,TransformOneToOne,Occup Alloc,6120030,false,
US,A_Chempax_MAFCO,A_Chempax_MAFCO,Ac,DetailAccount,Everyone,30-11-6320-5506,TransformOneToOne,Occup Alloc,6120030,false,
US,A_Chempax_MAFCO,A_Chempax_MAFCO,Ac,DetailAccount,Everyone,30-11-6330-2501,TransformOneToOne,Rent,6320010,false,
US,A_Chempax_MAFCO,A_Chempax_MAFCO,Ac,DetailAccount,Everyone,30-11-6330-2503,TransformOneToOne,Rent,6320010,false,
US,A_Chempax_MAFCO,A_Chempax_MAFCO,Ac,DetailAccount,Everyone,30-11-6330-5506,TransformOneToOne,Rent,6320010,false,
US,A_Chempax_MAFCO,A_Chempax_MAFCO,Ac,DetailAccount,Everyone,30-11-6340-2201,TransformOneToOne,Depreciation,6710000,false,
US,A_Chempax_MAFCO,A_Chempax_MAFCO,Ac,DetailAccount,Everyone,30-11-6340-2501,TransformOneToOne,Depreciation,6710000,false,
US,A_Chempax_MAFCO,A_Chempax_MAFCO,Ac,DetailAccount,Everyone,30-11-6340-2503,TransformOneToOne,Depreciation,6710000,false,
US,A_Chempax_MAFCO,A_Chempax_MAFCO,Ac,DetailAccount,Everyone,30-11-6340-5506,TransformOneToOne,Depreciation,6710000,false,
US,A_Chempax_MAFCO,A_Chempax_MAFCO,Ac,DetailAccount,Everyone,30-11-6350-2501,TransformOneToOne,Taxes & Lic,6420020,false,
US,A_Chempax_MAFCO,A_Chempax_MAFCO,Ac,DetailAccount,Everyone,30-11-6350-2503,TransformOneToOne,Taxes & Lic,6420020,false,
US,A_Chempax_MAFCO,A_Chempax_MAFCO,Ac,DetailAccount,Everyone,30-11-6350-5506,TransformOneToOne,Taxes & Lic,6420020,false,
US,A_Chempax_MAFCO,A_Chempax_MAFCO,Ac,DetailAccount,Everyone,30-11-6360-2501,TransformOneToOne,Insurance,6610130,false,
US,A_Chempax_MAFCO,A_Chempax_MAFCO,Ac,DetailAccount,Everyone,30-11-6360-2503,TransformOneToOne,Insurance,6610130,false,
US,A_Chempax_MAFCO,A_Chempax_MAFCO,Ac,DetailAccount,Everyone,30-11-6360-5506,TransformOneToOne,Insurance,6610130,false,
US,A_Chempax_MAFCO,A_Chempax_MAFCO,Ac,DetailAccount,Everyone,30-11-6370-2501,TransformOneToOne,Travel Nonded,6610040,false,
US,A_Chempax_MAFCO,A_Chempax_MAFCO,Ac,DetailAccount,Everyone,30-11-6370-2503,TransformOneToOne,Travel Nonded,6610040,false,
US,A_Chempax_MAFCO,A_Chempax_MAFCO,Ac,DetailAccount,Everyone,30-11-6370-5506,TransformOneToOne,Travel Nonded,6610040,false,
US,A_Chempax_MAFCO,A_Chempax_MAFCO,Ac,DetailAccount,Everyone,30-11-6380-2501,TransformOneToOne,Prof Svcs,6310100,false,
US,A_Chempax_MAFCO,A_Chempax_MAFCO,Ac,DetailAccount,Everyone,30-11-6380-2503,TransformOneToOne,Prof Svcs,6310100,false,
US,A_Chempax_MAFCO,A_Chempax_MAFCO,Ac,DetailAccount,Everyone,30-11-6380-5506,TransformOneToOne,Prof Svcs,6310100,false,
US,A_Chempax_MAFCO,A_Chempax_MAFCO,Ac,DetailAccount,Everyone,30-11-6390-2501,TransformOneToOne,Other Exp,6610070,false,
US,A_Chempax_MAFCO,A_Chempax_MAFCO,Ac,DetailAccount,Everyone,30-11-6390-2503,TransformOneToOne,Other Exp,6610070,false,
US,A_Chempax_MAFCO,A_Chempax_MAFCO,Ac,DetailAccount,Everyone,30-11-6390-5506,TransformOneToOne,Other Exp,6610070,false,
US,A_Chempax_MAFCO,A_Chempax_MAFCO,Ac,DetailAccount,Everyone,30-11-6400-2501,TransformOneToOne,Meal Allow,6220030,false,
US,A_Chempax_MAFCO,A_Chempax_MAFCO,Ac,DetailAccount,Everyone,30-11-6400-2503,TransformOneToOne,Meal Allow,6220030,false,
US,A_Chempax_MAFCO,A_Chempax_MAFCO,Ac,DetailAccount,Everyone,30-11-6400-5506,TransformOneToOne,Meal Allow,6220030,false,
US,A_Chempax_MAFCO,A_Chempax_MAFCO,Ac,DetailAccount,Everyone,30-11-6410-2501,TransformOneToOne,Advertisment,6510070,false,
US,A_Chempax_MAFCO,A_Chempax_MAFCO,Ac,DetailAccount,Everyone,30-11-6410-2503,TransformOneToOne,Advertisment,6510070,false,
US,A_Chempax_MAFCO,A_Chempax_MAFCO,Ac,DetailAccount,Everyone,30-11-6410-5506,TransformOneToOne,Advertisment,6510070,false,
US,A_Chempax_MAFCO,A_Chempax_MAFCO,Ac,DetailAccount,Everyone,30-11-6420-2501,TransformOneToOne,Guard Svc,6310070,false,
US,A_Chempax_MAFCO,A_Chempax_MAFCO,Ac,DetailAccount,Everyone,30-11-6420-2503,TransformOneToOne,Guard Svc,6310070,false,
US,A_Chempax_MAFCO,A_Chempax_MAFCO,Ac,DetailAccount,Everyone,30-11-6420-5506,TransformOneToOne,Guard Svc,6310070,false,
US,A_Chempax_MAFCO,A_Chempax_MAFCO,Ac,DetailAccount,Everyone,30-11-6430-2501,TransformOneToOne,Travel,6220010,false,
US,A_Chempax_MAFCO,A_Chempax_MAFCO,Ac,DetailAccount,Everyone,30-11-6430-2503,TransformOneToOne,Travel,6220010,false,
US,A_Chempax_MAFCO,A_Chempax_MAFCO,Ac,DetailAccount,Everyone,30-11-6430-5506,TransformOneToOne,Travel,6220010,false,
US,A_Chempax_MAFCO,A_Chempax_MAFCO,Ac,DetailAccount,Everyone,30-11-6440-2501,TransformOneToOne,Stationery Supply,6410000,false,
US,A_Chempax_MAFCO,A_Chempax_MAFCO,Ac,DetailAccount,Everyone,30-11-6440-2503,TransformOneToOne,Stationery Supply,6410000,false,
US,A_Chempax_MAFCO,A_Chempax_MAFCO,Ac,DetailAccount,Everyone,30-11-6440-5506,TransformOneToOne,Stationery Supply,6410000,false,
US,A_Chempax_MAFCO,A_Chempax_MAFCO,Ac,DetailAccount,Everyone,30-11-6450-2501,TransformOneToOne,Commission Inc,6530000,false,
US,A_Chempax_MAFCO,A_Chempax_MAFCO,Ac,DetailAccount,Everyone,30-11-6450-2503,TransformOneToOne,Commission Inc,6530000,false,
US,A_Chempax_MAFCO,A_Chempax_MAFCO,Ac,DetailAccount,Everyone,30-11-6450-5506,TransformOneToOne,Commission Inc,6530000,false,
US,A_Chempax_MAFCO,A_Chempax_MAFCO,Ac,DetailAccount,Everyone,30-11-6460-2501,TransformOneToOne,Communication,6310030,false,
US,A_Chempax_MAFCO,A_Chempax_MAFCO,Ac,DetailAccount,Everyone,30-11-6460-2503,TransformOneToOne,Communication,6310030,false,
US,A_Chempax_MAFCO,A_Chempax_MAFCO,Ac,DetailAccount,Everyone,30-11-6460-5506,TransformOneToOne,Communication,6310030,false,
US,A_Chempax_MAFCO,A_Chempax_MAFCO,Ac,DetailAccount,Everyone,30-11-6470-2501,TransformOneToOne,Commission Exp,6530000,false,
US,A_Chempax_MAFCO,A_Chempax_MAFCO,Ac,DetailAccount,Everyone,30-11-6470-2503,TransformOneToOne,Commission Exp,6530000,false,
US,A_Chempax_MAFCO,A_Chempax_MAFCO,Ac,DetailAccount,Everyone,30-11-6470-5506,TransformOneToOne,Commission Exp,6530000,false,
US,A_Chempax_MAFCO,A_Chempax_MAFCO,Ac,DetailAccount,Everyone,30-11-6480-2501,TransformOneToOne,Dues & Subsc,6610030,false,
US,A_Chempax_MAFCO,A_Chempax_MAFCO,Ac,DetailAccount,Everyone,30-11-6480-2503,TransformOneToOne,Dues & Subsc,6610030,false,
US,A_Chempax_MAFCO,A_Chempax_MAFCO,Ac,DetailAccount,Everyone,30-11-6480-5506,TransformOneToOne,Dues & Subsc,6610030,false,
US,A_Chempax_MAFCO,A_Chempax_MAFCO,Ac,DetailAccount,Everyone,30-11-6490-2501,TransformOneToOne,Shutdown,6310100,false,
US,A_Chempax_MAFCO,A_Chempax_MAFCO,Ac,DetailAccount,Everyone,30-11-6490-2503,TransformOneToOne,Shutdown,6310100,false,
US,A_Chempax_MAFCO,A_Chempax_MAFCO,Ac,DetailAccount,Everyone,30-11-6490-5506,TransformOneToOne,Shutdown,6310100,false,
US,A_Chempax_MAFCO,A_Chempax_MAFCO,Ac,DetailAccount,Everyone,30-11-6500-2501,TransformOneToOne,Contribution Exp,6610010,false,
US,A_Chempax_MAFCO,A_Chempax_MAFCO,Ac,DetailAccount,Everyone,30-11-6500-2503,TransformOneToOne,Contribution Exp,6610010,false,
US,A_Chempax_MAFCO,A_Chempax_MAFCO,Ac,DetailAccount,Everyone,30-11-6500-5506,TransformOneToOne,Contribution Exp,6610010,false,
US,A_Chempax_MAFCO,A_Chempax_MAFCO,Ac,DetailAccount,Everyone,30-11-6510-2501,TransformOneToOne,Bank Fees,6610140,false,
US,A_Chempax_MAFCO,A_Chempax_MAFCO,Ac,DetailAccount,Everyone,30-11-6510-2503,TransformOneToOne,Bank Fees,6610140,false,
US,A_Chempax_MAFCO,A_Chempax_MAFCO,Ac,DetailAccount,Everyone,30-11-6510-5506,TransformOneToOne,Bank Fees,6610140,false,
US,A_Chempax_MAFCO,A_Chempax_MAFCO,Ac,DetailAccount,Everyone,30-11-6520-2501,TransformOneToOne,Education Exp,6210150,false,
US,A_Chempax_MAFCO,A_Chempax_MAFCO,Ac,DetailAccount,Everyone,30-11-6520-2503,TransformOneToOne,Education Exp,6210150,false,
US,A_Chempax_MAFCO,A_Chempax_MAFCO,Ac,DetailAccount,Everyone,30-11-6520-5506,TransformOneToOne,Education Exp,6210150,false,
US,A_Chempax_MAFCO,A_Chempax_MAFCO,Ac,DetailAccount,Everyone,30-11-6540-2501,TransformOneToOne,Enviro Exp,6610070,false,
US,A_Chempax_MAFCO,A_Chempax_MAFCO,Ac,DetailAccount,Everyone,30-11-6540-2503,TransformOneToOne,Enviro Exp,6610070,false,
US,A_Chempax_MAFCO,A_Chempax_MAFCO,Ac,DetailAccount,Everyone,30-11-6540-5506,TransformOneToOne,Enviro Exp,6610070,false,
US,A_Chempax_MAFCO,A_Chempax_MAFCO,Ac,DetailAccount,Everyone,30-11-6550-2501,TransformOneToOne,Alarm System,6310070,false,
US,A_Chempax_MAFCO,A_Chempax_MAFCO,Ac,DetailAccount,Everyone,30-11-6550-2503,TransformOneToOne,Alarm System,6310070,false,
US,A_Chempax_MAFCO,A_Chempax_MAFCO,Ac,DetailAccount,Everyone,30-11-6550-5506,TransformOneToOne,Alarm System,6310070,false,
US,A_Chempax_MAFCO,A_Chempax_MAFCO,Ac,DetailAccount,Everyone,30-11-6720-2500,TransformOneToOne,CC Alloc,6610090,false,
US,A_Chempax_MAFCO,A_Chempax_MAFCO,Ac,DetailAccount,Everyone,30-11-6720-2501,TransformOneToOne,CC Alloc,6610090,false,
US,A_Chempax_MAFCO,A_Chempax_MAFCO,Ac,DetailAccount,Everyone,30-11-6720-2503,TransformOneToOne,CC Alloc,6610090,false,
US,A_Chempax_MAFCO,A_Chempax_MAFCO,Ac,DetailAccount,Everyone,30-11-6720-5506,TransformOneToOne,CC Alloc,6610090,false,
US,A_Chempax_MAFCO,A_Chempax_MAFCO,Ac,DetailAccount,Everyone,30-11-6800-0506,TransformOneToOne,Other Inc,8190100,false,
US,A_Chempax_MAFCO,A_Chempax_MAFCO,Ac,DetailAccount,Everyone,30-11-6800-5720,TransformOneToOne,Other Inc,8190100,false,
US,A_Chempax_MAFCO,A_Chempax_MAFCO,Ac,DetailAccount,Everyone,30-11-6880-5506,TransformOneToOne,Alloc Admin,6610090,false,
US,A_Chempax_MAFCO,A_Chempax_MAFCO,Ac,DetailAccount,Everyone,30-11-8250-2501,TransformOneToOne,Fringe Alloc,6210110,false,
US,A_Chempax_MAFCO,A_Chempax_MAFCO,Ac,DetailAccount,Everyone,30-11-8250-2503,TransformOneToOne,Fringe Alloc,6210110,false,
US,A_Chempax_MAFCO,A_Chempax_MAFCO,Ac,DetailAccount,Everyone,30-11-8250-5506,TransformOneToOne,Fringe Alloc,6210110,false,
US,A_Chempax_MAFCO,A_Chempax_MAFCO,Ac,DetailAccount,Everyone,30-13-3010-,TransformOneToOne,Sales Trade,8810000,false,
US,A_Chempax_MAFCO,A_Chempax_MAFCO,Ac,DetailAccount,Everyone,30-13-3020-,TransformOneToOne,Sales Discount,4100020,true,
US,A_Chempax_MAFCO,A_Chempax_MAFCO,Ac,DetailAccount,Everyone,30-13-3030-,TransformOneToOne,Returns & Allow,4100000,true,
US,A_Chempax_MAFCO,A_Chempax_MAFCO,Ac,DetailAccount,Everyone,30-13-3070-,TransformOneToOne,Freight revenue,4000000,true,
US,A_Chempax_MAFCO,A_Chempax_MAFCO,Ac,DetailAccount,Everyone,30-13-4100-2770,TransformOneToOne,Cost of resale sales,5000000,false,
US,A_Chempax_MAFCO,A_Chempax_MAFCO,Ac,DetailAccount,Everyone,30-13-6110-2770,TransformOneToOne,Electricity,8190100,false,
US,A_Chempax_MAFCO,A_Chempax_MAFCO,Ac,DetailAccount,Everyone,30-13-6150-2770,TransformOneToOne,Repair Material,6330020,false,
US,A_Chempax_MAFCO,A_Chempax_MAFCO,Ac,DetailAccount,Everyone,30-13-6380-2770,TransformOneToOne,Prof Svcs,8190100,false,
US,A_Chempax_MAFCO,A_Chempax_MAFCO,Ac,DetailAccount,Everyone,30-13-6390-2770,TransformOneToOne,Other Exp,6610070,false,
US,A_Chempax_MAFCO,A_Chempax_MAFCO,Ac,DetailAccount,Everyone,30-13-6440-2770,TransformOneToOne,Stationery Supply,6410000,false,
US,A_Chempax_MAFCO,A_Chempax_MAFCO,Ac,DetailAccount,Everyone,30-13-6460-2770,TransformOneToOne,Communication,6310030,false,
US,A_Chempax_MAFCO,A_Chempax_MAFCO,Ac,DetailAccount,Everyone,30-13-6870-2770,TransformOneToOne,Bad Debt,6610060,false,
US,A_Chempax_MAFCO,A_Chempax_MAFCO,Ac,DetailAccount,Everyone,30-14-1060-,TransformOneToOne,Camden Petty Cash,1100060,false,
US,A_Chempax_MAFCO,A_Chempax_MAFCO,Ac,DetailAccount,Everyone,30-14-1630-5006,TransformOneToOne,Prepaid Exp IT,1250900,false,
US,A_Chempax_MAFCO,A_Chempax_MAFCO,Ac,DetailAccount,Everyone,30-14-1630-5130,TransformOneToOne,Prepaid Exp,1250900,false,
US,A_Chempax_MAFCO,A_Chempax_MAFCO,Ac,DetailAccount,Everyone,30-14-1821-,TransformOneToOne,Lease Improvement,1530020,false,
US,A_Chempax_MAFCO,A_Chempax_MAFCO,Ac,DetailAccount,Everyone,30-14-1826-,TransformOneToOne,Lease Imprv Acc Dep,1570020,false,
US,A_Chempax_MAFCO,A_Chempax_MAFCO,Ac,DetailAccount,Everyone,30-14-1840-,TransformOneToOne,Mach & Equipment,1520000,false,
US,A_Chempax_MAFCO,A_Chempax_MAFCO,Ac,DetailAccount,Everyone,30-14-1841-,TransformOneToOne,Computer Equipment,1520010,false,
US,A_Chempax_MAFCO,A_Chempax_MAFCO,Ac,DetailAccount,Everyone,30-14-1845-,TransformOneToOne,M&E Acc Dep,1560000,false,
US,A_Chempax_MAFCO,A_Chempax_MAFCO,Ac,DetailAccount,Everyone,30-14-1846-,TransformOneToOne,Accumulated Depreciation - Computer Equipment,1560010,false,
US,A_Chempax_MAFCO,A_Chempax_MAFCO,Ac,DetailAccount,Everyone,30-14-1850-,TransformOneToOne,M&E CIP,1510000,false,
US,A_Chempax_MAFCO,A_Chempax_MAFCO,Ac,DetailAccount,Everyone,30-14-1860-,TransformOneToOne,Rolling Stock,1520050,false,
US,A_Chempax_MAFCO,A_Chempax_MAFCO,Ac,DetailAccount,Everyone,30-14-1865-,TransformOneToOne,Rolling Stock Acc Dep,1560050,false,
US,A_Chempax_MAFCO,A_Chempax_MAFCO,Ac,DetailAccount,Everyone,30-14-3010-,TransformOneToOne,Sales Trade,4000000,true,
US,A_Chempax_MAFCO,A_Chempax_MAFCO,Ac,DetailAccount,Everyone,30-14-3012-,TransformOneToOne,Sales resale,4000000,true,
US,A_Chempax_MAFCO,A_Chempax_MAFCO,Ac,DetailAccount,Everyone,30-14-3015-,TransformOneToOne,Sales-Interco EVD,4800000,true,
US,A_Chempax_MAFCO,A_Chempax_MAFCO,Ac,DetailAccount,Everyone,30-14-3019-,TransformOneToOne,Sales-Interco China,4800000,true,
US,A_Chempax_MAFCO,A_Chempax_MAFCO,Ac,DetailAccount,Everyone,30-14-3030-,TransformOneToOne,Returns & Allow MAG,4100000,true,
US,A_Chempax_MAFCO,A_Chempax_MAFCO,Ac,DetailAccount,Everyone,30-14-3040-,TransformOneToOne,Freight Out,6010000,false,
US,A_Chempax_MAFCO,A_Chempax_MAFCO,Ac,DetailAccount,Everyone,30-14-4010-2109,TransformOneToOne,Cost of sales,5000000,false,
US,A_Chempax_MAFCO,A_Chempax_MAFCO,Ac,DetailAccount,Everyone,30-14-4015-2109,TransformOneToOne,COS-Interco EVD,5800000,false,
US,A_Chempax_MAFCO,A_Chempax_MAFCO,Ac,DetailAccount,Everyone,30-14-4019-2109,TransformOneToOne,COS-Interco China,5800000,false,
US,A_Chempax_MAFCO,A_Chempax_MAFCO,Ac,DetailAccount,Everyone,30-14-4100-2109,TransformOneToOne,Cost of resale sales,5000000,false,
US,A_Chempax_MAFCO,A_Chempax_MAFCO,Ac,DetailAccount,Everyone,30-14-5040-2109,TransformOneToOne,Packaging materials,6020000,false,
US,A_Chempax_MAFCO,A_Chempax_MAFCO,Ac,DetailAccount,Everyone,30-14-5901-2109,TransformOneToOne,Inv Adjust-MAG COGS,6030020,false,
US,A_Chempax_MAFCO,A_Chempax_MAFCO,Ac,DetailAccount,Everyone,30-14-5906-2109,TransformOneToOne,Inv Adjust-MAG RM CO,6030030,false,
US,A_Chempax_MAFCO,A_Chempax_MAFCO,Ac,DetailAccount,Everyone,30-14-5920-2109,TransformOneToOne,Mfg vs Std-MAG COGS,6020035,false,
US,A_Chempax_MAFCO,A_Chempax_MAFCO,Ac,DetailAccount,Everyone,30-14-5935-2109,TransformOneToOne,Variances,6020035,false,
US,A_Chempax_MAFCO,A_Chempax_MAFCO,Ac,DetailAccount,Everyone,30-14-5940-2109,TransformOneToOne,Purchase Variance,6030010,false,
US,A_Chempax_MAFCO,A_Chempax_MAFCO,Ac,DetailAccount,Everyone,30-14-6070-2088,TransformOneToOne,Freight in,6130020,false,
US,A_Chempax_MAFCO,A_Chempax_MAFCO,Ac,DetailAccount,Everyone,30-14-6070-2109,TransformOneToOne,Freight in,6130020,false,
US,A_Chempax_MAFCO,A_Chempax_MAFCO,Ac,DetailAccount,Everyone,30-14-6080-2088,TransformOneToOne,Operating Supplies,6410010,false,
US,A_Chempax_MAFCO,A_Chempax_MAFCO,Ac,DetailAccount,Everyone,30-14-6080-2095,TransformOneToOne,Operating Supplies-Mag Restr.,6410010,false,
US,A_Chempax_MAFCO,A_Chempax_MAFCO,Ac,DetailAccount,Everyone,30-14-6080-2109,TransformOneToOne,Operating Supplies,6410010,false,
US,A_Chempax_MAFCO,A_Chempax_MAFCO,Ac,DetailAccount,Everyone,30-14-6080-2706,TransformOneToOne,Adjust-MAG Other Exp,6410010,false,
US,A_Chempax_MAFCO,A_Chempax_MAFCO,Ac,DetailAccount,Everyone,30-14-6080-5088,TransformOneToOne,Production Supplies,6410010,false,
US,A_Chempax_MAFCO,A_Chempax_MAFCO,Ac,DetailAccount,Everyone,30-14-6090-2088,TransformOneToOne,Water & Sewer,6120020,false,
US,A_Chempax_MAFCO,A_Chempax_MAFCO,Ac,DetailAccount,Everyone,30-14-6090-2109,TransformOneToOne,Water & Sewer,6120020,false,
US,A_Chempax_MAFCO,A_Chempax_MAFCO,Ac,DetailAccount,Everyone,30-14-6100-2088,TransformOneToOne,Steam Cost,6120030,false,
US,A_Chempax_MAFCO,A_Chempax_MAFCO,Ac,DetailAccount,Everyone,30-14-6110-2088,TransformOneToOne,Electricity,6120000,false,
US,A_Chempax_MAFCO,A_Chempax_MAFCO,Ac,DetailAccount,Everyone,30-14-6110-2109,TransformOneToOne,Electric,6120000,false,
US,A_Chempax_MAFCO,A_Chempax_MAFCO,Ac,DetailAccount,Everyone,30-14-6120-2088,TransformOneToOne,Gas Used,6120010,false,
US,A_Chempax_MAFCO,A_Chempax_MAFCO,Ac,DetailAccount,Everyone,30-14-6120-2109,TransformOneToOne,Gas,6120010,false,
US,A_Chempax_MAFCO,A_Chempax_MAFCO,Ac,DetailAccount,Everyone,30-14-6130-2088,TransformOneToOne,Fuel Used,6120030,false,
US,A_Chempax_MAFCO,A_Chempax_MAFCO,Ac,DetailAccount,Everyone,30-14-6140-2088,TransformOneToOne,Power Purchased,6120000,false,
US,A_Chempax_MAFCO,A_Chempax_MAFCO,Ac,DetailAccount,Everyone,30-14-6150-2088,TransformOneToOne,Repair Material,6330020,false,
US,A_Chempax_MAFCO,A_Chempax_MAFCO,Ac,DetailAccount,Everyone,30-14-6150-2109,TransformOneToOne,Repair Material,6330020,false,
US,A_Chempax_MAFCO,A_Chempax_MAFCO,Ac,DetailAccount,Everyone,30-14-6160-2088,TransformOneToOne,Repair Service,6330010,false,
US,A_Chempax_MAFCO,A_Chempax_MAFCO,Ac,DetailAccount,Everyone,30-14-6160-2109,TransformOneToOne,Repair Service,6330010,false,
US,A_Chempax_MAFCO,A_Chempax_MAFCO,Ac,DetailAccount,Everyone,30-14-6170-2088,TransformOneToOne,Repair Mafco Labor,6330010,false,
US,A_Chempax_MAFCO,A_Chempax_MAFCO,Ac,DetailAccount,Everyone,30-14-6170-2109,TransformOneToOne,Repair Mafco Labor,6330010,false,
US,A_Chempax_MAFCO,A_Chempax_MAFCO,Ac,DetailAccount,Everyone,30-14-6210-2088,TransformOneToOne,Labor,6210000,false,
US,A_Chempax_MAFCO,A_Chempax_MAFCO,Ac,DetailAccount,Everyone,30-14-6210-2095,TransformOneToOne,Labor - Mag Restr,6210000,false,
US,A_Chempax_MAFCO,A_Chempax_MAFCO,Ac,DetailAccount,Everyone,30-14-6210-2109,TransformOneToOne,Labor,6210000,false,
US,A_Chempax_MAFCO,A_Chempax_MAFCO,Ac,DetailAccount,Everyone,30-14-6220-2088,TransformOneToOne,Labor Fringe,6210110,false,
US,A_Chempax_MAFCO,A_Chempax_MAFCO,Ac,DetailAccount,Everyone,30-14-6220-2095,TransformOneToOne,Labor Fringe,6210110,false,
US,A_Chempax_MAFCO,A_Chempax_MAFCO,Ac,DetailAccount,Everyone,30-14-6220-2109,TransformOneToOne,Labor Fringe,6210110,false,
US,A_Chempax_MAFCO,A_Chempax_MAFCO,Ac,DetailAccount,Everyone,30-14-6270-2088,TransformOneToOne,Salary Exp,6210000,false,
US,A_Chempax_MAFCO,A_Chempax_MAFCO,Ac,DetailAccount,Everyone,30-14-6270-2109,TransformOneToOne,Salary Exp,6210000,false,
US,A_Chempax_MAFCO,A_Chempax_MAFCO,Ac,DetailAccount,Everyone,30-14-6270-5088,TransformOneToOne,Salary Exp,6210000,false,
US,A_Chempax_MAFCO,A_Chempax_MAFCO,Ac,DetailAccount,Everyone,30-14-6270-5095,TransformOneToOne,Salaries – Mag Restr,6210000,false,
US,A_Chempax_MAFCO,A_Chempax_MAFCO,Ac,DetailAccount,Everyone,30-14-6270-5109,TransformOneToOne,Sal Exp MAG Selling,6210000,false,
US,A_Chempax_MAFCO,A_Chempax_MAFCO,Ac,DetailAccount,Everyone,30-14-6274-2109,TransformOneToOne,Annual Incentive Plan,6210040,false,
US,A_Chempax_MAFCO,A_Chempax_MAFCO,Ac,DetailAccount,Everyone,30-14-6274-5088,TransformOneToOne,Annual Incentive Plan,6210040,false,
US,A_Chempax_MAFCO,A_Chempax_MAFCO,Ac,DetailAccount,Everyone,30-14-6274-5109,TransformOneToOne,Annual Incentive Plan,6210040,false,
US,A_Chempax_MAFCO,A_Chempax_MAFCO,Ac,DetailAccount,Everyone,30-14-6275-2109,TransformOneToOne,Severance,6210020,false,
US,A_Chempax_MAFCO,A_Chempax_MAFCO,Ac,DetailAccount,Everyone,30-14-6280-2088,TransformOneToOne,Salary Fringe,6210110,false,
US,A_Chempax_MAFCO,A_Chempax_MAFCO,Ac,DetailAccount,Everyone,30-14-6280-2109,TransformOneToOne,Salary Fringe,6210110,false,
US,A_Chempax_MAFCO,A_Chempax_MAFCO,Ac,DetailAccount,Everyone,30-14-6280-5088,TransformOneToOne,Salary Fringe,6210110,false,
US,A_Chempax_MAFCO,A_Chempax_MAFCO,Ac,DetailAccount,Everyone,30-14-6280-5095,TransformOneToOne,Salary Fringe,6210110,false,
US,A_Chempax_MAFCO,A_Chempax_MAFCO,Ac,DetailAccount,Everyone,30-14-6280-5109,TransformOneToOne,Salary Frng MAG Sell,6210110,false,
US,A_Chempax_MAFCO,A_Chempax_MAFCO,Ac,DetailAccount,Everyone,30-14-6290-2088,TransformOneToOne,Club Dues,6610030,false,
US,A_Chempax_MAFCO,A_Chempax_MAFCO,Ac,DetailAccount,Everyone,30-14-6310-2088,TransformOneToOne,Safety Exp,6410020,false,
US,A_Chempax_MAFCO,A_Chempax_MAFCO,Ac,DetailAccount,Everyone,30-14-6320-2088,TransformOneToOne,Occup Alloc,6120030,false,
US,A_Chempax_MAFCO,A_Chempax_MAFCO,Ac,DetailAccount,Everyone,30-14-6320-2109,TransformOneToOne,Occup Alloc,6120030,false,
US,A_Chempax_MAFCO,A_Chempax_MAFCO,Ac,DetailAccount,Everyone,30-14-6330-2088,TransformOneToOne,Rent,6320010,false,
US,A_Chempax_MAFCO,A_Chempax_MAFCO,Ac,DetailAccount,Everyone,30-14-6330-2109,TransformOneToOne,Rent,6320010,false,
US,A_Chempax_MAFCO,A_Chempax_MAFCO,Ac,DetailAccount,Everyone,30-14-6330-5109,TransformOneToOne,Rent,6320010,false,
US,A_Chempax_MAFCO,A_Chempax_MAFCO,Ac,DetailAccount,Everyone,30-14-6330-5720,TransformOneToOne,Rent - Equipment,6320010,false,
US,A_Chempax_MAFCO,A_Chempax_MAFCO,Ac,DetailAccount,Everyone,30-14-6334-,TransformOneToOne,ASC 842-Operating Le,6320020,false,
US,A_Chempax_MAFCO,A_Chempax_MAFCO,Ac,DetailAccount,Everyone,30-14-6334-2109,TransformOneToOne,ASC 842 Operating Lease,6320020,false,
US,A_Chempax_MAFCO,A_Chempax_MAFCO,Ac,DetailAccount,Everyone,30-14-6337-2095,TransformOneToOne,Rent-Leased property Camden,6320000,false,
US,A_Chempax_MAFCO,A_Chempax_MAFCO,Ac,DetailAccount,Everyone,30-14-6337-2109,TransformOneToOne,Rent-Leased Property,6320000,false,
US,A_Chempax_MAFCO,A_Chempax_MAFCO,Ac,DetailAccount,Everyone,30-14-6340-2088,TransformOneToOne,Depreciation,6710000,false,
US,A_Chempax_MAFCO,A_Chempax_MAFCO,Ac,DetailAccount,Everyone,30-14-6340-2109,TransformOneToOne,Depreciation,6710000,false,
US,A_Chempax_MAFCO,A_Chempax_MAFCO,Ac,DetailAccount,Everyone,30-14-6350-2088,TransformOneToOne,Taxes & Lic,6420020,false,
US,A_Chempax_MAFCO,A_Chempax_MAFCO,Ac,DetailAccount,Everyone,30-14-6350-2109,TransformOneToOne,Taxes & Lic,6420020,false,
US,A_Chempax_MAFCO,A_Chempax_MAFCO,Ac,DetailAccount,Everyone,30-14-6360-2088,TransformOneToOne,Insurance,6610130,false,
US,A_Chempax_MAFCO,A_Chempax_MAFCO,Ac,DetailAccount,Everyone,30-14-6370-2088,TransformOneToOne,Travel Nonded,6610040,false,
US,A_Chempax_MAFCO,A_Chempax_MAFCO,Ac,DetailAccount,Everyone,30-14-6370-5109,TransformOneToOne,Travel Nonded,6610040,false,
US,A_Chempax_MAFCO,A_Chempax_MAFCO,Ac,DetailAccount,Everyone,30-14-6370-5720,TransformOneToOne,Adjust-MAG Other Exp,6610040,false,
US,A_Chempax_MAFCO,A_Chempax_MAFCO,Ac,DetailAccount,Everyone,30-14-6380-2088,TransformOneToOne,Prof Svcs R&D,6310100,false,
US,A_Chempax_MAFCO,A_Chempax_MAFCO,Ac,DetailAccount,Everyone,30-14-6380-2095,TransformOneToOne,Prof Svcs,6310100,false,
US,A_Chempax_MAFCO,A_Chempax_MAFCO,Ac,DetailAccount,Everyone,30-14-6380-2109,TransformOneToOne,Prof Svcs Mag COP,6310100,false,
US,A_Chempax_MAFCO,A_Chempax_MAFCO,Ac,DetailAccount,Everyone,30-14-6380-5088,TransformOneToOne,Other Outside Services,6310100,false,
US,A_Chempax_MAFCO,A_Chempax_MAFCO,Ac,DetailAccount,Everyone,30-14-6380-5109,TransformOneToOne,Prof Svcs,6310100,false,
US,A_Chempax_MAFCO,A_Chempax_MAFCO,Ac,DetailAccount,Everyone,30-14-6380-5720,TransformOneToOne,Adjust-MAG Other Exp,6310100,false,
US,A_Chempax_MAFCO,A_Chempax_MAFCO,Ac,DetailAccount,Everyone,30-14-6381-2095,TransformOneToOne,Prof Svcs – Legal,6430040,false,
US,A_Chempax_MAFCO,A_Chempax_MAFCO,Ac,DetailAccount,Everyone,30-14-6381-5109,TransformOneToOne,Prof serv Legal MAG,6430040,false,
US,A_Chempax_MAFCO,A_Chempax_MAFCO,Ac,DetailAccount,Everyone,30-14-6390-2088,TransformOneToOne,Other Exp,6610070,false,
US,A_Chempax_MAFCO,A_Chempax_MAFCO,Ac,DetailAccount,Everyone,30-14-6390-2109,TransformOneToOne,Other Exp,6610070,false,
US,A_Chempax_MAFCO,A_Chempax_MAFCO,Ac,DetailAccount,Everyone,30-14-6390-5088,TransformOneToOne,Other Exp,6610070,false,
US,A_Chempax_MAFCO,A_Chempax_MAFCO,Ac,DetailAccount,Everyone,30-14-6390-5109,TransformOneToOne,Other Exp,6610070,false,
US,A_Chempax_MAFCO,A_Chempax_MAFCO,Ac,DetailAccount,Everyone,30-14-6400-2088,TransformOneToOne,Meal Allow,6220030,false,
US,A_Chempax_MAFCO,A_Chempax_MAFCO,Ac,DetailAccount,Everyone,30-14-6410-2088,TransformOneToOne,Advertisment,6510070,false,
US,A_Chempax_MAFCO,A_Chempax_MAFCO,Ac,DetailAccount,Everyone,30-14-6410-2109,TransformOneToOne,Advertisment,6510070,false,
US,A_Chempax_MAFCO,A_Chempax_MAFCO,Ac,DetailAccount,Everyone,30-14-6410-5088,TransformOneToOne,Advertisment,6510070,false,
US,A_Chempax_MAFCO,A_Chempax_MAFCO,Ac,DetailAccount,Everyone,30-14-6410-5109,TransformOneToOne,Advertisment,6510070,false,
US,A_Chempax_MAFCO,A_Chempax_MAFCO,Ac,DetailAccount,Everyone,30-14-6420-2088,TransformOneToOne,Guard Svc,6310070,false,
US,A_Chempax_MAFCO,A_Chempax_MAFCO,Ac,DetailAccount,Everyone,30-14-6420-2109,TransformOneToOne,Guard Svc,6310070,false,
US,A_Chempax_MAFCO,A_Chempax_MAFCO,Ac,DetailAccount,Everyone,30-14-6430-2088,TransformOneToOne,Travel,6220010,false,
US,A_Chempax_MAFCO,A_Chempax_MAFCO,Ac,DetailAccount,Everyone,30-14-6430-2095,TransformOneToOne,Travel Restr,6220010,false,
US,A_Chempax_MAFCO,A_Chempax_MAFCO,Ac,DetailAccount,Everyone,30-14-6430-2109,TransformOneToOne,Travel,6220010,false,
US,A_Chempax_MAFCO,A_Chempax_MAFCO,Ac,DetailAccount,Everyone,30-14-6430-5088,TransformOneToOne,R&D Travel,6220010,false,
US,A_Chempax_MAFCO,A_Chempax_MAFCO,Ac,DetailAccount,Everyone,30-14-6430-5109,TransformOneToOne,Travel,6220010,false,
US,A_Chempax_MAFCO,A_Chempax_MAFCO,Ac,DetailAccount,Everyone,30-14-6430-5720,TransformOneToOne,Adjust-MAG Other Exp,6220010,false,
US,A_Chempax_MAFCO,A_Chempax_MAFCO,Ac,DetailAccount,Everyone,30-14-6440-2088,TransformOneToOne,Stationery Supply,6410000,false,
US,A_Chempax_MAFCO,A_Chempax_MAFCO,Ac,DetailAccount,Everyone,30-14-6440-2109,TransformOneToOne,Stationery Supply,6410000,false,
US,A_Chempax_MAFCO,A_Chempax_MAFCO,Ac,DetailAccount,Everyone,30-14-6440-5088,TransformOneToOne,Stationery Supply,6410000,false,
US,A_Chempax_MAFCO,A_Chempax_MAFCO,Ac,DetailAccount,Everyone,30-14-6440-5109,TransformOneToOne,Stationery Supply,6410000,false,
US,A_Chempax_MAFCO,A_Chempax_MAFCO,Ac,DetailAccount,Everyone,30-14-6450-2088,TransformOneToOne,Commission Inc,6530000,false,
US,A_Chempax_MAFCO,A_Chempax_MAFCO,Ac,DetailAccount,Everyone,30-14-6460-2088,TransformOneToOne,Communication,6310030,false,
US,A_Chempax_MAFCO,A_Chempax_MAFCO,Ac,DetailAccount,Everyone,30-14-6460-5088,TransformOneToOne,Communication,6310030,false,
US,A_Chempax_MAFCO,A_Chempax_MAFCO,Ac,DetailAccount,Everyone,30-14-6470-2088,TransformOneToOne,Commission Exp,6530000,false,
US,A_Chempax_MAFCO,A_Chempax_MAFCO,Ac,DetailAccount,Everyone,30-14-6480-2088,TransformOneToOne,Dues & Subsc,6610030,false,
US,A_Chempax_MAFCO,A_Chempax_MAFCO,Ac,DetailAccount,Everyone,30-14-6480-5088,TransformOneToOne,Dues & Subsc,6610030,false,
US,A_Chempax_MAFCO,A_Chempax_MAFCO,Ac,DetailAccount,Everyone,30-14-6480-5109,TransformOneToOne,Dues & Subscriptions,6610030,false,
US,A_Chempax_MAFCO,A_Chempax_MAFCO,Ac,DetailAccount,Everyone,30-14-6490-2088,TransformOneToOne,Shutdown,6310100,false,
US,A_Chempax_MAFCO,A_Chempax_MAFCO,Ac,DetailAccount,Everyone,30-14-6500-2088,TransformOneToOne,Contribution Exp,6610010,false,
US,A_Chempax_MAFCO,A_Chempax_MAFCO,Ac,DetailAccount,Everyone,30-14-6510-2088,TransformOneToOne,Bank Fees,6610140,false,
US,A_Chempax_MAFCO,A_Chempax_MAFCO,Ac,DetailAccount,Everyone,30-14-6510-5088,TransformOneToOne,Bank Fees,6610140,false,
US,A_Chempax_MAFCO,A_Chempax_MAFCO,Ac,DetailAccount,Everyone,30-14-6510-5109,TransformOneToOne,Bank Fees,6610140,false,
US,A_Chempax_MAFCO,A_Chempax_MAFCO,Ac,DetailAccount,Everyone,30-14-6520-2088,TransformOneToOne,Education Exp,6210150,false,
US,A_Chempax_MAFCO,A_Chempax_MAFCO,Ac,DetailAccount,Everyone,30-14-6520-5109,TransformOneToOne,Education Exp,6210150,false,
US,A_Chempax_MAFCO,A_Chempax_MAFCO,Ac,DetailAccount,Everyone,30-14-6540-2088,TransformOneToOne,Enviro Exp,6610070,false,
US,A_Chempax_MAFCO,A_Chempax_MAFCO,Ac,DetailAccount,Everyone,30-14-6540-2109,TransformOneToOne,Enviro Exp,6310100,false,
US,A_Chempax_MAFCO,A_Chempax_MAFCO,Ac,DetailAccount,Everyone,30-14-6550-2088,TransformOneToOne,Alarm System,6310070,false,
US,A_Chempax_MAFCO,A_Chempax_MAFCO,Ac,DetailAccount,Everyone,30-14-6720-2088,TransformOneToOne,CC Alloc,6610090,false,
US,A_Chempax_MAFCO,A_Chempax_MAFCO,Ac,DetailAccount,Everyone,30-14-6810-2095,TransformOneToOne,Fixed Asset Retire,6720000,false,
US,A_Chempax_MAFCO,A_Chempax_MAFCO,Ac,DetailAccount,Everyone,30-14-8155-2015,TransformOneToOne,401K Contribution,6210100,false,
US,A_Chempax_MAFCO,A_Chempax_MAFCO,Ac,DetailAccount,Everyone,30-14-8250-2015,TransformOneToOne,Fringe Alloc,6210110,false,
US,A_Chempax_MAFCO,A_Chempax_MAFCO,Ac,DetailAccount,Everyone,30-14-8250-2088,TransformOneToOne,Fringe Alloc,6210110,false,
US,A_Chempax_MAFCO,A_Chempax_MAFCO,Ac,DetailAccount,Everyone,30-14-8250-2095,TransformOneToOne,Fringe Alloc – Mag Restr,6210110,false,
US,A_Chempax_MAFCO,A_Chempax_MAFCO,Ac,DetailAccount,Everyone,30-14-8250-5088,TransformOneToOne,Fringe Alloc,6210110,false,
US,A_Chempax_MAFCO,A_Chempax_MAFCO,Ac,DetailAccount,Everyone,30-15-2550-5093,TransformOneToOne,Wrkmn's Comp-Factory,2312590,true,
US,A_Chempax_MAFCO,A_Chempax_MAFCO,Ac,DetailAccount,Everyone,30-15-6270-5093,TransformOneToOne,Salary Exp,6210000,false,
US,A_Chempax_MAFCO,A_Chempax_MAFCO,Ac,DetailAccount,Everyone,30-15-6280-5093,TransformOneToOne,Salary Fringe,6210110,false,
US,A_Chempax_MAFCO,A_Chempax_MAFCO,Ac,DetailAccount,Everyone,30-15-6340-2000,TransformOneToOne,Depreciation,6710000,false,
US,A_Chempax_MAFCO,A_Chempax_MAFCO,Ac,DetailAccount,Everyone,30-15-6340-2090,TransformOneToOne,Depreciation,6710000,false,
US,A_Chempax_MAFCO,A_Chempax_MAFCO,Ac,DetailAccount,Everyone,30-15-6350-5093,TransformOneToOne,Taxes & Lic,6420020,false,
US,A_Chempax_MAFCO,A_Chempax_MAFCO,Ac,DetailAccount,Everyone,30-15-6360-5093,TransformOneToOne,Insurance,6610130,false,
US,A_Chempax_MAFCO,A_Chempax_MAFCO,Ac,DetailAccount,Everyone,30-15-6370-5093,TransformOneToOne,Travel Nonded,6610040,false,
US,A_Chempax_MAFCO,A_Chempax_MAFCO,Ac,DetailAccount,Everyone,30-15-6380-5093,TransformOneToOne,Prof Svcs,6310100,false,
US,A_Chempax_MAFCO,A_Chempax_MAFCO,Ac,DetailAccount,Everyone,30-15-6381-5093,TransformOneToOne,Prof Svcs - Legal,6430040,false,
US,A_Chempax_MAFCO,A_Chempax_MAFCO,Ac,DetailAccount,Everyone,30-15-6382-5093,TransformOneToOne,Prof serv - audit,6310080,false,
US,A_Chempax_MAFCO,A_Chempax_MAFCO,Ac,DetailAccount,Everyone,30-15-6390-,TransformOneToOne,Other Expense,6610070,false,
US,A_Chempax_MAFCO,A_Chempax_MAFCO,Ac,DetailAccount,Everyone,30-15-6390-0093,TransformOneToOne,Other Exp,6610070,false,
US,A_Chempax_MAFCO,A_Chempax_MAFCO,Ac,DetailAccount,Everyone,30-15-6390-5093,TransformOneToOne,Other Exp Pneumo,6610070,false,
US,A_Chempax_MAFCO,A_Chempax_MAFCO,Ac,DetailAccount,Everyone,30-15-6430-5093,TransformOneToOne,Travel,6220010,false,
US,A_Chempax_MAFCO,A_Chempax_MAFCO,Ac,DetailAccount,Everyone,30-15-6500-5093,TransformOneToOne,Contribution Exp,6610010,false,
US,A_Chempax_MAFCO,A_Chempax_MAFCO,Ac,DetailAccount,Everyone,30-15-6510-5093,TransformOneToOne,Bank Fees Pneumo,6610140,false,
US,A_Chempax_MAFCO,A_Chempax_MAFCO,Ac,DetailAccount,Everyone,30-15-6800-,TransformOneToOne,Other Inc,8190100,false,
US,A_Chempax_MAFCO,A_Chempax_MAFCO,Ac,DetailAccount,Everyone,30-15-6800-0093,TransformOneToOne,Other Inc Pneumo LLC,8190100,false,
US,A_Chempax_MAFCO,A_Chempax_MAFCO,Ac,DetailAccount,Everyone,30-15-6800-5093,TransformOneToOne,Other Inc,8190100,false,
US,A_Chempax_MAFCO,A_Chempax_MAFCO,Ac,DetailAccount,Everyone,30-15-6850-0093,TransformOneToOne,Pension Inc,8140100,false,
US,A_Chempax_MAFCO,A_Chempax_MAFCO,Ac,DetailAccount,Everyone,30-15-6880-,TransformOneToOne,Alloc Fl Holdings,8210100,false,
US,A_Chempax_MAFCO,A_Chempax_MAFCO,Ac,DetailAccount,Everyone,30-15-6880-5093,TransformOneToOne,Alloc Admin,6610090,false,
US,A_Chempax_MAFCO,A_Chempax_MAFCO,Ac,DetailAccount,Everyone,30-15-6881-,TransformOneToOne,Alloc IC EVD,6610150,false,
US,A_Chempax_MAFCO,A_Chempax_MAFCO,Ac,DetailAccount,Everyone,30-15-6881-5094,TransformOneToOne,IC Beneficial Services,6610150,false,
US,A_Chempax_MAFCO,A_Chempax_MAFCO,Ac,DetailAccount,Everyone,30-15-6882-,TransformOneToOne,Alloc IC Merisant 2,6610150,false,
US,A_Chempax_MAFCO,A_Chempax_MAFCO,Ac,DetailAccount,Everyone,30-15-6883-,TransformOneToOne,Fee from Germany,6610150,false,
US,A_Chempax_MAFCO,A_Chempax_MAFCO,Ac,DetailAccount,Everyone,30-15-6884-,TransformOneToOne,Alloc ZFTZ,6610150,false,
US,A_Chempax_MAFCO,A_Chempax_MAFCO,Ac,DetailAccount,Everyone,30-15-6885-,TransformOneToOne,Alloc SMBT,6610150,false,
US,A_Chempax_MAFCO,A_Chempax_MAFCO,Ac,DetailAccount,Everyone,30-15-6886-,TransformOneToOne,Alloc Interco WF,6610150,false,
US,A_Chempax_MAFCO,A_Chempax_MAFCO,Ac,DetailAccount,Everyone,30-15-7701-,TransformOneToOne,Interest exp,8410100,false,
US,A_Chempax_MAFCO,A_Chempax_MAFCO,Ac,DetailAccount,Everyone,30-15-7800-0044,TransformOneToOne,Contingent Lia Exp.,8190100,false,
US,A_Chempax_MAFCO,A_Chempax_MAFCO,Ac,DetailAccount,Everyone,30-15-7900-5093,TransformOneToOne,Pension Top Hat,6210090,false,
US,A_Chempax_MAFCO,A_Chempax_MAFCO,Ac,DetailAccount,Everyone,30-15-8010-5093,TransformOneToOne,FICA Exp,6210080,false,
US,A_Chempax_MAFCO,A_Chempax_MAFCO,Ac,DetailAccount,Everyone,30-15-8030-5093,TransformOneToOne,Unemployment Exp,6210160,false,
US,A_Chempax_MAFCO,A_Chempax_MAFCO,Ac,DetailAccount,Everyone,30-15-8120-5093,TransformOneToOne,Vacation Exp,6210010,false,
US,A_Chempax_MAFCO,A_Chempax_MAFCO,Ac,DetailAccount,Everyone,30-15-8140-5093,TransformOneToOne,Pension Exp,6210090,false,
US,A_Chempax_MAFCO,A_Chempax_MAFCO,Ac,DetailAccount,Everyone,30-15-9800-,TransformOneToOne,Pension Gain-Net,8140100,false,
US,A_Chempax_MAFCO,A_Chempax_MAFCO,Ac,DetailAccount,Everyone,30-16-6340-2000,TransformOneToOne,Depreciation,6710000,false,
US,A_Chempax_MAFCO,A_Chempax_MAFCO,Ac,DetailAccount,Everyone,30-16-6340-2090,TransformOneToOne,Depreciation,6710000,false,
US,A_Chempax_MAFCO,A_Chempax_MAFCO,Ac,DetailAccount,Everyone,30-16-6340-5090,TransformOneToOne,Depreciation,6710000,false,
US,A_Chempax_MAFCO,A_Chempax_MAFCO,Ac,DetailAccount,Everyone,30-16-6810-0090,TransformOneToOne,Fixed Asset Retire,8150100,false,
US,A_Chempax_MAFCO,A_Chempax_MAFCO,Ac,DetailAccount,Everyone,30-16-6820-0090,TransformOneToOne,Amortz Goodwill,6920100,false,
US,A_Chempax_MAFCO,A_Chempax_MAFCO,Ac,DetailAccount,Everyone,30-16-6830-0090,TransformOneToOne,Amortz Prod Formula,6920120,false,
US,A_Chempax_MAFCO,A_Chempax_MAFCO,Ac,DetailAccount,Everyone,30-16-8170-5090,TransformOneToOne,Health & Life Ins Ex,6210130,false,
US,A_Chempax_MAFCO,A_Chempax_MAFCO,Ac,DetailAccount,Everyone,30-16-8180-5090,TransformOneToOne,Pension Exp Purch-Sa,6210090,false,
US,A_Chempax_MAFCO,A_Chempax_MAFCO,Ac,DetailAccount,Everyone,30-16-8190-2090,TransformOneToOne,Pension Exp Purch-Fa,8140100,false,
US,A_Chempax_MAFCO,A_Chempax_MAFCO,Ac,DetailAccount,Everyone,30-16-8190-5090,TransformOneToOne,Pension Exp Purch-Fa,8140100,false,
US,A_Chempax_MAFCO,A_Chempax_MAFCO,Ac,DetailAccount,Everyone,30-16-8200-2090,TransformOneToOne,Fringe Alloc-Neal,6210110,false,
US,A_Chempax_MAFCO,A_Chempax_MAFCO,Ac,DetailAccount,Everyone,30-16-8200-5090,TransformOneToOne,Fringe Alloc-Neal,6210110,false,
US,A_Chempax_MAFCO,A_Chempax_MAFCO,Ac,DetailAccount,Everyone,30-20-1010-,TransformOneToOne,Cash VA,1100030,false,
US,A_Chempax_MAFCO,A_Chempax_MAFCO,Ac,DetailAccount,Everyone,30-20-1030-,TransformOneToOne,Cash - Provident,1100060,false,
US,A_Chempax_MAFCO,A_Chempax_MAFCO,Ac,DetailAccount,Everyone,30-20-1070-,TransformOneToOne,Petty cash Richmond,1100000,false,
US,A_Chempax_MAFCO,A_Chempax_MAFCO,Ac,DetailAccount,Everyone,30-20-1220-0039,TransformOneToOne,A/R Trade,1150000,false,
US,A_Chempax_MAFCO,A_Chempax_MAFCO,Ac,DetailAccount,Everyone,30-20-1230-0039,TransformOneToOne,A/R Other,1150020,false,
US,A_Chempax_MAFCO,A_Chempax_MAFCO,Ac,DetailAccount,Everyone,30-20-1240-,TransformOneToOne,Inventory advance,1250900,false,
US,A_Chempax_MAFCO,A_Chempax_MAFCO,Ac,DetailAccount,Everyone,30-20-1250-,TransformOneToOne,Bad Debt Prov.,1151000,false,
US,A_Chempax_MAFCO,A_Chempax_MAFCO,Ac,DetailAccount,Everyone,30-20-1280-,TransformOneToOne,Inventory advances,1250900,false,
US,A_Chempax_MAFCO,A_Chempax_MAFCO,Ac,DetailAccount,Everyone,30-20-1300-,TransformOneToOne,Inv. Reserve,1201500,false,
US,A_Chempax_MAFCO,A_Chempax_MAFCO,Ac,DetailAccount,Everyone,30-20-1300-0001,TransformOneToOne,Inv. Reserve,1201500,false,
US,A_Chempax_MAFCO,A_Chempax_MAFCO,Ac,DetailAccount,Everyone,30-20-1400-,TransformOneToOne,Nat Prod RM,1201000,false,
US,A_Chempax_MAFCO,A_Chempax_MAFCO,Ac,DetailAccount,Everyone,30-20-1400-2010,TransformOneToOne,Nat Prod RM-Purch,1201000,false,
US,A_Chempax_MAFCO,A_Chempax_MAFCO,Ac,DetailAccount,Everyone,30-20-1400-2011,TransformOneToOne,Nat Prod RM-Usage,1201000,false,
US,A_Chempax_MAFCO,A_Chempax_MAFCO,Ac,DetailAccount,Everyone,30-20-1400-2012,TransformOneToOne,Nat Prod RM-Adj,1201000,false,
US,A_Chempax_MAFCO,A_Chempax_MAFCO,Ac,DetailAccount,Everyone,30-20-1450-,TransformOneToOne,Nat Prod Pkg,1201400,false,
US,A_Chempax_MAFCO,A_Chempax_MAFCO,Ac,DetailAccount,Everyone,30-20-1450-2010,TransformOneToOne,Nat Prod Pkg-Purch,1201400,false,
US,A_Chempax_MAFCO,A_Chempax_MAFCO,Ac,DetailAccount,Everyone,30-20-1450-2011,TransformOneToOne,Nat Prod Pkg - Usage,1201400,false,
US,A_Chempax_MAFCO,A_Chempax_MAFCO,Ac,DetailAccount,Everyone,30-20-1450-2012,TransformOneToOne,Nat Prod Pkg - Adj,1201400,false,
US,A_Chempax_MAFCO,A_Chempax_MAFCO,Ac,DetailAccount,Everyone,30-20-1500-,TransformOneToOne,Nat Prd Resale,1203000,false,
US,A_Chempax_MAFCO,A_Chempax_MAFCO,Ac,DetailAccount,Everyone,30-20-1600-,TransformOneToOne,Nat Prd Fin Gds,1203000,false,
US,A_Chempax_MAFCO,A_Chempax_MAFCO,Ac,DetailAccount,Everyone,30-20-1630-,TransformOneToOne,Misc Prepaid Exp,1250900,false,
US,A_Chempax_MAFCO,A_Chempax_MAFCO,Ac,DetailAccount,Everyone,30-20-1645-,TransformOneToOne,Deposits-Long term,1870700,false,
US,A_Chempax_MAFCO,A_Chempax_MAFCO,Ac,DetailAccount,Everyone,30-20-1646-,TransformOneToOne,Deposits-Long Term,1870700,false,
US,A_Chempax_MAFCO,A_Chempax_MAFCO,Ac,DetailAccount,Everyone,30-20-1810-,TransformOneToOne,Land,1500000,false,
US,A_Chempax_MAFCO,A_Chempax_MAFCO,Ac,DetailAccount,Everyone,30-20-1820-,TransformOneToOne,Building,1530000,false,
US,A_Chempax_MAFCO,A_Chempax_MAFCO,Ac,DetailAccount,Everyone,30-20-1821-,TransformOneToOne,Leasehold Improvements,1530020,false,
US,A_Chempax_MAFCO,A_Chempax_MAFCO,Ac,DetailAccount,Everyone,30-20-1825-,TransformOneToOne,Building Acc Dep,1570000,false,
US,A_Chempax_MAFCO,A_Chempax_MAFCO,Ac,DetailAccount,Everyone,30-20-1826-,TransformOneToOne,Leasehold Accumulated Depreciation,1570020,false,
US,A_Chempax_MAFCO,A_Chempax_MAFCO,Ac,DetailAccount,Everyone,30-20-1840-,TransformOneToOne,Mach & Equipment,1520000,false,
US,A_Chempax_MAFCO,A_Chempax_MAFCO,Ac,DetailAccount,Everyone,30-20-1841-,TransformOneToOne,Mach & Equipment-IT,1520010,false,
US,A_Chempax_MAFCO,A_Chempax_MAFCO,Ac,DetailAccount,Everyone,30-20-1845-,TransformOneToOne,M&E Acc Dep,1560000,false,
US,A_Chempax_MAFCO,A_Chempax_MAFCO,Ac,DetailAccount,Everyone,30-20-1846-,TransformOneToOne,M&E- IT Acc Dep,1560010,false,
US,A_Chempax_MAFCO,A_Chempax_MAFCO,Ac,DetailAccount,Everyone,30-20-1850-,TransformOneToOne,M&E CIP,1510000,false,
US,A_Chempax_MAFCO,A_Chempax_MAFCO,Ac,DetailAccount,Everyone,30-20-1860-,TransformOneToOne,Rolling Stock,1520050,false,
US,A_Chempax_MAFCO,A_Chempax_MAFCO,Ac,DetailAccount,Everyone,30-20-1865-,TransformOneToOne,Rolling Stock Acc De,1560050,false,
US,A_Chempax_MAFCO,A_Chempax_MAFCO,Ac,DetailAccount,Everyone,30-20-1870-,TransformOneToOne,Furniture & Fixtures,1520040,false,
US,A_Chempax_MAFCO,A_Chempax_MAFCO,Ac,DetailAccount,Everyone,30-20-1875-,TransformOneToOne,F & Fixture Dep Acc,1560040,false,
US,A_Chempax_MAFCO,A_Chempax_MAFCO,Ac,DetailAccount,Everyone,30-20-1880-,TransformOneToOne,Lab Equip,1520020,false,
US,A_Chempax_MAFCO,A_Chempax_MAFCO,Ac,DetailAccount,Everyone,30-20-1885-,TransformOneToOne,Lab Equip Acc Dep,1560020,false,
US,A_Chempax_MAFCO,A_Chempax_MAFCO,Ac,DetailAccount,Everyone,30-20-1890-,TransformOneToOne,Prov for Depr,1599000,false,
US,A_Chempax_MAFCO,A_Chempax_MAFCO,Ac,DetailAccount,Everyone,30-20-1891-,TransformOneToOne,RESERVE FOR FIXED AS,1599000,false,
US,A_Chempax_MAFCO,A_Chempax_MAFCO,Ac,DetailAccount,Everyone,30-20-2050-,TransformOneToOne,Accounts Payable,2150000,true,
US,A_Chempax_MAFCO,A_Chempax_MAFCO,Ac,DetailAccount,Everyone,30-20-2060-,TransformOneToOne,Acc Accts Pay,2150000,true,
US,A_Chempax_MAFCO,A_Chempax_MAFCO,Ac,DetailAccount,Everyone,30-20-2061-,TransformOneToOne,A|P acc rec w/o inv,2150020,true,
US,A_Chempax_MAFCO,A_Chempax_MAFCO,Ac,DetailAccount,Everyone,30-20-2210-,TransformOneToOne,Acc Payroll,2311000,true,
US,A_Chempax_MAFCO,A_Chempax_MAFCO,Ac,DetailAccount,Everyone,30-20-2290-,TransformOneToOne,Va state inc. tax w\,2320130,true,
US,A_Chempax_MAFCO,A_Chempax_MAFCO,Ac,DetailAccount,Everyone,30-20-2320-,TransformOneToOne,FUTA,2312000,true,
US,A_Chempax_MAFCO,A_Chempax_MAFCO,Ac,DetailAccount,Everyone,30-20-2330-,TransformOneToOne,Unemployment VA,2312590,true,
US,A_Chempax_MAFCO,A_Chempax_MAFCO,Ac,DetailAccount,Everyone,30-20-2340-,TransformOneToOne,Acc Property Tax,2310600,true,
US,A_Chempax_MAFCO,A_Chempax_MAFCO,Ac,DetailAccount,Everyone,30-20-2390-,TransformOneToOne,Unemployment VA,2312000,true,
US,A_Chempax_MAFCO,A_Chempax_MAFCO,Ac,DetailAccount,Everyone,30-20-2420-,TransformOneToOne,Payroll ded misc,2320120,true,
US,A_Chempax_MAFCO,A_Chempax_MAFCO,Ac,DetailAccount,Everyone,30-20-2450-,TransformOneToOne,Fed Inc Tax W/H,2320130,true,
US,A_Chempax_MAFCO,A_Chempax_MAFCO,Ac,DetailAccount,Everyone,30-20-2460-,TransformOneToOne,FICA w\h,2320130,true,
US,A_Chempax_MAFCO,A_Chempax_MAFCO,Ac,DetailAccount,Everyone,30-20-2470-,TransformOneToOne,FICA Co. lia,2312000,true,
US,A_Chempax_MAFCO,A_Chempax_MAFCO,Ac,DetailAccount,Everyone,30-20-2540-,TransformOneToOne,Union dues w\h,2320120,true,
US,A_Chempax_MAFCO,A_Chempax_MAFCO,Ac,DetailAccount,Everyone,30-20-2550-,TransformOneToOne,Wrkmn's Comp-Factory,2312590,true,
US,A_Chempax_MAFCO,A_Chempax_MAFCO,Ac,DetailAccount,Everyone,30-20-2590-,TransformOneToOne,Factory Pension,2312530,true,
US,A_Chempax_MAFCO,A_Chempax_MAFCO,Ac,DetailAccount,Everyone,30-20-2620-,TransformOneToOne,Acc Vacation,2312510,true,
US,A_Chempax_MAFCO,A_Chempax_MAFCO,Ac,DetailAccount,Everyone,30-20-2620-0014,TransformOneToOne,Acc Vacation,2312510,true,
US,A_Chempax_MAFCO,A_Chempax_MAFCO,Ac,DetailAccount,Everyone,30-20-2620-0015,TransformOneToOne,Acc Vacation,2312510,true,
US,A_Chempax_MAFCO,A_Chempax_MAFCO,Ac,DetailAccount,Everyone,30-20-2650-,TransformOneToOne,401K W/H,2320100,true,
US,A_Chempax_MAFCO,A_Chempax_MAFCO,Ac,DetailAccount,Everyone,30-20-2651-,TransformOneToOne,401K ROTH After Tax,2312500,true,
US,A_Chempax_MAFCO,A_Chempax_MAFCO,Ac,DetailAccount,Everyone,30-20-2652-,TransformOneToOne,401K ROTH Match,2312500,true,
US,A_Chempax_MAFCO,A_Chempax_MAFCO,Ac,DetailAccount,Everyone,30-20-2655-0015,TransformOneToOne,401K Match,2312500,true,
US,A_Chempax_MAFCO,A_Chempax_MAFCO,Ac,DetailAccount,Everyone,30-20-2656-0015,TransformOneToOne,401K Defined Contrib,2320120,true,
US,A_Chempax_MAFCO,A_Chempax_MAFCO,Ac,DetailAccount,Everyone,30-20-2661-,TransformOneToOne,Acc health & life in,2320030,true,
US,A_Chempax_MAFCO,A_Chempax_MAFCO,Ac,DetailAccount,Everyone,30-20-2661-0014,TransformOneToOne,Acc Health Ins-Salar,2320030,true,
US,A_Chempax_MAFCO,A_Chempax_MAFCO,Ac,DetailAccount,Everyone,30-20-2661-0015,TransformOneToOne,Acc Health Ins-Fact.,2320030,true,
US,A_Chempax_MAFCO,A_Chempax_MAFCO,Ac,DetailAccount,Everyone,30-20-2680-,TransformOneToOne,Old Checks Outstand,2153900,true,
US,A_Chempax_MAFCO,A_Chempax_MAFCO,Ac,DetailAccount,Everyone,30-20-2691-,TransformOneToOne,Misc Accruals,2320090,true,
US,A_Chempax_MAFCO,A_Chempax_MAFCO,Ac,DetailAccount,Everyone,30-20-3010-,TransformOneToOne,Sales Trade,4000000,true,
US,A_Chempax_MAFCO,A_Chempax_MAFCO,Ac,DetailAccount,Everyone,30-20-3012-,TransformOneToOne,Sales resale,4000000,true,
US,A_Chempax_MAFCO,A_Chempax_MAFCO,Ac,DetailAccount,Everyone,30-20-3015-,TransformOneToOne,Sales-Interco EVD,4800000,true,
US,A_Chempax_MAFCO,A_Chempax_MAFCO,Ac,DetailAccount,Everyone,30-20-3016-,TransformOneToOne,Commission grinding,4005990,true,
US,A_Chempax_MAFCO,A_Chempax_MAFCO,Ac,DetailAccount,Everyone,30-20-3017-,TransformOneToOne,Rev from Cocoa Elim.,4005990,true,
US,A_Chempax_MAFCO,A_Chempax_MAFCO,Ac,DetailAccount,Everyone,30-20-3018-,TransformOneToOne,Rental income,4005990,true,
US,A_Chempax_MAFCO,A_Chempax_MAFCO,Ac,DetailAccount,Everyone,30-20-3019-,TransformOneToOne,Sales-Interco China,4800000,true,
US,A_Chempax_MAFCO,A_Chempax_MAFCO,Ac,DetailAccount,Everyone,30-20-3020-,TransformOneToOne,Sales Discount,4100020,true,
US,A_Chempax_MAFCO,A_Chempax_MAFCO,Ac,DetailAccount,Everyone,30-20-3030-,TransformOneToOne,Returns & Allow,4100000,true,
US,A_Chempax_MAFCO,A_Chempax_MAFCO,Ac,DetailAccount,Everyone,30-20-3040-,TransformOneToOne,Freight Out,6010000,false,
US,A_Chempax_MAFCO,A_Chempax_MAFCO,Ac,DetailAccount,Everyone,30-20-3040-2095,TransformOneToOne,Freight Restr,6010000,false,
US,A_Chempax_MAFCO,A_Chempax_MAFCO,Ac,DetailAccount,Everyone,30-20-3050-,TransformOneToOne,Customer Returns,4100000,true,
US,A_Chempax_MAFCO,A_Chempax_MAFCO,Ac,DetailAccount,Everyone,30-20-3070-,TransformOneToOne,Freight revenue,4000000,true,
US,A_Chempax_MAFCO,A_Chempax_MAFCO,Ac,DetailAccount,Everyone,30-20-4010-2626,TransformOneToOne,Cost of sales,5000000,false,
US,A_Chempax_MAFCO,A_Chempax_MAFCO,Ac,DetailAccount,Everyone,30-20-4015-2626,TransformOneToOne,COS-Interco EVD,5800000,false,
US,A_Chempax_MAFCO,A_Chempax_MAFCO,Ac,DetailAccount,Everyone,30-20-4019-2626,TransformOneToOne,COS-Interco China,5800000,false,
US,A_Chempax_MAFCO,A_Chempax_MAFCO,Ac,DetailAccount,Everyone,30-20-4100-2626,TransformOneToOne,Cost of resale sales,5000000,false,
US,A_Chempax_MAFCO,A_Chempax_MAFCO,Ac,DetailAccount,Everyone,30-20-4200-2626,TransformOneToOne,Cost of sales other,6210000,false,
US,A_Chempax_MAFCO,A_Chempax_MAFCO,Ac,DetailAccount,Everyone,30-20-5020-2626,TransformOneToOne,Raw Matls Used,6030020,false,
US,A_Chempax_MAFCO,A_Chempax_MAFCO,Ac,DetailAccount,Everyone,30-20-5030-2100,TransformOneToOne,Don't Use,6030020,false,
US,A_Chempax_MAFCO,A_Chempax_MAFCO,Ac,DetailAccount,Everyone,30-20-5030-2626,TransformOneToOne,Proc Matl Used-Lic,6030020,false,
US,A_Chempax_MAFCO,A_Chempax_MAFCO,Ac,DetailAccount,Everyone,30-20-5040-2626,TransformOneToOne,Packaging materials,6020000,false,
US,A_Chempax_MAFCO,A_Chempax_MAFCO,Ac,DetailAccount,Everyone,30-20-5500-2626,TransformOneToOne,Drayage,6030020,false,
US,A_Chempax_MAFCO,A_Chempax_MAFCO,Ac,DetailAccount,Everyone,30-20-5510-2626,TransformOneToOne,Demurage,6010010,false,
US,A_Chempax_MAFCO,A_Chempax_MAFCO,Ac,DetailAccount,Everyone,30-20-5900-2626,TransformOneToOne,Inv Adjust-NP,6030020,false,
US,A_Chempax_MAFCO,A_Chempax_MAFCO,Ac,DetailAccount,Everyone,30-20-5910-2626,TransformOneToOne,Mfg vs Std-NP,6020035,false,
US,A_Chempax_MAFCO,A_Chempax_MAFCO,Ac,DetailAccount,Everyone,30-20-5940-2626,TransformOneToOne,Purchase Var-NP,6030010,false,
US,A_Chempax_MAFCO,A_Chempax_MAFCO,Ac,DetailAccount,Everyone,30-20-6070-2626,TransformOneToOne,Freight in,6130020,false,
US,A_Chempax_MAFCO,A_Chempax_MAFCO,Ac,DetailAccount,Everyone,30-20-6070-6262,TransformOneToOne,Use 6070-2626,6130020,false,
US,A_Chempax_MAFCO,A_Chempax_MAFCO,Ac,DetailAccount,Everyone,30-20-6080-2127,TransformOneToOne,Operat Supplies QA,6410010,false,
US,A_Chempax_MAFCO,A_Chempax_MAFCO,Ac,DetailAccount,Everyone,30-20-6080-2626,TransformOneToOne,Operating Supplies,6410010,false,
US,A_Chempax_MAFCO,A_Chempax_MAFCO,Ac,DetailAccount,Everyone,30-20-6090-2626,TransformOneToOne,Water & Sewer,6120020,false,
US,A_Chempax_MAFCO,A_Chempax_MAFCO,Ac,DetailAccount,Everyone,30-20-6110-2626,TransformOneToOne,Electricity,6120000,false,
US,A_Chempax_MAFCO,A_Chempax_MAFCO,Ac,DetailAccount,Everyone,30-20-6120-2626,TransformOneToOne,Gas Used,6120010,false,
US,A_Chempax_MAFCO,A_Chempax_MAFCO,Ac,DetailAccount,Everyone,30-20-6130-2626,TransformOneToOne,Fuel Used,6120030,false,
US,A_Chempax_MAFCO,A_Chempax_MAFCO,Ac,DetailAccount,Everyone,30-20-6140-2626,TransformOneToOne,Power Purchased,6120000,false,
US,A_Chempax_MAFCO,A_Chempax_MAFCO,Ac,DetailAccount,Everyone,30-20-6150-2127,TransformOneToOne,Repair Material,6330020,false,
US,A_Chempax_MAFCO,A_Chempax_MAFCO,Ac,DetailAccount,Everyone,30-20-6150-2626,TransformOneToOne,Repair Material,6330020,false,
US,A_Chempax_MAFCO,A_Chempax_MAFCO,Ac,DetailAccount,Everyone,30-20-6150-5632,TransformOneToOne,Repair Material,6330020,false,
US,A_Chempax_MAFCO,A_Chempax_MAFCO,Ac,DetailAccount,Everyone,30-20-6160-2059,TransformOneToOne,Repair Service,6330010,false,
US,A_Chempax_MAFCO,A_Chempax_MAFCO,Ac,DetailAccount,Everyone,30-20-6160-2626,TransformOneToOne,Repair Service,6330010,false,
US,A_Chempax_MAFCO,A_Chempax_MAFCO,Ac,DetailAccount,Everyone,30-20-6160-5632,TransformOneToOne,Repair Service,6330010,false,
US,A_Chempax_MAFCO,A_Chempax_MAFCO,Ac,DetailAccount,Everyone,30-20-6170-2626,TransformOneToOne,Repair Mafco Labor,6330010,false,
US,A_Chempax_MAFCO,A_Chempax_MAFCO,Ac,DetailAccount,Everyone,30-20-6210-2626,TransformOneToOne,Labor,6210000,false,
US,A_Chempax_MAFCO,A_Chempax_MAFCO,Ac,DetailAccount,Everyone,30-20-6211-2626,TransformOneToOne,Overtime - hourly,6210000,false,
US,A_Chempax_MAFCO,A_Chempax_MAFCO,Ac,DetailAccount,Everyone,30-20-6215-2626,TransformOneToOne,Annual Incentive Plan Hourly,6210040,false,
US,A_Chempax_MAFCO,A_Chempax_MAFCO,Ac,DetailAccount,Everyone,30-20-6220-2626,TransformOneToOne,Labor Fringe,6210110,false,
US,A_Chempax_MAFCO,A_Chempax_MAFCO,Ac,DetailAccount,Everyone,30-20-6270-2127,TransformOneToOne,Salary Exp,6210000,false,
US,A_Chempax_MAFCO,A_Chempax_MAFCO,Ac,DetailAccount,Everyone,30-20-6270-2626,TransformOneToOne,Salary Exp,6210000,false,
US,A_Chempax_MAFCO,A_Chempax_MAFCO,Ac,DetailAccount,Everyone,30-20-6270-5632,TransformOneToOne,Salary Exp,6210000,false,
US,A_Chempax_MAFCO,A_Chempax_MAFCO,Ac,DetailAccount,Everyone,30-20-6274-2101,TransformOneToOne,Annual Incentive Plan,6210040,false,
US,A_Chempax_MAFCO,A_Chempax_MAFCO,Ac,DetailAccount,Everyone,30-20-6274-2127,TransformOneToOne,Annual Incentive Plan,6210040,false,
US,A_Chempax_MAFCO,A_Chempax_MAFCO,Ac,DetailAccount,Everyone,30-20-6274-2626,TransformOneToOne,Annual Incentive Plan,6210040,false,
US,A_Chempax_MAFCO,A_Chempax_MAFCO,Ac,DetailAccount,Everyone,30-20-6280-2127,TransformOneToOne,Salary Fringe,6210110,false,
US,A_Chempax_MAFCO,A_Chempax_MAFCO,Ac,DetailAccount,Everyone,30-20-6280-2626,TransformOneToOne,Salary Fringe,6210110,false,
US,A_Chempax_MAFCO,A_Chempax_MAFCO,Ac,DetailAccount,Everyone,30-20-6280-5632,TransformOneToOne,Salary Fringe,6210110,false,
US,A_Chempax_MAFCO,A_Chempax_MAFCO,Ac,DetailAccount,Everyone,30-20-6290-2626,TransformOneToOne,Club Dues,6610030,false,
US,A_Chempax_MAFCO,A_Chempax_MAFCO,Ac,DetailAccount,Everyone,30-20-6310-2626,TransformOneToOne,Safety Exp,6410020,false,
US,A_Chempax_MAFCO,A_Chempax_MAFCO,Ac,DetailAccount,Everyone,30-20-6320-2626,TransformOneToOne,Occup Alloc,6120030,false,
US,A_Chempax_MAFCO,A_Chempax_MAFCO,Ac,DetailAccount,Everyone,30-20-6330-2626,TransformOneToOne,Rent,6320010,false,
US,A_Chempax_MAFCO,A_Chempax_MAFCO,Ac,DetailAccount,Everyone,30-20-6330-5632,TransformOneToOne,Rent,6320010,false,
US,A_Chempax_MAFCO,A_Chempax_MAFCO,Ac,DetailAccount,Everyone,30-20-6334-,TransformOneToOne,Operat Lease-Fixed,6320020,false,
US,A_Chempax_MAFCO,A_Chempax_MAFCO,Ac,DetailAccount,Everyone,30-20-6334-2626,TransformOneToOne,ASC 842 Operating Lease,6320020,false,
US,A_Chempax_MAFCO,A_Chempax_MAFCO,Ac,DetailAccount,Everyone,30-20-6335-,TransformOneToOne,Oper Lease-Variable,6320030,false,
US,A_Chempax_MAFCO,A_Chempax_MAFCO,Ac,DetailAccount,Everyone,30-20-6335-2626,TransformOneToOne,Oper Lease-Variable ,6320030,false,
US,A_Chempax_MAFCO,A_Chempax_MAFCO,Ac,DetailAccount,Everyone,30-20-6337-2626,TransformOneToOne,Rent-Leased Property,6130060,false,
US,A_Chempax_MAFCO,A_Chempax_MAFCO,Ac,DetailAccount,Everyone,30-20-6340-0091,TransformOneToOne,Depreciation,6710000,false,
US,A_Chempax_MAFCO,A_Chempax_MAFCO,Ac,DetailAccount,Everyone,30-20-6340-2059,TransformOneToOne,Depreciation,6710000,false,
US,A_Chempax_MAFCO,A_Chempax_MAFCO,Ac,DetailAccount,Everyone,30-20-6340-2061,TransformOneToOne,Depreciation,6710000,false,
US,A_Chempax_MAFCO,A_Chempax_MAFCO,Ac,DetailAccount,Everyone,30-20-6340-2105,TransformOneToOne,Depreciation,6710000,false,
US,A_Chempax_MAFCO,A_Chempax_MAFCO,Ac,DetailAccount,Everyone,30-20-6340-2109,TransformOneToOne,Depreciation,6710000,false,
US,A_Chempax_MAFCO,A_Chempax_MAFCO,Ac,DetailAccount,Everyone,30-20-6340-2121,TransformOneToOne,Depreciation,6710000,false,
US,A_Chempax_MAFCO,A_Chempax_MAFCO,Ac,DetailAccount,Everyone,30-20-6340-2124,TransformOneToOne,Depreciation,6710000,false,
US,A_Chempax_MAFCO,A_Chempax_MAFCO,Ac,DetailAccount,Everyone,30-20-6340-2127,TransformOneToOne,Depreciation,6710000,false,
US,A_Chempax_MAFCO,A_Chempax_MAFCO,Ac,DetailAccount,Everyone,30-20-6340-2128,TransformOneToOne,Depreciation,6710000,false,
US,A_Chempax_MAFCO,A_Chempax_MAFCO,Ac,DetailAccount,Everyone,30-20-6340-2200,TransformOneToOne,Depreciation Buildin,6710000,false,
US,A_Chempax_MAFCO,A_Chempax_MAFCO,Ac,DetailAccount,Everyone,30-20-6340-2201,TransformOneToOne,Depreciation,6710000,false,
US,A_Chempax_MAFCO,A_Chempax_MAFCO,Ac,DetailAccount,Everyone,30-20-6340-2626,TransformOneToOne,Depreciation,6710000,false,
US,A_Chempax_MAFCO,A_Chempax_MAFCO,Ac,DetailAccount,Everyone,30-20-6340-5091,TransformOneToOne,Depreciation,6710000,false,
US,A_Chempax_MAFCO,A_Chempax_MAFCO,Ac,DetailAccount,Everyone,30-20-6340-5632,TransformOneToOne,Depreciation,6710000,false,
US,A_Chempax_MAFCO,A_Chempax_MAFCO,Ac,DetailAccount,Everyone,30-20-6350-2626,TransformOneToOne,Taxes & Lic,6420020,false,
US,A_Chempax_MAFCO,A_Chempax_MAFCO,Ac,DetailAccount,Everyone,30-20-6350-5632,TransformOneToOne,Taxes & Lic,6420020,false,
US,A_Chempax_MAFCO,A_Chempax_MAFCO,Ac,DetailAccount,Everyone,30-20-6360-2626,TransformOneToOne,Insurance,6610130,false,
US,A_Chempax_MAFCO,A_Chempax_MAFCO,Ac,DetailAccount,Everyone,30-20-6360-5632,TransformOneToOne,Insurance,6610130,false,
US,A_Chempax_MAFCO,A_Chempax_MAFCO,Ac,DetailAccount,Everyone,30-20-6370-2626,TransformOneToOne,Travel Nonded,6610040,false,
US,A_Chempax_MAFCO,A_Chempax_MAFCO,Ac,DetailAccount,Everyone,30-20-6370-5632,TransformOneToOne,Travel Nonded,6610040,false,
US,A_Chempax_MAFCO,A_Chempax_MAFCO,Ac,DetailAccount,Everyone,30-20-6380-2127,TransformOneToOne,Prof Svcs QA,6310100,false,
US,A_Chempax_MAFCO,A_Chempax_MAFCO,Ac,DetailAccount,Everyone,30-20-6380-2626,TransformOneToOne,Prof Svcs,6310100,false,
US,A_Chempax_MAFCO,A_Chempax_MAFCO,Ac,DetailAccount,Everyone,30-20-6380-5088,TransformOneToOne,Senez Consulting charges,6310100,false,
US,A_Chempax_MAFCO,A_Chempax_MAFCO,Ac,DetailAccount,Everyone,30-20-6380-5632,TransformOneToOne,Prof Svcs,6310100,false,
US,A_Chempax_MAFCO,A_Chempax_MAFCO,Ac,DetailAccount,Everyone,30-20-6381-5632,TransformOneToOne,Prof Svcs - Legal,6430040,false,
US,A_Chempax_MAFCO,A_Chempax_MAFCO,Ac,DetailAccount,Everyone,30-20-6383-2626,TransformOneToOne,Prof Serv IT,6310100,false,
US,A_Chempax_MAFCO,A_Chempax_MAFCO,Ac,DetailAccount,Everyone,30-20-6390-2127,TransformOneToOne,Other Exp,6610070,false,
US,A_Chempax_MAFCO,A_Chempax_MAFCO,Ac,DetailAccount,Everyone,30-20-6390-2626,TransformOneToOne,Other Exp,6610070,false,
US,A_Chempax_MAFCO,A_Chempax_MAFCO,Ac,DetailAccount,Everyone,30-20-6390-5014,TransformOneToOne,Other Exp,6610070,false,
US,A_Chempax_MAFCO,A_Chempax_MAFCO,Ac,DetailAccount,Everyone,30-20-6390-5632,TransformOneToOne,Other Exp,6610070,false,
US,A_Chempax_MAFCO,A_Chempax_MAFCO,Ac,DetailAccount,Everyone,30-20-6400-2626,TransformOneToOne,Meal Allow,6220030,false,
US,A_Chempax_MAFCO,A_Chempax_MAFCO,Ac,DetailAccount,Everyone,30-20-6410-2626,TransformOneToOne,Advertisement,6510070,false,
US,A_Chempax_MAFCO,A_Chempax_MAFCO,Ac,DetailAccount,Everyone,30-20-6410-5632,TransformOneToOne,Advertisement,6510070,false,
US,A_Chempax_MAFCO,A_Chempax_MAFCO,Ac,DetailAccount,Everyone,30-20-6420-2626,TransformOneToOne,Guard Svc,6310070,false,
US,A_Chempax_MAFCO,A_Chempax_MAFCO,Ac,DetailAccount,Everyone,30-20-6430-2127,TransformOneToOne,Travel,6220010,false,
US,A_Chempax_MAFCO,A_Chempax_MAFCO,Ac,DetailAccount,Everyone,30-20-6430-2626,TransformOneToOne,Travel,6220010,false,
US,A_Chempax_MAFCO,A_Chempax_MAFCO,Ac,DetailAccount,Everyone,30-20-6430-5004,TransformOneToOne,Travel,6220010,false,
US,A_Chempax_MAFCO,A_Chempax_MAFCO,Ac,DetailAccount,Everyone,30-20-6430-5632,TransformOneToOne,Travel,6220010,false,
US,A_Chempax_MAFCO,A_Chempax_MAFCO,Ac,DetailAccount,Everyone,30-20-6440-2127,TransformOneToOne,Stationary Supply,6410000,false,
US,A_Chempax_MAFCO,A_Chempax_MAFCO,Ac,DetailAccount,Everyone,30-20-6440-2626,TransformOneToOne,Stationery Supply,6410000,false,
US,A_Chempax_MAFCO,A_Chempax_MAFCO,Ac,DetailAccount,Everyone,30-20-6440-5632,TransformOneToOne,Stationery Supply,6410000,false,
US,A_Chempax_MAFCO,A_Chempax_MAFCO,Ac,DetailAccount,Everyone,30-20-6460-5006,TransformOneToOne,Communication,6310030,false,
US,A_Chempax_MAFCO,A_Chempax_MAFCO,Ac,DetailAccount,Everyone,30-20-6460-5632,TransformOneToOne,Communication,6310030,false,
US,A_Chempax_MAFCO,A_Chempax_MAFCO,Ac,DetailAccount,Everyone,30-20-6470-5632,TransformOneToOne,Commission Exp,6530000,false,
US,A_Chempax_MAFCO,A_Chempax_MAFCO,Ac,DetailAccount,Everyone,30-20-6480-2626,TransformOneToOne,Dues & Subsc,6610030,false,
US,A_Chempax_MAFCO,A_Chempax_MAFCO,Ac,DetailAccount,Everyone,30-20-6480-5632,TransformOneToOne,Dues & Subsc,6610030,false,
US,A_Chempax_MAFCO,A_Chempax_MAFCO,Ac,DetailAccount,Everyone,30-20-6490-5632,TransformOneToOne,Shutdown,6310100,false,
US,A_Chempax_MAFCO,A_Chempax_MAFCO,Ac,DetailAccount,Everyone,30-20-6500-5632,TransformOneToOne,Contribution Exp,6610010,false,
US,A_Chempax_MAFCO,A_Chempax_MAFCO,Ac,DetailAccount,Everyone,30-20-6510-2127,TransformOneToOne,Bank Fees,6610140,false,
US,A_Chempax_MAFCO,A_Chempax_MAFCO,Ac,DetailAccount,Everyone,30-20-6510-5632,TransformOneToOne,Bank Fees,6610140,false,
US,A_Chempax_MAFCO,A_Chempax_MAFCO,Ac,DetailAccount,Everyone,30-20-6520-5632,TransformOneToOne,Education Exp,6210150,false,
US,A_Chempax_MAFCO,A_Chempax_MAFCO,Ac,DetailAccount,Everyone,30-20-6720-2626,TransformOneToOne,CC Alloc,6610090,false,
US,A_Chempax_MAFCO,A_Chempax_MAFCO,Ac,DetailAccount,Everyone,30-20-6800-0091,TransformOneToOne,Other Inc,8190100,false,
US,A_Chempax_MAFCO,A_Chempax_MAFCO,Ac,DetailAccount,Everyone,30-20-6800-2626,TransformOneToOne,Other Inc,8190100,false,
US,A_Chempax_MAFCO,A_Chempax_MAFCO,Ac,DetailAccount,Everyone,30-20-6800-5632,TransformOneToOne,Other Inc,8190100,false,
US,A_Chempax_MAFCO,A_Chempax_MAFCO,Ac,DetailAccount,Everyone,30-20-6810-2626,TransformOneToOne,Fixed Asset Retire,8150100,false,
US,A_Chempax_MAFCO,A_Chempax_MAFCO,Ac,DetailAccount,Everyone,30-20-6860-5632,TransformOneToOne,Foreign exchange,8110100,false,
US,A_Chempax_MAFCO,A_Chempax_MAFCO,Ac,DetailAccount,Everyone,30-20-6870-5632,TransformOneToOne,Bad Debt,6610060,false,
US,A_Chempax_MAFCO,A_Chempax_MAFCO,Ac,DetailAccount,Everyone,30-20-8010-2015,TransformOneToOne,FICA Exp,6210080,false,
US,A_Chempax_MAFCO,A_Chempax_MAFCO,Ac,DetailAccount,Everyone,30-20-8010-2626,TransformOneToOne,FICA Exp,6210080,false,
US,A_Chempax_MAFCO,A_Chempax_MAFCO,Ac,DetailAccount,Everyone,30-20-8010-5014,TransformOneToOne,FICA Exp,6210080,false,
US,A_Chempax_MAFCO,A_Chempax_MAFCO,Ac,DetailAccount,Everyone,30-20-8010-5632,TransformOneToOne,FICA Exp,6210080,false,
US,A_Chempax_MAFCO,A_Chempax_MAFCO,Ac,DetailAccount,Everyone,30-20-8020-2015,TransformOneToOne,FUTA Exp,6210080,false,
US,A_Chempax_MAFCO,A_Chempax_MAFCO,Ac,DetailAccount,Everyone,30-20-8020-2626,TransformOneToOne,FUTA Exp,6210080,false,
US,A_Chempax_MAFCO,A_Chempax_MAFCO,Ac,DetailAccount,Everyone,30-20-8020-5014,TransformOneToOne,FUTA Exp,6210080,false,
US,A_Chempax_MAFCO,A_Chempax_MAFCO,Ac,DetailAccount,Everyone,30-20-8020-5632,TransformOneToOne,FUTA Exp,6210080,false,
US,A_Chempax_MAFCO,A_Chempax_MAFCO,Ac,DetailAccount,Everyone,30-20-8030-2015,TransformOneToOne,Unemployment Exp,6210160,false,
US,A_Chempax_MAFCO,A_Chempax_MAFCO,Ac,DetailAccount,Everyone,30-20-8030-2626,TransformOneToOne,Unemployment Exp,6210160,false,
US,A_Chempax_MAFCO,A_Chempax_MAFCO,Ac,DetailAccount,Everyone,30-20-8030-5014,TransformOneToOne,Unemployment Exp,6210160,false,
US,A_Chempax_MAFCO,A_Chempax_MAFCO,Ac,DetailAccount,Everyone,30-20-8030-5632,TransformOneToOne,Unemployment Exp,6210160,false,
US,A_Chempax_MAFCO,A_Chempax_MAFCO,Ac,DetailAccount,Everyone,30-20-8050-2015,TransformOneToOne,Wrkman Comp Exp,6210160,false,
US,A_Chempax_MAFCO,A_Chempax_MAFCO,Ac,DetailAccount,Everyone,30-20-8050-2626,TransformOneToOne,Wrkman Comp Exp,6210160,false,
US,A_Chempax_MAFCO,A_Chempax_MAFCO,Ac,DetailAccount,Everyone,30-20-8050-5632,TransformOneToOne,Wrkman Comp Exp,6210160,false,
US,A_Chempax_MAFCO,A_Chempax_MAFCO,Ac,DetailAccount,Everyone,30-20-8090-2015,TransformOneToOne,Wages-Other,6210000,false,
US,A_Chempax_MAFCO,A_Chempax_MAFCO,Ac,DetailAccount,Everyone,30-20-8090-2626,TransformOneToOne,Wages-Other,6210000,false,
US,A_Chempax_MAFCO,A_Chempax_MAFCO,Ac,DetailAccount,Everyone,30-20-8090-5632,TransformOneToOne,Wages-Other,6210000,false,
US,A_Chempax_MAFCO,A_Chempax_MAFCO,Ac,DetailAccount,Everyone,30-20-8120-2015,TransformOneToOne,Vacation Exp,6210010,false,
US,A_Chempax_MAFCO,A_Chempax_MAFCO,Ac,DetailAccount,Everyone,30-20-8120-2626,TransformOneToOne,Vacation Exp,6210010,false,
US,A_Chempax_MAFCO,A_Chempax_MAFCO,Ac,DetailAccount,Everyone,30-20-8120-5014,TransformOneToOne,Vacation Exp,6210010,false,
US,A_Chempax_MAFCO,A_Chempax_MAFCO,Ac,DetailAccount,Everyone,30-20-8120-5632,TransformOneToOne,Vacation Exp,6210010,false,
US,A_Chempax_MAFCO,A_Chempax_MAFCO,Ac,DetailAccount,Everyone,30-20-8130-2626,TransformOneToOne,Pension Restoration,6210090,false,
US,A_Chempax_MAFCO,A_Chempax_MAFCO,Ac,DetailAccount,Everyone,30-20-8130-5632,TransformOneToOne,Pension Restoration,6210090,false,
US,A_Chempax_MAFCO,A_Chempax_MAFCO,Ac,DetailAccount,Everyone,30-20-8140-2015,TransformOneToOne,Pension Exp,6210090,false,
US,A_Chempax_MAFCO,A_Chempax_MAFCO,Ac,DetailAccount,Everyone,30-20-8140-2626,TransformOneToOne,Pension Exp,6210090,false,
US,A_Chempax_MAFCO,A_Chempax_MAFCO,Ac,DetailAccount,Everyone,30-20-8140-5632,TransformOneToOne,Pension Exp,6210090,false,
US,A_Chempax_MAFCO,A_Chempax_MAFCO,Ac,DetailAccount,Everyone,30-20-8150-2015,TransformOneToOne,401K ROTH Exp,6210100,false,
US,A_Chempax_MAFCO,A_Chempax_MAFCO,Ac,DetailAccount,Everyone,30-20-8150-2626,TransformOneToOne,401K Exp,6210100,false,
US,A_Chempax_MAFCO,A_Chempax_MAFCO,Ac,DetailAccount,Everyone,30-20-8150-5014,TransformOneToOne,401K ROTH Exp,6210100,false,
US,A_Chempax_MAFCO,A_Chempax_MAFCO,Ac,DetailAccount,Everyone,30-20-8150-5632,TransformOneToOne,401K Exp,6210100,false,
US,A_Chempax_MAFCO,A_Chempax_MAFCO,Ac,DetailAccount,Everyone,30-20-8155-2626,TransformOneToOne,401K Match Exp,6210100,false,
US,A_Chempax_MAFCO,A_Chempax_MAFCO,Ac,DetailAccount,Everyone,30-20-8160-2626,TransformOneToOne,Fringe-Other,6210110,false,
US,A_Chempax_MAFCO,A_Chempax_MAFCO,Ac,DetailAccount,Everyone,30-20-8160-5632,TransformOneToOne,Fringe-Other,6210110,false,
US,A_Chempax_MAFCO,A_Chempax_MAFCO,Ac,DetailAccount,Everyone,30-20-8170-2015,TransformOneToOne,Health & Life Ins Ex,6210130,false,
US,A_Chempax_MAFCO,A_Chempax_MAFCO,Ac,DetailAccount,Everyone,30-20-8170-2626,TransformOneToOne,Health & Life Ins Ex,6210130,false,
US,A_Chempax_MAFCO,A_Chempax_MAFCO,Ac,DetailAccount,Everyone,30-20-8170-5014,TransformOneToOne,Health & Life Ins Ex,6210130,false,
US,A_Chempax_MAFCO,A_Chempax_MAFCO,Ac,DetailAccount,Everyone,30-20-8170-5632,TransformOneToOne,Health & Life Ins Ex,6210130,false,
US,A_Chempax_MAFCO,A_Chempax_MAFCO,Ac,DetailAccount,Everyone,30-20-8180-2626,TransformOneToOne,Pension Exp Purch-Sa,6210090,false,
US,A_Chempax_MAFCO,A_Chempax_MAFCO,Ac,DetailAccount,Everyone,30-20-8180-5632,TransformOneToOne,Pension Exp Purch-Sa,6210090,false,
US,A_Chempax_MAFCO,A_Chempax_MAFCO,Ac,DetailAccount,Everyone,30-20-8190-2626,TransformOneToOne,Pension Exp Purch-Fa,8140100,false,
US,A_Chempax_MAFCO,A_Chempax_MAFCO,Ac,DetailAccount,Everyone,30-20-8190-5632,TransformOneToOne,Pension Exp Purch-Fa,8140100,false,
US,A_Chempax_MAFCO,A_Chempax_MAFCO,Ac,DetailAccount,Everyone,30-20-8200-5014,TransformOneToOne,Fringe Alloc-Neal,6210110,false,
US,A_Chempax_MAFCO,A_Chempax_MAFCO,Ac,DetailAccount,Everyone,30-20-8200-5632,TransformOneToOne,Fringe Alloc-Neal,6210110,false,
US,A_Chempax_MAFCO,A_Chempax_MAFCO,Ac,DetailAccount,Everyone,30-20-8250-2015,TransformOneToOne,Fringe Alloc,6210110,false,
US,A_Chempax_MAFCO,A_Chempax_MAFCO,Ac,DetailAccount,Everyone,30-20-8250-2626,TransformOneToOne,Fringe Alloc,6210110,false,
US,A_Chempax_MAFCO,A_Chempax_MAFCO,Ac,DetailAccount,Everyone,30-20-8250-5014,TransformOneToOne,Fringe Alloc,6210110,false,
US,A_Chempax_MAFCO,A_Chempax_MAFCO,Ac,DetailAccount,Everyone,30-20-8250-5632,TransformOneToOne,Fringe Alloc,6210110,false,
US,A_Chempax_MAFCO,A_Chempax_MAFCO,Ac,DetailAccount,Everyone,30-80-1700-0026,TransformOneToOne,Investments in Sub,1639000,false,
US,A_Chempax_MAFCO,A_Chempax_MAFCO,Ac,DetailAccount,Everyone,30-80-1700-0030,TransformOneToOne,Investments in Sub,1639000,false,
US,A_Chempax_MAFCO,A_Chempax_MAFCO,Ac,DetailAccount,Everyone,30-80-1700-0035,TransformOneToOne,Investments in Sub,1639000,false,
US,A_Chempax_MAFCO,A_Chempax_MAFCO,Ac,DetailAccount,Everyone,30-80-1700-0036,TransformOneToOne,Investments in Sub,1639000,false,
US,A_Chempax_MAFCO,A_Chempax_MAFCO,Ac,DetailAccount,Everyone,30-80-1700-0038,TransformOneToOne,Investments in Sub,1639000,false,
US,A_Chempax_MAFCO,A_Chempax_MAFCO,Ac,DetailAccount,Everyone,30-80-1700-0041,TransformOneToOne,Investments in Sub,1639000,false,
US,A_Chempax_MAFCO,A_Chempax_MAFCO,Ac,DetailAccount,Everyone,30-80-1701-0026,TransformOneToOne,Profit in Inventory,1203900,false,
US,A_Chempax_MAFCO,A_Chempax_MAFCO,Ac,DetailAccount,Everyone,30-80-1701-0030,TransformOneToOne,Profit in Inventory,1203900,false,
US,A_Chempax_MAFCO,A_Chempax_MAFCO,Ac,DetailAccount,Everyone,30-80-1701-0036,TransformOneToOne,Profit in Inventory,1203900,false,
US,A_Chempax_MAFCO,A_Chempax_MAFCO,Ac,DetailAccount,Everyone,30-80-1701-0041,TransformOneToOne,Profit in Inventory,1203900,false,
US,A_Chempax_MAFCO,A_Chempax_MAFCO,Ac,DetailAccount,Everyone,30-80-1730-0026,TransformOneToOne,Advance to Sub,1639000,false,
US,A_Chempax_MAFCO,A_Chempax_MAFCO,Ac,DetailAccount,Everyone,30-80-2950-,TransformOneToOne,Accum Translation Ad,3301000,true,
US,A_Chempax_MAFCO,A_Chempax_MAFCO,Ac,DetailAccount,Everyone,30-80-3015-,TransformOneToOne,Sales-Interco EVD,4800000,true,
US,A_Chempax_MAFCO,A_Chempax_MAFCO,Ac,DetailAccount,Everyone,30-80-3210-0400,TransformOneToOne,Cost of Sales,4800000,true,
US,A_Chempax_MAFCO,A_Chempax_MAFCO,Ac,DetailAccount,Everyone,30-80-4010-2000,TransformOneToOne,Cost of sales,5000000,false,
US,A_Chempax_MAFCO,A_Chempax_MAFCO,Ac,DetailAccount,Everyone,30-80-4200-2000,TransformOneToOne,Cost of sale csld re,5000000,false,
US,A_Chempax_MAFCO,A_Chempax_MAFCO,Ac,DetailAccount,Everyone,30-80-4210-2000,TransformOneToOne,Cost of sales csld r,5000000,false,
US,A_Chempax_MAFCO,A_Chempax_MAFCO,Ac,DetailAccount,Everyone,30-80-6370-5094,TransformOneToOne,Travel Nonded,6610040,false,
US,A_Chempax_MAFCO,A_Chempax_MAFCO,Ac,DetailAccount,Everyone,30-80-6380-5094,TransformOneToOne,Prof Svcs,6310100,false,
US,A_Chempax_MAFCO,A_Chempax_MAFCO,Ac,DetailAccount,Everyone,30-80-6390-5094,TransformOneToOne,Other Exp,6610070,false,
US,A_Chempax_MAFCO,A_Chempax_MAFCO,Ac,DetailAccount,Everyone,30-80-6430-5094,TransformOneToOne,Travel,6220010,false,
US,A_Chempax_MAFCO,A_Chempax_MAFCO,Ac,DetailAccount,Everyone,30-80-6770-0020,TransformOneToOne,Sub Profit Concord P,8120100,false,
US,A_Chempax_MAFCO,A_Chempax_MAFCO,Ac,DetailAccount,Everyone,30-80-6770-0026,TransformOneToOne,Sub Profit Weihai,8120100,false,
US,A_Chempax_MAFCO,A_Chempax_MAFCO,Ac,DetailAccount,Everyone,30-80-6770-0028,TransformOneToOne,Sub Profit Shanghai,8120100,false,
US,A_Chempax_MAFCO,A_Chempax_MAFCO,Ac,DetailAccount,Everyone,30-80-6770-0036,TransformOneToOne,Sub Profit,8120100,false,
US,A_Chempax_MAFCO,A_Chempax_MAFCO,Ac,DetailAccount,Everyone,30-80-6770-0038,TransformOneToOne,Sub Profit EVD Hold,8120100,false,
US,A_Chempax_MAFCO,A_Chempax_MAFCO,Ac,DetailAccount,Everyone,30-80-6770-0041,TransformOneToOne,Sub Profit Mafco Est,8120100,false,
US,A_Chempax_MAFCO,A_Chempax_MAFCO,Ac,DetailAccount,Everyone,30-80-6790-0024,TransformOneToOne,Use 3080-6790-2024,5850000,false,
US,A_Chempax_MAFCO,A_Chempax_MAFCO,Ac,DetailAccount,Everyone,30-80-6790-2020,TransformOneToOne,Profit in Inv,5850000,false,
US,A_Chempax_MAFCO,A_Chempax_MAFCO,Ac,DetailAccount,Everyone,30-80-6790-2022,TransformOneToOne,Profit in Inv,5850000,false,
US,A_Chempax_MAFCO,A_Chempax_MAFCO,Ac,DetailAccount,Everyone,30-80-6790-2024,TransformOneToOne,Profit in Inv ZFTZ,5850000,false,
US,A_Chempax_MAFCO,A_Chempax_MAFCO,Ac,DetailAccount,Everyone,30-80-6790-2025,TransformOneToOne,Profit in Inv Xian C,5850000,false,
US,A_Chempax_MAFCO,A_Chempax_MAFCO,Ac,DetailAccount,Everyone,30-80-6790-2026,TransformOneToOne,Profit in inv W HK,5850000,false,
US,A_Chempax_MAFCO,A_Chempax_MAFCO,Ac,DetailAccount,Everyone,30-80-6790-2030,TransformOneToOne,Profit in Inv Weihai,5850000,false,
US,A_Chempax_MAFCO,A_Chempax_MAFCO,Ac,DetailAccount,Everyone,30-80-6790-2036,TransformOneToOne,Profit in Inv EVD,5850000,false,
US,A_Chempax_MAFCO,A_Chempax_MAFCO,Ac,DetailAccount,Everyone,30-80-6790-2070,TransformOneToOne,Profit in Inv MafEst,5850000,false,
US,A_Chempax_MAFCO,A_Chempax_MAFCO,Ac,DetailAccount,Everyone,30-80-6800-0091,TransformOneToOne,Other Inc Corp.,8190100,false,
US,A_Chempax_MAFCO,A_Chempax_MAFCO,Ac,DetailAccount,Everyone,30-80-6880-5093,TransformOneToOne,Allocated M&F Exp,6610090,false,
US,A_Chempax_MAFCO,A_Chempax_MAFCO,Ac,DetailAccount,Everyone,30-80-6920-,TransformOneToOne,Income Tax-NJ,8610000,false,
US,A_Chempax_MAFCO,A_Chempax_MAFCO,Ac,DetailAccount,Everyone,30-80-6920-0010,TransformOneToOne,Income Tax-State Def,8610000,false,
US,A_Chempax_MAFCO,A_Chempax_MAFCO,Ac,DetailAccount,Everyone,30-80-6920-0090,TransformOneToOne,Income Tax-VA,8610000,false,
US,A_Chempax_MAFCO,A_Chempax_MAFCO,Ac,DetailAccount,Everyone,30-80-6930-,TransformOneToOne,Fed Income Tax,8610000,false,
US,A_Chempax_MAFCO,A_Chempax_MAFCO,Ac,DetailAccount,Everyone,30-80-6930-0010,TransformOneToOne,Fed Income Tax def,8610000,false,
US,A_Chempax_MAFCO,A_Chempax_MAFCO,Ac,DetailAccount,Everyone,50-  -1260-,TransformOneToOne,Inter Company Mafco,1160000,false,
US,A_Chempax_MAFCO,A_Chempax_MAFCO,Ac,DetailAccount,Everyone,50-  -1700-,TransformOneToOne,Investments in Sub,1639000,false,
US,A_Chempax_MAFCO,A_Chempax_MAFCO,Ac,DetailAccount,Everyone,50-  -1790-,TransformOneToOne,Product Formulas,1730010,false,
US,A_Chempax_MAFCO,A_Chempax_MAFCO,Ac,DetailAccount,Everyone,50-  -1790-0010,TransformOneToOne,Product Formulas,1730010,false,
US,A_Chempax_MAFCO,A_Chempax_MAFCO,Ac,DetailAccount,Everyone,50-  -1800-,TransformOneToOne,Goodwill,1710000,false,
US,A_Chempax_MAFCO,A_Chempax_MAFCO,Ac,DetailAccount,Everyone,50-  -1800-0010,TransformOneToOne,Goodwill,1710000,false,
US,A_Chempax_MAFCO,A_Chempax_MAFCO,Ac,DetailAccount,Everyone,50-  -1900-,TransformOneToOne,Fixed Asset-Purch A/,1520000,false,
US,A_Chempax_MAFCO,A_Chempax_MAFCO,Ac,DetailAccount,Everyone,50-  -1910-,TransformOneToOne,Accum Depr-Purch AC,1560000,false,
US,A_Chempax_MAFCO,A_Chempax_MAFCO,Ac,DetailAccount,Everyone,50-  -1990-,TransformOneToOne,Deferred Tax Asset,1740000,false,
US,A_Chempax_MAFCO,A_Chempax_MAFCO,Ac,DetailAccount,Everyone,50-  -2950-,TransformOneToOne,Accum Translation Ad,3301000,true,
US,A_Chempax_MAFCO,A_Chempax_MAFCO,Ac,DetailAccount,Everyone,50-  -2970-,TransformOneToOne,Paid in Capital,3101000,true,
US,A_Chempax_MAFCO,A_Chempax_MAFCO,Ac,DetailAccount,Everyone,50-  -2990-,TransformOneToOne,Retained Earnings,3500000,true,
US,A_Chempax_MAFCO,A_Chempax_MAFCO,Ac,DetailAccount,Everyone,50-  -6340-,TransformOneToOne,Depreciation Purch,6710000,false,
US,A_Chempax_MAFCO,A_Chempax_MAFCO,Ac,DetailAccount,Everyone,50-  -6770-,TransformOneToOne,Sub Profit,8120100,false,
US,A_Chempax_MAFCO,A_Chempax_MAFCO,Ac,DetailAccount,Everyone,50-  -6780-,TransformOneToOne,Intercompany dividend income,8410900,true,
US,A_Chempax_MAFCO,A_Chempax_MAFCO,Ac,DetailAccount,Everyone,50-  -6930-,TransformOneToOne,Tax expense,8610000,false,
US,A_Chempax_MAFCO,A_Chempax_MAFCO,Ac,DetailAccount,Everyone,60-  -1010-,TransformOneToOne,Cash,1100030,false,
US,A_Chempax_MAFCO,A_Chempax_MAFCO,Ac,DetailAccount,Everyone,60-  -1260-,TransformOneToOne,Inter Company,1160000,false,
US,A_Chempax_MAFCO,A_Chempax_MAFCO,Ac,DetailAccount,Everyone,60-  -2060-,TransformOneToOne,Acc Accts Pay,2150000,true,
US,A_Chempax_MAFCO,A_Chempax_MAFCO,Ac,DetailAccount,Everyone,60-  -2960-,TransformOneToOne,Common Stock,3002000,true,
US,A_Chempax_MAFCO,A_Chempax_MAFCO,Ac,DetailAccount,Everyone,60-  -2990-,TransformOneToOne,Retained Earnings,3500000,true,
US,A_Chempax_MAFCO,A_Chempax_MAFCO,Ac,DetailAccount,Everyone,60-  -6510-,TransformOneToOne,Bank Fees,6610140,false,
US,A_Chempax_MAFCO,A_Chempax_MAFCO,Ac,DetailAccount,Everyone,60-  -6510-5091,TransformOneToOne,Bank Fees,6610140,false,
US,A_Chempax_MAFCO,A_Chempax_MAFCO,Ac,DetailAccount,Everyone,70-  -1010-,TransformOneToOne,Cash PNC Shanghai,1100030,false,
US,A_Chempax_MAFCO,A_Chempax_MAFCO,Ac,DetailAccount,Everyone,70-  -1260-,TransformOneToOne,Inter Co. Mafco,1160000,false,
US,A_Chempax_MAFCO,A_Chempax_MAFCO,Ac,DetailAccount,Everyone,70-  -1260-0027,TransformOneToOne,Inter Co. WeiFeng,1160000,false,
US,A_Chempax_MAFCO,A_Chempax_MAFCO,Ac,DetailAccount,Everyone,70-  -1280-,TransformOneToOne,Inventory advances,1250900,false,
US,A_Chempax_MAFCO,A_Chempax_MAFCO,Ac,DetailAccount,Everyone,70-  -1630-,TransformOneToOne,Prepaid Exp,1250900,false,
US,A_Chempax_MAFCO,A_Chempax_MAFCO,Ac,DetailAccount,Everyone,70-  -1641-,TransformOneToOne,Reusable Totes,1250900,false,
US,A_Chempax_MAFCO,A_Chempax_MAFCO,Ac,DetailAccount,Everyone,70-  -1641-0001,TransformOneToOne,Reusable Totes,1250900,false,
US,A_Chempax_MAFCO,A_Chempax_MAFCO,Ac,DetailAccount,Everyone,70-  -1700-,TransformOneToOne,Investments in Sub,1639000,false,
US,A_Chempax_MAFCO,A_Chempax_MAFCO,Ac,DetailAccount,Everyone,70-  -1700-0001,TransformOneToOne,Invest in Sub Curr T,1639000,false,
US,A_Chempax_MAFCO,A_Chempax_MAFCO,Ac,DetailAccount,Everyone,70-  -1700-0022,TransformOneToOne,Invest Sub SH Fanzhi,1639000,false,
US,A_Chempax_MAFCO,A_Chempax_MAFCO,Ac,DetailAccount,Everyone,70-  -1700-0023,TransformOneToOne,Investments in Sub,1639000,false,
US,A_Chempax_MAFCO,A_Chempax_MAFCO,Ac,DetailAccount,Everyone,70-  -1700-0027,TransformOneToOne,Invst WeiFeng earnig,1639000,false,
US,A_Chempax_MAFCO,A_Chempax_MAFCO,Ac,DetailAccount,Everyone,70-  -1703-,TransformOneToOne,Investment Nonconsld,1639000,false,
US,A_Chempax_MAFCO,A_Chempax_MAFCO,Ac,DetailAccount,Everyone,70-  -1703-0024,TransformOneToOne,Invest Sub Safety Z,1639000,false,
US,A_Chempax_MAFCO,A_Chempax_MAFCO,Ac,DetailAccount,Everyone,70-  -1703-0027,TransformOneToOne,Invest NonCsl Weifen,1639000,false,
US,A_Chempax_MAFCO,A_Chempax_MAFCO,Ac,DetailAccount,Everyone,70-  -1790-,TransformOneToOne,Intangible asset,1730010,false,
US,A_Chempax_MAFCO,A_Chempax_MAFCO,Ac,DetailAccount,Everyone,70-  -1790-0001,TransformOneToOne,Intang. asset amortz,1730010,false,
US,A_Chempax_MAFCO,A_Chempax_MAFCO,Ac,DetailAccount,Everyone,70-  -1791-,TransformOneToOne,Intangible Asset-cus,1721000,false,
US,A_Chempax_MAFCO,A_Chempax_MAFCO,Ac,DetailAccount,Everyone,70-  -1792-,TransformOneToOne,Intangible-Altria Co,1721000,false,
US,A_Chempax_MAFCO,A_Chempax_MAFCO,Ac,DetailAccount,Everyone,70-  -1792-0001,TransformOneToOne,Intangible-Altria Co,1721000,false,
US,A_Chempax_MAFCO,A_Chempax_MAFCO,Ac,DetailAccount,Everyone,70-  -1793-,TransformOneToOne,Intang XCNP Bus lic,1729000,false,
US,A_Chempax_MAFCO,A_Chempax_MAFCO,Ac,DetailAccount,Everyone,70-  -1794-,TransformOneToOne,Intg asset WF JV pre,1729000,false,
US,A_Chempax_MAFCO,A_Chempax_MAFCO,Ac,DetailAccount,Everyone,70-  -1795-,TransformOneToOne,JV Partner Buyout,1729000,false,
US,A_Chempax_MAFCO,A_Chempax_MAFCO,Ac,DetailAccount,Everyone,70-  -1800-,TransformOneToOne,Goodwill,1710000,false,
US,A_Chempax_MAFCO,A_Chempax_MAFCO,Ac,DetailAccount,Everyone,70-  -1802-,TransformOneToOne,Goodwill Earn-out,1710000,false,
US,A_Chempax_MAFCO,A_Chempax_MAFCO,Ac,DetailAccount,Everyone,70-  -1810-,TransformOneToOne,Land,1500000,false,
US,A_Chempax_MAFCO,A_Chempax_MAFCO,Ac,DetailAccount,Everyone,70-  -1810-0001,TransformOneToOne,Land,1500000,false,
US,A_Chempax_MAFCO,A_Chempax_MAFCO,Ac,DetailAccount,Everyone,70-  -1815-,TransformOneToOne,Purchase Acct - Land,1500000,false,
US,A_Chempax_MAFCO,A_Chempax_MAFCO,Ac,DetailAccount,Everyone,70-  -1815-0001,TransformOneToOne,Purchase Acct - Land,1500000,false,
US,A_Chempax_MAFCO,A_Chempax_MAFCO,Ac,DetailAccount,Everyone,70-  -1840-,TransformOneToOne,Mach & Equipment,1520000,false,
US,A_Chempax_MAFCO,A_Chempax_MAFCO,Ac,DetailAccount,Everyone,70-  -1840-0001,TransformOneToOne,Mach & Equipment,1520000,false,
US,A_Chempax_MAFCO,A_Chempax_MAFCO,Ac,DetailAccount,Everyone,70-  -1845-,TransformOneToOne,M&E Acc Dep,1560000,false,
US,A_Chempax_MAFCO,A_Chempax_MAFCO,Ac,DetailAccount,Everyone,70-  -1890-,TransformOneToOne,Prov for Depr,1599000,false,
US,A_Chempax_MAFCO,A_Chempax_MAFCO,Ac,DetailAccount,Everyone,70-  -1890-001,TransformOneToOne,Prov for Depr,1599000,false,
US,A_Chempax_MAFCO,A_Chempax_MAFCO,Ac,DetailAccount,Everyone,70-  -1990-,TransformOneToOne,Deferred Tax Asset,1740000,false,
US,A_Chempax_MAFCO,A_Chempax_MAFCO,Ac,DetailAccount,Everyone,70-  -2060-,TransformOneToOne,Acc Accts Pay,2150000,true,
US,A_Chempax_MAFCO,A_Chempax_MAFCO,Ac,DetailAccount,Everyone,70-  -2112-,TransformOneToOne,MS Fed Inc Tax Lia,2200020,true,
US,A_Chempax_MAFCO,A_Chempax_MAFCO,Ac,DetailAccount,Everyone,70-  -2700-,TransformOneToOne,Contingent Liability,2320090,true,
US,A_Chempax_MAFCO,A_Chempax_MAFCO,Ac,DetailAccount,Everyone,70-  -2950-,TransformOneToOne,Mafco Shanghai Cur T,3301000,true,
US,A_Chempax_MAFCO,A_Chempax_MAFCO,Ac,DetailAccount,Everyone,70-  -2960-,TransformOneToOne,Common Stock,3002000,true,
US,A_Chempax_MAFCO,A_Chempax_MAFCO,Ac,DetailAccount,Everyone,70-  -2970-,TransformOneToOne,Paid in Capital,3101000,true,
US,A_Chempax_MAFCO,A_Chempax_MAFCO,Ac,DetailAccount,Everyone,70-  -2990-,TransformOneToOne,Retained Earnings,3500000,true,
US,A_Chempax_MAFCO,A_Chempax_MAFCO,Ac,DetailAccount,Everyone,70-  -6340-5091,TransformOneToOne,Depreciation Purchas,6710000,false,
US,A_Chempax_MAFCO,A_Chempax_MAFCO,Ac,DetailAccount,Everyone,70-  -6380-5094,TransformOneToOne,Prof Serv Fanzhi,6310100,false,
US,A_Chempax_MAFCO,A_Chempax_MAFCO,Ac,DetailAccount,Everyone,70-  -6390-5091,TransformOneToOne,Other Exp,6610070,false,
US,A_Chempax_MAFCO,A_Chempax_MAFCO,Ac,DetailAccount,Everyone,70-  -6410-5770,TransformOneToOne,Advertisment,6510070,false,
US,A_Chempax_MAFCO,A_Chempax_MAFCO,Ac,DetailAccount,Everyone,70-  -6510-5091,TransformOneToOne,Bank Fees,6610140,false,
US,A_Chempax_MAFCO,A_Chempax_MAFCO,Ac,DetailAccount,Everyone,70-  -6770-,TransformOneToOne,Sub profit,8120100,false,
US,A_Chempax_MAFCO,A_Chempax_MAFCO,Ac,DetailAccount,Everyone,70-  -6830-2090,TransformOneToOne,Amortz intang asset,6920120,false,
US,A_Chempax_MAFCO,A_Chempax_MAFCO,Ac,DetailAccount,Everyone,70-  -6930-,TransformOneToOne,Fed Income Tax,8610000,false,
US,A_Chempax_MAFCO,A_Chempax_MAFCO,Ac,DetailAccount,Everyone,70-  -9900-,TransformOneToOne,Extraordinary Item-N,6930100,false,
US,A_Chempax_MAFCO,A_Chempax_MAFCO,Ac,DetailAccount,Everyone,70-70-1040-,TransformOneToOne,Cash HSBC,1100060,false,
US,A_Chempax_MAFCO,A_Chempax_MAFCO,Ac,DetailAccount,Everyone,70-70-1230-,TransformOneToOne,A/R Other,1150020,false,
US,A_Chempax_MAFCO,A_Chempax_MAFCO,Ac,DetailAccount,Everyone,70-70-1260-,TransformOneToOne,Inter Co Mafco,1160000,false,
US,A_Chempax_MAFCO,A_Chempax_MAFCO,Ac,DetailAccount,Everyone,70-70-1260-0032,TransformOneToOne,Inter Company,1160000,false,
US,A_Chempax_MAFCO,A_Chempax_MAFCO,Ac,DetailAccount,Everyone,70-70-1630-,TransformOneToOne,Prepaid Exp,1250900,false,
US,A_Chempax_MAFCO,A_Chempax_MAFCO,Ac,DetailAccount,Everyone,70-70-1640-,TransformOneToOne,Deposits,1300700,false,
US,A_Chempax_MAFCO,A_Chempax_MAFCO,Ac,DetailAccount,Everyone,70-70-1860-,TransformOneToOne,Rolling Stock,1520050,false,
US,A_Chempax_MAFCO,A_Chempax_MAFCO,Ac,DetailAccount,Everyone,70-70-1865-,TransformOneToOne,Rolling Stock Acc De,1560050,false,
US,A_Chempax_MAFCO,A_Chempax_MAFCO,Ac,DetailAccount,Everyone,70-70-1870-,TransformOneToOne,Furniture & Fixtures,1520040,false,
US,A_Chempax_MAFCO,A_Chempax_MAFCO,Ac,DetailAccount,Everyone,70-70-1875-,TransformOneToOne,F & Fixture Acc Dep,1560040,false,
US,A_Chempax_MAFCO,A_Chempax_MAFCO,Ac,DetailAccount,Everyone,70-70-1890-,TransformOneToOne,Prov for Depr,1599000,false,
US,A_Chempax_MAFCO,A_Chempax_MAFCO,Ac,DetailAccount,Everyone,70-70-2620-,TransformOneToOne,Acc Welfare,2312510,true,
US,A_Chempax_MAFCO,A_Chempax_MAFCO,Ac,DetailAccount,Everyone,70-70-6270-5770,TransformOneToOne,Salary Exp MS Dubai,6210000,false,
US,A_Chempax_MAFCO,A_Chempax_MAFCO,Ac,DetailAccount,Everyone,70-70-6280-5770,TransformOneToOne,Salary Fringe,6210110,false,
US,A_Chempax_MAFCO,A_Chempax_MAFCO,Ac,DetailAccount,Everyone,70-70-6330-5770,TransformOneToOne,Rent,6320010,false,
US,A_Chempax_MAFCO,A_Chempax_MAFCO,Ac,DetailAccount,Everyone,70-70-6340-5770,TransformOneToOne,Depreciation,6710000,false,
US,A_Chempax_MAFCO,A_Chempax_MAFCO,Ac,DetailAccount,Everyone,70-70-6350-5770,TransformOneToOne,Taxes & Lic,6420020,false,
US,A_Chempax_MAFCO,A_Chempax_MAFCO,Ac,DetailAccount,Everyone,70-70-6360-5770,TransformOneToOne,Insurance,6610130,false,
US,A_Chempax_MAFCO,A_Chempax_MAFCO,Ac,DetailAccount,Everyone,70-70-6370-5770,TransformOneToOne,Travel Nonded,6610040,false,
US,A_Chempax_MAFCO,A_Chempax_MAFCO,Ac,DetailAccount,Everyone,70-70-6380-5770,TransformOneToOne,Prof Svcs,6310100,false,
US,A_Chempax_MAFCO,A_Chempax_MAFCO,Ac,DetailAccount,Everyone,70-70-6390-5770,TransformOneToOne,Other Exp,6610070,false,
US,A_Chempax_MAFCO,A_Chempax_MAFCO,Ac,DetailAccount,Everyone,70-70-6430-5770,TransformOneToOne,Travel,6220010,false,
US,A_Chempax_MAFCO,A_Chempax_MAFCO,Ac,DetailAccount,Everyone,70-70-6440-5770,TransformOneToOne,Stationery Supply,6410000,false,
US,A_Chempax_MAFCO,A_Chempax_MAFCO,Ac,DetailAccount,Everyone,70-70-6460-5770,TransformOneToOne,Communication,6310030,false,
US,A_Chempax_MAFCO,A_Chempax_MAFCO,Ac,DetailAccount,Everyone,70-70-6810-,TransformOneToOne,Fixed Asset Gain/los,8150100,false,
US,A_Chempax_MAFCO,A_Chempax_MAFCO,Ac,DetailAccount,Everyone,70-70-6860-5770,TransformOneToOne,Foreign exchange,8110100,false,
US,A_Chempax_MAFCO,A_Chempax_MAFCO,Ac,DetailAccount,Everyone,80-80-1040-,TransformOneToOne,Cash - MAFCO Deutsch,1100060,false,
US,A_Chempax_MAFCO,A_Chempax_MAFCO,Ac,DetailAccount,Everyone,80-80-1220-,TransformOneToOne,VAT Receivable,1150000,false,
US,A_Chempax_MAFCO,A_Chempax_MAFCO,Ac,DetailAccount,Everyone,80-80-1230-,TransformOneToOne,A/R Other,1150020,false,
US,A_Chempax_MAFCO,A_Chempax_MAFCO,Ac,DetailAccount,Everyone,80-80-1260-,TransformOneToOne,Inter Co Mafco,1160000,false,
US,A_Chempax_MAFCO,A_Chempax_MAFCO,Ac,DetailAccount,Everyone,80-80-1260-1000,TransformOneToOne,Interco Flavors NL,1160000,false,
US,A_Chempax_MAFCO,A_Chempax_MAFCO,Ac,DetailAccount,Everyone,80-80-1260-1100,TransformOneToOne,Inter Company Affil,1160000,false,
US,A_Chempax_MAFCO,A_Chempax_MAFCO,Ac,DetailAccount,Everyone,80-80-1630-,TransformOneToOne,Prepaid Exp,1250900,false,
US,A_Chempax_MAFCO,A_Chempax_MAFCO,Ac,DetailAccount,Everyone,80-80-1640-,TransformOneToOne,Deposits,1300700,false,
US,A_Chempax_MAFCO,A_Chempax_MAFCO,Ac,DetailAccount,Everyone,80-80-1860-,TransformOneToOne,Rolling Stock,1520050,false,
US,A_Chempax_MAFCO,A_Chempax_MAFCO,Ac,DetailAccount,Everyone,80-80-1870-,TransformOneToOne,Furniture & Fixtures,1520040,false,
US,A_Chempax_MAFCO,A_Chempax_MAFCO,Ac,DetailAccount,Everyone,80-80-1890-,TransformOneToOne,Prov for Depr,1599000,false,
US,A_Chempax_MAFCO,A_Chempax_MAFCO,Ac,DetailAccount,Everyone,80-80-2050-,TransformOneToOne,Accounts Payable,2150000,true,
US,A_Chempax_MAFCO,A_Chempax_MAFCO,Ac,DetailAccount,Everyone,80-80-2060-,TransformOneToOne,Acc Accts Pay,2150000,true,
US,A_Chempax_MAFCO,A_Chempax_MAFCO,Ac,DetailAccount,Everyone,80-80-2112-,TransformOneToOne,Income Tax Payable,2200020,true,
US,A_Chempax_MAFCO,A_Chempax_MAFCO,Ac,DetailAccount,Everyone,80-80-2620-,TransformOneToOne,Acc Welfare,2312510,true,
US,A_Chempax_MAFCO,A_Chempax_MAFCO,Ac,DetailAccount,Everyone,80-80-2970-,TransformOneToOne,Paid in Capital,3101000,true,
US,A_Chempax_MAFCO,A_Chempax_MAFCO,Ac,DetailAccount,Everyone,80-80-2990-,TransformOneToOne,Retained Earnings,3500000,true,
US,A_Chempax_MAFCO,A_Chempax_MAFCO,Ac,DetailAccount,Everyone,80-80-3015-,TransformOneToOne,Sales-Interco,4800000,true,
US,A_Chempax_MAFCO,A_Chempax_MAFCO,Ac,DetailAccount,Everyone,80-80-6270-5880,TransformOneToOne,Salary Exp,6210000,false,
US,A_Chempax_MAFCO,A_Chempax_MAFCO,Ac,DetailAccount,Everyone,80-80-6330-5880,TransformOneToOne,Rent,6320010,false,
US,A_Chempax_MAFCO,A_Chempax_MAFCO,Ac,DetailAccount,Everyone,80-80-6340-5880,TransformOneToOne,Depreciation,6710000,false,
US,A_Chempax_MAFCO,A_Chempax_MAFCO,Ac,DetailAccount,Everyone,80-80-6350-5880,TransformOneToOne,Taxes & Lic,6420020,false,
US,A_Chempax_MAFCO,A_Chempax_MAFCO,Ac,DetailAccount,Everyone,80-80-6360-5880,TransformOneToOne,Insurance,6610130,false,
US,A_Chempax_MAFCO,A_Chempax_MAFCO,Ac,DetailAccount,Everyone,80-80-6370-5880,TransformOneToOne,Travel Nonded,6610040,false,
US,A_Chempax_MAFCO,A_Chempax_MAFCO,Ac,DetailAccount,Everyone,80-80-6380-5880,TransformOneToOne,Prof Svcs,6310100,false,
US,A_Chempax_MAFCO,A_Chempax_MAFCO,Ac,DetailAccount,Everyone,80-80-6390-5880,TransformOneToOne,Other Exp,6610070,false,
US,A_Chempax_MAFCO,A_Chempax_MAFCO,Ac,DetailAccount,Everyone,80-80-6390-5881,TransformOneToOne,Bank Fees,6610070,false,
US,A_Chempax_MAFCO,A_Chempax_MAFCO,Ac,DetailAccount,Everyone,80-80-6430-5880,TransformOneToOne,Travel,6220010,false,
US,A_Chempax_MAFCO,A_Chempax_MAFCO,Ac,DetailAccount,Everyone,80-80-6440-5880,TransformOneToOne,Stationery Supply,6410000,false,
US,A_Chempax_MAFCO,A_Chempax_MAFCO,Ac,DetailAccount,Everyone,80-80-6460-5880,TransformOneToOne,Communication,6310030,false,
US,A_Chempax_MAFCO,A_Chempax_MAFCO,Ac,DetailAccount,Everyone,80-80-6860-5091,TransformOneToOne,Foreign exchange,8110100,false,
US,A_Chempax_MAFCO,A_Chempax_MAFCO,Ac,DetailAccount,Everyone,80-80-6860-5880,TransformOneToOne,Foreign exchange,8110100,false,
US,A_Chempax_MAFCO,A_Chempax_MAFCO,Ac,DetailAccount,Everyone,80-80-6930-,TransformOneToOne,Tax expense,8610000,false,
WEIFENG,A_Chempax_WF,A_Chempax_WF,Ac,DetailAccount,Everyone,74-75-10203-,TransformOneToOne,Cash HSBC - USD,1100000,false,
WEIFENG,A_Chempax_WF,A_Chempax_WF,Ac,DetailAccount,Everyone,74-75-11202-0001,TransformOneToOne,INTERCO JV,1160000,false,
WEIFENG,A_Chempax_WF,A_Chempax_WF,Ac,DetailAccount,Everyone,74-75-11301-0002,TransformOneToOne,A/R-MAF INTERCO,1160000,false,
WEIFENG,A_Chempax_WF,A_Chempax_WF,Ac,DetailAccount,Everyone,74-75-12301-,TransformOneToOne,RAW MATERIALS-EXTRAC,1201000,false,
WEIFENG,A_Chempax_WF,A_Chempax_WF,Ac,DetailAccount,Everyone,74-75-12701-,TransformOneToOne,FINISHED GOODS - MAG,1201000,false,
WEIFENG,A_Chempax_WF,A_Chempax_WF,Ac,DetailAccount,Everyone,74-75-12803-,TransformOneToOne,INTRANSIT INVENTORY-,1203010,false,
WEIFENG,A_Chempax_WF,A_Chempax_WF,Ac,DetailAccount,Everyone,74-75-20303-,TransformOneToOne,A/P-MAF INTERCO,2381000,true,
WEIFENG,A_Chempax_WF,A_Chempax_WF,Ac,DetailAccount,Everyone,74-75-20502-,TransformOneToOne,ACCRUE ACCTS PAYABLE,2153900,true,
WEIFENG,A_Chempax_WF,A_Chempax_WF,Ac,DetailAccount,Everyone,74-75-20701-,TransformOneToOne,SAFETY ACCRUAL OFFSE,2320090,true,
WEIFENG,A_Chempax_WF,A_Chempax_WF,Ac,DetailAccount,Everyone,74-75-31304-,TransformOneToOne,UNDISTRIBUTE PROFIT,3500000,true,
WEIFENG,A_Chempax_WF,A_Chempax_WF,Ac,DetailAccount,Everyone,74-75-40107-,TransformOneToOne,SALES-MAF INTERCO,4800000,true,
WEIFENG,A_Chempax_WF,A_Chempax_WF,Ac,DetailAccount,Everyone,74-75-40301-,TransformOneToOne,FREIGHT OUT,4100040,true,
WEIFENG,A_Chempax_WF,A_Chempax_WF,Ac,DetailAccount,Everyone,74-75-50107-,TransformOneToOne,COS OF SALES-MAF INT,5800000,false,
WEIFENG,A_Chempax_WF,A_Chempax_WF,Ac,DetailAccount,Everyone,74-75-50302-,TransformOneToOne,PURCHASE VARIANCE-EX,6030010,false,
WEIFENG,A_Chempax_WF,A_Chempax_WF,Ac,DetailAccount,Everyone,74-75-50311-,TransformOneToOne,INVENTORY ADJUSTMENT,6030040,false,
WEIFENG,A_Chempax_WF,A_Chempax_WF,Ac,DetailAccount,Everyone,74-75-51101-,TransformOneToOne,SALARIES,6210000,false,
WEIFENG,A_Chempax_WF,A_Chempax_WF,Ac,DetailAccount,Everyone,74-75-51111-,TransformOneToOne,BAD DEBT,6610060,false,
WEIFENG,A_Chempax_WF,A_Chempax_WF,Ac,DetailAccount,Everyone,74-75-51115-,TransformOneToOne,SAFETY EXPENSE OFFSE,6610070,false,
WEIFENG,A_Chempax_WF,A_Chempax_WF,Ac,DetailAccount,Everyone,74-75-51115-5091,TransformOneToOne,SAFETY EXPENSE OFFSE,6610070,false,
WEIFENG,A_Chempax_WF,A_Chempax_WF,Ac,DetailAccount,Everyone,74-75-51142-,TransformOneToOne,IC BENEFICIAL SERVIC,6310100,false,
WEIFENG,A_Chempax_WF,A_Chempax_WF,Ac,DetailAccount,Everyone,74-75-51143-,TransformOneToOne,MF BENEFICIAL SERVIC,6310100,false,
WEIFENG,A_Chempax_WF,A_Chempax_WF,Ac,DetailAccount,Everyone,74-75-52204-,TransformOneToOne,FOREIGN EXCHANGE (GA,8110100,false,
WEIFENG,A_Chempax_WF,A_Chempax_WF,Ac,DetailAccount,Everyone,74-75-54102-,TransformOneToOne,NON-OPERATING EXPENS,8190100,false,
WEIFENG,A_Chempax_WF,A_Chempax_WF,Ac,DetailAccount,Everyone,77-75-10101-,TransformOneToOne,CASH ON HAND,1100000,false,
WEIFENG,A_Chempax_WF,A_Chempax_WF,Ac,DetailAccount,Everyone,77-75-10201-,TransformOneToOne,CASH HSBC-USD,1100060,false,
WEIFENG,A_Chempax_WF,A_Chempax_WF,Ac,DetailAccount,Everyone,77-75-10202-,TransformOneToOne,CASH HSBC-HKD,1100060,false,
WEIFENG,A_Chempax_WF,A_Chempax_WF,Ac,DetailAccount,Everyone,77-75-10203-,TransformOneToOne,Cash HSBC-RMB,1100060,false,
WEIFENG,A_Chempax_WF,A_Chempax_WF,Ac,DetailAccount,Everyone,77-75-10301-,TransformOneToOne,CASH IN TRANSIT,1100080,false,
WEIFENG,A_Chempax_WF,A_Chempax_WF,Ac,DetailAccount,Everyone,77-75-11301-,TransformOneToOne,A/R THIRD PARTY,1150000,false,
WEIFENG,A_Chempax_WF,A_Chempax_WF,Ac,DetailAccount,Everyone,77-75-11301-0001,TransformOneToOne,A/R-JV INTERCO,1160000,false,
WEIFENG,A_Chempax_WF,A_Chempax_WF,Ac,DetailAccount,Everyone,77-75-11301-0002,TransformOneToOne,A/R-MAF INTERCO,1160000,false,
WEIFENG,A_Chempax_WF,A_Chempax_WF,Ac,DetailAccount,Everyone,77-75-11301-0004,TransformOneToOne,A/R-EVD,1160000,false,
WEIFENG,A_Chempax_WF,A_Chempax_WF,Ac,DetailAccount,Everyone,77-75-11301-0024,TransformOneToOne,A/R-JV INTERCO - ZFTZ,1160000,false,
WEIFENG,A_Chempax_WF,A_Chempax_WF,Ac,DetailAccount,Everyone,77-75-11301-0061,TransformOneToOne,I/C WEB,1160000,false,
WEIFENG,A_Chempax_WF,A_Chempax_WF,Ac,DetailAccount,Everyone,77-75-11302-,TransformOneToOne,OTHER RECEIVABLES,1300900,false,
WEIFENG,A_Chempax_WF,A_Chempax_WF,Ac,DetailAccount,Everyone,77-75-11304-,TransformOneToOne,ADV.SHANGHAI FANZHI,1160000,false,
WEIFENG,A_Chempax_WF,A_Chempax_WF,Ac,DetailAccount,Everyone,77-75-11307-,TransformOneToOne,ST Loan to ZFTZ,1160000,false,
WEIFENG,A_Chempax_WF,A_Chempax_WF,Ac,DetailAccount,Everyone,77-75-11308-,TransformOneToOne,Int Receivable of ZF,1160000,false,
WEIFENG,A_Chempax_WF,A_Chempax_WF,Ac,DetailAccount,Everyone,77-75-11309-,TransformOneToOne,ST Loan to Fanzhi,1160000,false,
WEIFENG,A_Chempax_WF,A_Chempax_WF,Ac,DetailAccount,Everyone,77-75-11310-,TransformOneToOne,Int.Receivable Fanzh,1160000,false,
WEIFENG,A_Chempax_WF,A_Chempax_WF,Ac,DetailAccount,Everyone,77-75-11401-,TransformOneToOne,BAD DEBT RESERVE,1151000,false,
WEIFENG,A_Chempax_WF,A_Chempax_WF,Ac,DetailAccount,Everyone,77-75-11901-,TransformOneToOne,PREPAID INSURANCE,1250100,false,
WEIFENG,A_Chempax_WF,A_Chempax_WF,Ac,DetailAccount,Everyone,77-75-11902-,TransformOneToOne,PREPAID RENTAL,1250900,false,
WEIFENG,A_Chempax_WF,A_Chempax_WF,Ac,DetailAccount,Everyone,77-75-11907-,TransformOneToOne,Miscellaneous Receivable,1300900,false,
WEIFENG,A_Chempax_WF,A_Chempax_WF,Ac,DetailAccount,Everyone,77-75-12301-,TransformOneToOne,RAW METERIALS-EXTRAC,1201000,false,
WEIFENG,A_Chempax_WF,A_Chempax_WF,Ac,DetailAccount,Everyone,77-75-12302-,TransformOneToOne,RAW MATERIALS-ROOT,1201000,false,
WEIFENG,A_Chempax_WF,A_Chempax_WF,Ac,DetailAccount,Everyone,77-75-12303-,TransformOneToOne,RAW MATERIALS-OTHER,1201000,false,
WEIFENG,A_Chempax_WF,A_Chempax_WF,Ac,DetailAccount,Everyone,77-75-12501-,TransformOneToOne,INTERMEDIATE PRODUCT,1201000,false,
WEIFENG,A_Chempax_WF,A_Chempax_WF,Ac,DetailAccount,Everyone,77-75-12502-,TransformOneToOne,INTERM PROD FG - CGA,1203000,false,
WEIFENG,A_Chempax_WF,A_Chempax_WF,Ac,DetailAccount,Everyone,77-75-12701-,TransformOneToOne,FINISHED GOODS - MAG,1201000,false,
WEIFENG,A_Chempax_WF,A_Chempax_WF,Ac,DetailAccount,Everyone,77-75-12702-,TransformOneToOne,FINISHED GOODS-LIC E,1203000,false,
WEIFENG,A_Chempax_WF,A_Chempax_WF,Ac,DetailAccount,Everyone,77-75-12803-,TransformOneToOne,INTRANSIT INVENTORY-,1201000,false,
WEIFENG,A_Chempax_WF,A_Chempax_WF,Ac,DetailAccount,Everyone,77-75-17101-,TransformOneToOne,INTANGIBLE ASSETS,1729000,false,
WEIFENG,A_Chempax_WF,A_Chempax_WF,Ac,DetailAccount,Everyone,77-75-18002-,TransformOneToOne,INVESTMENT IN FTZ,1639000,false,
WEIFENG,A_Chempax_WF,A_Chempax_WF,Ac,DetailAccount,Everyone,77-75-18005-,TransformOneToOne,INVESTMENT IN FANZHI,1639000,false,
WEIFENG,A_Chempax_WF,A_Chempax_WF,Ac,DetailAccount,Everyone,77-75-20301-,TransformOneToOne,A/P-THIRD PARTY,2150000,true,
WEIFENG,A_Chempax_WF,A_Chempax_WF,Ac,DetailAccount,Everyone,77-75-20302-,TransformOneToOne,A/P-JV INTERCO,2381000,true,
WEIFENG,A_Chempax_WF,A_Chempax_WF,Ac,DetailAccount,Everyone,77-75-20302-0024,TransformOneToOne,A/P-JV INTERCO - ZFTZ,2381000,true,
WEIFENG,A_Chempax_WF,A_Chempax_WF,Ac,DetailAccount,Everyone,77-75-20303-,TransformOneToOne,A/P-MAF INTERCO,2381000,true,
WEIFENG,A_Chempax_WF,A_Chempax_WF,Ac,DetailAccount,Everyone,77-75-20305-,TransformOneToOne,PAYABLE-MAF INTERCO,2381000,true,
WEIFENG,A_Chempax_WF,A_Chempax_WF,Ac,DetailAccount,Everyone,77-75-20317-,TransformOneToOne,A/P-EVD,2381000,true,
WEIFENG,A_Chempax_WF,A_Chempax_WF,Ac,DetailAccount,Everyone,77-75-20403-,TransformOneToOne,ADV FM 3RD PARTY,2153900,true,
WEIFENG,A_Chempax_WF,A_Chempax_WF,Ac,DetailAccount,Everyone,77-75-20404-,TransformOneToOne,ADV. FROM ZFTZ,2381000,true,
WEIFENG,A_Chempax_WF,A_Chempax_WF,Ac,DetailAccount,Everyone,77-75-20405-,TransformOneToOne,ADV. FROM SHMF,2381000,true,
WEIFENG,A_Chempax_WF,A_Chempax_WF,Ac,DetailAccount,Everyone,77-75-20501-,TransformOneToOne,ACCT PAYABLE ACCURAL,2153900,true,
WEIFENG,A_Chempax_WF,A_Chempax_WF,Ac,DetailAccount,Everyone,77-75-20502-,TransformOneToOne,ACCRUE PAYABLE,2153900,true,
WEIFENG,A_Chempax_WF,A_Chempax_WF,Ac,DetailAccount,Everyone,77-75-20503-,TransformOneToOne,P-TRAD. GANSU FANZHI,2150020,true,
WEIFENG,A_Chempax_WF,A_Chempax_WF,Ac,DetailAccount,Everyone,77-75-20503-0004,TransformOneToOne,P-TRAD. TOKIWA,2150020,true,
WEIFENG,A_Chempax_WF,A_Chempax_WF,Ac,DetailAccount,Everyone,77-75-21101-,TransformOneToOne,ACCRUED PAYROLL,2311000,true,
WEIFENG,A_Chempax_WF,A_Chempax_WF,Ac,DetailAccount,Everyone,77-75-21102-,TransformOneToOne,ACCRUED BONUS,2311010,true,
WEIFENG,A_Chempax_WF,A_Chempax_WF,Ac,DetailAccount,Everyone,77-75-21201-,TransformOneToOne,ACCRUED EXPENSES,2320090,true,
WEIFENG,A_Chempax_WF,A_Chempax_WF,Ac,DetailAccount,Everyone,77-75-21202-,TransformOneToOne,ACCRUED FREIGHT,2320010,true,
WEIFENG,A_Chempax_WF,A_Chempax_WF,Ac,DetailAccount,Everyone,77-75-21401-,TransformOneToOne,ACCRUED WELFARE,2320090,true,
WEIFENG,A_Chempax_WF,A_Chempax_WF,Ac,DetailAccount,Everyone,77-75-22101-,TransformOneToOne,TAXES PAYABLES,2310690,true,
WEIFENG,A_Chempax_WF,A_Chempax_WF,Ac,DetailAccount,Everyone,77-75-22103-,TransformOneToOne,PERSONAL INCOME TAX,2312000,true,
WEIFENG,A_Chempax_WF,A_Chempax_WF,Ac,DetailAccount,Everyone,77-75-22104-,TransformOneToOne,CORP. INCOME TAX PAY,2200020,true,
WEIFENG,A_Chempax_WF,A_Chempax_WF,Ac,DetailAccount,Everyone,77-75-24101-,TransformOneToOne,LONG TERM LOAN-MAF,2880000,true,
WEIFENG,A_Chempax_WF,A_Chempax_WF,Ac,DetailAccount,Everyone,77-75-24101-0002,TransformOneToOne,LONG TERM LOAN -LUX,2880000,true,
WEIFENG,A_Chempax_WF,A_Chempax_WF,Ac,DetailAccount,Everyone,77-75-24101-0003,TransformOneToOne,LONG TERM LOAN -EVD,2381000,true,
WEIFENG,A_Chempax_WF,A_Chempax_WF,Ac,DetailAccount,Everyone,77-75-24102-,TransformOneToOne,L.T. LOAN INT.ACCRUA,2880000,true,
WEIFENG,A_Chempax_WF,A_Chempax_WF,Ac,DetailAccount,Everyone,77-75-24102-0001,TransformOneToOne,L.T. LOAN INT. EVD,2381000,true,
WEIFENG,A_Chempax_WF,A_Chempax_WF,Ac,DetailAccount,Everyone,77-75-30101-,TransformOneToOne,COMMON STOCK,3002000,true,
WEIFENG,A_Chempax_WF,A_Chempax_WF,Ac,DetailAccount,Everyone,77-75-31101-,TransformOneToOne,Capital Contribution,3109900,true,
WEIFENG,A_Chempax_WF,A_Chempax_WF,Ac,DetailAccount,Everyone,77-75-31301-,TransformOneToOne,RETAINED EARNINGS,3500000,true,
WEIFENG,A_Chempax_WF,A_Chempax_WF,Ac,DetailAccount,Everyone,77-75-31303-,TransformOneToOne,CUMULATIVE TRANSLATI,3301000,true,
WEIFENG,A_Chempax_WF,A_Chempax_WF,Ac,DetailAccount,Everyone,77-75-31304-,TransformOneToOne,RET.EARNINGS-SYSTEM,3500000,true,
WEIFENG,A_Chempax_WF,A_Chempax_WF,Ac,DetailAccount,Everyone,77-75-40101-,TransformOneToOne,SALES-LIC/AG/DGLE,4000010,true,
WEIFENG,A_Chempax_WF,A_Chempax_WF,Ac,DetailAccount,Everyone,77-75-40102-,TransformOneToOne,SALES -MAG,4000010,true,
WEIFENG,A_Chempax_WF,A_Chempax_WF,Ac,DetailAccount,Everyone,77-75-40103-,TransformOneToOne,SALES-REMELTS,4000010,true,
WEIFENG,A_Chempax_WF,A_Chempax_WF,Ac,DetailAccount,Everyone,77-75-40104-,TransformOneToOne,SALES-JV INTERCO,4800000,true,
WEIFENG,A_Chempax_WF,A_Chempax_WF,Ac,DetailAccount,Everyone,77-75-40107-,TransformOneToOne,SALES-MAF INTERCO,4800000,true,
WEIFENG,A_Chempax_WF,A_Chempax_WF,Ac,DetailAccount,Everyone,77-75-40108-,TransformOneToOne,SALES-ROOT,4000010,true,
WEIFENG,A_Chempax_WF,A_Chempax_WF,Ac,DetailAccount,Everyone,77-75-40201-,TransformOneToOne,SALES RETURNS AND AL,4100000,true,
WEIFENG,A_Chempax_WF,A_Chempax_WF,Ac,DetailAccount,Everyone,77-75-40202-,TransformOneToOne,SALES DISCOUNTS,4100020,true,
WEIFENG,A_Chempax_WF,A_Chempax_WF,Ac,DetailAccount,Everyone,77-75-40301-,TransformOneToOne,FREIGHT OUT,6010000,false,
WEIFENG,A_Chempax_WF,A_Chempax_WF,Ac,DetailAccount,Everyone,77-75-40302-,TransformOneToOne,FREIGHT REIMBURSEMEN,6010000,false,
WEIFENG,A_Chempax_WF,A_Chempax_WF,Ac,DetailAccount,Everyone,77-75-40303-,TransformOneToOne,FREIGHT IN,6010000,false,
WEIFENG,A_Chempax_WF,A_Chempax_WF,Ac,DetailAccount,Everyone,77-75-40304-,TransformOneToOne,Production Consumption - Packaging,6030021,false,
WEIFENG,A_Chempax_WF,A_Chempax_WF,Ac,DetailAccount,Everyone,77-75-40306-,TransformOneToOne,FREIGHT,6010000,false,
WEIFENG,A_Chempax_WF,A_Chempax_WF,Ac,DetailAccount,Everyone,77-75-50101-,TransformOneToOne,COGS-LIC/AG/DGLE,5000000,false,
WEIFENG,A_Chempax_WF,A_Chempax_WF,Ac,DetailAccount,Everyone,77-75-50102-,TransformOneToOne,COGS - MAG,5000000,false,
WEIFENG,A_Chempax_WF,A_Chempax_WF,Ac,DetailAccount,Everyone,77-75-50103-,TransformOneToOne,COGS-REMELTS,5000000,false,
WEIFENG,A_Chempax_WF,A_Chempax_WF,Ac,DetailAccount,Everyone,77-75-50104-,TransformOneToOne,COGS-JV INTERCO,5800000,false,
WEIFENG,A_Chempax_WF,A_Chempax_WF,Ac,DetailAccount,Everyone,77-75-50104-0024,TransformOneToOne,COGS-JV INTERCO - ZFTZ,5800000,false,
WEIFENG,A_Chempax_WF,A_Chempax_WF,Ac,DetailAccount,Everyone,77-75-50107-,TransformOneToOne,COGS-MAF INTERCO,5800000,false,
WEIFENG,A_Chempax_WF,A_Chempax_WF,Ac,DetailAccount,Everyone,77-75-50107-0002,TransformOneToOne,COGS-MAF INTERCO - US,5800000,false,
WEIFENG,A_Chempax_WF,A_Chempax_WF,Ac,DetailAccount,Everyone,77-75-50107-0034,TransformOneToOne,COGS-MAF INTERCO - EVD,5800000,false,
WEIFENG,A_Chempax_WF,A_Chempax_WF,Ac,DetailAccount,Everyone,77-75-50108-,TransformOneToOne,COGS-ROOT,5000000,false,
WEIFENG,A_Chempax_WF,A_Chempax_WF,Ac,DetailAccount,Everyone,77-75-50301-,TransformOneToOne,PURCHASE VAR.-ROOT,6030010,false,
WEIFENG,A_Chempax_WF,A_Chempax_WF,Ac,DetailAccount,Everyone,77-75-50302-,TransformOneToOne,PURCHASE VAR.-REMELT,6030010,false,
WEIFENG,A_Chempax_WF,A_Chempax_WF,Ac,DetailAccount,Everyone,77-75-50303-,TransformOneToOne,PURCHASE VAR.-DEVRIV,6030010,false,
WEIFENG,A_Chempax_WF,A_Chempax_WF,Ac,DetailAccount,Everyone,77-75-50311-,TransformOneToOne,INV.ADJ.-ROOT,6030040,false,
WEIFENG,A_Chempax_WF,A_Chempax_WF,Ac,DetailAccount,Everyone,77-75-50312-,TransformOneToOne,INV.ADJ.-REMELTS,6030040,false,
WEIFENG,A_Chempax_WF,A_Chempax_WF,Ac,DetailAccount,Everyone,77-75-50313-,TransformOneToOne,INV.ADJ.-DERIVATIVES,6030040,false,
WEIFENG,A_Chempax_WF,A_Chempax_WF,Ac,DetailAccount,Everyone,77-75-50314-,TransformOneToOne,WAREHOUSE TRANSFER-(,6030040,false,
WEIFENG,A_Chempax_WF,A_Chempax_WF,Ac,DetailAccount,Everyone,77-75-50321-,TransformOneToOne,PT-ACCURED VS.ACTUAL,6020035,false,
WEIFENG,A_Chempax_WF,A_Chempax_WF,Ac,DetailAccount,Everyone,77-75-51101-,TransformOneToOne,SALARIES,6210000,false,
WEIFENG,A_Chempax_WF,A_Chempax_WF,Ac,DetailAccount,Everyone,77-75-51102-,TransformOneToOne,WELFARES,6210160,false,
WEIFENG,A_Chempax_WF,A_Chempax_WF,Ac,DetailAccount,Everyone,77-75-51104-5091,TransformOneToOne,RENTAL EXPENSE-ADMIN,6320020,false,
WEIFENG,A_Chempax_WF,A_Chempax_WF,Ac,DetailAccount,Everyone,77-75-51105-5091,TransformOneToOne,INSURANCE - ADMIN,6610130,false,
WEIFENG,A_Chempax_WF,A_Chempax_WF,Ac,DetailAccount,Everyone,77-75-51106-5091,TransformOneToOne,OFFICE EXP.-ADMIN,6410000,false,
WEIFENG,A_Chempax_WF,A_Chempax_WF,Ac,DetailAccount,Everyone,77-75-51107-,TransformOneToOne,PROFESSIONAL SERVICE,6310100,false,
WEIFENG,A_Chempax_WF,A_Chempax_WF,Ac,DetailAccount,Everyone,77-75-51107-5091,TransformOneToOne,PRO. SRVS.-ADMIN,6310100,false,
WEIFENG,A_Chempax_WF,A_Chempax_WF,Ac,DetailAccount,Everyone,77-75-51107-5130,TransformOneToOne,Consultant - Selling,6310000,false,
WEIFENG,A_Chempax_WF,A_Chempax_WF,Ac,DetailAccount,Everyone,77-75-51108-5130,TransformOneToOne,Consulting-Travel Exp,6310000,false,
WEIFENG,A_Chempax_WF,A_Chempax_WF,Ac,DetailAccount,Everyone,77-75-51111-,TransformOneToOne,BAD DEBT,6610060,false,
WEIFENG,A_Chempax_WF,A_Chempax_WF,Ac,DetailAccount,Everyone,77-75-51112-5130,TransformOneToOne,COMMISSIONS,6610070,false,
WEIFENG,A_Chempax_WF,A_Chempax_WF,Ac,DetailAccount,Everyone,77-75-51113-,TransformOneToOne,MISCELLANEOUS,6610070,false,
WEIFENG,A_Chempax_WF,A_Chempax_WF,Ac,DetailAccount,Everyone,77-75-51113-5091,TransformOneToOne,MISCELLANEOUS,6610070,false,
WEIFENG,A_Chempax_WF,A_Chempax_WF,Ac,DetailAccount,Everyone,77-75-51125-2310,TransformOneToOne,Storage,6320020,false,
WEIFENG,A_Chempax_WF,A_Chempax_WF,Ac,DetailAccount,Everyone,77-75-51125-5091,TransformOneToOne,Warehouse Rent,6130060,false,
WEIFENG,A_Chempax_WF,A_Chempax_WF,Ac,DetailAccount,Everyone,77-75-51131-5001,TransformOneToOne,AUDIT FEE-FINANCE,6310080,false,
WEIFENG,A_Chempax_WF,A_Chempax_WF,Ac,DetailAccount,Everyone,77-75-51142-,TransformOneToOne,IC BENEFICIAL SERVIC,6610090,false,
WEIFENG,A_Chempax_WF,A_Chempax_WF,Ac,DetailAccount,Everyone,77-75-51143-,TransformOneToOne,MF BENEFICIAL SERVIC,6610090,false,
WEIFENG,A_Chempax_WF,A_Chempax_WF,Ac,DetailAccount,Everyone,77-75-51200-0002,TransformOneToOne,IC Beneficial Servic - US,6610150,false,
WEIFENG,A_Chempax_WF,A_Chempax_WF,Ac,DetailAccount,Everyone,77-75-51200-0022,TransformOneToOne,IC Beneficial Servic - SMB,6610150,false,
WEIFENG,A_Chempax_WF,A_Chempax_WF,Ac,DetailAccount,Everyone,77-75-51200-5091,TransformOneToOne,IC Beneficial Services,6610150,false,
WEIFENG,A_Chempax_WF,A_Chempax_WF,Ac,DetailAccount,Everyone,77-75-51201-0002,TransformOneToOne,IC Beneficial Servic - US,6610150,false,
WEIFENG,A_Chempax_WF,A_Chempax_WF,Ac,DetailAccount,Everyone,77-75-51201-0022,TransformOneToOne,IC Beneficial Servic - SMB,6610150,false,
WEIFENG,A_Chempax_WF,A_Chempax_WF,Ac,DetailAccount,Everyone,77-75-51201-5091,TransformOneToOne,IC Beneficial Services,6610150,false,
WEIFENG,A_Chempax_WF,A_Chempax_WF,Ac,DetailAccount,Everyone,77-75-52201-0001,TransformOneToOne,INTEREST EXP.-MAF,8410800,false,
WEIFENG,A_Chempax_WF,A_Chempax_WF,Ac,DetailAccount,Everyone,77-75-52201-0002,TransformOneToOne,INTEREST INC.-ZFTZ,8410800,false,
WEIFENG,A_Chempax_WF,A_Chempax_WF,Ac,DetailAccount,Everyone,77-75-52201-0003,TransformOneToOne,INTEREST INC.-SHFZ,8410800,false,
WEIFENG,A_Chempax_WF,A_Chempax_WF,Ac,DetailAccount,Everyone,77-75-52201-0004,TransformOneToOne,INTEREST EXP.-EVD,8410800,false,
WEIFENG,A_Chempax_WF,A_Chempax_WF,Ac,DetailAccount,Everyone,77-75-52202-,TransformOneToOne,BANK CHARGES,6610140,false,
WEIFENG,A_Chempax_WF,A_Chempax_WF,Ac,DetailAccount,Everyone,77-75-52203-,TransformOneToOne,OTHER INTEREST,8410100,false,
WEIFENG,A_Chempax_WF,A_Chempax_WF,Ac,DetailAccount,Everyone,77-75-52204-,TransformOneToOne,FOREIGN EXCHANGE (GA,8110100,false,
WEIFENG,A_Chempax_WF,A_Chempax_WF,Ac,DetailAccount,Everyone,77-75-53002-,TransformOneToOne,SUB PROFIT-ZFTZ,1639000,false,
WEIFENG,A_Chempax_WF,A_Chempax_WF,Ac,DetailAccount,Everyone,77-75-53003-,TransformOneToOne,SUB PROFIT-CONCORD,1639000,false,
WEIFENG,A_Chempax_WF,A_Chempax_WF,Ac,DetailAccount,Everyone,77-75-53006-,TransformOneToOne,SUB PROFIT-XCNP,1639000,false,
WEIFENG,A_Chempax_WF,A_Chempax_WF,Ac,DetailAccount,Everyone,77-75-53008-,TransformOneToOne,SUB PROFIT-WEIFENG H,1639000,false,
WEIFENG,A_Chempax_WF,A_Chempax_WF,Ac,DetailAccount,Everyone,77-75-53009-,TransformOneToOne,SUB PROFIT-SH FANZHI,1639000,false,
WEIFENG,A_Chempax_WF,A_Chempax_WF,Ac,DetailAccount,Everyone,77-75-54101-0001,TransformOneToOne,N-OPT INC. GOV. SUB,8190100,false,
WEIFENG,A_Chempax_WF,A_Chempax_WF,Ac,DetailAccount,Everyone,77-75-55001-,TransformOneToOne,INCOME TAXES,8610000,false,
WEIFENG,A_Chempax_WF,A_Chempax_WF,Ac,DetailAccount,Everyone,77-76-16503-0001,TransformOneToOne,PA-FIXED ASSET,1520900,false,
WEIFENG,A_Chempax_WF,A_Chempax_WF,Ac,DetailAccount,Everyone,77-76-16503-0002,TransformOneToOne,PA-CUL. DEPRECIATION,1560900,false,
WEIFENG,A_Chempax_WF,A_Chempax_WF,Ac,DetailAccount,Everyone,77-76-16506-0001,TransformOneToOne,PA-INTANGIBLE,1710000,false,
WEIFENG,A_Chempax_WF,A_Chempax_WF,Ac,DetailAccount,Everyone,77-76-17001-,TransformOneToOne,OPT LEASE ROU ASSETS,1701900,false,
WEIFENG,A_Chempax_WF,A_Chempax_WF,Ac,DetailAccount,Everyone,77-76-18002-,TransformOneToOne,INVESTMENT IN FTZ,1639000,false,
WEIFENG,A_Chempax_WF,A_Chempax_WF,Ac,DetailAccount,Everyone,77-76-18005-,TransformOneToOne,PA-INVEST IN FANZHI,1639000,false,
WEIFENG,A_Chempax_WF,A_Chempax_WF,Ac,DetailAccount,Everyone,77-76-19000-,TransformOneToOne,Goodwill,1710000,false,
WEIFENG,A_Chempax_WF,A_Chempax_WF,Ac,DetailAccount,Everyone,77-76-19900-,TransformOneToOne,PA-DEFD. TAX ASSET,1740000,false,
WEIFENG,A_Chempax_WF,A_Chempax_WF,Ac,DetailAccount,Everyone,77-76-19900-0001,TransformOneToOne,PA-DEFD. TAX XCNP,1740000,false,
WEIFENG,A_Chempax_WF,A_Chempax_WF,Ac,DetailAccount,Everyone,77-76-19900-0002,TransformOneToOne,PA-DEFD. TAX ZFTZ,2651010,true,
WEIFENG,A_Chempax_WF,A_Chempax_WF,Ac,DetailAccount,Everyone,77-76-19900-0003,TransformOneToOne,PA-DEFD. TAX SHMF,2651010,true,
WEIFENG,A_Chempax_WF,A_Chempax_WF,Ac,DetailAccount,Everyone,77-76-23101-,TransformOneToOne,OPT LEASE LIAB. CURR,2201900,true,
WEIFENG,A_Chempax_WF,A_Chempax_WF,Ac,DetailAccount,Everyone,77-76-25101-,TransformOneToOne,OPT LEASE LIAB. N-CU,2701900,true,
WEIFENG,A_Chempax_WF,A_Chempax_WF,Ac,DetailAccount,Everyone,77-76-31301-,TransformOneToOne,PA-RETAINED EARNINGS,3500000,true,
WEIFENG,A_Chempax_WF,A_Chempax_WF,Ac,DetailAccount,Everyone,77-76-31303-,TransformOneToOne,CUMULATIVE TRANSLATI,3301000,true,
WEIFENG,A_Chempax_WF,A_Chempax_WF,Ac,DetailAccount,Everyone,77-76-32200-,TransformOneToOne,Additional Contributed Capital,3109900,true,
WEIFENG,A_Chempax_WF,A_Chempax_WF,Ac,DetailAccount,Everyone,77-76-51104-5091,TransformOneToOne,Rental Expense – Admin,6320020,false,
WEIFENG,A_Chempax_WF,A_Chempax_WF,Ac,DetailAccount,Everyone,77-76-51125-0001,TransformOneToOne,OPT LEASE EXP. FIXED,6320020,false,
WEIFENG,A_Chempax_WF,A_Chempax_WF,Ac,DetailAccount,Everyone,77-76-51125-0002,TransformOneToOne,OPT LEASE EXP. VARI,6320030,false,
WEIFENG,A_Chempax_WF,A_Chempax_WF,Ac,DetailAccount,Everyone,77-76-53002-,TransformOneToOne,SUB PROFIT-ZFTZ,4800000,true,
WEIFENG,A_Chempax_WF,A_Chempax_WF,Ac,DetailAccount,Everyone,77-76-53009-,TransformOneToOne,SUB PROFIT-SH FANZHI,4800000,true,
WEIFENG,A_Chempax_WF,A_Chempax_WF,Ac,DetailAccount,Everyone,77-76-54101-,TransformOneToOne,NON-OPERATING INCOME,8190100,false,
WEIFENG,A_Chempax_WF,A_Chempax_WF,Ac,DetailAccount,Everyone,77-76-55001-,TransformOneToOne,PA-INCOME TAXES,8610000,false,
