CUST_GROUP,CUST_NAME,COUNTRY_NAME,SALES_REP,TEAM,FOCUS
"1440 Foods, LLC","1440 Foods, LLC",UNITED STATES OF AMERICA,Kelli M.,Americas,false
"220 LABORATORIES, INC.","220 LABORATORIES, INC.",UNITED STATES OF AMERICA,Kelli M.,Americas,false
24K LABS,24K LABS,UNITED STATES OF AMERICA,Kelli M.,Americas,false
3C Group LLC,3C Group LLC,UNITED STATES OF AMERICA,Kelli M.,Americas,false
4WD VISION EUROPE B.V.,4WD VISION EUROPE B.V.,THAILAND,Florian M.,Europe,false
710 Trading,710 Trading,UNITED STATES OF AMERICA,Kelli M.,Americas,false
ABBVIE INC.,ABBVIE INC.,UNITED STATES OF AMERICA,Danielle J.,Americas,false
"ABCO LABORATORIES, INC.","ABCO LABORATORIES, INC.",UNITED STATES OF AMERICA,Kelli M.,Americas,false
ABDALLAH CANDIES INC.,ABDALLAH CANDIES INC.,UNITED STATES OF AMERICA,Kelli M.,Americas,false
ABELEI FLAVORS,ABELEI FLAVORS,UNITED STATES OF AMERICA,Danielle J.,Americas,false
ABSTRAX TECH,ABSTRAX TECH,UNITED STATES OF AMERICA,Kelli M.,Americas,false
"ACCUPAC, INC.","ACCUPAC, INC.",UNITED STATES OF AMERICA,Danielle J.,Americas,false
Acenzia Inc.,Acenzia Inc.,CANADA,Kelli M.,Americas,false
ACTIVES INTERNATIONAL LLC,ACTIVES INTERNATIONAL LLC,UNITED STATES OF AMERICA,Danielle J.,Americas,true
ACTIV'INSIDE,ACTIV'INSIDE,FRANCE,Florian M.,Europe,false
ADAMANTINE LLC,ADAMANTINE LLC,UNITED STATES OF AMERICA,Kelli M.,Americas,false
ADCHEM INTERNATIONAL FZCO,ADCHEM INTERNATIONAL FZCO,UNITED ARAB EMIRATES,Sanjay C.,IMEA,true
ADCHEM INTERNATIONAL FZCO,ADCHEM INTERNATIONAL FZCO,UNITED ARABIC EMIRATES,Sanjay C.,IMEA,true
AEROSOLS DANVILLE INC,AEROSOLS DANVILLE INC,UNITED STATES OF AMERICA,Kelli M.,Americas,false
"AGGRIST, INC.","AGGRIST, INC.",UNITED STATES OF AMERICA,Kelli M.,Americas,false
Ahven LLC,Ahven LLC,UNITED STATES OF AMERICA,Kelli M.,Americas,false
AISHIKE FOOD(ZHEJIANG) CO.LTD.,AISHIKE FOOD(ZHEJIANG) CO.LTD.,CHINA,Haibin Y.,China/Japan,false
AKORN,AKORN,UNITED STATES OF AMERICA,Kelli M.,Americas,false
AKRAS FLAVOURS INDIA PVT. LTD.,AKRAS FLAVOURS INDIA PVT. LTD.,INDIA,Sanjay C.,IMEA,false
Al Dana General Trading,Al Dana General Trading,UNITED ARAB EMIRATES,Sanjay C.,IMEA,false
ALBERT DENECHAUD SARL,ALBERT DENECHAUD SARL,FRANCE,Florian M.,Europe,false
ALCHIM AROMATIQUES,ALCHIM AROMATIQUES,FRANCE,Florian M.,Europe,false
ALDER BASSWOOD CLOVER LP,ALDER BASSWOOD CLOVER LP,IRELAND,Danielle J.,IMEA,false
ALFA MANUFACTURING GROUP,ALFA MANUFACTURING GROUP,UNITED STATES OF AMERICA,Kelli M.,Americas,false
ALGON CORPORATION,ALGON CORPORATION,UNITED STATES OF AMERICA,Kelli M.,Americas,false
ALGOVITAL,ALGOVITAL,FRANCE,Gwenn B.,Europe,false
All Ingredients Plus,All Ingredients Plus,UNITED STATES OF AMERICA,Kelli M.,Americas,false
"ALLEN FLAVORS, INC.","ALLEN FLAVORS, INC.",UNITED STATES OF AMERICA,Kelli M.,Americas,false
Alpha Creations,Alpha Creations,UNITED STATES OF AMERICA,Kelli M.,Americas,false
ALPS,QINGDAO TAITONG PHARMACEUTICAL,CHINA,Sissic H.,China/Japan,true
AL-SEEDAWI SWEETS FACTORIES,AL-SEEDAWI SWEETS FACTORIES,KUWAIT,Sanjay C.,IMEA,false
ALTRIA,Altria Compounds LLC,UNITED STATES OF AMERICA,Jeff R.,Americas,false
ALTRIA,JOHN MIDDLETON COMPANY,UNITED STATES OF AMERICA,Jeff R.,Americas,false
ALTRIA,U.S. Smokeless Tobacco Products LLC,UNITED STATES OF AMERICA,Danielle J.,Americas,false
ALTRIA,US SMOKELESS TOBACCO,UNITED STATES OF AMERICA,Jeff R.,Americas,false
ALTRIA CLIENT SERVICES INC.,ALTRIA CLIENT SERVICES INC.,UNITED STATES OF AMERICA,Danielle J.,Americas,false
Altruistic Laboratories,Altruistic Laboratories,UNITED STATES OF AMERICA,Kelli M.,Americas,false
AMANO CHOCOLATE,AMANO CHOCOLATE,UNITED STATES OF AMERICA,Kelli M.,Americas,false
Ambix Laboratories,Ambix Laboratories,UNITED STATES OF AMERICA,Kelli M.,Americas,false
American Nutritional Corp.,American Nutritional Corp.,UNITED STATES OF AMERICA,Kelli M.,Americas,false
AMERICAN SPRAYTECH,AMERICAN SPRAYTECH,UNITED STATES OF AMERICA,Kelli M.,Americas,false
"AMNEAL PHARMACEUTICALS, LLC","AMNEAL PHARMACEUTICALS, LLC",UNITED STATES OF AMERICA,Danielle J.,Americas,false
ANGELINI,"ANGELINI PHARMA ESPANA, S.L.U.",SPAIN,Florian M.,Europe,false
ANHUI DANMEIKE FOOD TECHNOLOGY,ANHUI DANMEIKE FOOD TECHNOLOGY,CHINA,Haibin Y.,China/Japan,false
"ANHUI FUPAIYUAN FOOD CO.,LTD","ANHUI FUPAIYUAN FOOD CO.,LTD",CHINA,Haibin Y.,China/Japan,false
ANHUI LIULIUMEI RESEARCH,ANHUI LIULIUMEI RESEARCH,CHINA,Haibin Y.,China/Japan,true
ANONA GMBH,ANONA GMBH,GERMANY,Gwenn B.,Europe,false
ANTESITE & NOIROT,ANTESITE & NOIROT,FRANCE,Gwenn B.,Europe,false
ANTHEM,ANTHEM,UNITED STATES OF AMERICA,Kelli M.,Americas,false
Apcco Labs Inc,Apcco Labs Inc,UNITED STATES OF AMERICA,Kelli M.,Americas,false
APP GLOBAL,APP GLOBAL,UNITED STATES OF AMERICA,Kelli M.,Americas,false
"Appalachian Pharm Processing, LLC","Appalachian Pharm Processing, LLC",UNITED STATES OF AMERICA,Kelli M.,Americas,false
Aquestive,Aquestive,UNITED STATES OF AMERICA,Kelli M.,Americas,false
ARENDIS LLC,ARENDIS LLC,UNITED STATES OF AMERICA,Kelli M.,Americas,false
ARETHIA SERVICES GMBH & CO KG,ARETHIA SERVICES GMBH & CO KG,GERMANY,Gwenn B.,Europe,false
Argenta Research LLC,Argenta Research LLC,UNITED STATES OF AMERICA,Kelli M.,Americas,false
ARGEVILLE,ARGEVILLE,FRANCE,Gwenn B.,Europe,false
Arhu Enterprise,Arhu Enterprise,UNITED STATES OF AMERICA,Kelli M.,Americas,false
ARIZONA NUTRITIONAL SUPPLS INC,ARIZONA NUTRITIONAL SUPPLS INC,UNITED STATES OF AMERICA,Kelli M.,Americas,false
AROMANCE,AROMANCE,FRANCE,Florian M.,Europe,false
AROMATECH,AROMATECH,FRANCE,Florian M.,Europe,false
Aromatech USA,Aromatech USA,UNITED STATES OF AMERICA,Kelli M.,Americas,false
AROMATIC BEVERAGES COMPANY,AROMATIC BEVERAGES COMPANY,FRANCE,Florian M.,Europe,false
Aromaticos La Victoria S.A. de C.V.,Aromaticos La Victoria S.A. de C.V.,UNITED STATES OF AMERICA,Danielle J.,Americas,false
Aromsa GMBH,Aromsa GMBH,GERMANY,Gwenn B.,Europe,false
"Ascent Naturals, LLC","Ascent Naturals, LLC",UNITED STATES OF AMERICA,Kelli M.,Americas,false
ASEPTA LABORATOIRES,ASEPTA LABORATOIRES,FRANCE,Gwenn B.,Europe,true
ASHLAND SPECIALTY INGREDIENTS G.P.,ASHLAND SPECIALTY INGREDIENTS G.P.,UNITED STATES OF AMERICA,Kelli M.,Americas,false
Asterra Labs,Asterra Labs,UNITED STATES OF AMERICA,Kelli M.,Americas,false
ASTRON LIMITED,ASTRON LIMITED,Sri Lanka,Sanjay C.,IMEA,false
AT PHARMA SPA,AT PHARMA SPA,ALGERIA,Sanjay C.,IMEA,false
ATP Chemicals,ATP Chemicals,MOROCCO,Danielle J.,Americas,false
AUGUSTUS OILS LTD,AUGUSTUS OILS LTD,UNITED KINGDOM,Florian M.,Europe,false
"AUTUMN HARP, INC.","AUTUMN HARP, INC.",UNITED STATES OF AMERICA,Kelli M.,Americas,false
Avini Health,Avini Health,UNITED STATES OF AMERICA,Kelli M.,Americas,false
AXT Nutraceuticals LLC,AXT Nutraceuticals LLC,UNITED STATES OF AMERICA,Kelli M.,Americas,false
AZELIS ESPANA SA,AZELIS ESPANA SA,SPAIN,Gwenn B.,Europe,false
AZELIS MX,"AZELIS MÃ‰XICO, S.A. de C.V.",MEXICO,Danielle J.,Americas,false
AZELIS MX,"AZELIS MEXICO, S.A. DE C.V.",MEXICO,Danielle J.,Americas,false
B.A.T.,ABBA CHEM (BAT - Venezuela),VENEZUELA,Lee C.,Americas,false
B.A.T.,BAT - Argentina,ARGENTINA,Lee C.,Americas,false
B.A.T.,BAT - Chile,CHILE,Lee C.,Americas,false
B.A.T.,BAT - Chile,CHILIE,Lee C.,Americas,false
B.A.T.,BAT - Germany,UNITED KINGDOM,Lee C.,Americas,false
B.A.T.,BAT - Germany,GERMANY,Lee C.,Americas,false
B.A.T.,BAT - Indonesia (PT BENTOEL),INDONESIA,Lee C.,Americas,false
B.A.T.,BAT - Korea,KOREA,Lee C.,Americas,false
B.A.T.,BAT - Mexico,UNITED STATES OF AMERICA,Lee C.,Americas,false
B.A.T.,BAT - Mexico,MEXICO,Lee C.,Americas,false
B.A.T.,BAT - Nigeria,NIGERIA,Lee C.,Americas,false
B.A.T.,BAT - Singapore,SINGAPORE,Lee C.,Americas,false
B.A.T.,BAT - South Africa,SOUTH AFRICA,Lee C.,Americas,false
B.A.T.,BAT - Switzerland,SWITZERLAND,Lee C.,Americas,false
B.A.T.,BAT - Switzerland,GERMANY,Lee C.,Americas,false
B.A.T.,BAT - Switzerland,NETHERLANDS,Lee C.,Americas,false
B.A.T.,BAT - TURKEY,TURKIYE,Lee C.,Americas,false
B.A.T.,BAT - Venezuela ( ABBA CHEM),VENEZUELA,Lee C.,Americas,false
B.A.T.,BAT Brazil,BRAZIL,Lee C.,Americas,false
B.A.T.,BAT-South Africa,SOUTH AFRICA,Lee C.,Americas,false
B.A.T.,British American Tobacco Tutun,TURKEY,Lee C.,Americas,false
B.L.C Korea,B.L.C Korea,KOREA,Lynn S.,China/Japan,false
"BALDOM USA, INC.","BALDOM USA, INC.",UNITED STATES OF AMERICA,Kelli M.,Americas,false
BANGSHIDI (GUANGDONG) MEDICAL,BANGSHIDI (GUANGDONG) MEDICAL,CHINA,Haibin Y.,China/Japan,false
BAODING HUAIMAO FOOD TECHNOLOGY,BAODING HUAIMAO FOOD TECHNOLOGY,CHINA,Haibin Y.,China/Japan,false
BARCHEMY LLC,BARCHEMY LLC,UNITED STATES OF AMERICA,Kelli M.,Americas,false
Barentz,Barentz,UNITED STATES OF AMERICA,Kelli M.,Americas,false
BARIATRIX,BARIATRIX EUROPE,FRANCE,Florian M.,Europe,false
BARIATRIX,"BARIATRIX NUTRITION, INC.",CANADA,Kelli M.,Europe,false
BATORY FOODS,BATORY FOODS,UNITED STATES OF AMERICA,Danielle J.,Americas,true
BAYER,BAYER CONSUMER CARE AG,GERMANY,Gwenn B.,Europe,true
BAYER,BONIMA,EL SALVADOR,Danielle J.,Europe,true
BEAUVILLIERS FLAVORS,BEAUVILLIERS FLAVORS,FRANCE,Florian M.,Europe,false
Behn Meyer,BEHN MEYER - MALAYSIA,MALAYSIA,Kanda W.,SEA,true
Behn Meyer,BEHN MEYER - MALAYSIA,VIETNAM,Kanda W.,SEA,true
Behn Meyer,BEHN MEYER - VIET NAM,VIETNAM,Kanda W.,SEA,true
Behn Meyer,BEHN MEYER MALAYSIA,MALAYSIA,Kanda W.,SEA,true
Behn Meyer,BEHN MEYER MALAYSIA,VIETNAM,Kanda W.,SEA,true
BEHN MEYER,BEHN MEYER SPECIALTIES (M) PLT,MALAYSIA,Kanda W.,SEA,true
BEHN MEYER,"Behn Meyer Viet Nam Co.,Ltd",VIETNAM,Kanda W.,SEA,true
BEHN MEYER,Behn Meyer-Malaysia(Vietnam),VIETNAM,Kanda W.,SEA,true
BEHN MEYER,Behn Meyer-Malaysia(Vietnam),MALAYSIA,Kanda W.,SEA,true
BEHN MEYER,Behn Meyer-Vietnam,VIETNAM,Kanda W.,SEA,true
BEIJING KEXIN JURUN PHARMACEU-,BEIJING KEXIN JURUN PHARMACEU-,CHINA,Haibin Y.,China/Japan,false
"BEIJING PULONGDA KEMAO CO,LTD","BEIJING PULONGDA KEMAO CO,LTD",CHINA,Haibin Y.,China/Japan,false
"Belcher Pharmaceuticals, LLC","Belcher Pharmaceuticals, LLC",UNITED STATES OF AMERICA,Kelli M.,Americas,false
BELL,BELL FLAVORS & FRAGRANCES,UNITED STATES OF AMERICA,Kelli M.,Europe,false
BELL,BELL FLAVORS & FRAGRANCES (INDIA) PRIVATE LIMITED,INDIA,Sanjay C.,Europe,false
BELL,BELL FLAVORS & FRAGRANCES GmbH,GERMANY,Gwenn B.,Europe,false
BELL,BELL FLAVORS AND FRAGRANCES,GERMANY,Gwenn B.,Europe,false
BELL,BellFlavours&Fragrances(I)Pvt.,INDIA,Sanjay C.,Europe,false
BELL,Essences & Fragrances Bell (Canada) Cie.,CANADA,Kelli M.,Europe,false
"BELLEVIEW BIOSCIENCE, LLC","BELLEVIEW BIOSCIENCE, LLC",UNITED STATES OF AMERICA,Kelli M.,Americas,false
Bell's Healthcare,Bell's Healthcare,UNITED KINGDOM,Danielle J.,Europe,false
BELL'S HEALTHCARE,BELL'S HEALTHCARE,UNITED KINGDOM,Florian M.,Europe,false
Belmar Pharmacy,Belmar Pharmacy,UNITED STATES OF AMERICA,Kelli M.,Americas,false
BEO Pharmaceuticals,BEO Pharmaceuticals,UNITED STATES OF AMERICA,Kelli M.,Americas,false
Best Damn Gummys,Best Damn Gummys,UNITED STATES OF AMERICA,Kelli M.,Americas,false
BESTCO,BESTCO,UNITED STATES OF AMERICA,Kelli M.,Americas,false
Better & Better,Better & Better,UNITED STATES OF AMERICA,Kelli M.,Americas,false
BETTERA,CATALENT WELLNESS INDIANA LLC,UNITED STATES OF AMERICA,Kelli M.,Americas,true
BETTERA,"Catalent Wellness Virginia, LLC",UNITED STATES OF AMERICA,Kelli M.,Americas,true
BETTERA,"CatalentWellnessCalifornia,LLC",UNITED STATES OF AMERICA,Kelli M.,Americas,true
"BevNutra Solutions, LLC","BevNutra Solutions, LLC",UNITED STATES OF AMERICA,Kelli M.,Americas,false
BEVZONE GmbH & Co KG,BEVZONE GmbH & Co KG,GERMANY,Gwenn B.,Europe,false
BG PHARMA SARL,BG PHARMA SARL,FRANCE,Florian M.,Europe,false
BIELLE COSMETICS INC.,BIELLE COSMETICS INC.,UNITED STATES OF AMERICA,Kelli M.,Americas,false
BIO BOTANICA INC,BIO BOTANICA INC,UNITED STATES OF AMERICA,Kelli M.,Americas,false
BIOCOMM PTE LTD,BIOCOMM PTE LTD,SINGAPORE,Kanda W.,SEA,false
BIOGENESIS - LABS,BIOGENESIS - LABS,UNITED STATES OF AMERICA,Kelli M.,Americas,false
"BIOHONG SYNTHESIS BIOTECHNOLOGY CO.,LTD (YANTAI)","BIOHONG SYNTHESIS BIOTECHNOLOGY CO.,LTD (YANTAI)",CHINA,Haibin Y.,China/Japan,false
"BIOSIENSE CO,. LTD.","BIOSIENSE CO,. LTD.",JAPAN,Lynn S.,China/Japan,false
BIOSYNEX,BIOSYNEX,FRANCE,Gwenn B.,Europe,false
BLC KOREA,BLC KOREA,KOREA,Lynn S.,China/Japan,false
BLOOMAGE BIOTECHNOLOGY CORPOR-,BLOOMAGE BIOTECHNOLOGY CORPOR-,CHINA,Haibin Y.,China/Japan,false
Bloomios Private Label LLC,Bloomios Private Label LLC,UNITED STATES OF AMERICA,Kelli M.,Americas,false
Blue California,Blue California,UNITED STATES OF AMERICA,Kelli M.,Americas,false
"Bluemate Plus Co.,Ltd..","Bluemate Plus Co.,Ltd..",THAILAND,Kanda W.,SEA,false
BOSTON NUTRACEUT PRODUCTION SL,BOSTON NUTRACEUT PRODUCTION SL,SPAIN,Florian M.,Europe,false
BotanicLife LLC,BotanicLife LLC,UNITED STATES OF AMERICA,Sanjay C.,Americas,false
Brenntag,BRENNTAG AUSTRALIA PTY LTD,AUSTRALIA,Sanjay C.,SEA,true
Brenntag,BRENNTAG AUSTRALIA PTY LTD,AUSTRIA,Sanjay C.,SEA,true
BRENNTAG,Brenntag Australia Pty. Ltd,AUSTRIA,Sanjay C.,SEA,true
Brenntag,BRENNTAG INGREDIENTS INC,PHILIPPINES,Kanda W.,SEA,true
BRENNTAG,BRENNTAG INGREDIENTS INC.,PHILIPPINES,Kanda W.,SEA,true
Brenntag,BRENNTAG NEW ZEALAND LIMITED,NEW ZEALAND,Sanjay C.,SEA,true
BRENNTAG,BRENNTAG NEW ZELAND LTD,NEW ZEALAND,Sanjay C.,SEA,true
BRENNTAG,BRENNTAG PTE LTD,SINGAPORE,Kanda W.,SEA,true
Brenntag,BRENNTAG SINGAPORE,SINGAPORE,Kanda W.,SEA,true
Brenntag,BRENNTAG SINGAPORE,VIETNAM,Kanda W.,SEA,true
Brenntag,BRENNTAG TH,THAILAND,Kanda W.,SEA,true
BRENNTAG,BRENNTAG THAILAND,THAILAND,Kanda W.,SEA,true
BRENNTAG,BRENNTAG VIETNAM,VIETNAM,Kanda W.,SEA,true
Brenntag,"BRENNTAG VIETNAM CO., LTD.",VIETNAM,Kanda W.,SEA,true
BRENNTAG,BRENNTAG VIETNAM COMPANY LIMITED,VIETNAM,Kanda W.,SEA,true
Brenntag,"DEL MONTE PHILIPPINES, INC",PHILIPPINES,Kanda W.,SEA,true
BROOKSIDE FLAVORS&INGREDIENTS,BROOKSIDE FLAVORS&INGREDIENTS,UNITED STATES OF AMERICA,Danielle J.,Americas,true
BSA WIBERG,BSA WIBERG,CANADA,Danielle J.,Americas,false
Buckeye Relief,Buckeye Relief,UNITED STATES OF AMERICA,Kelli M.,Americas,false
BUMP INDUSTRIES,BUMP INDUSTRIES,UNITED STATES OF AMERICA,Gwenn B.,Europe,false
Burma Brewing Co.,Burma Brewing Co.	,UNITED STATES OF AMERICA,Kelli M.,Americas,false
BURT'S BEES MFG COMPANY,BURT'S BEES MFG COMPANY,UNITED STATES OF AMERICA,Danielle J.,Americas,false
CAIA CBD,CAIA CBD,UNITED STATES OF AMERICA,Kelli M.,Americas,false
CALDIC,CALDIC NETHERLAND,NETHERLANDS,Gwenn B.,Europe,false
CALIFORNIA BABY,CALIFORNIA BABY,UNITED STATES OF AMERICA,Danielle J.,Americas,false
Callisons,Callisons,UNITED STATES OF AMERICA,Kelli M.,Americas,false
Cambrian Solutions,Cambrian Solutions,CANADA,Kelli M.,Americas,false
CAMERONS BREWERY LIMITED,CAMERONS BREWERY LIMITED,UNITED KINGDOM,Florian M.,Europe,false
CAMPBELL SOUP SUPPLY CO.LLC.,CAMPBELL SOUP SUPPLY CO.LLC.,UNITED STATES OF AMERICA,Kelli M.,Americas,false
CANADA COSMETICS FACTORY,CANADA COSMETICS FACTORY,UNITED ARABIC EMIRATES,Sanjay C.,IMEA,false
Capsoil,Capsoil,CANADA,Sanjay C.,IMEA,false
CAPSOIL,CAPSOIL TECHNOLOGIES 14 LTD,ISRAEL,Sanjay C.,IMEA,false
CAPSOIL,Earth Blend Inc.,UNITED STATES OF AMERICA,Sanjay C.,IMEA,false
CAPSTONE NUTRITION,CAPSTONE NUTRITION,UNITED STATES OF AMERICA,Kelli M.,Americas,false
CARAGUM INTERNATIONAL,CARAGUM INTERNATIONAL,FRANCE,Gwenn B.,Europe,false
CARAMBARCO,CPK PRODUCTION FRANCE SAS,FRANCE,Gwenn B.,Europe,false
CARAMBARCO,LUTTI,FRANCE,Gwenn B.,Europe,false
CARIBBEAN CANADIAN,CARIBBEAN CANADIAN,UNITED STATES OF AMERICA,Kelli M.,Americas,false
CARLO SESSA,BAUER SRL,ITALY,Gwenn B.,Europe,false
CARLO SESSA,CARLO SESSA,ITALY,Gwenn B.,Europe,false
CARLO SESSA,G.MARIANI,ITALY,Gwenn B.,Europe,false
CARLO SESSA,GIOTTI ENRICO SPA,ITALY,Gwenn B.,Europe,false
"CARMI FLAVOR & FRAG CO,INC.","CARMI FLAVOR & FRAG CO,INC.",UNITED STATES OF AMERICA,Kelli M.,Americas,false
CASPOIL TECHNOLOGIES LTD,CASPOIL TECHNOLOGIES LTD,ISRAEL,Florian M.,Europe,false
CBD Living,CBD Living,UNITED STATES OF AMERICA,Kelli M.,Americas,false
CCI,CONTINENTAL CANDY INDUSTRIES B,NETHERLANDS,Gwenn B.,Europe,false
CELLMARK USA LLC,CELLMARK USA LLC,UNITED STATES OF AMERICA,Danielle J.,Americas,false
CELMARK INTERNATIONAL INC.,CELMARK INTERNATIONAL INC.,UNITED STATES OF AMERICA,Kelli M.,Americas,false
CENTIAN LLC,CENTIAN LLC,UNITED STATES OF AMERICA,Kelli M.,Americas,false
CHANDI LLC,CHANDI LLC,UNITED STATES OF AMERICA,Kelli M.,Americas,false
CHANGSHA HENGHUA SHIHUA,CHANGSHA HENGHUA SHIHUA,CHINA,Haibin Y.,China/Japan,false
CHANGSHA XIANGKAI CHEMICAL TR-,CHANGSHA XIANGKAI CHEMICAL TR-,CHINA,Haibin Y.,China/Japan,false
CHANGSHA YUHUA XIN JIAN LIN,CHANGSHA YUHUA XIN JIAN LIN,CHINA,Haibin Y.,China/Japan,false
CHARKIT CHEMICAL CORPORATION,CHARKIT CHEMICAL CORPORATION,UNITED STATES OF AMERICA,Kelli M.,Americas,false
"CHARLES JACQUIN et Cie., Inc.","CHARLES JACQUIN et Cie., Inc.",UNITED STATES OF AMERICA,Kelli M.,Americas,false
Chartwell Pharmaceuticals LLC,Chartwell Pharmaceuticals LLC,UNITED STATES OF AMERICA,Kelli M.,Americas,false
CHATTEM INC.,CHATTEM INC.,UNITED STATES OF AMERICA,Kelli M.,Americas,false
CHEN CHU XIONG,CHEN CHU XIONG,CHINA,Haibin Y.,China/Japan,false
CHERRY ROCHER,CHERRY ROCHER,FRANCE,Florian M.,Europe,false
CHINA CO-OPS NANJING WILD PLANTS,CHINA CO-OPS NANJING WILD PLANTS,CHINA,Haibin Y.,China/Japan,false
Choice Extraction Inc,Choice Extraction Inc,UNITED STATES OF AMERICA,Kelli M.,Americas,false
CHONGQING DA RUN XIANG BIOTECH,CHONGQING DA RUN XIANG BIOTECH,CHINA,Haibin Y.,China/Japan,false
CHUANGLE FLAVOUR (SHANGHAI) CO,CHUANGLE FLAVOUR (SHANGHAI) CO,CHINA,Haibin Y.,China/Japan,false
CHURCHDWIGHT,CHURCH AND DWIGHT LAKEWOOD,UNITED STATES OF AMERICA,Danielle J.,Americas,true
CHURCHDWIGHT,CHURCH AND DWIGHT PRINCETON,UNITED STATES OF AMERICA,Danielle J.,Americas,true
CJP Chemicals (PTY) Ltd,CJP Chemicals (PTY) Ltd,SOUTH AFRICA,Sanjay C.,IMEA,true
"CK PHARM.CO., LTD","CK PHARM.CO., LTD",KOREA,Jessie H.,China/Japan,false
CKD 3933 LLC,CKD 3933 LLC,UNITED STATES OF AMERICA,Kelli M.,Americas,false
Claridei Laboratories Inc,Claridei Laboratories Inc,UNITED STATES OF AMERICA,Kelli M.,Americas,false
Clear Cannabis Inc.,Clear Cannabis Inc.,UNITED STATES OF AMERICA,Kelli M.,Americas,false
CLOETTA,CLOETTA HOLLAND BV,NETHERLANDS,Gwenn B.,Europe,false
CLOETTA,Sperlari s.r.l.,ITALY,Gwenn B.,Europe,false
CMP PHARMA INC,CMP PHARMA INC,UNITED STATES OF AMERICA,Kelli M.,Americas,false
Coherence Holdings,Coherence Holdings,UNITED STATES OF AMERICA,Kelli M.,Americas,false
"COKEY SYSTEMS CO.,LTD","COKEY SYSTEMS CO.,LTD",JAPAN,Lynn S.,China/Japan,false
COLGATE,Colgate-Palmolive Maroc,MOROCCO,Danielle J.,Americas,true
COLGATE,"N. R. PATTANA CO., LTD",THAILAND,Kanda W.,Americas,true
COLOREY,COLOREY,FRANCE,Florian M.,Europe,false
COMMER ASIA,COMMERCIAL ASIA PACIFIC,SINGAPORE,Kanda W.,SEA,true
COMMER ASIA,COMMERCIAL ASIA PACIFIC PTE,SINGAPORE,Kanda W.,SEA,true
COMMER ASIA,COMMERCIAL ASIA/GUDANG GARAM,SINGAPORE,Kanda W.,SEA,true
COMMER ASIA,PT JERINDO SARI UTAMA,INDONESIA,Kanda W.,SEA,true
COMMER ASIA,PT JERINDO SARI UTAMA,SINGAPORE,Kanda W.,SEA,true
COMMER ASIA,PT. JERINDO SARI UTAMA,INDONESIA,Kanda W.,SEA,true
COMMER ASIA,RELIANCE PRODUCTS LTD GG,INDONESIA,Kanda W.,SEA,true
COMMON SENSE SOAP,COMMON SENSE SOAP,UNITED STATES OF AMERICA,Kelli M.,Americas,false
COMPAGNIE APICOLE,COMPAGNIE APICOLE,FRANCE,Florian M.,Europe,false
CONFISERIE DU NORD,CONFISERIE DU NORD,FRANCE,Florian M.,Europe,false
CONFISERIE JORIS BV,CONFISERIE JORIS BV,BELGIUM,Florian M.,Europe,false
CONFISERIE SIC NICE BONBON,CONFISERIE SIC NICE BONBON,FRANCE,Florian M.,Europe,false
CONGAR INTERNATIONAL CORP.,CONGAR INTERNATIONAL CORP.,UNITED STATES OF AMERICA,Danielle J.,Americas,false
CONNECT CHEMICALS GMBH,CONNECT CHEMICALS GMBH,FRANCE,Gwenn B.,Europe,true
ContinentalManufacturingChemis,ContinentalManufacturingChemis,UNITED STATES OF AMERICA,Kelli M.,Americas,false
CONTRACT PHARMACAL CORP.,CONTRACT PHARMACAL CORP.,UNITED STATES OF AMERICA,Kelli M.,Americas,false
CONWOOD/RJR,AMERICAN SNUFF COMPANY,UNITED STATES OF AMERICA,Jeff R.,Americas,false
CONWOOD/RJR,ASC FACTORY TAYLOR BROTHERS,UNITED STATES OF AMERICA,Jeff R.,Americas,false
CONWOOD/RJR,R.J.REYNOLDS TOBACCO COMPANY,UNITED STATES OF AMERICA,Jeff R.,Americas,false
COOPER PHARMA,COOPER PHARMA,MOROCCO,Gwenn B.,Europe,false
"Cosette Pharmaceuticals, Inc.","Cosette Pharmaceuticals, Inc.",UNITED STATES OF AMERICA,Danielle J.,Americas,false
COSFA INTERNATIONAL TRADE(GZ),COSFA INTERNATIONAL TRADE(GZ),CHINA,Haibin Y.,China/Japan,false
COSINUS COSMETIC LAB,COSINUS COSMETIC LAB,FRANCE,Gwenn B.,Europe,false
Cosmaceutical Research Lab Inc.,Cosmaceutical Research Lab Inc.,CANADA,Kelli M.,Americas,false
COSMAX,CMTECH CO LTD,CHINA,Haibin Y.,China/Japan,false
Cosmax Guangzhou cosmet co.Ltd,Cosmax Guangzhou cosmet co.Ltd,CHINA,Jessie H.,China/Japan,false
Cosmetic Solutions LLC,Cosmetic Solutions LLC,UNITED STATES OF AMERICA,Kelli M.,Americas,false
COSMETICA LABORATORIES INC.,COSMETICA LABORATORIES INC.,CANADA,Kelli M.,Americas,false
COTT BEV,REFRESCO BEVERAGES US INC.,UNITED STATES OF AMERICA,Kelli M.,Americas,false
COULEUR D'AROMES SAS,COULEUR D'AROMES SAS,FRANCE,Florian M.,Europe,false
Courier Labs,Courier Labs,UNITED STATES OF AMERICA,Kelli M.,Americas,false
CRAFTMASTER FLAVOR TECH.,CRAFTMASTER FLAVOR TECH.,UNITED STATES OF AMERICA,Kelli M.,Americas,false
Creating Better Days,Creating Better Days,UNITED STATES OF AMERICA,Kelli M.,Americas,false
"CROSS VALLEY CHEMICAL (GUANGZHOU) CO., LTD","CROSS VALLEY CHEMICAL (GUANGZHOU) CO., LTD",CHINA,Haibin Y.,China/Japan,false
CURE PHARMACEUTICALS CORP,CURE PHARMACEUTICALS CORP,UNITED STATES OF AMERICA,Kelli M.,Americas,false
CURIO,CURIO MANUFACTURING MO LLC,UNITED STATES OF AMERICA,Kelli M.,Americas,false
CURIO,"Curio Manufacturing, LLC",UNITED STATES OF AMERICA,Kelli M.,Americas,false
CUSTOM FLAVORS,CUSTOM FLAVORS,UNITED STATES OF AMERICA,Kelli M.,Americas,false
DairiConcepts - Taste & Flavors,DairiConcepts - Taste & Flavors,UNITED STATES OF AMERICA,Kelli M.,Americas,false
DAIRY MAID SHRIVERS,DAIRY MAID SHRIVERS,UNITED STATES OF AMERICA,Kelli M.,Americas,false
DAMON INDUSTRIES,DAMON INDUSTRIES,UNITED STATES OF AMERICA,Kelli M.,Americas,false
DANCHEM CC,DANCHEM CC,UNITED STATES OF AMERICA,Sanjay C.,IMEA,false
"DAWN FOODS PRODUCTS, INC","DAWN FOODS PRODUCTS, INC",UNITED STATES OF AMERICA,Kelli M.,Americas,false
DD Chemco Inc.,DD Chemco Inc.,UNITED STATES OF AMERICA,Jessie H.,Americas,true
Decarb Factor,Decarb Factor,UNITED STATES OF AMERICA,Kelli M.,Americas,false
DEERLAND PROBIOTICS&ENZYMES,DEERLAND PROBIOTICS&ENZYMES,UNITED STATES OF AMERICA,Danielle J.,Americas,false
Del Val Food Ingredients,Del Val Food Ingredients,UNITED STATES OF AMERICA,Kelli M.,Americas,false
"DELIGHTFUL BRANDS, INC.","DELIGHTFUL BRANDS, INC.",UNITED STATES OF AMERICA,Kelli M.,Americas,false
DELISVOSGES,DELISVOSGES,FRANCE,Florian M.,Europe,false
DELTA-8 DISTILLERY,DELTA-8 DISTILLERY,UNITED STATES OF AMERICA,Kelli M.,Americas,false
Dermaflore Laboratoires,Dermaflore Laboratoires,CANADA,Kelli M.,Americas,false
DESTILLA GMBH,DESTILLA GMBH,GERMANY,Gwenn B.,Europe,false
"DIANA DE BEAUTE, S.A.L.","DIANA DE BEAUTE, S.A.L.",LEBANON,Sanjay C.,IMEA,false
DILIGENT GmbH,DILIGENT GmbH,GERMANY,Gwenn B.,Europe,false
DISTILLERIE DU PERIGORD,DISTILLERIE DU PERIGORD,FRANCE,Florian M.,Europe,false
DMI SOLUTIONS,DMI SOLUTIONS,UNITED STATES OF AMERICA,Kelli M.,Americas,false
DOHLER,DÃ–HLER TURKEY,TURKIYE,Sanjay C.,Europe,true
DOHLER,DOEHLER USA INC.,UNITED STATES OF AMERICA,Kelli M.,Europe,true
DOHLER,DOHLER GERMANY,GERMANY,Gwenn B.,Europe,true
DOMESTIC TOBACCO CO. INC.,DOMESTIC TOBACCO CO. INC.,UNITED STATES OF AMERICA,Kelli M.,Americas,false
DONGGUAN BAIWEI FOOD CHEMICAL,DONGGUAN BAIWEI FOOD CHEMICAL,CHINA,Haibin Y.,China/Japan,false
"DONGGUAN BEILAN BIOTECH CO.,LT","DONGGUAN BEILAN BIOTECH CO.,LT",CHINA,Haibin Y.,China/Japan,false
"Dongguan Wanjiang Co.,Ltd","Dongguan Wanjiang Co.,Ltd",CHINA,Haibin Y.,China/Japan,false
DONOVAN WERKE AGSA,DONOVAN WERKE AGSA,GUATEMALA,Kelli M.,Americas,false
DPT LABORATORIES,DPT LABORATORIES,UNITED STATES OF AMERICA,Kelli M.,Americas,false
Dr. Pepper,DR PEPPER - IRELAND,Ireland,Danielle J.,Europe,true
Dr. Pepper,DR PEPPER - USA,UNITED STATES OF AMERICA,Danielle J.,Europe,true
Dry Bev,Dry Bev,UNITED STATES OF AMERICA,Kelli M.,Americas,false
DUCHEFA FARMA BV,DUCHEFA FARMA BV,NETHERLANDS,Florian M.,Europe,false
DURBAN,DURBAN,FRANCE,Florian M.,Europe,false
"Durfort Holdings, S.A.","Durfort Holdings, S.A.",UNITED STATES OF AMERICA,Kelli M.,Americas,false
Eagle Labs Inc.,Eagle Labs Inc.,UNITED STATES OF AMERICA,Kelli M.,Americas,false
EARTH LAB BOTANICALS,EARTH LAB BOTANICALS,UNITED STATES OF AMERICA,Kelli M.,Americas,false
"EAST WEST TEA COMPANY, LLC-CMC","EAST WEST TEA COMPANY, LLC-CMC",UNITED STATES OF AMERICA,Kelli M.,Americas,false
EATEM FOODS CO.,EATEM FOODS CO.,UNITED STATES OF AMERICA,Kelli M.,Americas,false
EBBO MAROC,EBBO MAROC,MOROCCO,Sanjay C.,IMEA,false
EJDER İLAÇ VE KİMYEVİ MADDELER SAN. TİC. A.Ş.,EJDER ILAÃ‡ VE KIMYEVI MADDELER,TURKEY,Sanjay C.,IMEA,true
ELDERWOOD TRADING CC,ELDERWOOD TRADING CC,SOUTH AFRICA,Sanjay C.,IMEA,true
E-LIQUID COMPANY (N.W) LTD,E-LIQUID COMPANY (N.W) LTD,UNITED KINGDOM,Gwenn B.,Europe,false
ELITE SPICE,ELITE SPICE,UNITED STATES OF AMERICA,Kelli M.,Americas,false
EMILIA RESOURCES LLC,EMILIA RESOURCES LLC,UNITED STATES OF AMERICA,Kelli M.,Americas,false
"EMPIRICAL LABS, INC.","EMPIRICAL LABS, INC.",UNITED STATES OF AMERICA,Kelli M.,Americas,false
EMPOWER PHARMACY,EMPOWER PHARMACY,UNITED STATES OF AMERICA,Kelli M.,Americas,false
Endolibrium LLC DBA AntiDose,Endolibrium LLC DBA AntiDose,UNITED STATES OF AMERICA,Kelli M.,Americas,false
ENGLEWOOD LAB,ENGLEWOOD LAB,UNITED STATES OF AMERICA,Kelli M.,Americas,false
"EPIC PHARMA, LLC","EPIC PHARMA, LLC",UNITED STATES OF AMERICA,Danielle J.,Americas,true
ESPRIT GOURMAND,ESPRIT GOURMAND,FRANCE,Florian M.,Europe,false
ESSENTIAL FLAVORS & FRAGRANCES,ESSENTIAL FLAVORS & FRAGRANCES,UNITED STATES OF AMERICA,Kelli M.,Americas,false
Essential Source Inc.,Essential Source Inc.,UNITED STATES OF AMERICA,Kelli M.,Americas,false
ESSENTIAL TASTE,ESSENTIAL TASTE,UNITED STATES OF AMERICA,Kelli M.,Americas,false
EUROSTAR GENERAL TRADING LLC,EUROSTAR GENERAL TRADING LLC,UNITED ARAB EMIRATES,Sanjay C.,IMEA,false
EVA CORPORATION FOR COSMETICS,EVA CORPORATION FOR COSMETICS,EGYPT,Sanjay C.,IMEA,false
EvaPharma for Pharmaceuticals and,EvaPharma for Pharmaceuticals and,EGYPT,Sanjay C.,IMEA,false
EVERGREEN LAND CZ S.R.O,EVERGREEN LAND CZ S.R.O,FRANCE,Gwenn B.,Europe,false
Excel Group LLC,Excel Group LLC,UNITED STATES OF AMERICA,Kelli M.,Americas,false
EXPRESSIONS AROMATIQUES,EXPRESSIONS AROMATIQUES,FRANCE,Florian M.,Europe,false
F.M. CARRIERE & SON,F.M. CARRIERE & SON,UNITED STATES OF AMERICA,Danielle J.,Americas,false
FABSTER SARL,FABSTER SARL,FRANCE,Florian M.,Europe,false
FAGRON,FAGRON POLAND,POLAND,Florian M.,Europe,false
FANZHI,GANSU FANZHI PHARMACEUTICAL,CHINA,Sissic H.,China/Japan,true
FAR EASTERN IMPEX (PVT) LTD.,FAR EASTERN IMPEX (PVT) LTD.,PAKISTAN,Sanjay C.,IMEA,false
FAREVA,FARMACLAIR,FRANCE,Florian M.,Europe,false
FAREVA,FCA TOURNON,FRANCE,Gwenn B.,Europe,false
FARMA INTERNATIONAL,FARMA INTERNATIONAL,UNITED STATES OF AMERICA,Kelli M.,Americas,false
FARMINDUSTRIA S.A.,FARMINDUSTRIA S.A.,PERU,Kelli M.,Americas,false
FASHION STAR BIOLOGICAL TECHNO,FASHION STAR BIOLOGICAL TECHNO,CHINA,Haibin Y.,China/Japan,false
FAUNUS HERBS INC.,FAUNUS HERBS INC.,CANADA,Kelli M.,Americas,false
FAZER,FAZER CONFECTIONERY LTD.,FINLAND,Gwenn B.,Europe,false
FCC PRODUCTS INC,FCC PRODUCTS INC,UNITED STATES OF AMERICA,Kelli M.,Americas,false
"FEILANG BIOTECH (HUBEI) CO.,LT","FEILANG BIOTECH (HUBEI) CO.,LT",CHINA,Haibin Y.,China/Japan,false
FELTOR LABORATORIOS S.A.,FELTOR LABORATORIOS S.A.,SPAIN,Gwenn B.,Europe,false
Fertin Canada Inc.,Fertin Canada Inc.,UNITED STATES OF AMERICA,Kelli M.,Americas,false
Fertin Canada Inc.,Fertin Canada Inc.,CANADA,Kelli M.,Americas,false
FFP Flavors LLC DBA Comax Mfg.,FFP Flavors LLC DBA Comax Mfg.,UNITED STATES OF AMERICA,Danielle J.,Americas,false
FIC - FOOD INGREDIENTS LTD,FIC - FOOD INGREDIENTS LTD,ISRAEL,Sanjay C.,IMEA,false
FIC- Food Ingredients Ltd.,FIC- Food Ingredients Ltd.,ISRAEL,Sanjay C.,IMEA,false
"FILLTECH USA, LLC","FILLTECH USA, LLC",UNITED STATES OF AMERICA,Kelli M.,Americas,false
"FINAROMA (SHANGHAI) CO.,LTD","FINAROMA (SHANGHAI) CO.,LTD",CHINA,Haibin Y.,China/Japan,false
FIRMENICH,FIRMENICH - BELGIUM,BELGIUM,Florian M.,China/Japan,true
FIRMENICH,FIRMENICH - BRAZIL,BRAZIL,Jessie H.,China/Japan,true
FIRMENICH,FIRMENICH - CHINA (SHANGHAI),CHINA,Jessie H.,China/Japan,true
FIRMENICH,FIRMENICH - CHINA (ZHANGJIAGANG),CHINA,Jessie H.,China/Japan,true
FIRMENICH,FIRMENICH - SWITZERLAND,SWITZERLAND,Florian M.,China/Japan,true
FIRMENICH,FIRMENICH - USA (NEW ULM MN),UNITED STATES OF AMERICA,Danielle J.,China/Japan,true
FIRMENICH,FIRMENICH - USA (PLAINSBORO NJ),UNITED STATES OF AMERICA,Danielle J.,China/Japan,true
FIRMENICH,FIRMENICH - USA (ST LOUIS MO),UNITED STATES OF AMERICA,Danielle J.,China/Japan,true
FIRMENICH,FIRMENICH AROMATICS(Zhangjiagang),CHINA,Jessie H.,China/Japan,true
FIRMENICH,FIRMENICH BELGIUM,BELGIUM,Florian M.,China/Japan,true
FIRMENICH,FIRMENICH FRANCE,FRANCE,Florian M.,China/Japan,true
FIRMENICH,FIRMENICH INDIA,INDIA,Sanjay C.,China/Japan,true
FIRMENICH,FIRMENICH SWITZERLAND,SWITZERLAND,Florian M.,China/Japan,true
FIRMENICH,FIRMENICH UK,UNITED KINGDOM,Florian M.,China/Japan,true
FIRST CHOICE INGREDIENTS,FIRST CHOICE INGREDIENTS,UNITED STATES OF AMERICA,Kelli M.,Americas,false
"FIRST CREATIVE INGREDIENTS, INC.","FIRST CREATIVE INGREDIENTS, INC.",UNITED STATES OF AMERICA,Danielle J.,Americas,false
FISCHER CHEMICALS AG,FISCHER CHEMICALS AG,SWITZERLAND,Gwenn B.,Europe,false
FLAMEL AROMATIC,FLAMEL AROMATIC,FRANCE,Florian M.,Europe,false
Flavor & Fragrance Specialties,Flavor & Fragrance Specialties,UNITED STATES OF AMERICA,Danielle J.,Americas,false
"FLAVOR DYNAMICS, INC.","FLAVOR DYNAMICS, INC.",UNITED STATES OF AMERICA,Kelli M.,Americas,false
"FLAVOR INSIGHTS, LLC","FLAVOR INSIGHTS, LLC",UNITED STATES OF AMERICA,Kelli M.,Americas,false
FLAVOR PROD.,FLAVOR PRODUCERS,UNITED STATES OF AMERICA,Danielle J.,Americas,true
FLAVORCAN INTERNATIONAL INC.,FLAVORCAN INTERNATIONAL INC.,CANADA,Danielle J.,Americas,false
FlavorChem,FLAVORCHEM,UNITED STATES OF AMERICA,Danielle J.,Americas,false
FLAVORCHEM EUROPE KFT,FLAVORCHEM EUROPE KFT,HUNGARY,Florian M.,Europe,false
FLAVORMAN,FLAVORMAN,UNITED STATES OF AMERICA,Kelli M.,Americas,false
FlavorSum LLC,FlavorSum LLC,UNITED STATES OF AMERICA,Kelli M.,Americas,false
FLAVOURS & ESSENCE ICG,FLAVOURS & ESSENCE ICG,UNITED KINGDOM,Gwenn B.,Europe,false
Float House,Float House,UNITED STATES OF AMERICA,Kelli M.,Americas,false
FMI,AMERICA ABRA,CHILE,Jeff R.,Americas,false
FMI,BRENNTAG PACIFIC,UNITED STATES OF AMERICA,Jeff R.,Americas,false
FMI,Freeport McMoRan,UNITED STATES OF AMERICA,Jeff R.,Americas,false
FMI,Quadra Chemicals Inc.,UNITED STATES OF AMERICA,Jeff R.,Americas,false
FMI,Sociedad Minera Cerro Verde S.A.A.,PERU,Jeff R.,Americas,false
FONA INTERNATIONAL,FONA INTERNATIONAL,UNITED STATES OF AMERICA,Danielle J.,Americas,false
"Fontana Flavors, Inc.","Fontana Flavors, Inc.",UNITED STATES OF AMERICA,Kelli M.,Americas,false
FONTAROME,FONTAROME,FRANCE,Florian M.,Europe,false
FOOD SCIENCES CORPORATION,FOOD SCIENCES CORPORATION,UNITED STATES OF AMERICA,Kelli M.,Americas,false
FOR PLAY VENTURES LTD,FOR PLAY VENTURES LTD,UNITED KINGDOM,Gwenn B.,Europe,false
FORD GUM & MACHINE CO,FORD GUM & MACHINE CO,UNITED STATES OF AMERICA,Kelli M.,Americas,false
Formulation Innovations Group,Formulation Innovations Group,UNITED STATES OF AMERICA,Kelli M.,Americas,false
FORMULATION TECHNOLOGY INC.,FORMULATION TECHNOLOGY INC.,UNITED STATES OF AMERICA,Kelli M.,Americas,false
"Forte Flavors, LLC","Forte Flavors, LLC",UNITED STATES OF AMERICA,Kelli M.,Americas,false
FORTUNE ACE LTD,FORTUNE ACE LTD,MEXICO,Jessie H.,China/Japan,false
FOSHAN XINAN Chemical Trade Co,FOSHAN XINAN Chemical Trade Co,CHINA,Haibin Y.,China/Japan,false
Foy Group Inc.,Foy Group Inc.,UNITED STATES OF AMERICA,Kelli M.,Americas,false
"FP Nutraceuticals, LLC (FPN)","FP Nutraceuticals, LLC (FPN)",UNITED STATES OF AMERICA,Kelli M.,Americas,false
"Fucheng Biotechnology (Shanghai) Co., Ltd","Fucheng Biotechnology (Shanghai) Co., Ltd",CHINA,Haibin Y.,China/Japan,false
FUJIAN KAIDA FOOD DEVELOPMENT,FUJIAN KAIDA FOOD DEVELOPMENT,CHINA,Haibin Y.,China/Japan,false
"Fujian Le Hua Food Co.,Ltd","Fujian Le Hua Food Co.,Ltd",CHINA,Haibin Y.,China/Japan,false
Future Nutrition,Future Nutrition,Ireland,Gwenn B.,Europe,false
FUTURE NUTRITION LTD,FUTURE NUTRITION LTD,IRELAND,Gwenn B.,Europe,false
G PRODUCTION INC.,G PRODUCTION INC.,CANADA,Danielle J.,Americas,false
GATTEFOSSE CANADA INC.,GATTEFOSSE CANADA INC.,CANADA,Danielle J.,Americas,false
GAZIGNAIRE JEAN,GAZIGNAIRE JEAN,FRANCE,Florian M.,Europe,false
GCP LABS,GCP LABS,UNITED STATES OF AMERICA,Kelli M.,Americas,false
GDES DISTILLERIES PEUREUX,GDES DISTILLERIES PEUREUX,FRANCE,Florian M.,Europe,false
GEEK & GORGEOUS KFT.,GEEK & GORGEOUS KFT.,HUNGARY,Gwenn B.,Europe,false
GENERAL PHARMACEUTICAL LTD,GENERAL PHARMACEUTICAL LTD,BANGLADESH,Sanjay C.,IMEA,false
GEORGELIN,GEORGELIN,FRANCE,Florian M.,Europe,false
GER'SON,GER'SON,FRANCE,Florian M.,Europe,false
Givaudan,GIVAUDAN - NJ,UNITED STATES OF AMERICA,Danielle J.,Europe,true
Givaudan,GIVAUDAN - USA (OH and NJ),UNITED STATES OF AMERICA,Danielle J.,Europe,true
GIVAUDAN,GIVAUDAN ARGENTINA,ARGENTINA,Gwenn B.,Europe,true
GIVAUDAN,GIVAUDAN EGYPT,EGYPT,Jessie H.,Europe,true
GIVAUDAN,GIVAUDAN EGYPT SAE,EGYPT,Sanjay C.,Europe,true
GIVAUDAN,GIVAUDAN FRANCE (AVIGNON),FRANCE,Gwenn B.,Europe,true
GIVAUDAN,GIVAUDAN FRANCE NATURALS,FRANCE,Gwenn B.,Europe,true
GIVAUDAN,GIVAUDAN GERMANY,GERMANY,Gwenn B.,Europe,true
GIVAUDAN,GIVAUDAN HUNGARY,HUNGARY,Gwenn B.,Europe,true
GIVAUDAN,GIVAUDAN INTERNATIONAL SA,BELGIUM,Gwenn B.,Europe,true
GIVAUDAN,GIVAUDAN-CHINA,CHINA,Jessie H.,Europe,true
GIVAUDAN,GIVAUDAN-NANTONG,CHINA,Haibin Y.,Europe,true
Givaudan Singapore Pte Ltd,Givaudan Singapore Pte Ltd,SINGAPORE,Jessie H.,China/Japan,true
GLANBIA,Foodarom Group Inc.,CANADA,Danielle J.,Americas,false
GLANBIA,Foodarom USA Inc,UNITED STATES OF AMERICA,Danielle J.,Americas,false
GLANBIA,Foodarom USA Inc,CANADA,Danielle J.,Americas,false
GLANBIA,FOODAROM USA INC.,UNITED STATES OF AMERICA,Danielle J.,Americas,false
"Global Resource Operations,LLC","Global Resource Operations,LLC",UNITED STATES OF AMERICA,Kelli M.,Americas,false
GLOBE CHEMICALS GMBH,GLOBE CHEMICALS GMBH,GERMANY,Gwenn B.,Europe,false
GLOBOPHARMA INC,GLOBOPHARMA INC,UNITED STATES OF AMERICA,Kelli M.,Americas,false
GMP Nutraceuticals,GMP Nutraceuticals,UNITED STATES OF AMERICA,Kelli M.,Americas,false
GOLDEN SELECT FOODS,GOLDEN SELECT FOODS,UNITED STATES OF AMERICA,Kelli M.,Americas,false
Good Day Farm Arkansas,Good Day Farm Arkansas,UNITED STATES OF AMERICA,Kelli M.,Americas,false
Good Day Farm Louisiana,Good Day Farm Louisiana,UNITED STATES OF AMERICA,Kelli M.,Americas,false
Good Day Farm Mississippi,Good Day Farm Mississippi,UNITED STATES OF AMERICA,Kelli M.,Americas,false
Good Day Farm Missouri,Good Day Farm Missouri,UNITED STATES OF AMERICA,Kelli M.,Americas,false
GOODCAT,GOODCAT,UNITED STATES OF AMERICA,Kelli M.,Americas,false
Great White Industries,Great White Industries,UNITED STATES OF AMERICA,Kelli M.,Americas,false
GREATWALL ENTERPRISE,GREATWALL ENTERPRISE,HONG KONG,Jessie H.,China/Japan,false
GREATWALL ENTERPRISE,GREATWALL ENTERPRISE,CHINA,Jessie H.,China/Japan,false
"Green Grass Foods, Inc.","Green Grass Foods, Inc.",UNITED STATES OF AMERICA,Kelli M.,Americas,false
GREENLYTE MASS CONSULTING,GREENLYTE MASS CONSULTING,UNITED STATES OF AMERICA,Kelli M.,Americas,false
GREENTECH S.A.,GREENTECH S.A.,FRANCE,Gwenn B.,Europe,false
Grinds Coffee Pouches,Grinds Coffee Pouches,UNITED STATES OF AMERICA,Kelli M.,Americas,false
GROUPE ROCHER OPERATIONS,GROUPE ROCHER OPERATIONS,FRANCE,Gwenn B.,Europe,true
GROVE,GROVE,UNITED STATES OF AMERICA,Kelli M.,Americas,false
GROW OHIO,GROW OHIO,UNITED STATES OF AMERICA,Kelli M.,Americas,false
GT PHARMA exGIFRER  BARBEZAT,GT PHARMA exGIFRER  BARBEZAT,FRANCE,Gwenn B.,Europe,false
DADI,Guangdong Dadi Food Chemical C,CHINA,Haibin Y.,China/Japan,false
"Guangdong Goldenhealth Biotechnology Co., Ltd","Guangdong Goldenhealth Biotechnology Co., Ltd",CHINA,Haibin Y.,China/Japan,false
GD HONGYUAN,"GUANGDONG HONGYUAN FOOD CO., LTD",CHINA,Haibin Y.,China/Japan,false
GUANGDONG HUAMAO FOOD CHEMICAL,GUANGDONG HUAMAO FOOD CHEMICAL,CHINA,Haibin Y.,China/Japan,false
GUANGDONG HUASHENG FOOD,GUANGDONG HUASHENG FOOD,CHINA,Haibin Y.,China/Japan,false
"GUANGDONG JIAYE FOOD CO, LTD.","GUANGDONG JIAYE FOOD CO, LTD.",CHINA,Haibin Y.,China/Japan,false
GUANGDONG KAIRUN,GUANGDONG KAIRUN,CHINA,Haibin Y.,China/Japan,false
GUANGDONG QIANYUE PHARMACEUTIC,GUANGDONG QIANYUE PHARMACEUTIC,CHINA,Haibin Y.,China/Japan,false
GUANGDONG SMALL WORLD TECHNOLO,GUANGDONG SMALL WORLD TECHNOLO,CHINA,Haibin Y.,China/Japan,false
"GUANGDONG WONDERFUL INTERNATIONAL BIOTECHNOLOGY CO.,LTD","GUANGDONG WONDERFUL INTERNATIONAL BIOTECHNOLOGY CO.,LTD",CHINA,Haibin Y.,China/Japan,false
"Guangdong Yahe Biotechnology Co.,Ltd","Guangdong Yahe Biotechnology Co.,Ltd",CHINA,Haibin Y.,China/Japan,false
GUANGDONG ZHONGLAN HEALTH,GUANGDONG ZHONGLAN HEALTH,CHINA,Haibin Y.,China/Japan,false
GUANGZHOU B&Y TRADING CO. LTD,GUANGZHOU B&Y TRADING CO. LTD,CHINA,Haibin Y.,China/Japan,false
"GUANGZHOU BAIFEN BIOTECH CO.,LTD","GUANGZHOU BAIFEN BIOTECH CO.,LTD",CHINA,Haibin Y.,China/Japan,false
GUANGZHOU BAIHUA FLAVOURS AND,GUANGZHOU BAIHUA FLAVOURS AND,CHINA,Haibin Y.,China/Japan,false
"GUANGZHOU BAIYOUJIA BIOTECH CO.,LTD","GUANGZHOU BAIYOUJIA BIOTECH CO.,LTD",CHINA,Haibin Y.,China/Japan,false
GUANGZHOU BIAOWU TRADING,GUANGZHOU BIAOWU TRADING,CHINA,Haibin Y.,China/Japan,false
GUANGZHOU BINGZHENG,GUANGZHOU BINGZHENG,CHINA,Haibin Y.,China/Japan,false
GUANGZHOU BINGZHONG CHEMICAL,GUANGZHOU BINGZHONG CHEMICAL,CHINA,Haibin Y.,China/Japan,false
GUANGZHOU DAILY CHEMICALS,GUANGZHOU DAILY CHEMICALS,CHINA,Haibin Y.,China/Japan,false
"GUANGZHOU DALIAN TRADING CO.,L","GUANGZHOU DALIAN TRADING CO.,L",CHINA,Haibin Y.,China/Japan,false
"GUANGZHOU DOMONIC CO.,LTD","GUANGZHOU DOMONIC CO.,LTD",CHINA,Haibin Y.,China/Japan,false
GUANGZHOU ENJIE BIOTECH CO.LTD,GUANGZHOU ENJIE BIOTECH CO.LTD,CHINA,Haibin Y.,China/Japan,false
GUANGZHOU EVEN BIOTECHMICAL CO,GUANGZHOU EVEN BIOTECHMICAL CO,CHINA,Haibin Y.,China/Japan,false
"GUANGZHOU GUYING NATURAL BIOTECHNOLOGY CO.,LTD","GUANGZHOU GUYING NATURAL BIOTECHNOLOGY CO.,LTD",CHINA,Haibin Y.,China/Japan,false
GUANGZHOU HANG CHENG BIOTECHN-,GUANGZHOU HANG CHENG BIOTECHN-,CHINA,Haibin Y.,China/Japan,false
"Guangzhou Hangsen Trading Co.,","Guangzhou Hangsen Trading Co.,",CHINA,Haibin Y.,China/Japan,false
"GUANGZHOU HEAN CHEMICAL CO.,LT","GUANGZHOU HEAN CHEMICAL CO.,LT",CHINA,Haibin Y.,China/Japan,false
GUANGZHOU HELANDI BIOTECH CO.L,GUANGZHOU HELANDI BIOTECH CO.L,CHINA,Haibin Y.,China/Japan,false
GUANGZHOU HENGGUANG COMPOSITE,GUANGZHOU HENGGUANG COMPOSITE,CHINA,Haibin Y.,China/Japan,false
GUANGZHOU HUAFANG,GUANGZHOU HUAFANG,CHINA,Haibin Y.,China/Japan,false
GUANGZHOU HUAFENG NEW MATERIAL,GUANGZHOU HUAFENG NEW MATERIAL,CHINA,Haibin Y.,China/Japan,false
GUANGZHOU HUAZHONG TECHNOLOGY,GUANGZHOU HUAZHONG TECHNOLOGY,CHINA,Haibin Y.,China/Japan,false
Guangzhou Huicong supply chain,Guangzhou Huicong supply chain,CHINA,Haibin Y.,China/Japan,false
GUANGZHOU HUILANG BIOTECH CO,GUANGZHOU HUILANG BIOTECH CO,CHINA,Haibin Y.,China/Japan,true
GUANGZHOU JIAHUA COSMETICS CO,GUANGZHOU JIAHUA COSMETICS CO,CHINA,Haibin Y.,China/Japan,false
"Guangzhou Jianhang Food Technology Co.,Ltd","Guangzhou Jianhang Food Technology Co.,Ltd",CHINA,Haibin Y.,China/Japan,false
GUANGZHOU JIASHANG YIMEI BIOTE,GUANGZHOU JIASHANG YIMEI BIOTE,CHINA,Haibin Y.,China/Japan,false
"GUANGZHOU JINJIU BIOTECH CO.,L","GUANGZHOU JINJIU BIOTECH CO.,L",CHINA,Haibin Y.,China/Japan,false
"GUANGZHOU JIUFENG TRADING CO.,","GUANGZHOU JIUFENG TRADING CO.,",CHINA,Haibin Y.,China/Japan,false
GUANGZHOU JUTEXIANG BIOTECH CO,GUANGZHOU JUTEXIANG BIOTECH CO,CHINA,Haibin Y.,China/Japan,false
GUANGZHOU KEJI EXPERIMENTAL,GUANGZHOU KEJI EXPERIMENTAL,CHINA,Haibin Y.,China/Japan,false
"GUANGZHOU KETAI CHEMICAL CO.,","GUANGZHOU KETAI CHEMICAL CO.,",CHINA,Haibin Y.,China/Japan,false
GUANGZHOU LAISHENG CHEMICAL CO.LTD,GUANGZHOU LAISHENG CHEMICAL CO.LTD,CHINA,Haibin Y.,China/Japan,false
GZ LANSA,GUANGZHOU LANSA TRADING LTD.,CHINA,Haibin Y.,China/Japan,false
"GUANGZHOU LIFEILI TRADING CO.,","GUANGZHOU LIFEILI TRADING CO.,",CHINA,Haibin Y.,China/Japan,false
GUANGZHOU LIFENG COSMETICS,GUANGZHOU LIFENG COSMETICS,CHINA,Haibin Y.,China/Japan,false
"GUANGZHOU LIFU FINE CHEMICAL CO.,LTD","GUANGZHOU LIFU FINE CHEMICAL CO.,LTD",CHINA,Haibin Y.,China/Japan,false
"Guangzhou Maisihui Biotechnology Co.,Ltd","Guangzhou Maisihui Biotechnology Co.,Ltd",CHINA,Haibin Y.,China/Japan,false
"Guangzhou Manhe Biotechnology Co.,Ltd","Guangzhou Manhe Biotechnology Co.,Ltd",CHINA,Haibin Y.,China/Japan,false
"GUANGZHOU MEIDAI BIOTECH CO.,LTD","GUANGZHOU MEIDAI BIOTECH CO.,LTD",CHINA,Haibin Y.,China/Japan,false
"Guangzhou Meiyi Cosmetics Co.,Ltd","Guangzhou Meiyi Cosmetics Co.,Ltd",CHINA,Haibin Y.,China/Japan,false
GUANGZHOU MEIZI BIOTECHNOLOGY,GUANGZHOU MEIZI BIOTECHNOLOGY,CHINA,Haibin Y.,China/Japan,false
"GUANGZHOU MINGLI BIOTECH CO.,L","GUANGZHOU MINGLI BIOTECH CO.,L",CHINA,Haibin Y.,China/Japan,false
GUANGZHOU MINGXIN CHEMICAL TRA,GUANGZHOU MINGXIN CHEMICAL TRA,CHINA,Haibin Y.,China/Japan,false
GUANGZHOU MINGYAN COSMETICS CO,GUANGZHOU MINGYAN COSMETICS CO,CHINA,Haibin Y.,China/Japan,false
GUANGZHOU MINGYUE CHEMICAL TEC,GUANGZHOU MINGYUE CHEMICAL TEC,CHINA,Haibin Y.,China/Japan,false
GUANGZHOU OWADA,GUANGZHOU OWADA,CHINA,Haibin Y.,China/Japan,false
Guangzhou pinyan biotechnology,Guangzhou pinyan biotechnology,CHINA,Haibin Y.,China/Japan,false
"Guangzhou Pucheng Biotechnology Co.,Ltd","Guangzhou Pucheng Biotechnology Co.,Ltd",CHINA,Haibin Y.,China/Japan,false
GUANGZHOU QIANYE CHEMICAL,GUANGZHOU QIANYE CHEMICAL,CHINA,Haibin Y.,China/Japan,false
GUANGZHOU QIAOZIYAN COSMETICS,GUANGZHOU QIAOZIYAN COSMETICS,CHINA,Haibin Y.,China/Japan,false
GUANGZHOU QIZHENG CHEMICAL TEC,GUANGZHOU QIZHENG CHEMICAL TEC,CHINA,Haibin Y.,China/Japan,false
Guangzhou Rongda Xing Chemical,Guangzhou Rongda Xing Chemical,CHINA,Haibin Y.,China/Japan,false
Guangzhou RYEPEAK Cosmetics,Guangzhou RYEPEAK Cosmetics,CHINA,Haibin Y.,China/Japan,false
GUANGZHOU SIANI COSMETICS,GUANGZHOU SIANI COSMETICS,CHINA,Haibin Y.,China/Japan,false
"Guangzhou Sijifeng Food Technology Co., Ltd","Guangzhou Sijifeng Food Technology Co., Ltd",CHINA,Haibin Y.,China/Japan,false
GUANGZHOU TENUSI CHEMICAL,GUANGZHOU TENUSI CHEMICAL,CHINA,Haibin Y.,China/Japan,false
GUANGZHOU TIANRUI CHEMICAL IND,GUANGZHOU TIANRUI CHEMICAL IND,CHINA,Haibin Y.,China/Japan,false
GUANGZHOU WEI TIAN XIA FOOD,GUANGZHOU WEI TIAN XIA FOOD,CHINA,Haibin Y.,China/Japan,false
"GUANGZHOU WEIJIANLE BIOTECH CO., LTD","GUANGZHOU WEIJIANLE BIOTECH CO., LTD",CHINA,Haibin Y.,China/Japan,false
"GUANGZHOU WEIKE CHEMICAL CO.,LTD","GUANGZHOU WEIKE CHEMICAL CO.,LTD",CHINA,Haibin Y.,China/Japan,false
"GUANGZHOU WEISHENG BIOTECH CO.,LTD","GUANGZHOU WEISHENG BIOTECH CO.,LTD",CHINA,Haibin Y.,China/Japan,false
"GUANGZHOU WOLU BIOTECH CO.,LTD","GUANGZHOU WOLU BIOTECH CO.,LTD",CHINA,Haibin Y.,China/Japan,false
Guangzhou Xianglin Inter Trade,Guangzhou Xianglin Inter Trade,CHINA,Haibin Y.,China/Japan,false
GUANGZHOU XIANZHI TRADING CO.,GUANGZHOU XIANZHI TRADING CO.,CHINA,Haibin Y.,China/Japan,false
GUANGZHOU XIAOHE XIUYUN COSMET,GUANGZHOU XIAOHE XIUYUN COSMET,CHINA,Haibin Y.,China/Japan,false
"Guangzhou Xihe Biopharmaceutical Co.,Ltd","Guangzhou Xihe Biopharmaceutical Co.,Ltd",CHINA,Haibin Y.,China/Japan,false
"GUANGZHOU XINQI BIOTECH CO.,LT","GUANGZHOU XINQI BIOTECH CO.,LT",CHINA,Haibin Y.,China/Japan,false
"GUANGZHOU XINWEI CHEMICAL CO., LTD","GUANGZHOU XINWEI CHEMICAL CO., LTD",CHINA,Haibin Y.,China/Japan,false
"GUANGZHOU XUFAN TRADING CO.,LTD","GUANGZHOU XUFAN TRADING CO.,LTD",CHINA,Haibin Y.,China/Japan,false
"Guangzhou Xunshi Yuemei Biotechnology Co.,Ltd","Guangzhou Xunshi Yuemei Biotechnology Co.,Ltd",CHINA,Haibin Y.,China/Japan,false
GUANGZHOU YACHUN COSMETICS,GUANGZHOU YACHUN COSMETICS,CHINA,Haibin Y.,China/Japan,false
GUANGZHOU YAHE BIOTECHNOLOGY C,GUANGZHOU YAHE BIOTECHNOLOGY C,CHINA,Haibin Y.,China/Japan,false
GUANGZHOU YUCAO BIOTECH CO LTD,GUANGZHOU YUCAO BIOTECH CO LTD,CHINA,Haibin Y.,China/Japan,false
GUANGZHOU YUKE FINE CHEMICAL C,GUANGZHOU YUKE FINE CHEMICAL C,CHINA,Haibin Y.,China/Japan,false
"Guangzhou Zhenyantang Pharmaceutical Biotechnology Co., Ltd.","Guangzhou Zhenyantang Pharmaceutical Biotechnology Co., Ltd.",CHINA,Haibin Y.,China/Japan,false
GUANGZHOU ZHONGRAN BIOTECHNOL-,GUANGZHOU ZHONGRAN BIOTECHNOL-,CHINA,Haibin Y.,China/Japan,false
GUANGZHOU ZHONGSHENG BIOTECH,GUANGZHOU ZHONGSHENG BIOTECH,CHINA,Haibin Y.,China/Japan,false
"GUANZHOU DUORELLE BIOTECH CO.,LTD","GUANZHOU DUORELLE BIOTECH CO.,LTD",CHINA,Haibin Y.,China/Japan,false
GUINNESS CHEMICAL LTD,GUINNESS CHEMICAL LTD,IRELAND,Florian M.,Europe,false
GummyCorp,GummyCorp,UNITED STATES OF AMERICA,Kelli M.,Americas,false
H. REYNAUD & FILS,H. REYNAUD & FILS,FRANCE,Florian M.,Europe,false
H.B. TAYLOR CO.,H.B. TAYLOR CO.,UNITED STATES OF AMERICA,Danielle J.,Americas,false
HACKS MALAYSIA SDN BHD,HACKS MALAYSIA SDN BHD,MALAYSIA,Kanda W.,SEA,false
Hai Tian,Guangdong New A & F Developmen,CHINA,Haibin Y.,China/Japan,false
Hai Tian,GUILIN JUXIANGYUAN FOOD TECH,CHINA,Haibin Y.,China/Japan,false
"Hainan Mars Benfen Technology Co.,Ltd","Hainan Mars Benfen Technology Co.,Ltd",CHINA,Haibin Y.,China/Japan,false
HALO PHARMA,HALO PHARMA,CANADA,Kelli M.,Americas,false
"HANGZHOU CHANGUAN BIOTECH CO.,LTD","HANGZHOU CHANGUAN BIOTECH CO.,LTD",CHINA,Haibin Y.,China/Japan,false
HANGZHOU HUADONG MEDICINE GROU,HANGZHOU HUADONG MEDICINE GROU,CHINA,Haibin Y.,China/Japan,false
"HANGZHOU MEISEN SPICES CO.,LTD","HANGZHOU MEISEN SPICES CO.,LTD",CHINA,Haibin Y.,China/Japan,false
GZ LANSA,HANGZHOU MIAOFANGQIAO CHEMICAL,CHINA,Haibin Y.,China/Japan,false
HANGZHOU SHUIBASHA BIOMEDICAL,HANGZHOU SHUIBASHA BIOMEDICAL,CHINA,Haibin Y.,China/Japan,false
HANGZHOU WEIBO FLAVOR,HANGZHOU WEIBO FLAVOR,CHINA,Haibin Y.,China/Japan,false
"HANGZHOU WEIGUANG CO.,LTD","HANGZHOU WEIGUANG CO.,LTD",CHINA,Haibin Y.,China/Japan,false
"Hangzhou Xiehe Medical Supplies Co., Ltd","Hangzhou Xiehe Medical Supplies Co., Ltd",CHINA,Haibin Y.,China/Japan,false
"Hangzhou Yingle Food Co.,Ltd","Hangzhou Yingle Food Co.,Ltd",CHINA,Haibin Y.,China/Japan,false
"HAOJI FOOD BREWING CO.,LTD","HAOJI FOOD BREWING CO.,LTD",CHINA,Haibin Y.,China/Japan,false
HARIBO,RIGO TRADING SA,LUXEMBOURG,Gwenn B.,Europe,false
HARIBO,RIGO TRADING SA,DENMARK,Gwenn B.,Europe,false
HARIBO,RIGO TRADING SA,GERMANY,Gwenn B.,Europe,false
HARIBO,RIGO TRADING SA,FRANCE,Gwenn B.,Europe,false
HARIBO France,HARIBO France,FRANCE,Gwenn B.,Europe,false
HAWLEY&HAZEL CHEMICAL COMPANY (ZHONGSHAN) LIMITED,HAWLEY&HAZEL CHEMICAL COMPANY (ZHONGSHAN) LIMITED,CHINA,Haibin Y.,China/Japan,false
He Yaohui,He Yaohui,CHINA,Haibin Y.,China/Japan,false
Health and Natural Beauty USA,Health and Natural Beauty USA,UNITED STATES OF AMERICA,Kelli M.,Americas,false
HEFEI GUOYAO NUHE PHARMACEUTICAL CO.LTD,HEFEI GUOYAO NUHE PHARMACEUTICAL CO.LTD,CHINA,Haibin Y.,China/Japan,false
Hefei Yuanzhi Pharmaceutical,Hefei Yuanzhi Pharmaceutical,CHINA,Haibin Y.,China/Japan,false
HELMS CANDY CO.,HELMS CANDY CO.,UNITED STATES OF AMERICA,Kelli M.,Americas,false
HEMP DEPOT CO.,HEMP DEPOT CO.,UNITED STATES OF AMERICA,Kelli M.,Americas,false
HENAN HONGYUAN TOBACCO TECHNOL,HENAN HONGYUAN TOBACCO TECHNOL,CHINA,Haibin Y.,China/Japan,false
HENAN HUALUO KANGRUN,HENAN HUALUO KANGRUN,CHINA,Haibin Y.,China/Japan,false
HENAN XINZHENG JINYE,HENAN XINZHENG JINYE,CHINA,Haibin Y.,China/Japan,false
HENAN ZHONGDA HENGYUAN BIOTECH,HENAN ZHONGDA HENGYUAN BIOTECH,CHINA,Haibin Y.,China/Japan,false
"Henan Zhuohong Food Co.,Ltd","Henan Zhuohong Food Co.,Ltd",CHINA,Haibin Y.,China/Japan,false
Heng Cui Biological Technology,Heng Cui Biological Technology,CHINA,Haibin Y.,China/Japan,false
HENGGU CHEMICAL(GUANGZHOU) CO.,HENGGU CHEMICAL(GUANGZHOU) CO.,CHINA,Haibin Y.,China/Japan,false
HERBALIFE,HERBALIFE LAKE FOREST,UNITED STATES OF AMERICA,Danielle J.,Americas,true
HERBALIFE,HERBALIFE WINSTON-SALEM,UNITED STATES OF AMERICA,Danielle J.,Americas,true
HERBO SOURCING,HERBO SOURCING,FRANCE,Florian M.,Europe,false
"HERMANOS JUAN LÓPEZ, S.A,"HERMANOS JUAN LÃ“PEZ, S.A",SPAIN,Florian M.,Europe,false
Hershey,THE HERSHEY COMPANY,UNITED STATES OF AMERICA,Danielle J.,Americas,false
Hershey,THE HERSHEY COMPANY,CANADA,Danielle J.,Americas,false
HERTZ & SELCK GMBH & CO,HERTZ & SELCK GMBH & CO,GERMANY,Gwenn B.,Europe,false
"Hezhou Fushan Fruit and Vegetable Co.,Ltd","Hezhou Fushan Fruit and Vegetable Co.,Ltd",CHINA,Haibin Y.,China/Japan,false
HGC,HGC,UNITED STATES OF AMERICA,Kelli M.,Americas,false
HIBISCUS SOLUTIONS LIMITED,HIBISCUS SOLUTIONS LIMITED,NEW ZEALAND,Florian M.,IMEA,false
Hibiscus Solutions Limited,Hibiscus Solutions Limited,NEW ZEALAND,Sanjay C.,IMEA,false
High 5ive,High 5ive,UNITED STATES OF AMERICA,Kelli M.,Americas,false
"HIGH TOP IMPORT AND EXPORT CO., LTD","HIGH TOP IMPORT AND EXPORT CO., LTD",IRAQ,Jessie H.,IMEA,false
HNC PRODUCTS INC.,HNC PRODUCTS INC.,UNITED STATES OF AMERICA,Danielle J.,Americas,false
"Hongji Food Co.,Ltd","Hongji Food Co.,Ltd",CHINA,Haibin Y.,China/Japan,false
GZ HONGLAN,"Honglan (Guangzhou) Biotechnology Co.,Ltd",CHINA,Haibin Y.,China/Japan,false
HONGPENG(XIAMEN)TRADING CO.LTD,HONGPENG(XIAMEN)TRADING CO.LTD,CHINA,Haibin Y.,China/Japan,false
HORIZON SUPPLEMENTS LLC,HORIZON SUPPLEMENTS LLC,UNITED STATES OF AMERICA,Kelli M.,Americas,false
HOSMER MOUNTAIN BOTTLING,HOSMER MOUNTAIN BOTTLING,UNITED STATES OF AMERICA,Kelli M.,Americas,false
HOU YONG JUN,HOU YONG JUN,CHINA,Haibin Y.,China/Japan,false
HUABAO,HUABAO FLAVOURS & FRAGRANCES,HONGKONG,Haibin Y.,China/Japan,false
HUABAO,"Shanghai Huabao Peacock Flavor Co., Ltd",CHINA,Haibin Y.,China/Japan,false
HUABAO,YINGTAN HUABAO FLAVOR,CHINA,Haibin Y.,China/Japan,false
HUABAO,YINGTAN ZHONGTOU TECHNOLOGY CO,CHINA,Haibin Y.,China/Japan,false
HUAI'AN BROTHERS BIOTECH CO.,HUAI'AN BROTHERS BIOTECH CO.,CHINA,Jessie H.,China/Japan,false
HUANG HUI QIAN,HUANG HUI QIAN,CHINA,Haibin Y.,China/Japan,false
"Hubei Haoyanli Biotechnology Co.,Ltd","Hubei Haoyanli Biotechnology Co.,Ltd",CHINA,Haibin Y.,China/Japan,false
"HUIZHOU ZHIYOUYUAN BIOTECH CO.,LTD","HUIZHOU ZHIYOUYUAN BIOTECH CO.,LTD",CHINA,Haibin Y.,China/Japan,false
"Hunan Huaqi Trading Co.,Ltd","Hunan Huaqi Trading Co.,Ltd",CHINA,Haibin Y.,China/Japan,false
Hunan weiteyi Food Technology Co. Ltd,Hunan weiteyi Food Technology Co. Ltd,CHINA,Haibin Y.,China/Japan,false
Hydroponics Solution,Hydroponics Solution,UNITED STATES OF AMERICA,Kelli M.,Americas,false
Hylands Manufacturing Inc.,Hylands Manufacturing Inc.,UNITED STATES OF AMERICA,Danielle J.,Americas,false
"I. RICE & COMPANY, INC.","I. RICE & COMPANY, INC.",UNITED STATES OF AMERICA,Kelli M.,Americas,false
IFF,IFF -  SINGAPORE,SINGAPORE,Kanda W.,Europe,true
IFF,IFF -  USA (S BRUNSWICK),UNITED STATES OF AMERICA,Danielle J.,Europe,true
IFF,IFF - ARGENTINA,ARGENTINA,Jessie H.,Europe,true
IFF,IFF - AUSTRALIA,AUSTRALIA,Sanjay C.,Europe,true
IFF,IFF - BRAZIL,BRAZIL,Jessie H.,Europe,true
IFF,IFF - Brazil,BRAZIL,Danielle J.,Europe,true
IFF,IFF - Indonesia,INDONESIA,Kanda W.,Europe,true
IFF,IFF - MEXICO,UNITED STATES OF AMERICA,Jessie H.,Europe,true
IFF,IFF - MEXICO,MEXICO,Jessie H.,Europe,true
IFF,IFF - PERU,PERU,Jessie H.,Europe,true
IFF,IFF - USA (TASTEPOINT),UNITED STATES OF AMERICA,Danielle J.,Europe,true
IFF,IFF ARGENTINA,ARGENTINA,Danielle J.,Europe,true
IFF,IFF AUSTRALIA,AUSTRALIA,Sanjay C.,Europe,true
IFF,IFF EGYPT,EGYPT,Sanjay C.,Europe,true
IFF,IFF EssÃªncias e FragrÃ¢ncias Ltda,BRAZIL,NONE,Europe,true
IFF,IFF INDONESIA (PT ESSENCE),INDONESIA,Kanda W.,Europe,true
IFF,IFF NL,NETHERLANDS,Gwenn B.,Europe,true
IFF,IFF SINGAPORE,SINGAPORE,Kanda W.,Europe,true
IFF,IFF SLOVENIA ( TASTEPOINT),SLOVENIA,Gwenn B.,Europe,true
IFF,IFF SPAIN,SPAIN,Gwenn B.,Europe,true
IFF,IFF TURKEY,TURKIYE,Sanjay C.,Europe,true
IFF,IFF UK,UNITED KINGDOM,Gwenn B.,Europe,true
IFF,IFF UK (FRUTAROM),UNITED KINGDOM,Gwenn B.,Europe,true
IFF,IFF-AUSTRALIA,AUSTRALIA,Sanjay C.,Europe,true
IFF,IFF-INDIA,INDIA,Sanjay C.,Europe,true
IFF,IFF-INDONESIA,INDONESIA,Kanda W.,Europe,true
IFF,IFF-SINGAPORE,SINGAPORE,Kanda W.,Europe,true
IFF,IFF-Yunpu Plant,CHINA,Jessie H.,Europe,true
IFF,IFF-Zhangjiagang Plant,CHINA,Jessie H.,Europe,true
IFF,TASTEPOINT BY IFF - USA (Philadelphia),UNITED STATES OF AMERICA,Danielle J.,Europe,true
iFillable NV Inc,iFillable NV Inc,UNITED STATES OF AMERICA,Kelli M.,Americas,false
IMBIBE,IMBIBE,UNITED STATES OF AMERICA,Danielle J.,Americas,true
"IMCD US, LLC","IMCD US, LLC",UNITED STATES OF AMERICA,Kelli M.,Americas,false
"IMCD US, LLC","IMCD US, LLC",HAITI,Kelli M.,Americas,false
Immediate Rewards,Immediate Rewards,UNITED STATES OF AMERICA,Kelli M.,Americas,false
IMPERIAL TOB,"Imperial Tobacco La Romana, S.A.S",UNITED STATES OF AMERICA,Florian M.,Americas,false
IMPERIAL TOB,IMPERIAL TOBACCO RADOM,POLAND,Lee C.,Americas,false
IMPERIAL TOB,IMPERIAL TOBACCO TARNOWO,POLAND,Lee C.,Americas,false
IMPERIAL TOB,ITG BRANDS LLC,UNITED STATES OF AMERICA,Lee C.,Americas,false
IMPERIAL TOB,REEMTSMA CIGARETTENFABRIKEN GM,GERMANY,Lee C.,Americas,false
INDENA,BERNETT SRL,ITALY,Jessie H.,China/Japan,true
INDENA,BERNETT-INDENA ITALY,ITALY,Jessie H.,China/Japan,true
INDENA,INDENA-INDIA,INDIA,Jessie H.,China/Japan,true
INDEPENDENT CHEMICAL CORP,INDEPENDENT CHEMICAL CORP,UNITED STATES OF AMERICA,Kelli M.,Americas,false
"Ingredient Concepts, LLC","Ingredient Concepts, LLC",UNITED STATES OF AMERICA,Kelli M.,Americas,false
INGREDIENTS Y PRODUCTOS FUNC.,INGREDIENTS Y PRODUCTOS FUNC.,COLOMBIA,Danielle J.,Americas,false
INNER MONGOLIA QIAO MOTHER,INNER MONGOLIA QIAO MOTHER,CHINA,Haibin Y.,China/Japan,false
INRENA SL,INRENA SL,SPAIN,Florian M.,Europe,false
"INSA, INC.","INSA, INC.",UNITED STATES OF AMERICA,Kelli M.,Americas,false
Insymmetry LLC,Insymmetry LLC,UNITED STATES OF AMERICA,Kelli M.,Americas,false
INTELGENX CORPORATION,INTELGENX CORPORATION,CANADA,Kelli M.,Americas,false
IntermountainBlending&Filling,IntermountainBlending&Filling,UNITED STATES OF AMERICA,Kelli M.,Americas,false
INTERNATIONAL BAKERS SERVICES INC,INTERNATIONAL BAKERS SERVICES INC,UNITED STATES OF AMERICA,Danielle J.,Americas,false
INTERNATIONAL VITAMIN CORP,INTERNATIONAL VITAMIN CORP,UNITED STATES OF AMERICA,Kelli M.,Americas,false
"IOTO USA, LLC","IOTO USA, LLC",UNITED STATES OF AMERICA,Kelli M.,Americas,false
JEAN NIEL ASIA LTD,JEAN NIEL ASIA LTD,THAILAND,Kanda W.,SEA,false
Ji Wenfei,Ji Wenfei,CHINA,Haibin Y.,China/Japan,false
"JIA NA SHI HUA CO.,LTD","JIA NA SHI HUA CO.,LTD",CHINA,Haibin Y.,China/Japan,false
JIADENA(GUANGZHOU)PLANT TECH,JIADENA(GUANGZHOU)PLANT TECH,CHINA,Haibin Y.,China/Japan,false
JIANG HUA XIANG WANGQING,JIANG HUA XIANG WANGQING,CHINA,Haibin Y.,China/Japan,false
"JIANGSU BAICHUN MEDICAL EQUIPMENT CO., LTD","JIANGSU BAICHUN MEDICAL EQUIPMENT CO., LTD",CHINA,Haibin Y.,China/Japan,false
JIANGSU GEKAI GOOD LIFE SERVIC,JIANGSU GEKAI GOOD LIFE SERVIC,CHINA,Haibin Y.,China/Japan,false
JIANGSU JIANAN MEIDI BIOTECH C,JIANGSU JIANAN MEIDI BIOTECH C,CHINA,Haibin Y.,China/Japan,false
JIANGSU OJIE BIOTECHNOLOGY CO.,JIANGSU OJIE BIOTECHNOLOGY CO.,CHINA,Jessie H.,China/Japan,true
"JIANGSU OUKAI PACKTECH CO.,LTD","JIANGSU OUKAI PACKTECH CO.,LTD",CHINA,Haibin Y.,China/Japan,false
"Jiangsu Yilaide Industrial Development Co.,Ltd","Jiangsu Yilaide Industrial Development Co.,Ltd",CHINA,Haibin Y.,China/Japan,false
JIANGXI AIPU FOOD INGREDIENTS,JIANGXI AIPU FOOD INGREDIENTS,CHINA,Haibin Y.,China/Japan,false
JIANGXI T&B ENTERPRISES CO LTD,JIANGXI T&B ENTERPRISES CO LTD,CHINA,Haibin Y.,China/Japan,false
"JINAN GAOGENG FOOD TECH CO.,LT","JINAN GAOGENG FOOD TECH CO.,LT",CHINA,Haibin Y.,China/Japan,false
JINAN GUANGFU FOOD ADDITIVE CO,JINAN GUANGFU FOOD ADDITIVE CO,CHINA,Haibin Y.,China/Japan,false
JINAN RENHE FOOD,JINAN RENHE FOOD,CHINA,Haibin Y.,China/Japan,false
JINAN ZHENGAO FOOD ADDITIVES,JINAN ZHENGAO FOOD ADDITIVES,CHINA,Haibin Y.,China/Japan,false
"JINING SINOBEST BIOLOGICAL CO.,LTD","JINING SINOBEST BIOLOGICAL CO.,LTD",CHINA,Haibin Y.,China/Japan,false
"JIUJIANG XIANGLIAN SEASONING CO., LTD","JIUJIANG XIANGLIAN SEASONING CO., LTD",CHINA,Haibin Y.,China/Japan,false
JMCC Canada Corp.,JMCC Canada Corp.,Jamaica,Kelli M.,Americas,false
JOGUE INC.,JOGUE INC.,UNITED STATES OF AMERICA,Kelli M.,Americas,true
JOHN A. MASON GMBH & CO KG,JOHN A. MASON GMBH & CO KG,GERMANY,Gwenn B.,Europe,false
Jones Soda Cannabis Inc.,Jones Soda Cannabis Inc.,UNITED STATES OF AMERICA,Kelli M.,Americas,false
JOSEMARD SARL,JOSEMARD SARL,FRANCE,Florian M.,Europe,false
"JRF Technology, LLC","JRF Technology, LLC",UNITED STATES OF AMERICA,Kelli M.,Americas,false
JSource,JSource,UNITED STATES OF AMERICA,Kelli M.,Americas,false
JTI,"FUJI FLAVOR CO., LTD",JAPAN,Lee C.,Americas,false
JTI,"FUJI FLAVOR CO.,LTD.",JAPAN,Lee C.,Americas,false
JTI,JAPAN TOBACCO INTERNATIONAL,CHINA,Lee C.,Americas,false
JTI,JAPAN TOBACCO INTERNATIONAL,TAIWAN,Lee C.,Americas,false
JTI,JT International Asia,PHILIPPINES,Lee C.,Americas,false
JTI,JT INTERNATIONAL GERMANY GMBH,GERMANY,Lee C.,Americas,false
JTI,JT INTERNATIONAL S.A,GERMANY,Lee C.,Americas,false
JTI,JT INTERNATIONAL S.A,SWITZERLAND,Lee C.,Americas,false
JTI,JT INTERNATIONAL S.A,VIETNAM,Lee C.,Americas,false
JTI,JTI CANADA,CANADA,Lee C.,Americas,false
JTI,"LLC ""Petro""",RUSSIA,Lee C.,Americas,false
Juice Joint,Juice Joint,UNITED STATES OF AMERICA,Kelli M.,Americas,false
JUROX AUSTRALIA,JUROX AUSTRALIA,AUSTRALIA,Sanjay C.,IMEA,false
Jurox Pty Limited,Jurox Pty Limited,AUSTRALIA,Sanjay C.,IMEA,false
"JUXIAN DADOUWANG FOOD CO.,LTD","JUXIAN DADOUWANG FOOD CO.,LTD",CHINA,Haibin Y.,China/Japan,false
"K. M. INTERLAB CO., LTD.","K. M. INTERLAB CO., LTD.",THAILAND,Kanda W.,SEA,false
"K.M. Interlab Co., Ltd.","K.M. Interlab Co., Ltd.",THAILAND,Kanda W.,SEA,true
KAMEDIS LTD,KAMEDIS LTD,ISRAEL,Sanjay C.,IMEA,false
KARELIA TOBACCO COMPANY INC.,KARELIA TOBACCO COMPANY INC.,GREECE,Gwenn B.,Europe,false
KarmaIQ LLC,KarmaIQ LLC,UNITED STATES OF AMERICA,Kelli M.,Americas,false
KATJES,KATJES BONBON GMBH,GERMANY,Gwenn B.,Europe,false
KDC / ONE PORT JERVIS,KDC / ONE PORT JERVIS,UNITED STATES OF AMERICA,Kelli M.,Americas,false
"KEFEI BIOTECH CO., LTD","KEFEI BIOTECH CO., LTD",CHINA,Haibin Y.,China/Japan,false
KELAN (CHONGQING) BIOMEDICAL,KELAN (CHONGQING) BIOMEDICAL,CHINA,Haibin Y.,China/Japan,false
KENNY'S CANDY AND CONFECTIONS,KENNY'S CANDY AND CONFECTIONS,UNITED STATES OF AMERICA,Danielle J.,Americas,false
Kenvue Brands LLC.,Kenvue Brands LLC.,UNITED STATES OF AMERICA,Danielle J.,Americas,false
Kerry,KERRY - AUSTRALIA,AUSTRALIA,Sanjay C.,Europe,true
Kerry,KERRY - CANADA (BRAMPTON ONTARIO),CANADA,Danielle J.,Europe,true
Kerry,KERRY - CANADA (GRANBY QUEBEC),CANADA,Danielle J.,Europe,true
Kerry,KERRY - CANADA (WOODSTOCK ONTARIO),CANADA,Danielle J.,Europe,true
Kerry,KERRY - INDIA,INDIA,Sanjay C.,Europe,true
Kerry,KERRY - MALAYSIA,MALAYSIA,Kanda W.,Europe,true
Kerry,KERRY - SOUTH AFRICA,SOUTH AFRICA,Sanjay C.,Europe,true
Kerry,KERRY - USA (CLARK NJ),UNITED STATES OF AMERICA,Danielle J.,Europe,true
Kerry,KERRY - USA (COMMERCE CA),UNITED STATES OF AMERICA,Danielle J.,Europe,true
Kerry,KERRY - USA (STURTEVANT WI),UNITED STATES OF AMERICA,Danielle J.,Europe,true
KERRY,KERRY FRANCE,FRANCE,Gwenn B.,Europe,true
KERRY,KERRY INDIA,INDIA,Sanjay C.,Europe,true
KERRY,KERRY INGREDIENTS (M) SDN BHD,MALAYSIA,Kanda W.,Europe,true
KERRY,KERRY INGREDIENTS AUSTRALIA PTY LTD,AUSTRIA,Sanjay C.,Europe,true
KERRY,KERRY INGREDIENTS AUSTRALIA PTY LTD,AUSTRALIA,Sanjay C.,Europe,true
KERRY,KERRY INGREDIENTS INDIA PVT LTD,INDIA,Sanjay C.,Europe,true
KERRY,KERRY ITALY,IRELAND,Gwenn B.,Europe,true
KERRY,KERRY ITALY,ITALY,Gwenn B.,Europe,true
KERRY,KERRY TASTE AND NUTRITION ARABIA,Kingdom of Saudi Arabia,Sanjay C.,Europe,true
KERRY,KERRY UK,UNITED KINGDOM,Gwenn B.,Europe,true
KERRY,KERRY-FRANCE,Ireland,Jessie H.,Europe,true
KERRY,KERRY-FRANCE,FRANCE,Jessie H.,Europe,true
KERRY,KERRY-UK,UNITED KINGDOM,Gwenn B.,Europe,true
KETOLIFE LTD,KETOLIFE LTD,UNITED KINGDOM,Gwenn B.,Europe,false
Kismet Pharmazeutica GmbH,Kismet Pharmazeutica GmbH,GERMANY,Gwenn B.,Europe,false
KONIG LAB S.L,KONIG LAB S.L,SPAIN,Gwenn B.,Europe,false
KORBER TECH,KORBER TECHNOLOGIES FLAVOR GMBH,GERMANY,Gwenn B.,Europe,true
Kosmik Brands LLC,Kosmik Brands LLC,UNITED STATES OF AMERICA,Kelli M.,Americas,false
Kovalys Sciences,Kovalys Sciences,INDIA,Sanjay C.,IMEA,true
Krabot LLC,Krabot LLC,UNITED STATES OF AMERICA,Kelli M.,Americas,false
Kratom HD,Kratom HD,UNITED STATES OF AMERICA,Kelli M.,Americas,false
"KUNSHAN HAIRUN BIOTECH CO.,LTD","KUNSHAN HAIRUN BIOTECH CO.,LTD",CHINA,Haibin Y.,China/Japan,false
KUNSHAN HONG FANG,KUNSHAN HONG FANG,CHINA,Haibin Y.,China/Japan,false
KUNSHAN TONGWAN,KUNSHAN TONGWAN,CHINA,Haibin Y.,China/Japan,false
"KUNSHAN WEIZHONG FOOD CO.,LTD","KUNSHAN WEIZHONG FOOD CO.,LTD",CHINA,Haibin Y.,China/Japan,false
Kushla Life Sciences,Kushla Life Sciences,UNITED STATES OF AMERICA,Kelli M.,Americas,false
KVP PHARMA & VETERINAR PRODUKTE GMBH,KVP PHARMA & VETERINAR PRODUKTE GMBH,GERMANY,Gwenn B.,Europe,false
KYP Labs,KYP Labs,UNITED STATES OF AMERICA,Kelli M.,Americas,false
L.O. Trading,L.O. Trading,UNITED STATES OF AMERICA,Kelli M.,Americas,false
LA BOITE,LA BOITE,UNITED STATES OF AMERICA,Kelli M.,Americas,false
LA FABRIQUE DU SUD,LA FABRIQUE DU SUD,FRANCE,Florian M.,Europe,false
Lab Authority,Lab Authority,UNITED STATES OF AMERICA,Kelli M.,Americas,false
LABORATOIRE ABIALIS,LABORATOIRE ABIALIS,FRANCE,Gwenn B.,Europe,false
LABORATOIRE GRIMBERG,LABORATOIRE GRIMBERG,FRANCE,Florian M.,Europe,false
LABORATOIRE PHODE,LABORATOIRE PHODE,FRANCE,Florian M.,Europe,false
Laboratorio farmacéutico,Laboratorio farmacÃ©utico,PERU,Danielle J.,Americas,false
Laboratorio farmacéutico,Laboratorio farmacÃ©utico,UNITED STATES OF AMERICA,Danielle J.,Americas,false
LABORATORIOS BASI,LABORATORIOS BASI,PORTUGAL,Gwenn B.,Europe,false
LABORATORIOS DARIER S.R.L.,LABORATORIOS DARIER S.R.L.,ARGENTINA,Florian M.,Europe,false
LABORATORIOS MIXIM S.A. DE C.V,LABORATORIOS MIXIM S.A. DE C.V,UNITED STATES OF AMERICA,Danielle J.,Americas,false
LABORATORIOS SAVAL  S.A,LABORATORIOS SAVAL  S.A,CHILE,Danielle J.,Americas,false
LABTEC COSMETICS,LABTEC COSMETICS,UNITED STATES OF AMERICA,Kelli M.,Americas,false
LACASA SA,LACASA SA,SPAIN,Florian M.,Europe,false
LA'DARTE,LA'DARTE,POLAND,Florian M.,Europe,false
Lakanto,Lakanto,UNITED STATES OF AMERICA,Kelli M.,Americas,false
Landrace Bioscience,Landrace Bioscience,UNITED STATES OF AMERICA,Kelli M.,Americas,false
LANGDON,HJ LANGDON INGREDIENTS,AUSTRALIA,Sanjay C.,IMEA,false
L'ANGELYS,L'ANGELYS,FRANCE,Florian M.,Europe,false
Langenberg,ROYAL FASSIN B.V.,NETHERLANDS,Florian M.,Europe,false
"Lanhai Fujian Biotech Co.,LTD","Lanhai Fujian Biotech Co.,LTD",CHINA,Haibin Y.,China/Japan,false
LANNETT COMPANY INC.,LANNETT COMPANY INC.,UNITED STATES OF AMERICA,Kelli M.,Americas,false
"LANZHOU JINDI CHEMICAL CO.,LTD","LANZHOU JINDI CHEMICAL CO.,LTD",CHINA,Sissic H.,China/Japan,true
Laurelcrest Labs,Laurelcrest Labs,UNITED STATES OF AMERICA,Kelli M.,Americas,false
LAZARUS NATURALS,LAZARUS NATURALS,UNITED STATES OF AMERICA,Kelli M.,Americas,false
LCC LTD,LCC LTD,KOREA,Kanda W.,SEA,false
"LGM Pharma Solutions, LLC","LGM Pharma Solutions, LLC",UNITED STATES OF AMERICA,Kelli M.,Americas,false
L'HERBIER D'AUVERGNE STE,L'HERBIER D'AUVERGNE STE,FRANCE,Florian M.,Europe,false
LI HONG FANG,LI HONG FANG,CHINA,Haibin Y.,China/Japan,false
LI XIAO FANG,LI XIAO FANG,CHINA,Haibin Y.,China/Japan,false
LifeTech Nutra,LifeTech Nutra,UNITED STATES OF AMERICA,Kelli M.,Americas,false
LIFEWISE,LIFEWISE,UNITED STATES OF AMERICA,Danielle J.,Americas,false
LILY OF THE DESERT,LILY OF THE DESERT,UNITED STATES OF AMERICA,Danielle J.,Americas,false
Limewood GmbH,Limewood GmbH,GERMANY,Gwenn B.,Europe,false
GD HONGYUAN,LIN HUI JIAO,CHINA,Haibin Y.,China/Japan,false
LINYI YUJIANG FOOD INGREDIENTS,LINYI YUJIANG FOOD INGREDIENTS,CHINA,Haibin Y.,China/Japan,false
LIPPOMIX CORPORATION,LIPPOMIX CORPORATION,UNITED STATES OF AMERICA,Kelli M.,Americas,false
LITHIOS,LITHIOS,CANADA,Kelli M.,Americas,false
LIU JIANPING,LIU JIANPING,CHINA,Haibin Y.,China/Japan,false
LNK INTERNATIONAL INC.,LNK INTERNATIONAL INC.,UNITED STATES OF AMERICA,Danielle J.,Americas,false
LOFTHOUSE,LOFTHOUSE OF FLEETWOOD LTD.,UNITED KINGDOM,Gwenn B.,Europe,true
LOFTHOUSE,LOFTHOUSE OF FLEETWOOD LTD.,MALAYSIA,Gwenn B.,Europe,true
"Longkou Qiyun Trading Co.,Ltd","Longkou Qiyun Trading Co.,Ltd",CHINA,Haibin Y.,China/Japan,false
"LORNAMEAD, INC.","LORNAMEAD, INC.",UNITED STATES OF AMERICA,Kelli M.,Americas,false
"L-Tec PharmaChem Co.,Ltd","L-Tec PharmaChem Co.,Ltd",KOREA,Lynn S.,China/Japan,false
LTS Lohmann Therapy Systems Corp.,LTS Lohmann Therapy Systems Corp.,UNITED STATES OF AMERICA,Danielle J.,Americas,false
GD HONGYUAN,"LU CAIXIA,CHEN JUNHAO",CHINA,Haibin Y.,China/Japan,false
LUCKY(GZ) CHEMICAL TECHNOLOGY,LUCKY(GZ) CHEMICAL TECHNOLOGY,CHINA,Haibin Y.,China/Japan,false
Luisa Fanzani Cosmetics,Luisa Fanzani Cosmetics,UNITED STATES OF AMERICA,Kelli M.,Americas,false
LUOYANG LANS,LUOYANG LANSEALY TECHNOLOGY CO,CHINA,Jessie H.,China/Japan,false
"LUOYANG LANSEALY TECH CO.,LTD","LUOYANG LANSEALY TECH CO.,LTD",CHINA,Jessie H.,China/Japan,true
Lush Leaf Farm,Lush Leaf Farm,UNITED STATES OF AMERICA,Kelli M.,Americas,false
Lv Lisa,Lv Lisa,CHINA,Haibin Y.,China/Japan,false
LYNE LABORATORIES,LYNE LABORATORIES,UNITED STATES OF AMERICA,Kelli M.,Americas,false
LYNNBROS,LYNNBROS LABORATORIES INC.,CHINA,Jessie H.,China/Japan,true
LYNNBROS,LYNNBROS LABORATORIES INC.,TAIWAN,Jessie H.,China/Japan,true
"LYNNBROS INDUSTRIAL CO., LTD","LYNNBROS INDUSTRIAL CO., LTD",CHINA,Jessie H.,China/Japan,false
M Plant Productions,M Plant Productions,UNITED STATES OF AMERICA,Kelli M.,Americas,false
MAISON DES FORESTINES,MAISON DES FORESTINES,FRANCE,Florian M.,Europe,false
MAJESTY FOOD INGREDIENT CO.LTD,MAJESTY FOOD INGREDIENT CO.LTD,CHINA,Haibin Y.,China/Japan,false
MAKULAKU LAKRITSA OY,MAKULAKU LAKRITSA OY,FINLAND,Gwenn B.,Europe,false
MANE,MANE - USA,UNITED STATES OF AMERICA,Danielle J.,China/Japan,true
MANE,MANE FRANCE,FRANCE,Gwenn B.,China/Japan,true
MANE,MANE INDONESIA,INDONESIA,Kanda W.,China/Japan,true
MANE,MANE-CHINA,CHINA,Haibin Y.,China/Japan,true
MANE,PT MANE INDONESIA,INDONESIA,Kanda W.,China/Japan,true
MANE,SHANGHAI MANE FRAGRANCES,CHINA,Haibin Y.,China/Japan,true
"MAOMING HUAMEI INDUSTRIAL CO., LTD","MAOMING HUAMEI INDUSTRIAL CO., LTD",CHINA,Haibin Y.,China/Japan,false
"Marpac, Inc.","Marpac, Inc.",UNITED STATES OF AMERICA,Kelli M.,Americas,false
Mary's Operations DC,Mary's Operations DC,UNITED STATES OF AMERICA,Kelli M.,Americas,false
Matsun Nutrition,Matsun Nutrition,UNITED STATES OF AMERICA,Kelli M.,Americas,false
MAVE ENTERPRISES,MAVE ENTERPRISES,UNITED STATES OF AMERICA,Kelli M.,Americas,false
MAXWAY CO LTD,MAXWAY CO LTD,THAILAND,Kanda W.,SEA,false
"MAXWAY CO., LTD","MAXWAY CO., LTD",THAILAND,Kanda W.,SEA,false
"MAXWAY CO., LTD.","MAXWAY CO., LTD.",THAILAND,Kanda W.,SEA,true
MAYOLY INDUSTRIE SAS,MAYOLY INDUSTRIE SAS,FRANCE,Florian M.,Europe,false
MAYRALAB (MALAYSIA) SDN BHD,MAYRALAB (MALAYSIA) SDN BHD,MALAYSIA,Kanda W.,SEA,false
MAYS CHEMICAL COMPANY,MAYS CHEMICAL COMPANY,UNITED STATES OF AMERICA,Danielle J.,Americas,true
"MBM CHEMICALS CO., LTD.","MBM CHEMICALS CO., LTD.",MYANMAR,Kanda W.,SEA,false
"MC CORMICK & COMPANY, INC.","MC CORMICK & COMPANY, INC.",UNITED STATES OF AMERICA,Kelli M.,Americas,false
"MC KINLEY RESOURCES,INC.","MC KINLEY RESOURCES,INC.",UNITED STATES OF AMERICA,Danielle J.,Americas,false
Medicine Flower LLC,Medicine Flower LLC,UNITED STATES OF AMERICA,Kelli M.,Americas,false
MEIJIAN CHEMICAL(SHANGHAI) CO.,MEIJIAN CHEMICAL(SHANGHAI) CO.,CHINA,Haibin Y.,China/Japan,false
"MELALEUCA, INC","MELALEUCA, INC",UNITED STATES OF AMERICA,Kelli M.,Americas,false
MELTZER'S PUREMINTS,MELTZER'S PUREMINTS,UNITED STATES OF AMERICA,Kelli M.,Americas,false
Meluxo,Meluxo,THAILAND,Kelli M.,Americas,false
Meluxo,Meluxo,CANADA,Kelli M.,Americas,false
MENTHES RITO,MENTHES RITO,CANADA,Kelli M.,Americas,false
MERISANT,DECATUR PAK,UNITED STATES OF AMERICA,Danielle J.,Americas,false
MERISANT,Merisant US Contract Mftg.,UNITED STATES OF AMERICA,Danielle J.,Americas,false
MERISANT,"NATIONAL PACKAGING CO., INC.",UNITED STATES OF AMERICA,Kelli M.,Americas,false
MESOESTETIC PHARMA GROUP S.L,MESOESTETIC PHARMA GROUP S.L,SPAIN,Gwenn B.,Europe,true
METABOLIC MAINTENANCE PRODUCTS,METABOLIC MAINTENANCE PRODUCTS,UNITED STATES OF AMERICA,Kelli M.,Americas,false
METAROM,METAROM AUSTRALIA,AUSTRALIA,Sanjay C.,Europe,false
METAROM,METAROM BELGIUM,BELGIUM,Florian M.,Europe,false
METAROM,METAROM FRANCE,FRANCE,Florian M.,Europe,false
METAROM,METAROM SPAIN,SPAIN,Florian M.,Europe,false
METAROM,Metarom USA,UNITED STATES OF AMERICA,Kelli M.,Europe,false
MICHAEL GUTSCHKE ROHSTOFFHANDE,MICHAEL GUTSCHKE ROHSTOFFHANDE,GERMANY,Gwenn B.,Europe,false
Michael Mootz Candies,Michael Mootz Candies,UNITED STATES OF AMERICA,Kelli M.,Americas,false
MICHAEL SCHAEFFER LLC,MICHAEL SCHAEFFER LLC,UNITED STATES OF AMERICA,Kelli M.,Americas,false
Midwest Distribution LLC,Midwest Distribution LLC,UNITED STATES OF AMERICA,Kelli M.,Americas,false
Mikart LLC,Mikart LLC,UNITED STATES OF AMERICA,Kelli M.,Americas,false
"MINERALIFE NUTRACEUTICALS, LLC","MINERALIFE NUTRACEUTICALS, LLC",UNITED STATES OF AMERICA,Kelli M.,Americas,false
Mission Hills S.A. de C.V.,Mission Hills S.A. de C.V.,MEXICO,Danielle J.,Americas,false
MKT KIMYEVI MADDELER VE GIDA,MKT KIMYEVI MADDELER VE GIDA,TURKEY,Sanjay C.,IMEA,false
"MONARCH PCM, LLC","MONARCH PCM, LLC",UNITED STATES OF AMERICA,Kelli M.,Americas,false
MONDELEZ,MONDELEZ FRANCE,FRANCE,Gwenn B.,Europe,true
MONDELEZ,MONDELEZ UK,UNITED KINGDOM,Gwenn B.,Europe,true
MONDELEZ,MONDELEZ UK (ERNEST JACKSON),UNITED KINGDOM,Gwenn B.,Europe,true
MONDELEZ,MONDELEZTURKEY ( KENT TK),TURKIYE,Gwenn B.,Europe,true
MONTE PAZ,COMPANIA INDUSTRIAL DE TABACOS,URUGUAY,Florian M.,Europe,false
Moozo Holdings Inc,Moozo Holdings Inc,UNITED STATES OF AMERICA,Kelli M.,Americas,false
"MORTON GROVE PHARMA., INC.","MORTON GROVE PHARMA., INC.",UNITED STATES OF AMERICA,Kelli M.,Americas,false
MOSAIC FLAVORS,MOSAIC FLAVORS,UNITED STATES OF AMERICA,Kelli M.,Americas,false
MOTHER MURPHY'S FLAVORS,MOTHER MURPHY'S FLAVORS,UNITED STATES OF AMERICA,Danielle J.,Americas,false
MOUNT FRANKLIN FOODS,MOUNT FRANKLIN FOODS,UNITED STATES OF AMERICA,Kelli M.,Americas,false
MRS. CLARK'S FOODS,MRS. CLARK'S FOODS,UNITED STATES OF AMERICA,Kelli M.,Americas,false
MSN PHARMACEUTICALS INC.,MSN PHARMACEUTICALS INC.,UNITED STATES OF AMERICA,Danielle J.,Americas,false
MUSSLER COSMETIC PRODUCTION,MUSSLER COSMETIC PRODUCTION,GERMANY,Gwenn B.,Europe,false
MylanInstitutionalInc-Sugarlan,MylanInstitutionalInc-Sugarlan,UNITED STATES OF AMERICA,Kelli M.,Americas,false
N. KRALLIS SA,N. KRALLIS SA,GREECE,Gwenn B.,Europe,false
NACTIS FLAVOURS FRANCE,NACTIS FLAVOURS FRANCE,FRANCE,Florian M.,Europe,false
NAKA HERBS & VITAMINS LTD.,NAKA HERBS & VITAMINS LTD.,CANADA,Danielle J.,Americas,false
Nanjing Jiayuantang Biotech,Nanjing Jiayuantang Biotech,CHINA,Haibin Y.,China/Japan,false
NANJING ZIDANNA DAILY EXPENSES,NANJING ZIDANNA DAILY EXPENSES,CHINA,Haibin Y.,China/Japan,false
Nano Phytoceuticals Inc,Nano Phytoceuticals Inc,UNITED STATES OF AMERICA,Kelli M.,Americas,false
"NANTONG MEISHANGMEI FOOD ADDITIVE CO.,LTD","NANTONG MEISHANGMEI FOOD ADDITIVE CO.,LTD",CHINA,Haibin Y.,China/Japan,false
NAOS LES LABORATOIRES,NAOS LES LABORATOIRES,FRANCE,Gwenn B.,Europe,true
Napua Botanicals,Napua Botanicals,UNITED STATES OF AMERICA,Kelli M.,Americas,false
NATARA GLOBAL INC,NATARA GLOBAL INC,UNITED STATES OF AMERICA,Danielle J.,Americas,false
NATIONAL HONEY ALMOND,NATIONAL HONEY ALMOND,UNITED STATES OF AMERICA,Kelli M.,Americas,false
"Nature’s Healing Center, Inc","Natureâ€™s Healing Center, Inc",UNITED STATES OF AMERICA,Kelli M.,Americas,false
NATURES DESIGN,NATURES DESIGN,UNITED STATES OF AMERICA,Kelli M.,Americas,false
NATURE'S SUNSHINE PRODUCTS,NATURE'S SUNSHINE PRODUCTS,UNITED STATES OF AMERICA,Kelli M.,Americas,false
NELLSON,"NELLSON NUTRACEUTICAL, LLC",UNITED STATES OF AMERICA,Danielle J.,Americas,false
NELLSON NUTRACEUTICAL CANADA,NELLSON NUTRACEUTICAL CANADA,CANADA,Danielle J.,Americas,false
NELLSON NUTRACEUTICAL CANADA,NELLSON NUTRACEUTICAL CANADA,UNITED STATES OF AMERICA,Danielle J.,Americas,false
NEO COS SERVICE GMBH,NEO COS SERVICE GMBH,GERMANY,Gwenn B.,Europe,false
NEOLPHARMA INC.,NEOLPHARMA INC.,UNITED STATES OF AMERICA,Kelli M.,Americas,false
NEPHRON PHARMACEUTICALS,NEPHRON PHARMACEUTICALS,UNITED STATES OF AMERICA,Kelli M.,Americas,false
NeuEra Biopharma Inc,NeuEra Biopharma Inc,CANADA,Kelli M.,Americas,false
NEW IN/W.C.,WORLDCHEM,KOREA,Lynn S.,China/Japan,false
Nexa Resources Cajamarquilla,Nexa Resources Cajamarquilla,PERU,Kelli M.,Americas,false
NFUZED,NFUZED,UNITED STATES OF AMERICA,Kelli M.,Americas,false
"Noble Foods, Inc.","Noble Foods, Inc.",UNITED STATES OF AMERICA,Kelli M.,Americas,false
NOI SIRIUS,NOI SIRIUS,GERMANY,Gwenn B.,Europe,false
NORDMANN NORDIC AB,NORDMANN NORDIC AB,SWEDEN,Florian M.,Europe,false
NORTHWEST COSMETIC LABS,NORTHWEST COSMETIC LABS,UNITED STATES OF AMERICA,Kelli M.,Americas,false
NORTHWESTERN EXTRACT COMPANY,NORTHWESTERN EXTRACT COMPANY,UNITED STATES OF AMERICA,Kelli M.,Americas,false
Nova Thin Film Pharmaceuticals,Nova Thin Film Pharmaceuticals,UNITED STATES OF AMERICA,Kelli M.,Americas,false
NOVEL LABORATORIES INC.,NOVEL LABORATORIES INC.,UNITED STATES OF AMERICA,Kelli M.,Americas,false
Novi Connect,Novi Connect,UNITED STATES OF AMERICA,Kelli M.,Americas,false
Nowave LLC,Nowave LLC,UNITED STATES OF AMERICA,Danielle J.,Americas,false
Nufabrx,Nufabrx,UNITED STATES OF AMERICA,Kelli M.,Americas,false
"NUTRABIO LABS, INC.","NUTRABIO LABS, INC.",UNITED STATES OF AMERICA,Danielle J.,Americas,false
"NUTRICHEM INTERNATIONAL, INC.","NUTRICHEM INTERNATIONAL, INC.",UNITED STATES OF AMERICA,Kelli M.,Americas,false
NUTRIX LLC,NUTRIX LLC,UNITED STATES OF AMERICA,Kelli M.,Americas,false
NU-WORLD CORPORATION,NU-WORLD CORPORATION,UNITED STATES OF AMERICA,Kelli M.,Americas,false
NYRSTAR CLARKSVILLE INC.,NYRSTAR CLARKSVILLE INC.,UNITED STATES OF AMERICA,Danielle J.,Americas,false
OÜ EDIZIA,OÃœ EDIZIA,GERMANY,Florian M.,Europe,false
ODF NUTRA INC.,ODF NUTRA INC.,CANADA,Kelli M.,Americas,false
OMEGA MARKET RESEARCH,OMEGA MARKET RESEARCH,UNITED STATES OF AMERICA,Kelli M.,Americas,false
ONE PHARMA LTD,ONE PHARMA LTD,BANGLADESH,Sanjay C.,IMEA,false
ONIMAX CO LTD,ONIMAX CO LTD,THAILAND,Kanda W.,SEA,false
"Onimax Co., Ltd.","Onimax Co., Ltd.",THAILAND,Kanda W.,SEA,false
ORAL BIOTECH,ORAL BIOTECH,UNITED STATES OF AMERICA,Kelli M.,Americas,false
Orient Star,Cucina Ditalia LLC,UNITED STATES OF AMERICA,Jessie H.,China/Japan,true
Orient Star,ORIENT STARS LLC,UNITED STATES OF AMERICA,Jessie H.,China/Japan,true
"Oriental Meigu Enterprise Group Meichuang (Shanghai) Technology Co.,Ltd","Oriental Meigu Enterprise Group Meichuang (Shanghai) Technology Co.,Ltd",CHINA,Haibin Y.,China/Japan,false
ORKLA,ORKLA SNACKS SVERIGE AB,SWEDEN,Gwenn B.,Europe,false
ORKLA,ORKLA SUOMI FINLAND OY AB,FINLAND,Gwenn B.,Europe,false
"ORTHO MOLECULAR PRODUCTS, INC","ORTHO MOLECULAR PRODUCTS, INC",UNITED STATES OF AMERICA,Kelli M.,Americas,false
OSF FLAVORS,OSF FLAVORS,UNITED STATES OF AMERICA,Danielle J.,Americas,false
OUSHIMAN,ZHEJIANG OUSHIMAN BIOTECH CO.,CHINA,Haibin Y.,China/Japan,true
PAEDI PROTECT AG,PAEDI PROTECT AG,GERMANY,Gwenn B.,Europe,false
PANOS BRANDS LLC,PANOS BRANDS LLC,UNITED STATES OF AMERICA,Kelli M.,Americas,false
PARCHEM,PARCHEM,UNITED STATES OF AMERICA,Kelli M.,Americas,false
PARTICLE DYNAMICS,PARTICLE DYNAMICS,UNITED STATES OF AMERICA,Kelli M.,Americas,false
Partnered Process,Partnered Process,UNITED STATES OF AMERICA,Kelli M.,Americas,false
PASCUAL SARL,PASCUAL SARL,FRANCE,Florian M.,Europe,false
PATHEON PHARMACEUTICALS INC.,PATHEON PHARMACEUTICALS INC.,UNITED STATES OF AMERICA,Kelli M.,Americas,false
PCCA,PCCA,UNITED STATES OF AMERICA,Kelli M.,Americas,false
Peace Naturals Project Inc.,Peace Naturals Project Inc.,CANADA,Kelli M.,Americas,false
PEAK COCKTAILS,PEAK COCKTAILS,UNITED STATES OF AMERICA,Kelli M.,Americas,false
Pegasus Laboratories Inc.,Pegasus Laboratories Inc.,UNITED STATES OF AMERICA,Kelli M.,Americas,false
"Peli Labs, Inc.","Peli Labs, Inc.",UNITED STATES OF AMERICA,Kelli M.,Americas,false
"Penta Fine Ingredients, Inc.","Penta Fine Ingredients, Inc.",UNITED STATES OF AMERICA,Danielle J.,Americas,false
PERFECT(GUANGDONG)COMMODITY CO,PERFECT(GUANGDONG)COMMODITY CO,CHINA,Haibin Y.,China/Japan,false
PERFETTI,LA GIULIA,ITALY,Gwenn B.,Europe,false
PERFETTI,PERFETTI ITALY,ITALY,Gwenn B.,Europe,false
PERFETTI,PERFETTI ITALY (SESSA),ITALY,Gwenn B.,Europe,false
PERFETTI,PERFETTI NL (BREDA),NETHERLANDS,Gwenn B.,Europe,false
PERFETTI,PERFETTI NL (WEERT),NETHERLANDS,Gwenn B.,Europe,false
PERFETTI,PERFETTI POLAND,POLAND,Gwenn B.,Europe,false
PERFETTI,PERFETTI TURKEY,TURKIYE,Gwenn B.,Europe,false
PERFETTI,PERFETTI VIETNAM,VIETNAM,Kanda W.,Europe,false
Personalized Nutrients LLC,Personalized Nutrients LLC,UNITED STATES OF AMERICA,Kelli M.,Americas,false
PETRA HYGIENIC SYSTEMS,PETRA HYGIENIC SYSTEMS,CANADA,Kelli M.,Americas,false
PF Consumer Healthcare Canada,PF Consumer Healthcare Canada,CANADA,Danielle J.,Americas,false
PF LLC,PF LLC,UNITED STATES OF AMERICA,Kelli M.,Americas,false
pfhix,pfhix,UNITED STATES OF AMERICA,Kelli M.,Americas,false
"PFI Foods Co., Ltd","PFI Foods Co., Ltd",CHINA,Haibin Y.,China/Japan,false
PharmaCenter,PharmaCenter,UNITED STATES OF AMERICA,Kelli M.,Americas,false
PHARMACEUTICAL INSTITUTE,PHARMACEUTICAL INSTITUTE,MOROCCO,Sanjay C.,IMEA,false
PHARMALTITUDE SAS,PHARMALTITUDE SAS,FRANCE,Gwenn B.,Europe,false
PHARMASOL CORPORATION,PHARMASOL CORPORATION,UNITED STATES OF AMERICA,Danielle J.,Americas,false
PHARMASTRIP USA,PHARMASTRIP USA,UNITED STATES OF AMERICA,Kelli M.,Americas,false
PHARMATECH,PHARMATECH,UNITED STATES OF AMERICA,Kelli M.,Americas,false
PHARMSTAND,JSC Â«PHARMSTANDARDÂ»,RUSSIA,Lee C.,China/Japan,true
PHARMSTAND,PHARMSTANDARD JSC,RUSSIA,Lee C.,China/Japan,true
PHASILAB,PHASILAB,FRANCE,Gwenn B.,Europe,false
Phoenix Custom Manufacturing,Phoenix Custom Manufacturing,UNITED STATES OF AMERICA,Kelli M.,Americas,false
PHUC THINH,PHUC THINH ESSENTIAL OIL,VIETNAM,Kanda W.,SEA,true
PIPING ROCK HEALTH PRODUCTS,PIPING ROCK HEALTH PRODUCTS,UNITED STATES OF AMERICA,Kelli M.,Americas,false
PL Developments,PL Developments,UNITED STATES OF AMERICA,Kelli M.,Americas,false
"Plant-Ex Ingredients Ltd,","Plant-Ex Ingredients Ltd,",UNITED KINGDOM,Gwenn B.,Europe,false
PLASTIKON HEALTHCARE LLC,PLASTIKON HEALTHCARE LLC,UNITED STATES OF AMERICA,Kelli M.,Americas,false
PMI,PMI SWITZERLANDS,SWITZERLAND,Jeff R.,Americas,false
PNP PHARMACEUTICALS INC.,PNP PHARMACEUTICALS INC.,CANADA,Kelli M.,Americas,false
POCHTECA CHILE S.A,POCHTECA CHILE S.A,CHILE,Jeff R.,Americas,false
POLAR CORPORATION,POLAR CORPORATION,UNITED STATES OF AMERICA,Kelli M.,Americas,false
"POLYSCIENCES, INC.","POLYSCIENCES, INC.",UNITED STATES OF AMERICA,Kelli M.,Americas,false
"Positive Beverage, LLC.","Positive Beverage, LLC.",UNITED STATES OF AMERICA,Kelli M.,Americas,false
POWERED BY PLANTS,POWERED BY PLANTS,UNITED STATES OF AMERICA,Kelli M.,Americas,false
PR RESOURCES,PR RESOURCES,CANADA,Kelli M.,Americas,false
PRECISION / Wedgewood,PRECISION / Wedgewood,UNITED STATES OF AMERICA,Kelli M.,Americas,false
PREMIER PRODUCT FORMULATION,PREMIER PRODUCT FORMULATION,UNITED STATES OF AMERICA,Kelli M.,Americas,false
"PRIME INGREDIENTS, INC.","PRIME INGREDIENTS, INC.",UNITED STATES OF AMERICA,Kelli M.,Americas,false
PRINOVA FLAVORS,PRINOVA FLAVORS,UNITED STATES OF AMERICA,Danielle J.,Americas,false
Private Label Beauty & Wellness,Private Label Beauty & Wellness,UNITED STATES OF AMERICA,Kelli M.,Americas,false
PRIVATE LABEL SELECT LTD CO.,PRIVATE LABEL SELECT LTD CO.,UNITED STATES OF AMERICA,Kelli M.,Americas,false
"Prodalim USA, Inc.","Prodalim USA, Inc.",UNITED STATES OF AMERICA,Kelli M.,Americas,false
Product Society LLC,Product Society LLC,UNITED STATES OF AMERICA,Kelli M.,Americas,false
Professional Pharmacy Resources,Professional Pharmacy Resources,UNITED STATES OF AMERICA,Kelli M.,Americas,false
"Protech Nutra, Inc.","Protech Nutra, Inc.",UNITED STATES OF AMERICA,Kelli M.,Americas,false
PROVA,PROVA,FRANCE,Florian M.,Europe,false
PULMOLL KALFANY GMBH,PULMOLL KALFANY GMBH,GERMANY,Gwenn B.,Europe,false
"Puning Xueyuan Food Co., Ltd","Puning Xueyuan Food Co., Ltd",CHINA,Haibin Y.,China/Japan,false
PUNING YOULIAN FOOD CHEMICALS,PUNING YOULIAN FOOD CHEMICALS,CHINA,Haibin Y.,China/Japan,false
PUNYAPHAT,Punyaphat Foods Limited,THAILAND,Kanda W.,SEA,true
PUNYAPHAT,PUNYAPHAT FOODS LTD PARTNERSHIP,THAILAND,Kanda W.,SEA,true
PURE ENCAPSULATIONS INC.,PURE ENCAPSULATIONS INC.,UNITED STATES OF AMERICA,Kelli M.,Americas,false
Pure Pharma Labs,Pure Pharma Labs,UNITED STATES OF AMERICA,Kelli M.,Americas,false
"Pure Solutions, Inc.","Pure Solutions, Inc.",UNITED STATES OF AMERICA,Kelli M.,Americas,false
Purple Cow,Purple Cow,UNITED STATES OF AMERICA,Kelli M.,Americas,false
"Qingdao Dengta Condiment Co.,","Qingdao Dengta Condiment Co.,",CHINA,Haibin Y.,China/Japan,false
"QINGDAO HAOYOUT FOOD TECHNOLOGY CO.,LTD","QINGDAO HAOYOUT FOOD TECHNOLOGY CO.,LTD",CHINA,Haibin Y.,China/Japan,false
QINGDAO PUWEI ANIMAL HEALTH PR,QINGDAO PUWEI ANIMAL HEALTH PR,CHINA,Haibin Y.,China/Japan,false
QINGDAO RISHENGCHANG FOOD CO.,QINGDAO RISHENGCHANG FOOD CO.,CHINA,Haibin Y.,China/Japan,false
"QINGDAO TAI SHUANG YING TRADING CO.,LTD","QINGDAO TAI SHUANG YING TRADING CO.,LTD",CHINA,Haibin Y.,China/Japan,false
QUAD ALLOYS PTY LTD,QUAD ALLOYS PTY LTD,AUSTRALIA,Sanjay C.,IMEA,false
QUADRA,QUADRA CHEMICALS,CANADA,Danielle J.,Americas,false
QUADRA,QUADRA CHEMICALS,UNITED STATES OF AMERICA,Danielle J.,Americas,false
QUADRA,QUADRA CHEMICALS LTD,CANADA,Danielle J.,Americas,false
QUADRA CHEMICALS LTD,QUADRA CHEMICALS LTD,CANADA,Danielle J.,Americas,false
Quagen Pharmaceuticals LLC,Quagen Pharmaceuticals LLC,UNITED STATES OF AMERICA,Kelli M.,Americas,false
Quality Testing (Shanghai),Quality Testing (Shanghai),CHINA,Haibin Y.,China/Japan,false
"Quanzhou Dana Food Additive Co.,Ltd","Quanzhou Dana Food Additive Co.,Ltd",CHINA,Haibin Y.,China/Japan,false
Quicksilver Scientific,Quicksilver Scientific,UNITED STATES OF AMERICA,Kelli M.,Americas,false
QUOSENTIS SAS,QUOSENTIS SAS,FRANCE,Florian M.,Europe,false
R&B FOOD,R&B FOOD SUPPLY PUBLIC,THAILAND,Kanda W.,SEA,true
R&B FOOD,R&B FOOD SUPPLY PUBLIC CO LTD,THAILAND,Kanda W.,SEA,true
R.C. OWEN COMPANY,R.C. OWEN COMPANY,UNITED STATES OF AMERICA,Danielle J.,Americas,false
RANSOM NATURALS LTD,RANSOM NATURALS LTD,UNITED KINGDOM,Florian M.,Europe,false
REACTA,ALFA SAGITTARIUS JERZY KOWYNIA,POLAND,Gwenn B.,Europe,false
REACTA,B & C S.p.A.,ITALY,Gwenn B.,Europe,false
REACTA,BALKANPHARMA TROYAN AD,BULGARIA,Gwenn B.,Europe,false
REACTA,BIOTREK S.A.C.I.,GREECE,Gwenn B.,Europe,false
REACTA,BOLERO & Co. Ltd.,BULGARIA,Gwenn B.,Europe,false
REACTA,BOLERO & CO.LTD,BULGARIA,Gwenn B.,Europe,false
REACTA,CS COLORS SRL,ITALY,Gwenn B.,Europe,false
REACTA,ITALGUM CARAMELLE S.R.L.,ITALY,Gwenn B.,Europe,false
REACTA,JM SANTE SPOLKA Z,POLAND,Gwenn B.,Europe,false
REACTA,KANDIT D.O.O.,CROATIA,Gwenn B.,Europe,false
REACTA,KUK BULGARIA LTD,BULGARIA,Gwenn B.,Europe,false
REACTA,LEKHIM JSC,UKRAINE,Gwenn B.,Europe,false
REACTA,LV PHARM DOO,REPUBLIC OF SERBIA,Gwenn B.,Europe,false
REACTA,LV-PHARM DOO.,Serbia,Gwenn B.,Europe,false
REACTA,NEXT INGREDIENTS SRL,ITALY,Gwenn B.,Europe,false
REACTA,Nutrol d.o.o.,SLOVENIA,Gwenn B.,Europe,false
REACTA,Pharmanova LLC,Serbia,Gwenn B.,Europe,false
REACTA,Provipax S.A.,GREECE,Gwenn B.,Europe,false
REACTA,REACTA GROUP,ITALY,Gwenn B.,Europe,false
REACTA,REACTA GROUP SRL,ITALY,Jessie H.,Europe,false
REACTA,REACTA GROUP SRL,ITALY,Gwenn B.,Europe,false
REACTA,REACTA GROUP SRL,POLAND,Gwenn B.,Europe,false
REACTA,REACTA GROUP SRL,BULGARIA,Gwenn B.,Europe,false
REACTA,SHARON LABS ITALY SRL,ITALY,Gwenn B.,Europe,false
REACTA,SHARON PERSONAL CARE SRL,ITALY,Gwenn B.,Europe,false
REACTA,SIDORENKO INGREDIENTS LTD,BULGARIA,Gwenn B.,Europe,false
REACTA,SINERGA ITALY,ITALY,Gwenn B.,Europe,false
REACTA,SYNTHOS CARE SYNTHOS DWORY 2,POLAND,Gwenn B.,Europe,false
REACTA,THE CANDYPLUSSWEET FACTORY SRL,CZECH REPUBLIC,Gwenn B.,Europe,false
REACTA,VICTOL GROUP,SLOVENIA,Gwenn B.,Europe,false
Reckitt,RB SALUTE MEXICO S.A. DE C.V.,MEXICO,Danielle J.,Europe,true
Reckitt,RB UK,UNITED KINGDOM,Gwenn B.,Europe,true
Reckitt,RECKITT - MEXICO,UNITED STATES OF AMERICA,Danielle J.,Europe,true
Reckitt,RECKITT - MEXICO,MEXICO,Danielle J.,Europe,true
Redox Química. S.A.,Redox QuÃ­mica. S.A.,PARAQUAY,Kelli M.,Americas,false
Redox Química. S.A.,REDOX QUIMICA SA,PARAGUAY,Danielle J.,Americas,false
Remedy Procsessors,Remedy Procsessors,UNITED STATES OF AMERICA,Kelli M.,Americas,false
Renaissance Flavors,Renaissance Flavors,CANADA,Kelli M.,Americas,false
RENE LAURENT,RENE LAURENT,FRANCE,Gwenn B.,Europe,false
Rev Gum LLC,Rev Gum LLC,CANADA,Danielle J.,Americas,false
Revlon,REVLON CONSUMER PRODUCTS CORP,UNITED STATES OF AMERICA,Danielle J.,Americas,false
Revolution Biotech Inc.,Revolution Biotech Inc.,CANADA,Kelli M.,Americas,false
RFI,RFI,UNITED STATES OF AMERICA,Kelli M.,Americas,false
RIA INTERNATIONAL LLC,RIA INTERNATIONAL LLC,UNITED STATES OF AMERICA,Danielle J.,Americas,false
RIZHAO JINGUO GRAIN AND OIL CO,RIZHAO JINGUO GRAIN AND OIL CO,CHINA,Haibin Y.,China/Japan,false
ROBERTET,ROBERTET FLAVORS,UNITED STATES OF AMERICA,Kelli M.,SEA,false
ROBERTET,ROBERTET FRANCE,FRANCE,Florian M.,SEA,false
ROBERTET,ROBERTET SINGAPORE,SINGAPORE,Kanda W.,SEA,false
Rock Solid Manufacturing,Rock Solid Manufacturing,UNITED STATES OF AMERICA,Kelli M.,Americas,false
ROYAL HERKEL,ROYAL HERKEL,NETHERLANDS,Florian M.,Europe,false
RTI International,RTI International,UNITED STATES OF AMERICA,Danielle J.,Americas,false
DADI,RUAN LI ER,CHINA,Haibin Y.,China/Japan,false
RUITENBERG,RUITENBERG BASIQS B.V.,NETHERLANDS,Gwenn B.,Europe,true
RUITENBERG,RUITENBERG BASIQS BV,NETHERLANDS,Gwenn B.,Europe,true
S & S FLAVORS,S & S FLAVORS,UNITED STATES OF AMERICA,Kelli M.,Americas,false
SAET SWEETS SL,SAET SWEETS SL,SPAIN,Florian M.,Europe,false
"Safer Products, LLC","Safer Products, LLC",UNITED STATES OF AMERICA,Kelli M.,Americas,false
Salvona Technologies LLC,Salvona Technologies LLC,UNITED STATES OF AMERICA,Danielle J.,Americas,false
SAMI LABS,SAMI-SABINSA GROUP LIMITED,INDIA,Sanjay C.,IMEA,true
SAMI PHAR,SAMI PHARMACEUTICALS(PVT) LTD,PAKISTAN,Sanjay C.,IMEA,true
SANDREAM SPECIALTIES,SANDREAM SPECIALTIES,UNITED STATES OF AMERICA,Danielle J.,Americas,false
SANOFI,ASTREA AMILLY SAS,FRANCE,Gwenn B.,Europe,true
SANOFI,MAPHAR SA,MOROCCO,Florian M.,Europe,true
SANOTACT,SANOTACT GMBH,GERMANY,Gwenn B.,Europe,false
SAPORITI,SAPORITI DO BRASIL LTDA,BRAZIL,Florian M.,Europe,true
SAPORITI,SAPORITI SA,ARGENTINA,Florian M.,Europe,true
SAPPHIRE FLAVORS & FRAGRANCES,SAPPHIRE FLAVORS & FRAGRANCES,UNITED STATES OF AMERICA,Kelli M.,Americas,false
SARL PASTIS DE L'ILE DE RE,SARL PASTIS DE L'ILE DE RE,FRANCE,Florian M.,Europe,false
SCAGRO,ALGOL CHEMICALS,NORWAY,Gwenn B.,Europe,true
SCAGRO,BRUNBERG OY,FINLAND,Gwenn B.,Europe,true
SCAGRO,FINLANDIA CANDY OY,FINLAND,Gwenn B.,Europe,true
SCAGRO,HALVA OY AB,FINLAND,Gwenn B.,Europe,true
SCAGRO,KONFEKTYRFABRIKKEN AROMA,SWEDEN,Gwenn B.,Europe,true
SCAGRO,PORVOON LAKRITSI OY,FINLAND,Gwenn B.,Europe,true
SCAGRO,SCAGRO A/S,DENMARK,Gwenn B.,Europe,true
SCAGRO,SCAGRO A/S,NETHERLANDS,Gwenn B.,Europe,true
SCAGRO,SCAGRO A/S,SWEDEN,Gwenn B.,Europe,true
SCAGRO,SCAGRO A/S,POLAND,Gwenn B.,Europe,true
SCAGRO,SCAGRO A/S,FINLAND,Gwenn B.,Europe,true
SCAGRO,SCAGRO A/S,HUNGARY,Gwenn B.,Europe,true
SCAGRO,SCAGRO A/S,NORWAY,Gwenn B.,Europe,true
SCENT COTTAGE GROUP CO LTD,SCENT COTTAGE GROUP CO LTD,THAILAND,Kanda W.,SEA,false
SCHWABE NORTH AMERICA,SCHWABE NORTH AMERICA,UNITED STATES OF AMERICA,Danielle J.,Americas,false
Seaway Pharma Inc.,Seaway Pharma Inc.,UNITED STATES OF AMERICA,Kelli M.,Americas,false
SELECT,SELECT BOTANICAL SL,SPAIN,Lee C.,Americas,true
SELECTAROME,SELECTAROME,FRANCE,Florian M.,Europe,false
SENSAPURE FLAVORS,SENSAPURE FLAVORS,UNITED STATES OF AMERICA,Kelli M.,Americas,false
Sensient,SENSIENT - USA,UNITED STATES OF AMERICA,Kelli M.,Europe,false
SENSIENT,SENSIENT SAVORY FLAVORS FRANCE,FRANCE,Florian M.,Europe,false
Sensient,Sensient Technologies (Thailand) Ltd.,THAILAND,Kanda W.,Europe,false
SENSIENT,SENSIENT UK,UNITED KINGDOM,Florian M.,Europe,false
SENSIENT,SENSIENT WALES,UNITED KINGDOM,Florian M.,Europe,false
SENSOLUTION SDN BHD,SENSOLUTION SDN BHD,MALAYSIA,Kanda W.,SEA,false
SEPHYTAL PHARMA - ADEXO,SEPHYTAL PHARMA - ADEXO,FRANCE,Florian M.,Europe,false
Serene Corn,"SCENT COTTAGE GROUP CO., LTD",THAILAND,Kanda W.,SEA,true
Serene Corn,"SCENT COTTAGE GROUP CO.,LTD.",THAILAND,Kanda W.,SEA,true
SHADELINE LABORATOIRE,SHADELINE LABORATOIRE,FRANCE,Gwenn B.,Europe,false
"Shake Collaboration, LLC","Shake Collaboration, LLC",UNITED STATES OF AMERICA,Kelli M.,Americas,false
SHAMROCK Rx INC,SHAMROCK Rx INC,UNITED STATES OF AMERICA,Kelli M.,Americas,false
SHANDONG AIPU TRADE,SHANDONG AIPU TRADE,CHINA,Haibin Y.,China/Japan,false
SHANDONG CHENGZHE MARINE TECHN,SHANDONG CHENGZHE MARINE TECHN,CHINA,Haibin Y.,China/Japan,false
"SHANDONG FENICOS BIOTECHNOLOGY CO.,LTD","SHANDONG FENICOS BIOTECHNOLOGY CO.,LTD",CHINA,Haibin Y.,China/Japan,false
"SHANDONG FUSHANG BIOTECH CO.,L","SHANDONG FUSHANG BIOTECH CO.,L",CHINA,Haibin Y.,China/Japan,false
SHANDONG HESANQIAN MEDICAL TEC,SHANDONG HESANQIAN MEDICAL TEC,CHINA,Haibin Y.,China/Japan,false
SHANDONG HONGPENG FOOD INGREDI,SHANDONG HONGPENG FOOD INGREDI,CHINA,Haibin Y.,China/Japan,false
SHANDONG JIAJI BIOTECH CO. LTD,SHANDONG JIAJI BIOTECH CO. LTD,CHINA,Haibin Y.,China/Japan,false
"SHANDONG JITAI BIOTECH CO., LTD","SHANDONG JITAI BIOTECH CO., LTD",CHINA,Haibin Y.,China/Japan,false
"SHANDONG KANGYUAN GREEN ECOLOGICAL DEVELOPMENT CO., LTD","SHANDONG KANGYUAN GREEN ECOLOGICAL DEVELOPMENT CO., LTD",CHINA,Haibin Y.,China/Japan,false
SHANDONG MULIN CATERING,SHANDONG MULIN CATERING,CHINA,Haibin Y.,China/Japan,false
SHANDONG RENRUI BIOTECH CO.LTD,SHANDONG RENRUI BIOTECH CO.LTD,CHINA,Haibin Y.,China/Japan,false
SHANDONG SILIN PHARMACEUTICAL,SHANDONG SILIN PHARMACEUTICAL,CHINA,Haibin Y.,China/Japan,false
Shandong Weigaosihai Brewing,Shandong Weigaosihai Brewing,CHINA,Haibin Y.,China/Japan,false
Shandong Yusheng Biotechnology,Shandong Yusheng Biotechnology,CHINA,Haibin Y.,China/Japan,false
"SHANDONG ZEZHENG MED TECH CO.,","SHANDONG ZEZHENG MED TECH CO.,",CHINA,Haibin Y.,China/Japan,false
SHANGAHI GONGYAN,SHANGAHI GONGYAN,CHINA,Haibin Y.,China/Japan,false
"Shanghai Ai Xin Skin-care Co.,","Shanghai Ai Xin Skin-care Co.,",CHINA,Haibin Y.,China/Japan,false
"Shanghai Chengong ShiyeCO.,LTD","Shanghai Chengong ShiyeCO.,LTD",CHINA,Haibin Y.,China/Japan,false
"SHANGHAI CUILAND CO.,LTD","SHANGHAI CUILAND CO.,LTD",CHINA,Haibin Y.,China/Japan,false
"Shanghai Deno Product Testing Co.,Ltd","Shanghai Deno Product Testing Co.,Ltd",CHINA,Haibin Y.,China/Japan,false
SHANGHAI DUNMIN BIOTECH CO.LTD,SHANGHAI DUNMIN BIOTECH CO.LTD,CHINA,Haibin Y.,China/Japan,false
SHANGHAI FANGTI BIOTECHNOLOGY,SHANGHAI FANGTI BIOTECHNOLOGY,CHINA,Haibin Y.,China/Japan,false
SHANGHAI FUHUA,SHANGHAI FUHUA,CHINA,Haibin Y.,China/Japan,false
"SHANGHAI FURONG FOOD CO., LTD.","SHANGHAI FURONG FOOD CO., LTD.",CHINA,Haibin Y.,China/Japan,false
"SHANGHAI GAOGENG FOOD TECH CO., LTD","SHANGHAI GAOGENG FOOD TECH CO., LTD",CHINA,Haibin Y.,China/Japan,false
SHANGHAI GAOSHAJIANCHENG,SHANGHAI GAOSHAJIANCHENG,CHINA,Haibin Y.,China/Japan,false
SHANGHAI GONGYAN,SHANGHAI GONGYAN,CHINA,Haibin Y.,China/Japan,false
Shanghai Haiwei Huayan,Shanghai Haiwei Huayan,CHINA,Haibin Y.,China/Japan,false
"Shanghai Haiwei Huayan Biotechnology Co.,Ltd","Shanghai Haiwei Huayan Biotechnology Co.,Ltd",CHINA,Haibin Y.,China/Japan,false
"SHANGHAI HALILUYA BIOTECH CO.,LTD","SHANGHAI HALILUYA BIOTECH CO.,LTD",CHINA,Haibin Y.,China/Japan,false
SHANGHAI HESHUO FOOD TECHNOLOG,SHANGHAI HESHUO FOOD TECHNOLOG,CHINA,Haibin Y.,China/Japan,false
SHANGHAI HONGDUJINGXI HUAGONG,SHANGHAI HONGDUJINGXI HUAGONG,CHINA,Haibin Y.,China/Japan,false
"SHANGHAI HUICHUN BIOTECH CO.,L","SHANGHAI HUICHUN BIOTECH CO.,L",CHINA,Haibin Y.,China/Japan,false
SH ZHUOYAN,Shanghai Huixin Biotech CO.,CHINA,Haibin Y.,China/Japan,true
SHANGHAI INSTITUTE OF QUALITY SUPERVISION AND INSPECTION TECHNOLOGY,SHANGHAI INSTITUTE OF QUALITY SUPERVISION AND INSPECTION TECHNOLOGY,CHINA,Haibin Y.,China/Japan,false
Shanghai Jiakai Biotech CO.LTD,Shanghai Jiakai Biotech CO.LTD,CHINA,Haibin Y.,China/Japan,false
SHANGHAI JINGDE COSMETICS CO.,SHANGHAI JINGDE COSMETICS CO.,CHINA,Haibin Y.,China/Japan,false
SHANGHAI KAIWEI INDUSTRIAL,SHANGHAI KAIWEI INDUSTRIAL,CHINA,Haibin Y.,China/Japan,false
"SHANGHAI KANGCONG BIOTECHNOLOGY CO.,LTD","SHANGHAI KANGCONG BIOTECHNOLOGY CO.,LTD",CHINA,Haibin Y.,China/Japan,false
"SHANGHAI KEXINBEI BIOTECH CO.,","SHANGHAI KEXINBEI BIOTECH CO.,",CHINA,Haibin Y.,China/Japan,false
"SHANGHAI KOUFENG BIO-TECH CO.,","SHANGHAI KOUFENG BIO-TECH CO.,",CHINA,Haibin Y.,China/Japan,false
SHANGHAI LINQINGXUAN COSMETICS,SHANGHAI LINQINGXUAN COSMETICS,CHINA,Haibin Y.,China/Japan,false
"SHANGHAI LIPAN INDUSTRIAL CO.,","SHANGHAI LIPAN INDUSTRIAL CO.,",CHINA,Haibin Y.,China/Japan,false
"SHANGHAI MAYA FRAGRANCES CO.,LTD","SHANGHAI MAYA FRAGRANCES CO.,LTD",CHINA,Haibin Y.,China/Japan,false
SHANGHAI MIANHUA TANG BIOTECH,SHANGHAI MIANHUA TANG BIOTECH,CHINA,Haibin Y.,China/Japan,false
SHANGHAI MOXI CHEMICAL CO.LTD,SHANGHAI MOXI CHEMICAL CO.LTD,CHINA,Haibin Y.,China/Japan,false
"SHANGHAI MUJIANG BIOTECH CO.,","SHANGHAI MUJIANG BIOTECH CO.,",CHINA,Haibin Y.,China/Japan,false
"SHANGHAI OLI INDUSTRIAL CO., L","SHANGHAI OLI INDUSTRIAL CO., L",CHINA,Jessie H.,China/Japan,false
"SHANGHAI OUBEN BIOTECH CO.,LTD","SHANGHAI OUBEN BIOTECH CO.,LTD",CHINA,Haibin Y.,China/Japan,false
"SHANGHAI OUSIRUI MEDICAL TECHNOLOGY CO., LTD","SHANGHAI OUSIRUI MEDICAL TECHNOLOGY CO., LTD",CHINA,Haibin Y.,China/Japan,false
"SHANGHAI OWEN CHEMICALS CO,LTD","SHANGHAI OWEN CHEMICALS CO,LTD",CHINA,Haibin Y.,China/Japan,false
SHANGHAI PEACOCK FLAVOR &,SHANGHAI PEACOCK FLAVOR &,CHINA,Haibin Y.,China/Japan,false
"SHANGHAI QIANSHUO BIOTECH CO.,","SHANGHAI QIANSHUO BIOTECH CO.,",CHINA,Haibin Y.,China/Japan,false
SHANGHAI QIYUAN ESSENCE&FLAVOR,SHANGHAI QIYUAN ESSENCE&FLAVOR,CHINA,Haibin Y.,China/Japan,false
"Shanghai Ronghai Biotech Co.,","Shanghai Ronghai Biotech Co.,",CHINA,Haibin Y.,China/Japan,false
GZ HONGLAN,"Shanghai Shuji Biotechnology Co., Ltd",CHINA,Haibin Y.,China/Japan,false
"Shanghai Suye Biotechnology Co.,Ltd","Shanghai Suye Biotechnology Co.,Ltd",CHINA,Haibin Y.,China/Japan,false
"SHANGHAI TONGMEI ENTERPRISE MANAGEMENT CO., LTD","SHANGHAI TONGMEI ENTERPRISE MANAGEMENT CO., LTD",CHINA,Haibin Y.,China/Japan,false
SHANGHAI XINGYUAN FLAVORS,SHANGHAI XINGYUAN FLAVORS,CHINA,Haibin Y.,China/Japan,false
"SHANGHAI XINXINLONG FRAGRANCE CO.,LTD","SHANGHAI XINXINLONG FRAGRANCE CO.,LTD",CHINA,Haibin Y.,China/Japan,false
SHANGHAI XINZHIDE INDUSTRIAL,SHANGHAI XINZHIDE INDUSTRIAL,CHINA,Haibin Y.,China/Japan,false
"SHANGHAI YADAN BIOTECH CO.,LTD","SHANGHAI YADAN BIOTECH CO.,LTD",CHINA,Haibin Y.,China/Japan,false
SHANGHAI YAOLAN BIOTECH CO.LTD,SHANGHAI YAOLAN BIOTECH CO.LTD,CHINA,Haibin Y.,China/Japan,false
"Shanghai Yi'an Industry Co,Ltd.","Shanghai Yi'an Industry Co,Ltd.",CHINA,Haibin Y.,China/Japan,false
"Shanghai Yichuan Chemical Technology Co.,Ltd","Shanghai Yichuan Chemical Technology Co.,Ltd",CHINA,Haibin Y.,China/Japan,false
"SHANGHAI YIJIA COSMETICS CO.,LTD","SHANGHAI YIJIA COSMETICS CO.,LTD",CHINA,Haibin Y.,China/Japan,false
"SHANGHAI YILIN FOOD CO.,LTD","SHANGHAI YILIN FOOD CO.,LTD",CHINA,Haibin Y.,China/Japan,false
"Shanghai Yuehua Industrial Co.,Ltd","Shanghai Yuehua Industrial Co.,Ltd",CHINA,Haibin Y.,China/Japan,false
SHANGHAI YUXIN FOOD & TECH-SCI,SHANGHAI YUXIN FOOD & TECH-SCI,CHINA,Haibin Y.,China/Japan,false
"SHANGHAI ZENITH TRADING CO.,LT","SHANGHAI ZENITH TRADING CO.,LT",CHINA,Haibin Y.,China/Japan,false
"Shanghai Zhenmei Yuanlian Biotechnology Co.,Ltd","Shanghai Zhenmei Yuanlian Biotechnology Co.,Ltd",CHINA,Haibin Y.,China/Japan,false
SHANGHAI ZHENTANG JIEYUAN FOOD,SHANGHAI ZHENTANG JIEYUAN FOOD,CHINA,Haibin Y.,China/Japan,false
"SHANGHAI ZHUMEI BIOTECH CO.,LT","SHANGHAI ZHUMEI BIOTECH CO.,LT",CHINA,Haibin Y.,China/Japan,false
SH ZHUOYAN,"SHANGHAI ZHUOYAN CHEMICAL TECHNOLOGY CO.,L",CHINA,Haibin Y.,China/Japan,true
"SHANTOU DONGYUAN FOOD CO.,LTD","SHANTOU DONGYUAN FOOD CO.,LTD",CHINA,Haibin Y.,China/Japan,false
SHANTOU HONGAO TRADING CO. LTD,SHANTOU HONGAO TRADING CO. LTD,CHINA,Haibin Y.,China/Japan,false
"SHANTOU KELUYA SPICE INDUSTRIAL CO., LTD","SHANTOU KELUYA SPICE INDUSTRIAL CO., LTD",CHINA,Haibin Y.,China/Japan,false
SHANXI BAIHONG SYNTHETIC BIO,SHANXI BAIHONG SYNTHETIC BIO,CHINA,Haibin Y.,China/Japan,false
SHAOGUAN XINBANG BIOTECHNOLOGY CO,SHAOGUAN XINBANG BIOTECHNOLOGY CO,CHINA,Haibin Y.,China/Japan,false
"Shengdongfang Trading (Beijing) Co.,Ltd","Shengdongfang Trading (Beijing) Co.,Ltd",CHINA,Haibin Y.,China/Japan,false
"SHENZHEN BESTWAY FOOD CO.,LTD","SHENZHEN BESTWAY FOOD CO.,LTD",CHINA,Haibin Y.,China/Japan,false
SHENZHEN BOTON FLAVOR,SHENZHEN BOTON FLAVOR,CHINA,Haibin Y.,China/Japan,false
SHENZHEN HENGFENG,SHENZHEN HENGFENG,CHINA,Haibin Y.,China/Japan,false
"SHENZHEN JIARUNXUAN BIOTECH CO.,LTD","SHENZHEN JIARUNXUAN BIOTECH CO.,LTD",CHINA,Haibin Y.,China/Japan,false
SHENZHEN LICHANG TECHNOLOGY,SHENZHEN LICHANG TECHNOLOGY,CHINA,Haibin Y.,China/Japan,false
"SHENZHEN LIJIN BIOTECHNOLOGY CO.,LTD","SHENZHEN LIJIN BIOTECHNOLOGY CO.,LTD",CHINA,Haibin Y.,China/Japan,false
"SHENZHEN WENHUA BIOTECH CO.,LTD","SHENZHEN WENHUA BIOTECH CO.,LTD",CHINA,Haibin Y.,China/Japan,false
"Shenzhen Yupeng Technology Co., Ltd","Shenzhen Yupeng Technology Co., Ltd",CHINA,Haibin Y.,China/Japan,false
"SHENZHEN YUXIN INTERNATIONAL FOOD TECHNOLOGY CO., LTD","SHENZHEN YUXIN INTERNATIONAL FOOD TECHNOLOGY CO., LTD",CHINA,Haibin Y.,China/Japan,false
SHGHAI XINGU,SHANGHAI XINGYUAN FLAVORS,CHINA,Haibin Y.,China/Japan,false
SHI GANG,SHI GANG,CHINA,Haibin Y.,China/Japan,false
SHIJIAZHUANG JINTE BIOTECH CO.,SHIJIAZHUANG JINTE BIOTECH CO.,CHINA,Haibin Y.,China/Japan,false
SHIJIAZHUANG RUNQI BIOTECH CO.,SHIJIAZHUANG RUNQI BIOTECH CO.,CHINA,Haibin Y.,China/Japan,false
"Shryne Group, Inc.","Shryne Group, Inc.",UNITED STATES OF AMERICA,Kelli M.,Americas,false
"Sichuan Lingqi Food Co.,Ltd","Sichuan Lingqi Food Co.,Ltd",CHINA,Haibin Y.,China/Japan,false
SILESIA G. HANKE GMBH & CO KG,SILESIA G. HANKE GMBH & CO KG,GERMANY,Gwenn B.,Europe,true
SILESIA G.HANKE GmbH & Co KG,SILESIA G.HANKE GmbH & Co KG,GERMANY,Gwenn B.,Europe,false
SILK NATURALS,SILK NATURALS,UNITED STATES OF AMERICA,Kelli M.,Americas,false
SINTHAI CHEMICALS &,SINTHAI CHEMICALS &,THAILAND,Kanda W.,SEA,false
"SINTHAI CHEMICALS & TRADING LTD., PART.","SINTHAI CHEMICALS & TRADING LTD., PART.",THAILAND,Kanda W.,SEA,false
SkyNutro,SkyNutro,UNITED STATES OF AMERICA,Kelli M.,Americas,false
SMOKE FREE INC.,SMOKE FREE INC.,UNITED STATES OF AMERICA,Kelli M.,Americas,false
SOFIA COSMETIQUES,SOFIA COSMETIQUES,FRANCE,Gwenn B.,Europe,false
"SOLARA, INC.","SOLARA, INC.",UNITED STATES OF AMERICA,Kelli M.,Americas,false
SOLDAN HOLDING,SOLDAN HOLDING,GERMANY,Gwenn B.,Europe,false
"SOVEREIGN FLAVORS, INC.","SOVEREIGN FLAVORS, INC.",UNITED STATES OF AMERICA,Danielle J.,Americas,true
SPACEFLYT,SPACEFLYT,UNITED STATES OF AMERICA,Kelli M.,Americas,false
SPLAT,CHEUNG WING PHARMCHEM LIMITED,BULGARIA,Jessie H.,China/Japan,false
SPLAT,TFS GROUP LLC,RUSSIA,Jessie H.,China/Japan,false
SPLAT,VESPER TRADING LLC,RUSSIA,Jessie H.,China/Japan,false
SPS STE DES PRODUITS DE SUCRE,SPS STE DES PRODUITS DE SUCRE,ALGERIA,Sanjay C.,IMEA,false
"SQUIGLE, INC.","SQUIGLE, INC.",UNITED STATES OF AMERICA,Kelli M.,Americas,false
SRIVIT,SRIVIT TRADING CO LTD,THAILAND,Kanda W.,SEA,false
SRIVIT,"SRIVIT TRADING CO., LTD.",THAILAND,Kanda W.,SEA,false
"STAN CHEM PHILIPPINES, INC.","STAN CHEM PHILIPPINES, INC.",PHILIPPINES,Kanda W.,SEA,false
STAR GEM,STAR GEM,FRANCE,Florian M.,Europe,false
STAUBER,STAUBER,UNITED STATES OF AMERICA,Kelli M.,Americas,false
STEUBEN FOODS,STEUBEN FOODS,UNITED STATES OF AMERICA,Kelli M.,Americas,false
STOCKLEY'S SWEETS LTD,STOCKLEY'S SWEETS LTD,UNITED KINGDOM,Florian M.,Europe,false
Stonefield Flavours PrivateLtd,Stonefield Flavours PrivateLtd,INDIA,Sanjay C.,IMEA,false
"STRUKMYER, LLC","STRUKMYER, LLC",UNITED STATES OF AMERICA,Danielle J.,Americas,false
SUGRO,SUGRO AG,SWITZERLAND,Gwenn B.,Europe,false
SUGRO,SUGRO AG,GERMANY,Gwenn B.,Europe,false
SUNNY SHINE,"SUNNY SHINE MARKETING CO.,LTD",CHINA,Jessie H.,China/Japan,false
Sunza LLC,Sunza LLC,UNITED STATES OF AMERICA,Kelli M.,Americas,false
"SUTLIFF-TOBACCO COMPANY,LLC","SUTLIFF-TOBACCO COMPANY,LLC",UNITED STATES OF AMERICA,Kelli M.,Americas,false
"SUZHOU FULAITE BIOTECH CO.,LTD","SUZHOU FULAITE BIOTECH CO.,LTD",CHINA,Haibin Y.,China/Japan,false
Suzhou Greenery Household Nece,Suzhou Greenery Household Nece,CHINA,Haibin Y.,China/Japan,false
Suzhou hong Yu,Suzhou hong Yu,CHINA,Haibin Y.,China/Japan,false
SUZHOU WENDA FOOD INGREDIENTS,SUZHOU WENDA FOOD INGREDIENTS,CHINA,Haibin Y.,China/Japan,false
"Suzhou Wusongjiang Pharmaceutical Co., Ltd","Suzhou Wusongjiang Pharmaceutical Co., Ltd",CHINA,Haibin Y.,China/Japan,false
SUZHOU YAOJI MEIYAN PHARMACEUT,SUZHOU YAOJI MEIYAN PHARMACEUT,CHINA,Haibin Y.,China/Japan,false
"SVC MEDICAL CO.,LTD.","SVC MEDICAL CO.,LTD.",THAILAND,Kanda W.,SEA,false
SWEDISH MATC,Swedish Match,UNITED STATES OF AMERICA,Jeff R.,Americas,false
SWEDISH MATC,"SWEDISH MATCH CIGARS, INC.",UNITED STATES OF AMERICA,Jeff R.,Americas,false
SweeGen,SweeGen,UNITED STATES OF AMERICA,Kelli M.,Americas,false
SWEET CAKES SOAPS,SWEET CAKES SOAPS,UNITED STATES OF AMERICA,Kelli M.,Americas,false
SWEETHOUSE GMBH & CO. KG,SWEETHOUSE GMBH & CO. KG,GERMANY,Gwenn B.,Europe,false
Swisher,SWISHER INTERNATIONAL INC,UNITED STATES OF AMERICA,Jeff R.,Americas,false
Swisher,"SWISHER INTERNATIONAL, INC.",UNITED STATES OF AMERICA,Jeff R.,Americas,false
SWIZZELS MATLOW LTD,SWIZZELS MATLOW LTD,UNITED KINGDOM,Florian M.,Europe,false
SYMAROM Asia Pte. Ltd.,SYMAROM Asia Pte. Ltd.,SINGAPORE,Kanda W.,SEA,false
Sympo Creatives,Sympo Creatives,UNITED STATES OF AMERICA,Kelli M.,Americas,false
SYMRISE,SYMRISE - BRAZIL,BRAZIL,Danielle J.,Americas,true
SYMRISE,SYMRISE - MEXICO,MEXICO,Danielle J.,Americas,true
SYMRISE,SYMRISE - MEXICO,UNITED STATES OF AMERICA,Danielle J.,Americas,true
SYMRISE,SYMRISE - USA,UNITED STATES OF AMERICA,Danielle J.,Americas,true
SYMRISE,"SYMRISE (NANTONG) CO.,LTD",CHINA,Haibin Y.,Americas,true
"SYNERGY FLAVORS, INC.","SYNERGY FLAVORS, INC.",UNITED STATES OF AMERICA,Kelli M.,Americas,false
Synergy Health Labs,Synergy Health Labs,UNITED STATES OF AMERICA,Kelli M.,Americas,false
SYNERLAB DEVELOPMENT,SYNERLAB DEVELOPMENT,FRANCE,Florian M.,Europe,false
SYRI LTD,SYRI LTD,UNITED KINGDOM,Gwenn B.,Europe,false
T. HASEGAWA USA INC.,T. HASEGAWA USA INC.,UNITED STATES OF AMERICA,Danielle J.,Americas,false
TABACALERA DEL ESTE S.A,TABACALERA DEL ESTE S.A,PARAGUAY,Florian M.,Europe,false
TAK CHING,Tak Ching Food Additive Co.,CHINA,Jessie H.,China/Japan,true
Takasago,"TAKASAGO DE MEXICO, S.A.",MEXICO,Danielle J.,Americas,true
Takasago,"TAKASAGO DE MEXICO, S.A.",UNITED STATES OF AMERICA,Danielle J.,Americas,true
Takasago,TAKASAGO EUROPE GMBH,GERMANY,Gwenn B.,Americas,true
Takasago,Takasago International Corporation (USA),UNITED STATES OF AMERICA,Danielle J.,Americas,true
Takasago,TakasagoIntl.IndiaPrivateLtd.,INDIA,Sanjay C.,Americas,true
Tank Space,Tank Space,UNITED STATES OF AMERICA,Kelli M.,Americas,false
TAO OF MAN LLC,TAO OF MAN LLC,UNITED STATES OF AMERICA,Kelli M.,Americas,false
"TARGET FLAVORS, INC.","TARGET FLAVORS, INC.",UNITED STATES OF AMERICA,Kelli M.,Americas,false
TASTE FLAVOURINGS LTD,TASTE FLAVOURINGS LTD,UNITED KINGDOM,Florian M.,Europe,false
TATE & LYLE,Tate & Lyle Solutions USA LLC,UNITED STATES OF AMERICA,Kelli M.,Americas,false
"TENGZHOU WUTONG SPICE CO.,LTD","TENGZHOU WUTONG SPICE CO.,LTD",CHINA,Haibin Y.,China/Japan,false
TEXAS BIOTECHNOLOGY INC.,TEXAS BIOTECHNOLOGY INC.,UNITED STATES OF AMERICA,Kelli M.,Americas,false
Th. GEYER GMBH & CO. KG,Th. GEYER GMBH & CO. KG,GERMANY,Florian M.,Europe,false
Thame Laboratories,Thame Laboratories,UNITED KINGDOM,Gwenn B.,Europe,false
THE EDLONG CORPORATION,THE EDLONG CORPORATION,UNITED STATES OF AMERICA,Danielle J.,Americas,false
The Firelands Company,The Firelands Company,UNITED STATES OF AMERICA,Kelli M.,Americas,false
THE FLAVOR FACTORY,THE FLAVOR FACTORY,UNITED STATES OF AMERICA,Kelli M.,Americas,false
THE FOOD SOURCE INTERNATIONAL,THE FOOD SOURCE INTERNATIONAL,UNITED STATES OF AMERICA,Kelli M.,Americas,false
THE GOLDENROD,THE GOLDENROD,UNITED STATES OF AMERICA,Kelli M.,Americas,false
THE GOVERNMENT PHARMACEUTICAL,THE GOVERNMENT PHARMACEUTICAL,THAILAND,Kanda W.,SEA,false
THE IBN SINA PHARMACEUTICAL,THE IBN SINA PHARMACEUTICAL,BANGLADESH,Sanjay C.,IMEA,false
The IBN Sina Pharmaceutical Industry Ltd,The IBN Sina Pharmaceutical Industry Ltd,BANGLADESH,Sanjay C.,IMEA,false
THE LEBERMUTH COMPANY INC.,THE LEBERMUTH COMPANY INC.,UNITED STATES OF AMERICA,Danielle J.,Americas,false
The Naked Collective (US) Ltd.,The Naked Collective (US) Ltd.,UNITED STATES OF AMERICA,Kelli M.,Americas,false
The Naked Collective Ltd.,The Naked Collective Ltd.,Ireland,Kelli M.,Americas,false
The Proper Cannabis Co Ltd,The Proper Cannabis Co Ltd,CANADA,Kelli M.,Americas,false
THERANEXUS,THERANEXUS,FRANCE,Florian M.,Europe,false
TIANFENG(MAOMING)BIOTECHNOLOGY,TIANFENG(MAOMING)BIOTECHNOLOGY,CHINA,Haibin Y.,China/Japan,false
TIANJIN YIHETAI BIOTECHNOLOGY,TIANJIN YIHETAI BIOTECHNOLOGY,CHINA,Haibin Y.,China/Japan,false
TIANJIN YUANPENG BIOTECHNOLOGY CO.LTD,TIANJIN YUANPENG BIOTECHNOLOGY CO.LTD,CHINA,Haibin Y.,China/Japan,false
TIANSHENG,JIANGSU TIANSHENG,CHINA,Sissic H.,China/Japan,true
TIANSHENG,Jiangsu Tiansheng Pharmaceutic,CHINA,Sissic H.,China/Japan,true
TISHCON CORP.,TISHCON CORP.,UNITED STATES OF AMERICA,Kelli M.,Americas,false
TKS CO-PACK MANUFACTURING,TKS CO-PACK MANUFACTURING,UNITED STATES OF AMERICA,Kelli M.,Americas,false
TOKIWA,"TOKIWA PHYTOCHEMICAL CO., LTD.",JAPAN,Lynn S.,China/Japan,true
TOMS,TOMS GRUPPEN A/S,DENMARK,Gwenn B.,Europe,false
TOP TOBACCO COMPANY,TOP TOBACCO COMPANY,UNITED STATES OF AMERICA,Jeff R.,Americas,false
"TOPIDERM, INC.","TOPIDERM, INC.",UNITED STATES OF AMERICA,Kelli M.,Americas,false
Total Food Package,Total Food Package,UNITED STATES OF AMERICA,Kelli M.,Americas,false
TPB SPECIALTY FINANCE LLC,TPB SPECIALTY FINANCE LLC,UNITED STATES OF AMERICA,Danielle J.,Americas,true
TRILLIUM HEALTH CARE PRODUCTS INC.,TRILLIUM HEALTH CARE PRODUCTS INC.,CANADA,Danielle J.,Americas,true
TRILLIUM HEALTH CARE PRODUCTS INC.,TRILLIUM HEALTH CARE PRODUCTS INC.,UNITED STATES OF AMERICA,Danielle J.,Americas,true
TRIMA,TRIMA,ISRAEL,Sanjay C.,IMEA,false
TRIMA,"TRIMA ISRAEL PHARMACEUTICAL PRODUCTS, MAABAROT LTD",ISRAEL,Sanjay C.,IMEA,false
Tropical Labs,Tropical Labs,UNITED STATES OF AMERICA,Kelli M.,Americas,false
TRUE NORTH ORGANICS,TRUE NORTH ORGANICS,UNITED STATES OF AMERICA,Kelli M.,Americas,false
TTI,TOBACCO TECHNOLOGY INC.,UNITED STATES OF AMERICA,Danielle J.,Americas,false
TTI,TTI FLAVORS,ITALY,Gwenn B.,Americas,false
TTM,TOBACCO AUTHORITY OF THAILAND,THAILAND,Kanda W.,SEA,false
TUOWEI GUAGNZHOU BIOTECHNOLOGY,TUOWEI GUAGNZHOU BIOTECHNOLOGY,CHINA,Haibin Y.,China/Japan,false
Turning Point Brands,Turning Point Brands,UNITED STATES OF AMERICA,Danielle J.,Americas,false
TWINS MANUFACTURING CHEMISTS,TWINS MANUFACTURING CHEMISTS,UNITED STATES OF AMERICA,Kelli M.,Americas,false
Tyrian Health,Tyrian Health,UNITED STATES OF AMERICA,Kelli M.,Americas,false
"U.S. Chemicals, LLC","U.S. Chemicals, LLC",UNITED STATES OF AMERICA,Danielle J.,Americas,false
U.S. Spice Mills,U.S. Spice Mills,UNITED STATES OF AMERICA,Kelli M.,Americas,false
"UCB Pharma (Zhuhai) Co., Ltd","UCB Pharma (Zhuhai) Co., Ltd",CHINA,Jessie H.,China/Japan,false
UNICORN,UNICORN NUTRITION PRIVATE,INDIA,Sanjay C.,IMEA,true
UNICORN,UNICORN NUTRITION PVT LMT,INDIA,Sanjay C.,IMEA,true
UNICORN,UnicornNutritionPrivateLimited,INDIA,Sanjay C.,IMEA,true
UNICORN,UnicornNutritionPrivateLimited,UNITED STATES OF AMERICA,Sanjay C.,IMEA,true
UNIFECT LTD,UNIFECT LTD,ISRAEL,Gwenn B.,Europe,false
UNIFECT LTD,UNIFECT LTD,UNITED KINGDOM,Gwenn B.,Europe,false
"UNION FOOD CO.,LTD","UNION FOOD CO.,LTD",CHINA,Jessie H.,China/Japan,false
United Laboratories Mfg LLC,United Laboratories Mfg LLC,UNITED STATES OF AMERICA,Kelli M.,Americas,false
UNITED ROMANIAN BREWERIES,UNITED ROMANIAN BREWERIES,ROMANIA,Florian M.,Europe,false
UNITHER MANUFACTURING LLC,UNITHER MANUFACTURING LLC,UNITED STATES OF AMERICA,Kelli M.,Americas,false
"Universal Ingredients – Shank’s",Universal Ingredients â€“ Shankâ€™s,UNITED STATES OF AMERICA,Kelli M.,Americas,false
"Universal Preserv-A-Chem, Inc.","Universal Preserv-A-Chem, Inc.",UNITED STATES OF AMERICA,Kelli M.,Americas,false
UST MFG LLC,UST MFG LLC,UNITED STATES OF AMERICA,Danielle J.,Americas,false
VAE LABS INC,VAE LABS INC,UNITED STATES OF AMERICA,Kelli M.,Americas,false
VAE LABS INC,VAE LABS INC,CANADA,Kelli M.,Americas,false
VALEO,VALEO CONFECTIONERY LTD,UNITED KINGDOM,Gwenn B.,Europe,false
VALIMENTA LABS,VALIMENTA LABS,UNITED STATES OF AMERICA,Kelli M.,Americas,false
VENETO S.A.,VENETO S.A.,PARAGUAY,Florian M.,Europe,false
Ventura,VENTURA FOODS,UNITED STATES OF AMERICA,Kelli M.,Americas,false
VERDIER BONBONS,VERDIER BONBONS,FRANCE,Florian M.,Europe,false
Veterinary Pharmaceutical Solutions,Veterinary Pharmaceutical Solutions,UNITED STATES OF AMERICA,Kelli M.,Americas,false
VICI HEALTH SCIENCES,VICI HEALTH SCIENCES,UNITED STATES OF AMERICA,Kelli M.,Americas,false
VICTORIA'S CANDY,VICTORIA'S CANDY,UNITED STATES OF AMERICA,Kelli M.,Americas,false
"Vigon International, LLC.","Vigon International, LLC.",UNITED STATES OF AMERICA,Danielle J.,Americas,false
VILFEU PERE ET FILS,VILFEU PERE ET FILS,FRANCE,Florian M.,Europe,false
"Virginia Dare Extract Co., Inc","Virginia Dare Extract Co., Inc",UNITED STATES OF AMERICA,Danielle J.,Americas,true
VITALITY WORKS,VITALITY WORKS,UNITED STATES OF AMERICA,Kelli M.,Americas,false
VIVIL,VIVIL,GERMANY,Gwenn B.,Europe,false
VIVION LLC,VIVION LLC,UNITED STATES OF AMERICA,Danielle J.,Americas,false
"Vivion Specialties Canada, ULC","Vivion Specialties Canada, ULC",CANADA,Danielle J.,Americas,false
"Volt Matrix, Inc.","Volt Matrix, Inc.",UNITED STATES OF AMERICA,Kelli M.,Americas,false
Volunteer Botanicals,Volunteer Botanicals,UNITED STATES OF AMERICA,Kelli M.,Americas,false
VPAC LLC,VPAC LLC,UNITED STATES OF AMERICA,Kelli M.,Americas,false
Wana Wellness,Wana Wellness,UNITED STATES OF AMERICA,Kelli M.,Americas,false
WANG RUI FENG,WANG RUI FENG,CHINA,Haibin Y.,China/Japan,false
WEIHAI MIERSAI COSMETICS CO.,WEIHAI MIERSAI COSMETICS CO.,CHINA,Haibin Y.,China/Japan,false
WELLINGTON FOODS INCORPORATED,WELLINGTON FOODS INCORPORATED,UNITED STATES OF AMERICA,Kelli M.,Americas,false
"WILD FLAVORS, INC.","WILD FLAVORS, INC.",UNITED STATES OF AMERICA,Kelli M.,Americas,false
William Gibbs,William Gibbs,UNITED STATES OF AMERICA,Kelli M.,Americas,false
WINGS,PT.KARUNIA ALAM SEGAR,INDONESIA,Kanda W.,SEA,true
WINGS,PT.PRAKARSA ALAM SEGAR,INDONESIA,Kanda W.,SEA,true
WISCONSIN PHARMACAL COMPANY,WISCONSIN PHARMACAL COMPANY,UNITED STATES OF AMERICA,Danielle J.,Americas,false
Witec Handels GmbH,Witec Handels GmbH,GERMANY,Sanjay C.,IMEA,false
WKKI – Kellogg Company,WKKI â€“ Kellogg Company,UNITED STATES OF AMERICA,Kelli M.,Americas,false
WRIGLEY,MARS POLSKA SP ZOO,POLAND,Gwenn B.,Europe,true
WRIGLEY,WRIGLEY INDIA,INDIA,Sanjay C.,Europe,true
WU HAO,WU HAO,CHINA,Haibin Y.,China/Japan,false
wuhan Fanya food technology co,wuhan Fanya food technology co,CHINA,Haibin Y.,China/Japan,false
"WUHAN FENGWEI FOOD CO.,LTD","WUHAN FENGWEI FOOD CO.,LTD",CHINA,Haibin Y.,China/Japan,false
WUHAN HUASWEET CO.LTD,WUHAN HUASWEET CO.LTD,CHINA,Jessie H.,China/Japan,false
"Wuhu Kairui essence Co.,Ltd","Wuhu Kairui essence Co.,Ltd",CHINA,Haibin Y.,China/Japan,false
WUXI CHUANYE FOOD ADDITIVE CO.,WUXI CHUANYE FOOD ADDITIVE CO.,CHINA,Haibin Y.,China/Japan,false
WUXI ENQIAO MEDICAL TECHNOLOGY,WUXI ENQIAO MEDICAL TECHNOLOGY,CHINA,Haibin Y.,China/Japan,false
"Wuxi Langxin Biotechnology Co.,Ltd","Wuxi Langxin Biotechnology Co.,Ltd",CHINA,Haibin Y.,China/Japan,false
"XIAMEN KAMLIWAY BIOTECHNOLOGY CO.,LTD","XIAMEN KAMLIWAY BIOTECHNOLOGY CO.,LTD",CHINA,Haibin Y.,China/Japan,false
XIAMEN PENGPENG FOOD CO. LTD,XIAMEN PENGPENG FOOD CO. LTD,CHINA,Haibin Y.,China/Japan,false
"XI'AN CHANGYUE BIOTECH CO.,LTD","XI'AN CHANGYUE BIOTECH CO.,LTD",CHINA,Haibin Y.,China/Japan,false
XIANGTAN LIZUN TRADING CO. LTD,XIANGTAN LIZUN TRADING CO. LTD,CHINA,Haibin Y.,China/Japan,false
XT MAIERDI,"XIANGTAN MAIERDI TRADING CO., LTD",CHINA,Haibin Y.,China/Japan,false
XT MAIERDI,XIANGTAN RONGDE ESSENCE AND SPICE,CHINA,Haibin Y.,China/Japan,false
"XIANGYA BIOMEDICAL(HUZHOU)CO.,","XIANGYA BIOMEDICAL(HUZHOU)CO.,",CHINA,Haibin Y.,China/Japan,false
"XINZHENG HONGRUN TECH CO., LTD","XINZHENG HONGRUN TECH CO., LTD",CHINA,Haibin Y.,China/Japan,false
"XXX Distillery, LLC","XXX Distillery, LLC",UNITED STATES OF AMERICA,Kelli M.,Americas,false
"Yachun Guangzhou Biotechnology Co., Ltd.","Yachun Guangzhou Biotechnology Co., Ltd.",CHINA,Haibin Y.,China/Japan,false
Yang Tianming,Yang Tianming,CHINA,Haibin Y.,China/Japan,false
YANGJIANG YANGDONG JIANGLIAN,YANGJIANG YANGDONG JIANGLIAN,CHINA,Haibin Y.,China/Japan,false
YANGZHOU PERFECT COMMODITY LTD,YANGZHOU PERFECT COMMODITY LTD,CHINA,Haibin Y.,China/Japan,false
"Yantai Baofuling Biotechnology Co.,Ltd","Yantai Baofuling Biotechnology Co.,Ltd",CHINA,Haibin Y.,China/Japan,false
YANZHUO(SHANGHAI)SUPPLY CHAIN,YANZHUO(SHANGHAI)SUPPLY CHAIN,CHINA,Haibin Y.,China/Japan,false
YONGTAI CHEMICAL,YONGTAI CHEMICAL,CHINA,Haibin Y.,China/Japan,false
"Yoniso Chemicals Co., Ltd.","Yoniso Chemicals Co., Ltd.",THAILAND,Kanda W.,SEA,true
YOUNG PHARMACEUTICALS,YOUNG PHARMACEUTICALS,UNITED STATES OF AMERICA,Danielle J.,Americas,false
YU LIU,"EATERY CO., LTD",CHINA,Jessie H.,China/Japan,true
"YUNNAN CHANGYI TEC. CO., LTD","YUNNAN CHANGYI TEC. CO., LTD",CHINA,Haibin Y.,China/Japan,false
YUNNAN MILI NATURAL FLAVOR CO.,YUNNAN MILI NATURAL FLAVOR CO.,CHINA,Haibin Y.,China/Japan,false
"Yunnan Mingjiashi Trading Co.,","Yunnan Mingjiashi Trading Co.,",CHINA,Haibin Y.,China/Japan,false
"Yunnan Ruci Biotechnology Co.,Ltd","Yunnan Ruci Biotechnology Co.,Ltd",CHINA,Haibin Y.,China/Japan,false
"YUNNAN SHANJI SPICES CO.,LTD","YUNNAN SHANJI SPICES CO.,LTD",CHINA,Haibin Y.,China/Japan,false
"YUNNAN SIMOTE BIOTECH CO.,LTD","YUNNAN SIMOTE BIOTECH CO.,LTD",CHINA,Haibin Y.,China/Japan,false
"YUNNAN YANGRUI TECH CO.,LTD.","YUNNAN YANGRUI TECH CO.,LTD.",CHINA,Haibin Y.,China/Japan,false
YUNQIU TECHNOLOGY DEVELOPMENT,YUNQIU TECHNOLOGY DEVELOPMENT,CHINA,Haibin Y.,China/Japan,false
"Zarbees, Inc","Zarbees, Inc",UNITED STATES OF AMERICA,Danielle J.,Americas,false
Zeste Brands Pte Ltd,Zeste Brands Pte Ltd,TAIWAN,Kanda W.,SEA,false
"ZFTZ HONGYUFENG BIOTECH CO.,LT","ZFTZ HONGYUFENG BIOTECH CO.,LT",CHINA,Jessie H.,China/Japan,false
ZFTZ QINGYUTIAN CHEMISTRY SCI-,ZFTZ QINGYUTIAN CHEMISTRY SCI-,CHINA,Haibin Y.,China/Japan,false
"ZHANGSHENG CHEMICALS,CO.,LTD","ZHANGSHENG CHEMICALS,CO.,LTD",CHINA,Haibin Y.,China/Japan,false
"Zhangzhou Yilin Food Co.,Ltd","Zhangzhou Yilin Food Co.,Ltd",CHINA,Haibin Y.,China/Japan,false
Zhao Jianquan,Zhao Jianquan,CHINA,Haibin Y.,China/Japan,false
ZHENGZHOU CHANGSHUO,ZHENGZHOU CHANGSHUO,CHINA,Haibin Y.,China/Japan,false
ZHENGZHOU JIAFU BIOTECH CO.LTD,ZHENGZHOU JIAFU BIOTECH CO.LTD,CHINA,Haibin Y.,China/Japan,false
ZHENGZHOU ZHENGDA JIEYING BIOT,ZHENGZHOU ZHENGDA JIEYING BIOT,CHINA,Haibin Y.,China/Japan,false
ZHIRUI BIOTECHNOLOGY DEVELOPME,ZHIRUI BIOTECHNOLOGY DEVELOPME,CHINA,Haibin Y.,China/Japan,false
ZHONGKEYUAN HUZHOU GAOYUAN BIO,ZHONGKEYUAN HUZHOU GAOYUAN BIO,CHINA,Haibin Y.,China/Japan,false
"ZHONGLE WEIFANG BIOTECH CO.,LT","ZHONGLE WEIFANG BIOTECH CO.,LT",CHINA,Haibin Y.,China/Japan,false
ZHONGSHAN WUGUYUAN TRADING CO.,ZHONGSHAN WUGUYUAN TRADING CO.,CHINA,Haibin Y.,China/Japan,false
"ZHUHAI HONGTAI BIOTECH CO., LTD","ZHUHAI HONGTAI BIOTECH CO., LTD",CHINA,Haibin Y.,China/Japan,false
ZHUHAI HONGZHENG DEVELOPMENT C,ZHUHAI HONGZHENG DEVELOPMENT C,CHINA,Haibin Y.,China/Japan,false
"ZHUHAI KINGZEST FOOD CO.,LTD","ZHUHAI KINGZEST FOOD CO.,LTD",CHINA,Haibin Y.,China/Japan,false
"ZHUHAI QIFENG TRADE CO., LTD.","ZHUHAI QIFENG TRADE CO., LTD.",CHINA,Haibin Y.,China/Japan,false
Zhuhai shouli enterprise co. L,Zhuhai shouli enterprise co. L,CHINA,Haibin Y.,China/Japan,false
ZIAMI DISTILLERY,ZIAMI DISTILLERY,UNITED STATES OF AMERICA,Kelli M.,Americas,false
"ZIGONG WANSHAN TIANCHEN BIOTECH CO., LTD","ZIGONG WANSHAN TIANCHEN BIOTECH CO., LTD",CHINA,Haibin Y.,China/Japan,false
ZOOMESSENCE,ZOOMESSENCE,UNITED STATES OF AMERICA,Kelli M.,Americas,false
